T,U,Delta,kind,w1_nf,ne_target,mu,ne_actual,dne,A_arith_0,A_typ_0,R0_typ_over_arith,iterations,converged,diff,runtime_dmft_sec,solution_dir,status,error
0.02,0,0.05,typ,0.5,0.5,0.03376553691139006,0.4986670903237789,-0.001332909676221128,0.6354094950887158,0.635408286525458,0.9999980979773404,73,True,0.001985135853039514,0.09362363815307617,/home/2/kj405942/Byczuk_Freericks/filling_variantB_freericks/pbs_variantB_T002_typ_21x21_mu20/chunks/T_0p02__Didx_0_0__typ/dmft_solutions/T_0p02/U_0__Delta_0p05__w1_0p5__typ,ok,
0.02,0,0.05,typ,0.45,0.55,0.1144599908815729,0.5502129557071005,0.0002129557071004484,0.6316648768987069,0.6316513119076432,0.999978525019263,47,True,0.00198387346414826,0.1068019866943359,/home/2/kj405942/Byczuk_Freericks/filling_variantB_freericks/pbs_variantB_T002_typ_21x21_mu20/chunks/T_0p02__Didx_0_0__typ/dmft_solutions/T_0p02/U_0__Delta_0p05__w1_0p45__typ,ok,
0.02,0,0.05,typ,0.4,0.6,0.1938686547108645,0.5994814586637833,-0.0005185413362166491,0.6236879957702949,0.6236488330090705,0.999937207768163,33,True,0.001912064619059653,0.04991316795349121,/home/2/kj405942/Byczuk_Freericks/filling_variantB_freericks/pbs_variantB_T002_typ_21x21_mu20/chunks/T_0p02__Didx_0_0__typ/dmft_solutions/T_0p02/U_0__Delta_0p05__w1_0p4__typ,ok,
0.02,0.1,0.05,typ,0.5,0.5,0.08503880070918149,0.4989181583545322,-0.001081841645467763,0.6322086621699922,0.6322074389383434,0.9999980651456996,83,True,0.001992796841832168,0.151763916015625,/home/2/kj405942/Byczuk_Freericks/filling_variantB_freericks/pbs_variantB_T002_typ_21x21_mu20/chunks/T_0p02__Didx_0_0__typ/dmft_solutions/T_0p02/U_0p1__Delta_0p05__w1_0p5__typ,ok,
0.02,0.1,0.05,typ,0.45,0.55,0.1688765995360494,0.5547816628255382,0.004781662825538158,0.6278405165622201,0.6278254917740173,0.9999760691006609,72,True,0.001836846693944527,0.1874105930328369,/home/2/kj405942/Byczuk_Freericks/filling_variantB_freericks/pbs_variantB_T002_typ_21x21_mu20/chunks/T_0p02__Didx_0_0__typ/dmft_solutions/T_0p02/U_0p1__Delta_0p05__w1_0p45__typ,ok,
0.02,0.1,0.05,typ,0.4,0.6,0.2430909530754028,0.6043952157046637,0.004395215704663724,0.6195631188237918,0.6195225187671168,0.9999344698620021,96,True,0.001913799558552861,0.2644846439361572,/home/2/kj405942/Byczuk_Freericks/filling_variantB_freericks/pbs_variantB_T002_typ_21x21_mu20/chunks/T_0p02__Didx_0_0__typ/dmft_solutions/T_0p02/U_0p1__Delta_0p05__w1_0p4__typ,ok,
0.02,0.3,0.05,typ,0.5,0.5,0.1849852090026257,0.5023411166565461,0.002341116656546127,0.6062816656314955,0.6062810831135996,0.9999990391959234,67,True,0.001843664565416566,0.09400081634521484,/home/2/kj405942/Byczuk_Freericks/filling_variantB_freericks/pbs_variantB_T002_typ_21x21_mu20/chunks/T_0p02__Didx_0_0__typ/dmft_solutions/T_0p02/U_0p3__Delta_0p05__w1_0p5__typ,ok,
0.02,0.3,0.05,typ,0.45,0.55,0.2515663050515295,0.5495631036576063,-0.0004368963423937444,0.6028719330838465,0.6028638360732547,0.9999865692692802,58,True,0.001974333899515769,0.09408354759216309,/home/2/kj405942/Byczuk_Freericks/filling_variantB_freericks/pbs_variantB_T002_typ_21x21_mu20/chunks/T_0p02__Didx_0_0__typ/dmft_solutions/T_0p02/U_0p3__Delta_0p05__w1_0p45__typ,ok,
0.02,0.3,0.05,typ,0.4,0.6,0.3323928158314893,0.6039010375483029,0.003901037548302955,0.5938042184157023,0.593776070057671,0.9999525965677603,98,True,0.001992729561121214,0.1700806617736816,/home/2/kj405942/Byczuk_Freericks/filling_variantB_freericks/pbs_variantB_T002_typ_21x21_mu20/chunks/T_0p02__Didx_0_0__typ/dmft_solutions/T_0p02/U_0p3__Delta_0p05__w1_0p4__typ,ok,
0.02,0.2,0.05,typ,0.5,0.5,0.1336671753022461,0.4990051699811325,-0.0009948300188675208,0.6226304655795153,0.6226295639411015,0.9999985518883774,148,True,0.001952543156704246,0.2071130275726318,/home/2/kj405942/Byczuk_Freericks/filling_variantB_freericks/pbs_variantB_T002_typ_21x21_mu20/chunks/T_0p02__Didx_0_0__typ/dmft_solutions/T_0p02/U_0p2__Delta_0p05__w1_0p5__typ,ok,
0.02,0.2,0.05,typ,0.45,0.55,0.2096496462587578,0.5510716398938541,0.001071639893854059,0.6187285210580229,0.6187167826360191,0.9999810281543452,32,True,0.001897191332489723,0.05067801475524902,/home/2/kj405942/Byczuk_Freericks/filling_variantB_freericks/pbs_variantB_T002_typ_21x21_mu20/chunks/T_0p02__Didx_0_0__typ/dmft_solutions/T_0p02/U_0p2__Delta_0p05__w1_0p45__typ,ok,
0.02,0.2,0.05,typ,0.4,0.6,0.2765937630236097,0.5993042692644911,-0.0006957307355088815,0.6114459839560366,0.6114139115755207,0.9999475466658423,36,True,0.001946792494485469,0.111952543258667,/home/2/kj405942/Byczuk_Freericks/filling_variantB_freericks/pbs_variantB_T002_typ_21x21_mu20/chunks/T_0p02__Didx_0_0__typ/dmft_solutions/T_0p02/U_0p2__Delta_0p05__w1_0p4__typ,ok,
0.02,0.4,0.05,typ,0.5,0.5,0.2329270522858246,0.500798806270399,0.0007988062703989662,0.5827000814993225,0.5826999051621441,0.9999996973791767,29,True,0.001889245223104922,0.06834769248962402,/home/2/kj405942/Byczuk_Freericks/filling_variantB_freericks/pbs_variantB_T002_typ_21x21_mu20/chunks/T_0p02__Didx_0_0__typ/dmft_solutions/T_0p02/U_0p4__Delta_0p05__w1_0p5__typ,ok,
0.02,0.4,0.05,typ,0.45,0.55,0.2971318025382,0.5501655257271614,0.0001655257271613308,0.5794547142079614,0.5794496932671044,0.9999913350590929,42,True,0.001910271598464687,0.1075108051300049,/home/2/kj405942/Byczuk_Freericks/filling_variantB_freericks/pbs_variantB_T002_typ_21x21_mu20/chunks/T_0p02__Didx_0_0__typ/dmft_solutions/T_0p02/U_0p4__Delta_0p05__w1_0p45__typ,ok,
0.02,0.4,0.05,typ,0.4,0.6,0.3632624205616025,0.5990864905627182,-0.0009135094372817454,0.5720809735651857,0.5720638664163515,0.9999700966303291,85,True,0.00195677027629409,0.2407393455505371,/home/2/kj405942/Byczuk_Freericks/filling_variantB_freericks/pbs_variantB_T002_typ_21x21_mu20/chunks/T_0p02__Didx_0_0__typ/dmft_solutions/T_0p02/U_0p4__Delta_0p05__w1_0p4__typ,ok,
0.02,0.6000000000000001,0.05,typ,0.5,0.5,0.3381098464671526,0.5007754891019035,0.0007754891019035037,0.5096545880967401,0.5096541203428547,0.9999990822139223,102,True,0.001977759374082495,0.3610751628875732,/home/2/kj405942/Byczuk_Freericks/filling_variantB_freericks/pbs_variantB_T002_typ_21x21_mu20/chunks/T_0p02__Didx_0_0__typ/dmft_solutions/T_0p02/U_0p6__Delta_0p05__w1_0p5__typ,ok,
0.02,0.6000000000000001,0.05,typ,0.45,0.55,0.3966793632117363,0.5482980348897978,-0.001701965110202264,0.5061015341814832,0.5061012655672028,0.9999994692482392,84,True,0.001996729424036599,0.2885062694549561,/home/2/kj405942/Byczuk_Freericks/filling_variantB_freericks/pbs_variantB_T002_typ_21x21_mu20/chunks/T_0p02__Didx_0_0__typ/dmft_solutions/T_0p02/U_0p6__Delta_0p05__w1_0p45__typ,ok,
0.02,0.6000000000000001,0.05,typ,0.4,0.6,0.4641832417858148,0.6008074903299592,0.0008074903299591929,0.4982137181664842,0.4982114497773801,0.9999954469557514,75,True,0.00198841652374538,0.2592120170593262,/home/2/kj405942/Byczuk_Freericks/filling_variantB_freericks/pbs_variantB_T002_typ_21x21_mu20/chunks/T_0p02__Didx_0_0__typ/dmft_solutions/T_0p02/U_0p6__Delta_0p05__w1_0p4__typ,ok,
0.02,0.5,0.05,typ,0.5,0.5,0.2866692211807956,0.4994495200138925,-0.0005504799861075216,0.55089652387358,0.5508965236722919,0.9999999996346173,206,True,0.001972915570033542,0.9103183746337891,/home/2/kj405942/Byczuk_Freericks/filling_variantB_freericks/pbs_variantB_T002_typ_21x21_mu20/chunks/T_0p02__Didx_0_0__typ/dmft_solutions/T_0p02/U_0p5__Delta_0p05__w1_0p5__typ,ok,
0.02,0.5,0.05,typ,0.45,0.55,0.3530935015315489,0.5528171860033415,0.002817186003341465,0.5471612878254198,0.5471589224151659,0.9999956769415043,70,True,0.001923059701507546,0.309577465057373,/home/2/kj405942/Byczuk_Freericks/filling_variantB_freericks/pbs_variantB_T002_typ_21x21_mu20/chunks/T_0p02__Didx_0_0__typ/dmft_solutions/T_0p02/U_0p5__Delta_0p05__w1_0p45__typ,ok,
0.02,0.5,0.05,typ,0.4,0.6,0.4064444682450118,0.5987221728593561,-0.001277827140643839,0.5405218854343339,0.5405125517273616,0.9999827320461505,51,True,0.001821631806851488,0.3023536205291748,/home/2/kj405942/Byczuk_Freericks/filling_variantB_freericks/pbs_variantB_T002_typ_21x21_mu20/chunks/T_0p02__Didx_0_0__typ/dmft_solutions/T_0p02/U_0p5__Delta_0p05__w1_0p4__typ,ok,
0.02,0.7000000000000001,0.05,typ,0.5,0.5,0.3952465729723196,0.49993071002114,-6.928997885996546e-05,0.4575794074148967,0.4575752412768955,0.9999908952677203,83,True,0.001962836609927732,0.3686599731445312,/home/2/kj405942/Byczuk_Freericks/filling_variantB_freericks/pbs_variantB_T002_typ_21x21_mu20/chunks/T_0p02__Didx_0_0__typ/dmft_solutions/T_0p02/U_0p7__Delta_0p05__w1_0p5__typ,ok,
0.02,0.7000000000000001,0.05,typ,0.45,0.55,0.4618997180311469,0.5539299458948431,0.003929945894843079,0.4545159970749303,0.45451317289253,0.9999937863960379,31,True,0.001920992587020801,0.1766140460968018,/home/2/kj405942/Byczuk_Freericks/filling_variantB_freericks/pbs_variantB_T002_typ_21x21_mu20/chunks/T_0p02__Didx_0_0__typ/dmft_solutions/T_0p02/U_0p7__Delta_0p05__w1_0p45__typ,ok,
0.02,0.7000000000000001,0.05,typ,0.4,0.6,0.5069840660679628,0.5973415048729213,-0.002658495127078719,0.445888353151483,0.4458880332063984,0.9999992824547169,139,True,0.001957980564232545,0.7597620487213135,/home/2/kj405942/Byczuk_Freericks/filling_variantB_freericks/pbs_variantB_T002_typ_21x21_mu20/chunks/T_0p02__Didx_0_0__typ/dmft_solutions/T_0p02/U_0p7__Delta_0p05__w1_0p4__typ,ok,
0.02,0.8,0.05,typ,0.5,0.5,0.4590321220934208,0.5012035299147515,0.001203529914751478,0.3972434456761685,0.3972189466457274,0.9999383274143155,51,True,0.001939949082567759,0.2114777565002441,/home/2/kj405942/Byczuk_Freericks/filling_variantB_freericks/pbs_variantB_T002_typ_21x21_mu20/chunks/T_0p02__Didx_0_0__typ/dmft_solutions/T_0p02/U_0p8__Delta_0p05__w1_0p5__typ,ok,
0.02,0.8,0.05,typ,0.45,0.55,0.5198520005495253,0.5506178920407887,0.000617892040788659,0.3962484155395898,0.3962229390012439,0.999935705639829,142,True,0.001979641691254666,0.4575355052947998,/home/2/kj405942/Byczuk_Freericks/filling_variantB_freericks/pbs_variantB_T002_typ_21x21_mu20/chunks/T_0p02__Didx_0_0__typ/dmft_solutions/T_0p02/U_0p8__Delta_0p05__w1_0p45__typ,ok,
0.02,0.8,0.05,typ,0.4,0.6,0.5742454622680843,0.5995706803958541,-0.000429319604145828,0.3879900442871526,0.3879676940976617,0.9999423949407467,88,True,0.001969428804732519,0.2994661331176758,/home/2/kj405942/Byczuk_Freericks/filling_variantB_freericks/pbs_variantB_T002_typ_21x21_mu20/chunks/T_0p02__Didx_0_0__typ/dmft_solutions/T_0p02/U_0p8__Delta_0p05__w1_0p4__typ,ok,
0.02,0.9,0.05,typ,0.5,0.5,0.5278906405086532,0.4956945975706969,-0.004305402429303107,0.3486643404943818,0.3485725852376305,0.9997368378520692,39,True,0.001988895554795134,0.1803600788116455,/home/2/kj405942/Byczuk_Freericks/filling_variantB_freericks/pbs_variantB_T002_typ_21x21_mu20/chunks/T_0p02__Didx_0_0__typ/dmft_solutions/T_0p02/U_0p9__Delta_0p05__w1_0p5__typ,ok,
0.02,0.9,0.05,typ,0.45,0.55,0.5839138610576183,0.5471304207575372,-0.002869579242462894,0.3474726515637431,0.3473808202134967,0.9997357163223261,33,True,0.001870681534789747,0.1485793590545654,/home/2/kj405942/Byczuk_Freericks/filling_variantB_freericks/pbs_variantB_T002_typ_21x21_mu20/chunks/T_0p02__Didx_0_0__typ/dmft_solutions/T_0p02/U_0p9__Delta_0p05__w1_0p45__typ,ok,
0.02,0.9,0.05,typ,0.4,0.6,0.6443041923389033,0.5987440572859511,-0.00125594271404883,0.3450645732689637,0.344969121851654,0.9997233809996618,43,True,0.001929750027357729,0.1985812187194824,/home/2/kj405942/Byczuk_Freericks/filling_variantB_freericks/pbs_variantB_T002_typ_21x21_mu20/chunks/T_0p02__Didx_0_0__typ/dmft_solutions/T_0p02/U_0p9__Delta_0p05__w1_0p4__typ,ok,
0.02,1,0.05,typ,0.5,0.5,0.6362737417956086,0.4970632049364744,-0.002936795063525566,0.3524882977598487,0.3522937851847445,0.999448172956832,115,True,0.001994935708564124,0.6585292816162109,/home/2/kj405942/Byczuk_Freericks/filling_variantB_freericks/pbs_variantB_T002_typ_21x21_mu20/chunks/T_0p02__Didx_0_0__typ/dmft_solutions/T_0p02/U_1__Delta_0p05__w1_0p5__typ,ok,
0.02,1,0.05,typ,0.45,0.55,0.6921070337143791,0.5481065646609784,-0.001893435339021643,0.3506532006957658,0.3504636048650286,0.9994593067156924,128,True,0.001967727460071009,0.7055723667144775,/home/2/kj405942/Byczuk_Freericks/filling_variantB_freericks/pbs_variantB_T002_typ_21x21_mu20/chunks/T_0p02__Didx_0_0__typ/dmft_solutions/T_0p02/U_1__Delta_0p05__w1_0p45__typ,ok,
0.02,1,0.05,typ,0.4,0.6,0.7696430495774267,0.604778281865417,0.004778281865417067,0.3580665876166224,0.3578884922292629,0.9995026193632172,130,True,0.001951894709019215,0.7060253620147705,/home/2/kj405942/Byczuk_Freericks/filling_variantB_freericks/pbs_variantB_T002_typ_21x21_mu20/chunks/T_0p02__Didx_0_0__typ/dmft_solutions/T_0p02/U_1__Delta_0p05__w1_0p4__typ,ok,
0.02,1.4,0.05,typ,0.5,0.5,0.960948078798706,0.4968757546439354,-0.003124245356064592,0.2994803001576757,0.2990800826824981,0.9986636267061078,217,True,0.001961591775121437,1.15484881401062,/home/2/kj405942/Byczuk_Freericks/filling_variantB_freericks/pbs_variantB_T002_typ_21x21_mu20/chunks/T_0p02__Didx_0_0__typ/dmft_solutions/T_0p02/U_1p4__Delta_0p05__w1_0p5__typ,ok,
0.02,1.4,0.05,typ,0.45,0.55,1.009606069899489,0.5488857717332426,-0.001114228266757444,0.2944420907536799,0.2940342674146725,0.9986149285315715,192,True,0.001962618158704968,0.937509298324585,/home/2/kj405942/Byczuk_Freericks/filling_variantB_freericks/pbs_variantB_T002_typ_21x21_mu20/chunks/T_0p02__Didx_0_0__typ/dmft_solutions/T_0p02/U_1p4__Delta_0p05__w1_0p45__typ,ok,
0.02,1.4,0.05,typ,0.4,0.6,1.061389667689443,0.6007103996780138,0.0007103996780137845,0.2897183142925014,0.289303088299553,0.9985667941153034,191,True,0.00198306987944439,0.6009173393249512,/home/2/kj405942/Byczuk_Freericks/filling_variantB_freericks/pbs_variantB_T002_typ_21x21_mu20/chunks/T_0p02__Didx_0_0__typ/dmft_solutions/T_0p02/U_1p4__Delta_0p05__w1_0p4__typ,ok,
0.02,1.2,0.05,typ,0.5,0.5,0.7020022119556703,0.4622404025208328,-0.03775959747916718,0.2123621022190059,0.2120938491860625,0.9987368130653238,250,True,0.001990097679636445,1.043103694915771,/home/2/kj405942/Byczuk_Freericks/filling_variantB_freericks/pbs_variantB_T002_typ_21x21_mu20/chunks/T_0p02__Didx_0_0__typ/dmft_solutions/T_0p02/U_1p2__Delta_0p05__w1_0p5__typ,ok,
0.02,1.2,0.05,typ,0.45,0.55,0.8775214069140047,0.5545243488625453,0.004524348862545269,0.3417332853357294,0.3414324833321335,0.999119775519378,237,True,0.00199642224078154,0.8971860408782959,/home/2/kj405942/Byczuk_Freericks/filling_variantB_freericks/pbs_variantB_T002_typ_21x21_mu20/chunks/T_0p02__Didx_0_0__typ/dmft_solutions/T_0p02/U_1p2__Delta_0p05__w1_0p45__typ,ok,
0.02,1.2,0.05,typ,0.4,0.6,0.9250075205269264,0.6001320422575136,0.0001320422575136204,0.3314515738900514,0.3311529795870541,0.9990991314372326,248,True,0.001993484675384182,0.6379351615905762,/home/2/kj405942/Byczuk_Freericks/filling_variantB_freericks/pbs_variantB_T002_typ_21x21_mu20/chunks/T_0p02__Didx_0_0__typ/dmft_solutions/T_0p02/U_1p2__Delta_0p05__w1_0p4__typ,ok,
0.02,1.1,0.05,typ,0.5,0.5,0.7242150655242789,0.4955628490607112,-0.004437150939288814,0.3450735135160157,0.3448122392774219,0.9992428447030557,238,True,0.001966774213601678,1.328094244003296,/home/2/kj405942/Byczuk_Freericks/filling_variantB_freericks/pbs_variantB_T002_typ_21x21_mu20/chunks/T_0p02__Didx_0_0__typ/dmft_solutions/T_0p02/U_1p1__Delta_0p05__w1_0p5__typ,ok,
0.02,1.1,0.05,typ,0.45,0.55,0.7540085294441292,0.536260424987146,-0.01373957501285406,0.3245606173682794,0.324298306752168,0.9991917977657353,213,True,0.001997841620174042,1.179469347000122,/home/2/kj405942/Byczuk_Freericks/filling_variantB_freericks/pbs_variantB_T002_typ_21x21_mu20/chunks/T_0p02__Didx_0_0__typ/dmft_solutions/T_0p02/U_1p1__Delta_0p05__w1_0p45__typ,ok,
0.02,1.1,0.05,typ,0.4,0.6,0.8454979232988018,0.6006491618774368,0.0006491618774367991,0.3436322877136072,0.3433900469977235,0.9992950583383899,238,True,0.001998233476958037,0.4791572093963623,/home/2/kj405942/Byczuk_Freericks/filling_variantB_freericks/pbs_variantB_T002_typ_21x21_mu20/chunks/T_0p02__Didx_0_0__typ/dmft_solutions/T_0p02/U_1p1__Delta_0p05__w1_0p4__typ,ok,
0.02,1.3,0.05,typ,0.5,0.5,1,0.5520281628556452,0.05202816285564515,0.386016954966964,0.3857392455938538,0.9992805772660065,197,True,0.001985962324076274,0.8765301704406738,/home/2/kj405942/Byczuk_Freericks/filling_variantB_freericks/pbs_variantB_T002_typ_21x21_mu20/chunks/T_0p02__Didx_0_0__typ/dmft_solutions/T_0p02/U_1p3__Delta_0p05__w1_0p5__typ,ok,
0.02,1.3,0.05,typ,0.45,0.55,0.9419300422222765,0.5469595386943403,-0.003040461305659714,0.3187375302919054,0.3183786600034946,0.9988740883821174,238,True,0.001968471252896145,0.4870221614837646,/home/2/kj405942/Byczuk_Freericks/filling_variantB_freericks/pbs_variantB_T002_typ_21x21_mu20/chunks/T_0p02__Didx_0_0__typ/dmft_solutions/T_0p02/U_1p3__Delta_0p05__w1_0p45__typ,ok,
0.02,1.3,0.05,typ,0.4,0.6,0.9950579074049798,0.5994217499829124,-0.000578250017087556,0.3126976229838686,0.312339010685064,0.9988531658943151,241,True,0.00196735401919348,0.3631353378295898,/home/2/kj405942/Byczuk_Freericks/filling_variantB_freericks/pbs_variantB_T002_typ_21x21_mu20/chunks/T_0p02__Didx_0_0__typ/dmft_solutions/T_0p02/U_1p3__Delta_0p05__w1_0p4__typ,ok,
0.02,1.6,0.05,typ,0.5,0.5,1.108622847077474,0.4992956428020449,-0.0007043571979551411,0.2436928274048036,0.2432501595741,0.9981835007808075,200,True,0.001959060983435497,0.2963473796844482,/home/2/kj405942/Byczuk_Freericks/filling_variantB_freericks/pbs_variantB_T002_typ_21x21_mu20/chunks/T_0p02__Didx_0_0__typ/dmft_solutions/T_0p02/U_1p6__Delta_0p05__w1_0p5__typ,ok,
0.02,1.6,0.05,typ,0.45,0.55,1.184882167665381,0.5544941568038988,0.004494156803898752,0.2784750474324677,0.2780105128710519,0.9983318628879003,165,True,0.001973022660750691,0.250493049621582,/home/2/kj405942/Byczuk_Freericks/filling_variantB_freericks/pbs_variantB_T002_typ_21x21_mu20/chunks/T_0p02__Didx_0_0__typ/dmft_solutions/T_0p02/U_1p6__Delta_0p05__w1_0p45__typ,ok,
0.02,1.6,0.05,typ,0.4,0.6,1.217322012934446,0.5956248599698336,-0.004375140030166369,0.2605959883314696,0.2601099584809353,0.9981349296524239,172,True,0.001950040369751903,0.2495033740997314,/home/2/kj405942/Byczuk_Freericks/filling_variantB_freericks/pbs_variantB_T002_typ_21x21_mu20/chunks/T_0p02__Didx_0_0__typ/dmft_solutions/T_0p02/U_1p6__Delta_0p05__w1_0p4__typ,ok,
0.02,1.5,0.05,typ,0.5,0.5,1.035269264741331,0.5006328544174624,0.000632854417462414,0.26975056518331,0.2693213555805735,0.9984088648620818,207,True,0.001996369575932851,0.405397891998291,/home/2/kj405942/Byczuk_Freericks/filling_variantB_freericks/pbs_variantB_T002_typ_21x21_mu20/chunks/T_0p02__Didx_0_0__typ/dmft_solutions/T_0p02/U_1p5__Delta_0p05__w1_0p5__typ,ok,
0.02,1.5,0.05,typ,0.45,0.55,1.07068372668811,0.5473480122378463,-0.002651987762153696,0.2621399788192275,0.2616960353268366,0.9983064639953408,191,True,0.001996904956692515,0.4440929889678955,/home/2/kj405942/Byczuk_Freericks/filling_variantB_freericks/pbs_variantB_T002_typ_21x21_mu20/chunks/T_0p02__Didx_0_0__typ/dmft_solutions/T_0p02/U_1p5__Delta_0p05__w1_0p45__typ,ok,
0.02,1.5,0.05,typ,0.4,0.6,1.134453901956431,0.6015489979088356,0.00154899790883567,0.2700039287547167,0.2695463497093774,0.9983052874547058,185,True,0.001988970977960014,0.3024876117706299,/home/2/kj405942/Byczuk_Freericks/filling_variantB_freericks/pbs_variantB_T002_typ_21x21_mu20/chunks/T_0p02__Didx_0_0__typ/dmft_solutions/T_0p02/U_1p5__Delta_0p05__w1_0p4__typ,ok,
0.02,1.7,0.05,typ,0.5,0.5,1.207043384796306,0.5003030665296906,0.0003030665296905877,0.2471116715284461,0.2466488549274642,0.9981270953406641,191,True,0.001983521195697778,0.2352728843688965,/home/2/kj405942/Byczuk_Freericks/filling_variantB_freericks/pbs_variantB_T002_typ_21x21_mu20/chunks/T_0p02__Didx_0_0__typ/dmft_solutions/T_0p02/U_1p7__Delta_0p05__w1_0p5__typ,ok,
0.02,1.7,0.05,typ,0.45,0.55,1.277811091822076,0.5529301300298026,0.00293013002980258,0.2764600320222345,0.27597684674801,0.9982522418496083,157,True,0.00199516203567672,0.1974911689758301,/home/2/kj405942/Byczuk_Freericks/filling_variantB_freericks/pbs_variantB_T002_typ_21x21_mu20/chunks/T_0p02__Didx_0_0__typ/dmft_solutions/T_0p02/U_1p7__Delta_0p05__w1_0p45__typ,ok,
0.02,1.7,0.05,typ,0.4,0.6,1.332236906541734,0.6028414566325482,0.0028414566325482,0.2763741004026581,0.2758793126097283,0.9982097172194901,184,True,0.001997727580594272,0.2242181301116943,/home/2/kj405942/Byczuk_Freericks/filling_variantB_freericks/pbs_variantB_T002_typ_21x21_mu20/chunks/T_0p02__Didx_0_0__typ/dmft_solutions/T_0p02/U_1p7__Delta_0p05__w1_0p4__typ,ok,
0.02,1.8,0.05,typ,0.5,0.5,1.30585768685865,0.5008898317107588,0.0008898317107588483,0.250402412114668,0.2499234993556304,0.9980874275331727,177,True,0.00199552651802949,0.237079381942749,/home/2/kj405942/Byczuk_Freericks/filling_variantB_freericks/pbs_variantB_T002_typ_21x21_mu20/chunks/T_0p02__Didx_0_0__typ/dmft_solutions/T_0p02/U_1p8__Delta_0p05__w1_0p5__typ,ok,
0.02,1.8,0.05,typ,0.45,0.55,1.374111269005949,0.5540763823990938,0.004076382399093803,0.2763743948323419,0.2758768509293069,0.9981997467481137,163,True,0.001998673867354776,0.2091813087463379,/home/2/kj405942/Byczuk_Freericks/filling_variantB_freericks/pbs_variantB_T002_typ_21x21_mu20/chunks/T_0p02__Didx_0_0__typ/dmft_solutions/T_0p02/U_1p8__Delta_0p05__w1_0p45__typ,ok,
0.02,1.8,0.05,typ,0.4,0.6,1.419867064525372,0.5997934410853956,-0.0002065589146044156,0.270118114479116,0.26960294908043,0.9980928143242841,179,True,0.001991765966143826,0.236433744430542,/home/2/kj405942/Byczuk_Freericks/filling_variantB_freericks/pbs_variantB_T002_typ_21x21_mu20/chunks/T_0p02__Didx_0_0__typ/dmft_solutions/T_0p02/U_1p8__Delta_0p05__w1_0p4__typ,ok,
0.02,1.9,0.05,typ,0.5,0.5,1.397525514431515,0.4974256716885145,-0.002574328311485463,0.2458864869077895,0.2453975409172217,0.9980114971069913,197,True,0.001991969800667843,0.2286989688873291,/home/2/kj405942/Byczuk_Freericks/filling_variantB_freericks/pbs_variantB_T002_typ_21x21_mu20/chunks/T_0p02__Didx_0_0__typ/dmft_solutions/T_0p02/U_1p9__Delta_0p05__w1_0p5__typ,ok,
0.02,1.9,0.05,typ,0.45,0.55,1.446065576688729,0.5490182903798917,-0.0009817096201083508,0.254527211233992,0.2540121682486093,0.9979764718165666,169,True,0.001973434526332491,0.1951403617858887,/home/2/kj405942/Byczuk_Freericks/filling_variantB_freericks/pbs_variantB_T002_typ_21x21_mu20/chunks/T_0p02__Didx_0_0__typ/dmft_solutions/T_0p02/U_1p9__Delta_0p05__w1_0p45__typ,ok,
0.02,1.9,0.05,typ,0.4,0.6,1.504327972979733,0.6017875996279782,0.001787599627978254,0.2595479634505768,0.2590127067145363,0.9979377347873413,160,True,0.001983676753435218,0.1771962642669678,/home/2/kj405942/Byczuk_Freericks/filling_variantB_freericks/pbs_variantB_T002_typ_21x21_mu20/chunks/T_0p02__Didx_0_0__typ/dmft_solutions/T_0p02/U_1p9__Delta_0p05__w1_0p4__typ,ok,
0.02,2,0.05,typ,0.5,0.5,1.49775345487176,0.4977892821674579,-0.00221071783254212,0.2497933149442029,0.2492928711028834,0.9979965683171654,202,True,0.0019972041548871,0.2406275272369385,/home/2/kj405942/Byczuk_Freericks/filling_variantB_freericks/pbs_variantB_T002_typ_21x21_mu20/chunks/T_0p02__Didx_0_0__typ/dmft_solutions/T_0p02/U_2__Delta_0p05__w1_0p5__typ,ok,
0.02,2,0.05,typ,0.45,0.55,1.538845260056521,0.5486633317304431,-0.001336668269556918,0.2510350577508645,0.2505096143776395,0.997906892455848,168,True,0.001995577018942526,0.1944711208343506,/home/2/kj405942/Byczuk_Freericks/filling_variantB_freericks/pbs_variantB_T002_typ_21x21_mu20/chunks/T_0p02__Didx_0_0__typ/dmft_solutions/T_0p02/U_2__Delta_0p05__w1_0p45__typ,ok,
0.02,2,0.05,typ,0.4,0.6,1.594625169971815,0.6019364372397613,0.001936437239761335,0.2541457002116791,0.2535966898997145,0.9978397812297931,147,True,0.001991372852212276,0.166240930557251,/home/2/kj405942/Byczuk_Freericks/filling_variantB_freericks/pbs_variantB_T002_typ_21x21_mu20/chunks/T_0p02__Didx_0_0__typ/dmft_solutions/T_0p02/U_2__Delta_0p05__w1_0p4__typ,ok,
0.02,0.3,1.025,typ,0.5,0.5,0.1816730907117159,0.4968701683419883,-0.003129831658011728,0.5380260149568019,0.5246247516344004,0.9750917930548814,49,True,0.001968175396630296,0.1672863960266113,/home/2/kj405942/Byczuk_Freericks/filling_variantB_freericks/pbs_variantB_T002_typ_21x21_mu20/chunks/T_0p02__Didx_10_10__typ/dmft_solutions/T_0p02/U_0p3__Delta_1p025__w1_0p5__typ,ok,
0.02,0.3,1.025,typ,0.45,0.55,0.278602842779205,0.5543785470162659,0.004378547016265832,0.5362134551546234,0.5193700784098626,0.9685882989640687,79,True,0.00195212728493736,0.279949426651001,/home/2/kj405942/Byczuk_Freericks/filling_variantB_freericks/pbs_variantB_T002_typ_21x21_mu20/chunks/T_0p02__Didx_10_10__typ/dmft_solutions/T_0p02/U_0p3__Delta_1p025__w1_0p45__typ,ok,
0.02,0.3,1.025,typ,0.4,0.6,0.3463273799341113,0.6030573908070307,0.003057390807030713,0.5334618191834143,0.5110182540820201,0.9579284509325349,29,True,0.00197784208099981,0.1334085464477539,/home/2/kj405942/Byczuk_Freericks/filling_variantB_freericks/pbs_variantB_T002_typ_21x21_mu20/chunks/T_0p02__Didx_10_10__typ/dmft_solutions/T_0p02/U_0p3__Delta_1p025__w1_0p4__typ,ok,
0.02,0.2,1.025,typ,0.5,0.5,0.1386580358820678,0.5031610558792132,0.003161055879213226,0.5452183643678844,0.5274230409574067,0.9673611078175819,83,True,0.001930884846112858,0.2031650543212891,/home/2/kj405942/Byczuk_Freericks/filling_variantB_freericks/pbs_variantB_T002_typ_21x21_mu20/chunks/T_0p02__Didx_10_10__typ/dmft_solutions/T_0p02/U_0p2__Delta_1p025__w1_0p5__typ,ok,
0.02,0.2,1.025,typ,0.45,0.55,0.2194730304135438,0.5527888612418792,0.002788861241879159,0.5439985016964874,0.5232768773581385,0.9619086738773591,123,True,0.00199560486103918,0.3263993263244629,/home/2/kj405942/Byczuk_Freericks/filling_variantB_freericks/pbs_variantB_T002_typ_21x21_mu20/chunks/T_0p02__Didx_10_10__typ/dmft_solutions/T_0p02/U_0p2__Delta_1p025__w1_0p45__typ,ok,
0.02,0.2,1.025,typ,0.4,0.6,0.3068177577273153,0.6038835740294394,0.003883574029439396,0.5411220639440235,0.5135444207902173,0.9490361879669003,81,True,0.001989204392720107,0.2837800979614258,/home/2/kj405942/Byczuk_Freericks/filling_variantB_freericks/pbs_variantB_T002_typ_21x21_mu20/chunks/T_0p02__Didx_10_10__typ/dmft_solutions/T_0p02/U_0p2__Delta_1p025__w1_0p4__typ,ok,
0.02,0.1,1.025,typ,0.5,0.5,0.09514048556167733,0.5042857770432859,0.004285777043285921,0.5496567411885013,0.5287042029946507,0.9618806854828239,7,True,0.001995347312954076,0.0332939624786377,/home/2/kj405942/Byczuk_Freericks/filling_variantB_freericks/pbs_variantB_T002_typ_21x21_mu20/chunks/T_0p02__Didx_10_10__typ/dmft_solutions/T_0p02/U_0p1__Delta_1p025__w1_0p5__typ,ok,
0.02,0.1,1.025,typ,0.45,0.55,0.1862559797169713,0.5451363051446,-0.004863694855400058,0.5483084151741983,0.5236814542585815,0.9550855682056371,27,True,0.001948851755357252,0.1210579872131348,/home/2/kj405942/Byczuk_Freericks/filling_variantB_freericks/pbs_variantB_T002_typ_21x21_mu20/chunks/T_0p02__Didx_10_10__typ/dmft_solutions/T_0p02/U_0p1__Delta_1p025__w1_0p45__typ,ok,
0.02,0.1,1.025,typ,0.4,0.6,0.2779295125687855,0.5966732931642102,-0.003326706835789728,0.5454525709411816,0.5132130752715576,0.9408940439789392,28,True,0.001938982536574531,0.1552882194519043,/home/2/kj405942/Byczuk_Freericks/filling_variantB_freericks/pbs_variantB_T002_typ_21x21_mu20/chunks/T_0p02__Didx_10_10__typ/dmft_solutions/T_0p02/U_0p1__Delta_1p025__w1_0p4__typ,ok,
0.02,0,1.025,typ,0.5,0.5,0.05126242796627944,0.5009191979327609,0.0009191979327608513,0.5511261853942829,0.5289347944551405,0.9597344645795292,64,True,0.00199856948519882,0.2262880802154541,/home/2/kj405942/Byczuk_Freericks/filling_variantB_freericks/pbs_variantB_T002_typ_21x21_mu20/chunks/T_0p02__Didx_10_10__typ/dmft_solutions/T_0p02/U_0__Delta_1p025__w1_0p5__typ,ok,
0.02,0,1.025,typ,0.45,0.55,0.1450430130516032,0.5524145584333974,0.002414558433397329,0.5498072853664798,0.5238709162639006,0.9528264361115348,13,True,0.001917202846697608,0.05848932266235352,/home/2/kj405942/Byczuk_Freericks/filling_variantB_freericks/pbs_variantB_T002_typ_21x21_mu20/chunks/T_0p02__Didx_10_10__typ/dmft_solutions/T_0p02/U_0__Delta_1p025__w1_0p45__typ,ok,
0.02,0,1.025,typ,0.4,0.6,0.2394320353124509,0.5974091676527815,-0.002590832347218464,0.5470426879181938,0.5134003334022437,0.9385014090143893,41,True,0.00196926961276923,0.1732115745544434,/home/2/kj405942/Byczuk_Freericks/filling_variantB_freericks/pbs_variantB_T002_typ_21x21_mu20/chunks/T_0p02__Didx_10_10__typ/dmft_solutions/T_0p02/U_0__Delta_1p025__w1_0p4__typ,ok,
0.02,0.5,1.025,typ,0.5,0.5,0.2817366566880907,0.5038951342826175,0.003895134282617452,0.515972875174991,0.5113455905916207,0.9910319227889625,88,True,0.001917459147083618,0.3162720203399658,/home/2/kj405942/Byczuk_Freericks/filling_variantB_freericks/pbs_variantB_T002_typ_21x21_mu20/chunks/T_0p02__Didx_10_10__typ/dmft_solutions/T_0p02/U_0p5__Delta_1p025__w1_0p5__typ,ok,
0.02,0.5,1.025,typ,0.45,0.55,0.3466728283477613,0.5498900829173619,-0.000109917082638189,0.5144131225240552,0.5079445406085024,0.9874253170607047,48,True,0.001953545216205951,0.2163650989532471,/home/2/kj405942/Byczuk_Freericks/filling_variantB_freericks/pbs_variantB_T002_typ_21x21_mu20/chunks/T_0p02__Didx_10_10__typ/dmft_solutions/T_0p02/U_0p5__Delta_1p025__w1_0p45__typ,ok,
0.02,0.5,1.025,typ,0.4,0.6,0.4276946503145871,0.5976438778165298,-0.002356122183470144,0.5100909509613256,0.4984412411213601,0.9771615045944055,16,True,0.001961742398396872,0.07273364067077637,/home/2/kj405942/Byczuk_Freericks/filling_variantB_freericks/pbs_variantB_T002_typ_21x21_mu20/chunks/T_0p02__Didx_10_10__typ/dmft_solutions/T_0p02/U_0p5__Delta_1p025__w1_0p4__typ,ok,
0.02,0.4,1.025,typ,0.5,0.5,0.2388802117006819,0.4975232733265483,-0.002476726673451723,0.5281603019568307,0.5193291055780684,0.9832793257159943,14,True,0.001980269115320591,0.06438493728637695,/home/2/kj405942/Byczuk_Freericks/filling_variantB_freericks/pbs_variantB_T002_typ_21x21_mu20/chunks/T_0p02__Didx_10_10__typ/dmft_solutions/T_0p02/U_0p4__Delta_1p025__w1_0p5__typ,ok,
0.02,0.4,1.025,typ,0.45,0.55,0.3252277314689105,0.5494342755860768,-0.0005657244139232187,0.5260468505946009,0.5141662779412418,0.9774153715777782,32,True,0.001942594409414661,0.1788003444671631,/home/2/kj405942/Byczuk_Freericks/filling_variantB_freericks/pbs_variantB_T002_typ_21x21_mu20/chunks/T_0p02__Didx_10_10__typ/dmft_solutions/T_0p02/U_0p4__Delta_1p025__w1_0p45__typ,ok,
0.02,0.4,1.025,typ,0.4,0.6,0.385696917365087,0.5961971231079126,-0.003802876892087359,0.5230967134249846,0.506273278697525,0.9678387680601014,24,True,0.001869989231093482,0.1145889759063721,/home/2/kj405942/Byczuk_Freericks/filling_variantB_freericks/pbs_variantB_T002_typ_21x21_mu20/chunks/T_0p02__Didx_10_10__typ/dmft_solutions/T_0p02/U_0p4__Delta_1p025__w1_0p4__typ,ok,
0.02,0.8,1.025,typ,0.5,0.5,0.4181880129992321,0.4985191785989445,-0.001480821401055543,0.4631946009732962,0.4612670995427232,0.995838678977426,14,True,0.001874277557806539,0.04968857765197754,/home/2/kj405942/Byczuk_Freericks/filling_variantB_freericks/pbs_variantB_T002_typ_21x21_mu20/chunks/T_0p02__Didx_10_10__typ/dmft_solutions/T_0p02/U_0p8__Delta_1p025__w1_0p5__typ,ok,
0.02,0.8,1.025,typ,0.45,0.55,0.4854461912440631,0.5527710564700893,0.002771056470089239,0.4607743962056585,0.4580448611808974,0.994076200745445,40,True,0.001929696453134458,0.1383824348449707,/home/2/kj405942/Byczuk_Freericks/filling_variantB_freericks/pbs_variantB_T002_typ_21x21_mu20/chunks/T_0p02__Didx_10_10__typ/dmft_solutions/T_0p02/U_0p8__Delta_1p025__w1_0p45__typ,ok,
0.02,0.8,1.025,typ,0.4,0.6,0.5467617120678899,0.5969459020001372,-0.003054097999862782,0.4555496958941982,0.4504826677998857,0.9888771123326808,87,True,0.001998196983782869,0.3842689990997314,/home/2/kj405942/Byczuk_Freericks/filling_variantB_freericks/pbs_variantB_T002_typ_21x21_mu20/chunks/T_0p02__Didx_10_10__typ/dmft_solutions/T_0p02/U_0p8__Delta_1p025__w1_0p4__typ,ok,
0.02,0.7000000000000001,1.025,typ,0.5,0.5,0.3674522405147083,0.4953688356395592,-0.004631164360440754,0.4839056328331413,0.4831865658810617,0.9985140347553516,83,True,0.00189252468898911,0.3423902988433838,/home/2/kj405942/Byczuk_Freericks/filling_variantB_freericks/pbs_variantB_T002_typ_21x21_mu20/chunks/T_0p02__Didx_10_10__typ/dmft_solutions/T_0p02/U_0p7__Delta_1p025__w1_0p5__typ,ok,
0.02,0.7000000000000001,1.025,typ,0.45,0.55,0.455445323161008,0.5502300485956028,0.0002300485956027165,0.4808099412575134,0.4786738524584974,0.9955573114952048,15,True,0.001908353799153805,0.0819098949432373,/home/2/kj405942/Byczuk_Freericks/filling_variantB_freericks/pbs_variantB_T002_typ_21x21_mu20/chunks/T_0p02__Didx_10_10__typ/dmft_solutions/T_0p02/U_0p7__Delta_1p025__w1_0p45__typ,ok,
0.02,0.7000000000000001,1.025,typ,0.4,0.6,0.5172684920257359,0.5959769069933011,-0.004023093006698897,0.4756933524889369,0.4703240554517533,0.9887126927271735,62,True,0.001910797832212809,0.3328316211700439,/home/2/kj405942/Byczuk_Freericks/filling_variantB_freericks/pbs_variantB_T002_typ_21x21_mu20/chunks/T_0p02__Didx_10_10__typ/dmft_solutions/T_0p02/U_0p7__Delta_1p025__w1_0p4__typ,ok,
0.02,0.6000000000000001,1.025,typ,0.5,0.5,0.335299825367144,0.4965887728253174,-0.003411227174682563,0.5012045753467864,0.4994130692810854,0.9964255991389116,23,True,0.001905028484194599,0.1025633811950684,/home/2/kj405942/Byczuk_Freericks/filling_variantB_freericks/pbs_variantB_T002_typ_21x21_mu20/chunks/T_0p02__Didx_10_10__typ/dmft_solutions/T_0p02/U_0p6__Delta_1p025__w1_0p5__typ,ok,
0.02,0.6000000000000001,1.025,typ,0.45,0.55,0.4029542341038043,0.5500862184649019,8.621846490186602e-05,0.4989985705858744,0.4954865241392069,0.9929618106069039,112,True,0.0019962301526672,0.4811608791351318,/home/2/kj405942/Byczuk_Freericks/filling_variantB_freericks/pbs_variantB_T002_typ_21x21_mu20/chunks/T_0p02__Didx_10_10__typ/dmft_solutions/T_0p02/U_0p6__Delta_1p025__w1_0p45__typ,ok,
0.02,0.6000000000000001,1.025,typ,0.4,0.6,0.4658061490137818,0.6019596226881744,0.001959622688174401,0.4948780887427665,0.4874587883016829,0.985007821906336,32,True,0.001986115619952135,0.1812198162078857,/home/2/kj405942/Byczuk_Freericks/filling_variantB_freericks/pbs_variantB_T002_typ_21x21_mu20/chunks/T_0p02__Didx_10_10__typ/dmft_solutions/T_0p02/U_0p6__Delta_1p025__w1_0p4__typ,ok,
0.02,0.9,1.025,typ,0.5,0.5,0.4855113449488487,0.5024183498098372,0.002418349809837239,0.4380729597813822,0.4325702364259639,0.9874387970484086,20,True,0.001974866349635883,0.1168830394744873,/home/2/kj405942/Byczuk_Freericks/filling_variantB_freericks/pbs_variantB_T002_typ_21x21_mu20/chunks/T_0p02__Didx_10_10__typ/dmft_solutions/T_0p02/U_0p9__Delta_1p025__w1_0p5__typ,ok,
0.02,0.9,1.025,typ,0.45,0.55,0.5337668319701543,0.5463864300465744,-0.003613569953425655,0.4354337407936762,0.4295198277607368,0.9864183399702561,30,True,0.001969157323521072,0.1716420650482178,/home/2/kj405942/Byczuk_Freericks/filling_variantB_freericks/pbs_variantB_T002_typ_21x21_mu20/chunks/T_0p02__Didx_10_10__typ/dmft_solutions/T_0p02/U_0p9__Delta_1p025__w1_0p45__typ,ok,
0.02,0.9,1.025,typ,0.4,0.6,0.6046135765628348,0.604546752805016,0.004546752805016041,0.4279889476478555,0.4207779036409983,0.9831513312516883,100,True,0.001894018209241183,0.5443778038024902,/home/2/kj405942/Byczuk_Freericks/filling_variantB_freericks/pbs_variantB_T002_typ_21x21_mu20/chunks/T_0p02__Didx_10_10__typ/dmft_solutions/T_0p02/U_0p9__Delta_1p025__w1_0p4__typ,ok,
0.02,1,1.025,typ,0.5,0.5,0.4959650821985414,0.4964226026608728,-0.003577397339127208,0.4073771686204398,0.3959295800150884,0.9718992877187547,4,True,0.001936192292983693,0.02697181701660156,/home/2/kj405942/Byczuk_Freericks/filling_variantB_freericks/pbs_variantB_T002_typ_21x21_mu20/chunks/T_0p02__Didx_10_10__typ/dmft_solutions/T_0p02/U_1__Delta_1p025__w1_0p5__typ,ok,
0.02,1,1.025,typ,0.45,0.55,0.5780733708804193,0.5456756022619548,-0.004324397738045271,0.4044893272120885,0.3930013299914264,0.971598763062941,8,True,0.001983310164252959,0.04799270629882812,/home/2/kj405942/Byczuk_Freericks/filling_variantB_freericks/pbs_variantB_T002_typ_21x21_mu20/chunks/T_0p02__Didx_10_10__typ/dmft_solutions/T_0p02/U_1__Delta_1p025__w1_0p45__typ,ok,
0.02,1,1.025,typ,0.4,0.6,0.655949033580755,0.5956937252961663,-0.004306274703833712,0.3950708552495686,0.3836327775006747,0.9710480345565647,32,True,0.001948349094898229,0.1693451404571533,/home/2/kj405942/Byczuk_Freericks/filling_variantB_freericks/pbs_variantB_T002_typ_21x21_mu20/chunks/T_0p02__Didx_10_10__typ/dmft_solutions/T_0p02/U_1__Delta_1p025__w1_0p4__typ,ok,
0.02,1.1,1.025,typ,0.5,0.5,0.5864091502647464,0.4952849458255834,-0.004715054174416589,0.3676016942180348,0.348318660810156,0.9475436764542182,82,True,0.001958774227333701,0.4363272190093994,/home/2/kj405942/Byczuk_Freericks/filling_variantB_freericks/pbs_variantB_T002_typ_21x21_mu20/chunks/T_0p02__Didx_10_10__typ/dmft_solutions/T_0p02/U_1p1__Delta_1p025__w1_0p5__typ,ok,
0.02,1.1,1.025,typ,0.45,0.55,0.6346131346306945,0.55051850298056,0.0005185029805599983,0.3637630796448989,0.3450226784124901,0.9484818490906144,94,True,0.001998431459117401,0.4973278045654297,/home/2/kj405942/Byczuk_Freericks/filling_variantB_freericks/pbs_variantB_T002_typ_21x21_mu20/chunks/T_0p02__Didx_10_10__typ/dmft_solutions/T_0p02/U_1p1__Delta_1p025__w1_0p45__typ,ok,
0.02,1.1,1.025,typ,0.4,0.6,0.6828513408121547,0.6026925769709938,0.002692576970993787,0.3569011191447945,0.3381742576701515,0.9475292721986519,46,True,0.001978604124054986,0.1891586780548096,/home/2/kj405942/Byczuk_Freericks/filling_variantB_freericks/pbs_variantB_T002_typ_21x21_mu20/chunks/T_0p02__Didx_10_10__typ/dmft_solutions/T_0p02/U_1p1__Delta_1p025__w1_0p4__typ,ok,
0.02,1.2,1.025,typ,0.5,0.5,0.6218955158489261,0.5012751736131984,0.001275173613198399,0.3115586216932298,0.2842263975175532,0.9122726117250936,35,True,0.001955435062801486,0.1936154365539551,/home/2/kj405942/Byczuk_Freericks/filling_variantB_freericks/pbs_variantB_T002_typ_21x21_mu20/chunks/T_0p02__Didx_10_10__typ/dmft_solutions/T_0p02/U_1p2__Delta_1p025__w1_0p5__typ,ok,
0.02,1.2,1.025,typ,0.45,0.55,0.6925240882070995,0.5514146550076919,0.00141465500769189,0.3100056934880784,0.2825406890410234,0.9114048386078717,65,True,0.001952266183248516,0.3596808910369873,/home/2/kj405942/Byczuk_Freericks/filling_variantB_freericks/pbs_variantB_T002_typ_21x21_mu20/chunks/T_0p02__Didx_10_10__typ/dmft_solutions/T_0p02/U_1p2__Delta_1p025__w1_0p45__typ,ok,
0.02,1.2,1.025,typ,0.4,0.6,0.7427796812264221,0.5956322024484205,-0.004367797551579455,0.3021238819573931,0.2754272196334747,0.9116367029611934,72,True,0.001972036869846857,0.4191596508026123,/home/2/kj405942/Byczuk_Freericks/filling_variantB_freericks/pbs_variantB_T002_typ_21x21_mu20/chunks/T_0p02__Didx_10_10__typ/dmft_solutions/T_0p02/U_1p2__Delta_1p025__w1_0p4__typ,ok,
0.02,1.3,1.025,typ,0.5,0.5,0.7177097080790523,0.4982852685674744,-0.001714731432525596,0.2574163412152089,0.2121008049814333,0.8239601416916643,18,True,0.001979898518952638,0.08603000640869141,/home/2/kj405942/Byczuk_Freericks/filling_variantB_freericks/pbs_variantB_T002_typ_21x21_mu20/chunks/T_0p02__Didx_10_10__typ/dmft_solutions/T_0p02/U_1p3__Delta_1p025__w1_0p5__typ,ok,
0.02,1.3,1.025,typ,0.45,0.55,0.7934110336688428,0.548060742308667,-0.001939257691333074,0.2741051649436973,0.2246418951887489,0.8195463782482596,65,True,0.00184480153389169,0.2804248332977295,/home/2/kj405942/Byczuk_Freericks/filling_variantB_freericks/pbs_variantB_T002_typ_21x21_mu20/chunks/T_0p02__Didx_10_10__typ/dmft_solutions/T_0p02/U_1p3__Delta_1p025__w1_0p45__typ,ok,
0.02,1.3,1.025,typ,0.4,0.6,0.8694410264478579,0.6034201920023832,0.003420192002383193,0.2775111120692831,0.2276002032501104,0.8201480710195417,65,True,0.001995026489123922,0.2783157825469971,/home/2/kj405942/Byczuk_Freericks/filling_variantB_freericks/pbs_variantB_T002_typ_21x21_mu20/chunks/T_0p02__Didx_10_10__typ/dmft_solutions/T_0p02/U_1p3__Delta_1p025__w1_0p4__typ,ok,
0.02,1.5,1.025,typ,0.5,0.5,0.9245287103519596,0.4952533979412554,-0.004746602058744553,0.2889294626404481,0.1767768971629068,0.6118340980092188,221,True,0.001996891097570831,1.162085771560669,/home/2/kj405942/Byczuk_Freericks/filling_variantB_freericks/pbs_variantB_T002_typ_21x21_mu20/chunks/T_0p02__Didx_10_10__typ/dmft_solutions/T_0p02/U_1p5__Delta_1p025__w1_0p5__typ,ok,
0.02,1.5,1.025,typ,0.45,0.55,0.9209356145727572,0.5470282525774512,-0.002971747422548798,0.2430036728615438,0.1324103961663311,0.5448905138227048,208,True,0.001999685254034291,1.089332818984985,/home/2/kj405942/Byczuk_Freericks/filling_variantB_freericks/pbs_variantB_T002_typ_21x21_mu20/chunks/T_0p02__Didx_10_10__typ/dmft_solutions/T_0p02/U_1p5__Delta_1p025__w1_0p45__typ,ok,
0.02,1.5,1.025,typ,0.4,0.6,1.009012674751103,0.6024037814686508,0.002403781468650834,0.2639702520505263,0.158642324021011,0.6009856140556528,234,True,0.001986537321532213,1.194447994232178,/home/2/kj405942/Byczuk_Freericks/filling_variantB_freericks/pbs_variantB_T002_typ_21x21_mu20/chunks/T_0p02__Didx_10_10__typ/dmft_solutions/T_0p02/U_1p5__Delta_1p025__w1_0p4__typ,ok,
0.02,1.4,1.025,typ,0.5,0.5,0.7844833525968085,0.4955094638584376,-0.004490536141562418,0.2299124845533934,0.1553161561940892,0.6755446816896084,182,True,0.001990185958221075,0.9528763294219971,/home/2/kj405942/Byczuk_Freericks/filling_variantB_freericks/pbs_variantB_T002_typ_21x21_mu20/chunks/T_0p02__Didx_10_10__typ/dmft_solutions/T_0p02/U_1p4__Delta_1p025__w1_0p5__typ,ok,
0.02,1.4,1.025,typ,0.45,0.55,0.8793535751189296,0.5500151683776729,1.51683776729028e-05,0.2718345567702054,0.1907456257868626,0.701697488550394,175,True,0.001992662997837898,0.8812301158905029,/home/2/kj405942/Byczuk_Freericks/filling_variantB_freericks/pbs_variantB_T002_typ_21x21_mu20/chunks/T_0p02__Didx_10_10__typ/dmft_solutions/T_0p02/U_1p4__Delta_1p025__w1_0p45__typ,ok,
0.02,1.4,1.025,typ,0.4,0.6,0.9075266822841611,0.604645720449397,0.004645720449397039,0.2507847596017748,0.1726803955801298,0.6885601655153679,139,True,0.001985283359413498,0.6725373268127441,/home/2/kj405942/Byczuk_Freericks/filling_variantB_freericks/pbs_variantB_T002_typ_21x21_mu20/chunks/T_0p02__Didx_10_10__typ/dmft_solutions/T_0p02/U_1p4__Delta_1p025__w1_0p4__typ,ok,
0.02,1.6,1.025,typ,0.5,0.5,0.9763057729977842,0.496088855579333,-0.003911144420667034,0.2652420533948484,0.1253614540096726,0.4726303857369679,188,True,0.00196832373084972,0.9998528957366943,/home/2/kj405942/Byczuk_Freericks/filling_variantB_freericks/pbs_variantB_T002_typ_21x21_mu20/chunks/T_0p02__Didx_10_10__typ/dmft_solutions/T_0p02/U_1p6__Delta_1p025__w1_0p5__typ,ok,
0.02,1.6,1.025,typ,0.45,0.55,1.057230541454361,0.5499457142546063,-5.42857453937895e-05,0.2839100417466701,0.1526617586757002,0.5377117263499916,209,True,0.00199306579879986,1.036331415176392,/home/2/kj405942/Byczuk_Freericks/filling_variantB_freericks/pbs_variantB_T002_typ_21x21_mu20/chunks/T_0p02__Didx_10_10__typ/dmft_solutions/T_0p02/U_1p6__Delta_1p025__w1_0p45__typ,ok,
0.02,1.6,1.025,typ,0.4,0.6,1.126393015823989,0.6044905819699963,0.004490581969996299,0.2781834612420775,0.158195630353813,0.5686737437498123,150,True,0.001978969525498572,0.7744719982147217,/home/2/kj405942/Byczuk_Freericks/filling_variantB_freericks/pbs_variantB_T002_typ_21x21_mu20/chunks/T_0p02__Didx_10_10__typ/dmft_solutions/T_0p02/U_1p6__Delta_1p025__w1_0p4__typ,ok,
0.02,1.7,1.025,typ,0.5,0.5,1.13611627382123,0.4961901763252933,-0.003809823674706669,0.3129010944839678,0.1684849270366248,0.538460651006951,51,True,0.001977692189605345,0.2236177921295166,/home/2/kj405942/Byczuk_Freericks/filling_variantB_freericks/pbs_variantB_T002_typ_21x21_mu20/chunks/T_0p02__Didx_10_10__typ/dmft_solutions/T_0p02/U_1p7__Delta_1p025__w1_0p5__typ,ok,
0.02,1.7,1.025,typ,0.45,0.55,1.165871535435805,0.5516312206604361,0.001631220660436083,0.2949723642843025,0.1502549779179658,0.5093866277355593,190,True,0.001978169960742427,0.7737975120544434,/home/2/kj405942/Byczuk_Freericks/filling_variantB_freericks/pbs_variantB_T002_typ_21x21_mu20/chunks/T_0p02__Didx_10_10__typ/dmft_solutions/T_0p02/U_1p7__Delta_1p025__w1_0p45__typ,ok,
0.02,1.7,1.025,typ,0.4,0.6,1.207168096400262,0.5990326184362096,-0.0009673815637903926,0.2773679841941775,0.1375309091549908,0.4958427684238759,11,True,0.001963737426745368,0.0413510799407959,/home/2/kj405942/Byczuk_Freericks/filling_variantB_freericks/pbs_variantB_T002_typ_21x21_mu20/chunks/T_0p02__Didx_10_10__typ/dmft_solutions/T_0p02/U_1p7__Delta_1p025__w1_0p4__typ,ok,
0.02,1.8,1.025,typ,0.5,0.5,1.224443767126014,0.5022032635509636,0.002203263550963563,0.3148430703208251,0.154797667160004,0.4916661084592559,204,True,0.001973759603384293,0.7055747509002686,/home/2/kj405942/Byczuk_Freericks/filling_variantB_freericks/pbs_variantB_T002_typ_21x21_mu20/chunks/T_0p02__Didx_10_10__typ/dmft_solutions/T_0p02/U_1p8__Delta_1p025__w1_0p5__typ,ok,
0.02,1.8,1.025,typ,0.45,0.55,1.229510783321825,0.5546644437786941,0.004664443778694016,0.2880842049385722,0.1137912095371453,0.3949928791181342,55,True,0.001974166933959642,0.1941261291503906,/home/2/kj405942/Byczuk_Freericks/filling_variantB_freericks/pbs_variantB_T002_typ_21x21_mu20/chunks/T_0p02__Didx_10_10__typ/dmft_solutions/T_0p02/U_1p8__Delta_1p025__w1_0p45__typ,ok,
0.02,1.8,1.025,typ,0.4,0.6,1.311124958255164,0.6009110591024802,0.0009110591024802384,0.2850215748184426,0.13400475107774,0.4701565176709881,102,True,0.001992548659338032,0.3647589683532715,/home/2/kj405942/Byczuk_Freericks/filling_variantB_freericks/pbs_variantB_T002_typ_21x21_mu20/chunks/T_0p02__Didx_10_10__typ/dmft_solutions/T_0p02/U_1p8__Delta_1p025__w1_0p4__typ,ok,
0.02,1.9,1.025,typ,0.5,0.5,1.259666987002876,0.4997130308124081,-0.0002869691875919123,0.2796544181672204,0.08718478303602559,0.3117590045864861,165,True,0.001985255648616981,0.6151330471038818,/home/2/kj405942/Byczuk_Freericks/filling_variantB_freericks/pbs_variantB_T002_typ_21x21_mu20/chunks/T_0p02__Didx_10_10__typ/dmft_solutions/T_0p02/U_1p9__Delta_1p025__w1_0p5__typ,ok,
0.02,1.9,1.025,typ,0.45,0.55,1.327364967083739,0.5469726110748238,-0.003027388925176289,0.2917837511200997,0.1088178542972685,0.3729400759279376,15,True,0.001952847744841501,0.04393792152404785,/home/2/kj405942/Byczuk_Freericks/filling_variantB_freericks/pbs_variantB_T002_typ_21x21_mu20/chunks/T_0p02__Didx_10_10__typ/dmft_solutions/T_0p02/U_1p9__Delta_1p025__w1_0p45__typ,ok,
0.02,1.9,1.025,typ,0.4,0.6,1.358516939801349,0.5978304503278911,-0.002169549672108917,0.2788087458076868,0.08679932369515971,0.3113220980342957,77,True,0.001936556921754701,0.2167863845825195,/home/2/kj405942/Byczuk_Freericks/filling_variantB_freericks/pbs_variantB_T002_typ_21x21_mu20/chunks/T_0p02__Didx_10_10__typ/dmft_solutions/T_0p02/U_1p9__Delta_1p025__w1_0p4__typ,ok,
0.02,2,1.025,typ,0.5,0.5,1.362591754864597,0.5012003086360249,0.001200308636024938,0.2926715837713477,0.08759254509842847,0.2992861280542389,136,True,0.001984436139601257,0.3286001682281494,/home/2/kj405942/Byczuk_Freericks/filling_variantB_freericks/pbs_variantB_T002_typ_21x21_mu20/chunks/T_0p02__Didx_10_10__typ/dmft_solutions/T_0p02/U_2__Delta_1p025__w1_0p5__typ,ok,
0.02,2,1.025,typ,0.45,0.55,1.342332658855583,0.5456647451062752,-0.004335254893724882,0.006668262149235278,0.002469797074410322,0.3703809207161359,147,True,0.0019688061564054,0.2978036403656006,/home/2/kj405942/Byczuk_Freericks/filling_variantB_freericks/pbs_variantB_T002_typ_21x21_mu20/chunks/T_0p02__Didx_10_10__typ/dmft_solutions/T_0p02/U_2__Delta_1p025__w1_0p45__typ,ok,
0.02,2,1.025,typ,0.4,0.6,1.513227864765907,0.5974755859476452,-0.002524414052354818,0.2926972007074364,0.1282072289743132,0.4380200038279899,41,True,0.001979036054582126,0.07904982566833496,/home/2/kj405942/Byczuk_Freericks/filling_variantB_freericks/pbs_variantB_T002_typ_21x21_mu20/chunks/T_0p02__Didx_10_10__typ/dmft_solutions/T_0p02/U_2__Delta_1p025__w1_0p4__typ,ok,
0.02,0.1,1.1225,typ,0.5,0.5,0.0903951232124145,0.5028490747608042,0.002849074760804204,0.5373335632219304,0.5090322355483692,0.947330057880877,119,True,0.001987040400354984,0.3280625343322754,/home/2/kj405942/Byczuk_Freericks/filling_variantB_freericks/pbs_variantB_T002_typ_21x21_mu20/chunks/T_0p02__Didx_11_11__typ/dmft_solutions/T_0p02/U_0p1__Delta_1p1225__w1_0p5__typ,ok,
0.02,0.1,1.1225,typ,0.45,0.55,0.1798219568662468,0.546688224261407,-0.003311775738593092,0.5364298402869644,0.5045158312594188,0.940506648529334,53,True,0.00197104769082186,0.2015254497528076,/home/2/kj405942/Byczuk_Freericks/filling_variantB_freericks/pbs_variantB_T002_typ_21x21_mu20/chunks/T_0p02__Didx_11_11__typ/dmft_solutions/T_0p02/U_0p1__Delta_1p1225__w1_0p45__typ,ok,
0.02,0.1,1.1225,typ,0.4,0.6,0.2626791802315412,0.5955104891872487,-0.004489510812751285,0.5346660557690165,0.4958220223176485,0.9273489816077849,39,True,0.001959727988790369,0.1678783893585205,/home/2/kj405942/Byczuk_Freericks/filling_variantB_freericks/pbs_variantB_T002_typ_21x21_mu20/chunks/T_0p02__Didx_11_11__typ/dmft_solutions/T_0p02/U_0p1__Delta_1p1225__w1_0p4__typ,ok,
0.02,0.2,1.1225,typ,0.5,0.5,0.1352873501502693,0.5009176420951743,0.0009176420951743092,0.5332120769334037,0.5088843051128641,0.9543750547428467,81,True,0.001878350040956918,0.2948622703552246,/home/2/kj405942/Byczuk_Freericks/filling_variantB_freericks/pbs_variantB_T002_typ_21x21_mu20/chunks/T_0p02__Didx_11_11__typ/dmft_solutions/T_0p02/U_0p2__Delta_1p1225__w1_0p5__typ,ok,
0.02,0.2,1.1225,typ,0.45,0.55,0.2175620222731386,0.5512940982040569,0.001294098204056904,0.5323153944546138,0.5048969408007469,0.9484920895779114,25,True,0.001954656738212609,0.1106574535369873,/home/2/kj405942/Byczuk_Freericks/filling_variantB_freericks/pbs_variantB_T002_typ_21x21_mu20/chunks/T_0p02__Didx_11_11__typ/dmft_solutions/T_0p02/U_0p2__Delta_1p1225__w1_0p45__typ,ok,
0.02,0.2,1.1225,typ,0.4,0.6,0.2997458567746105,0.6007994893892162,0.0007994893892162569,0.5303627867848248,0.4961002017369242,0.9353978335176796,55,True,0.001974643767484349,0.235476016998291,/home/2/kj405942/Byczuk_Freericks/filling_variantB_freericks/pbs_variantB_T002_typ_21x21_mu20/chunks/T_0p02__Didx_11_11__typ/dmft_solutions/T_0p02/U_0p2__Delta_1p1225__w1_0p4__typ,ok,
0.02,0.3,1.1225,typ,0.5,0.5,0.1900467825407186,0.4967157928831312,-0.003284207116868776,0.5265591347801736,0.5076483252946825,0.9640860670029285,21,True,0.001946020512259755,0.08677983283996582,/home/2/kj405942/Byczuk_Freericks/filling_variantB_freericks/pbs_variantB_T002_typ_21x21_mu20/chunks/T_0p02__Didx_11_11__typ/dmft_solutions/T_0p02/U_0p3__Delta_1p1225__w1_0p5__typ,ok,
0.02,0.3,1.1225,typ,0.45,0.55,0.2610653253632323,0.5457125164887311,-0.004287483511268952,0.525580882961346,0.5039013815061466,0.9587513508234017,29,True,0.001924383147456683,0.126568078994751,/home/2/kj405942/Byczuk_Freericks/filling_variantB_freericks/pbs_variantB_T002_typ_21x21_mu20/chunks/T_0p02__Didx_11_11__typ/dmft_solutions/T_0p02/U_0p3__Delta_1p1225__w1_0p45__typ,ok,
0.02,0.3,1.1225,typ,0.4,0.6,0.3465912922227705,0.599748022811079,-0.0002519771889210043,0.5230876972227841,0.4943010039031302,0.9449677492464641,90,True,0.001906205049991518,0.3893468379974365,/home/2/kj405942/Byczuk_Freericks/filling_variantB_freericks/pbs_variantB_T002_typ_21x21_mu20/chunks/T_0p02__Didx_11_11__typ/dmft_solutions/T_0p02/U_0p3__Delta_1p1225__w1_0p4__typ,ok,
0.02,0,1.1225,typ,0.5,0.5,0.04925672201315241,0.503424637573713,0.00342463757371303,0.5387096557158971,0.5088292534739195,0.944533382825171,66,True,0.001988549881722121,0.2667818069458008,/home/2/kj405942/Byczuk_Freericks/filling_variantB_freericks/pbs_variantB_T002_typ_21x21_mu20/chunks/T_0p02__Didx_11_11__typ/dmft_solutions/T_0p02/U_0__Delta_1p1225__w1_0p5__typ,ok,
0.02,0,1.1225,typ,0.45,0.55,0.1471955218314781,0.5465036803188172,-0.003496319681182802,0.5376918621214865,0.5035323012250094,0.9364700057730109,9,True,0.001987081580184771,0.041229248046875,/home/2/kj405942/Byczuk_Freericks/filling_variantB_freericks/pbs_variantB_T002_typ_21x21_mu20/chunks/T_0p02__Didx_11_11__typ/dmft_solutions/T_0p02/U_0__Delta_1p1225__w1_0p45__typ,ok,
0.02,0,1.1225,typ,0.4,0.6,0.2441943128820002,0.5972999868841619,-0.002700013115838118,0.5356026340575653,0.4928717848513521,0.9202191205026439,19,True,0.001939321066841619,0.06327986717224121,/home/2/kj405942/Byczuk_Freericks/filling_variantB_freericks/pbs_variantB_T002_typ_21x21_mu20/chunks/T_0p02__Didx_11_11__typ/dmft_solutions/T_0p02/U_0__Delta_1p1225__w1_0p4__typ,ok,
0.02,0.4,1.1225,typ,0.5,0.5,0.2197017187771975,0.4964443924881776,-0.003555607511822378,0.5178154810182152,0.5050730694414692,0.9753919841259097,48,True,0.001930002095149212,0.2162966728210449,/home/2/kj405942/Byczuk_Freericks/filling_variantB_freericks/pbs_variantB_T002_typ_21x21_mu20/chunks/T_0p02__Didx_11_11__typ/dmft_solutions/T_0p02/U_0p4__Delta_1p1225__w1_0p5__typ,ok,
0.02,0.4,1.1225,typ,0.45,0.55,0.3110053297615684,0.545534468218778,-0.004465531781221999,0.5164221330483368,0.5007382564039317,0.9696297357515907,8,True,0.001949374825805338,0.04944515228271484,/home/2/kj405942/Byczuk_Freericks/filling_variantB_freericks/pbs_variantB_T002_typ_21x21_mu20/chunks/T_0p02__Didx_11_11__typ/dmft_solutions/T_0p02/U_0p4__Delta_1p1225__w1_0p45__typ,ok,
0.02,0.4,1.1225,typ,0.4,0.6,0.3998780483090043,0.5969318280580161,-0.003068171941983833,0.5130455054278189,0.4900479163574487,0.9551743679126611,30,True,0.001965531586972177,0.131716251373291,/home/2/kj405942/Byczuk_Freericks/filling_variantB_freericks/pbs_variantB_T002_typ_21x21_mu20/chunks/T_0p02__Didx_11_11__typ/dmft_solutions/T_0p02/U_0p4__Delta_1p1225__w1_0p4__typ,ok,
0.02,0.6000000000000001,1.1225,typ,0.5,0.5,0.3328702231578344,0.4964908758539799,-0.003509124146020115,0.4940096700940209,0.4905963472325902,0.9930905748043736,1,True,0.00189647985805618,0.008747577667236328,/home/2/kj405942/Byczuk_Freericks/filling_variantB_freericks/pbs_variantB_T002_typ_21x21_mu20/chunks/T_0p02__Didx_11_11__typ/dmft_solutions/T_0p02/U_0p6__Delta_1p1225__w1_0p5__typ,ok,
0.02,0.6000000000000001,1.1225,typ,0.45,0.55,0.4025725064947708,0.5455921122454732,-0.004407887754526829,0.492212184748093,0.486722246362141,0.98884639885792,77,True,0.001883750052343383,0.3230657577514648,/home/2/kj405942/Byczuk_Freericks/filling_variantB_freericks/pbs_variantB_T002_typ_21x21_mu20/chunks/T_0p02__Didx_11_11__typ/dmft_solutions/T_0p02/U_0p6__Delta_1p1225__w1_0p45__typ,ok,
0.02,0.6000000000000001,1.1225,typ,0.4,0.6,0.4734455411137148,0.6007760285630576,0.0007760285630575847,0.4883181832238506,0.4778057447181053,0.9784721542901748,90,True,0.001896325590132167,0.3728868961334229,/home/2/kj405942/Byczuk_Freericks/filling_variantB_freericks/pbs_variantB_T002_typ_21x21_mu20/chunks/T_0p02__Didx_11_11__typ/dmft_solutions/T_0p02/U_0p6__Delta_1p1225__w1_0p4__typ,ok,
0.02,0.5,1.1225,typ,0.5,0.5,0.2881950904602173,0.50288481937711,0.002884819377110048,0.5068465952171857,0.4993701551132991,0.9852491065848378,94,True,0.001869024105063611,0.5040755271911621,/home/2/kj405942/Byczuk_Freericks/filling_variantB_freericks/pbs_variantB_T002_typ_21x21_mu20/chunks/T_0p02__Didx_11_11__typ/dmft_solutions/T_0p02/U_0p5__Delta_1p1225__w1_0p5__typ,ok,
0.02,0.5,1.1225,typ,0.45,0.55,0.3565141052773049,0.5547515942288274,0.004751594228827316,0.5053469825394737,0.4954733581754595,0.9804616932421418,37,True,0.001933480681682405,0.1552169322967529,/home/2/kj405942/Byczuk_Freericks/filling_variantB_freericks/pbs_variantB_T002_typ_21x21_mu20/chunks/T_0p02__Didx_11_11__typ/dmft_solutions/T_0p02/U_0p5__Delta_1p1225__w1_0p45__typ,ok,
0.02,0.5,1.1225,typ,0.4,0.6,0.4182899952582084,0.6012350083455048,0.001235008345504829,0.5027860603663512,0.4879404294655729,0.9704732647321982,7,True,0.001912519695875902,0.03263187408447266,/home/2/kj405942/Byczuk_Freericks/filling_variantB_freericks/pbs_variantB_T002_typ_21x21_mu20/chunks/T_0p02__Didx_11_11__typ/dmft_solutions/T_0p02/U_0p5__Delta_1p1225__w1_0p4__typ,ok,
0.02,0.9,1.1225,typ,0.5,0.5,0.4626428160215518,0.4972132570588914,-0.002786742941108589,0.4411943163520345,0.4360952844903552,0.9884426619457837,30,True,0.001993342164175368,0.1710803508758545,/home/2/kj405942/Byczuk_Freericks/filling_variantB_freericks/pbs_variantB_T002_typ_21x21_mu20/chunks/T_0p02__Didx_11_11__typ/dmft_solutions/T_0p02/U_0p9__Delta_1p1225__w1_0p5__typ,ok,
0.02,0.9,1.1225,typ,0.45,0.55,0.5421262319614514,0.5453356491021373,-0.004664350897862768,0.4381611171859969,0.4323390266002696,0.9867124435341993,76,True,0.001970434158505614,0.4227471351623535,/home/2/kj405942/Byczuk_Freericks/filling_variantB_freericks/pbs_variantB_T002_typ_21x21_mu20/chunks/T_0p02__Didx_11_11__typ/dmft_solutions/T_0p02/U_0p9__Delta_1p1225__w1_0p45__typ,ok,
0.02,0.9,1.1225,typ,0.4,0.6,0.6244368481770952,0.6037068186269028,0.003706818626902808,0.4296472809044161,0.4216708794819944,0.981435000808963,75,True,0.001938839270933037,0.4199860095977783,/home/2/kj405942/Byczuk_Freericks/filling_variantB_freericks/pbs_variantB_T002_typ_21x21_mu20/chunks/T_0p02__Didx_11_11__typ/dmft_solutions/T_0p02/U_0p9__Delta_1p1225__w1_0p4__typ,ok,
0.02,0.7000000000000001,1.1225,typ,0.5,0.5,0.359864392178413,0.4981107501585398,-0.001889249841460161,0.4792350594273918,0.4778841477008264,0.9971811083100233,21,True,0.001989073156478665,0.07264041900634766,/home/2/kj405942/Byczuk_Freericks/filling_variantB_freericks/pbs_variantB_T002_typ_21x21_mu20/chunks/T_0p02__Didx_11_11__typ/dmft_solutions/T_0p02/U_0p7__Delta_1p1225__w1_0p5__typ,ok,
0.02,0.7000000000000001,1.1225,typ,0.45,0.55,0.4360999507333023,0.5475305847123229,-0.00246941528767719,0.4775018415021524,0.4746518645844682,0.9940314849703648,10,True,0.001891377200066437,0.04679322242736816,/home/2/kj405942/Byczuk_Freericks/filling_variantB_freericks/pbs_variantB_T002_typ_21x21_mu20/chunks/T_0p02__Didx_11_11__typ/dmft_solutions/T_0p02/U_0p7__Delta_1p1225__w1_0p45__typ,ok,
0.02,0.7000000000000001,1.1225,typ,0.4,0.6,0.5242041715262773,0.6029641891945038,0.002964189194503808,0.4717264060874035,0.4642039019448133,0.9840532477183471,52,True,0.001979568253835357,0.2278037071228027,/home/2/kj405942/Byczuk_Freericks/filling_variantB_freericks/pbs_variantB_T002_typ_21x21_mu20/chunks/T_0p02__Didx_11_11__typ/dmft_solutions/T_0p02/U_0p7__Delta_1p1225__w1_0p4__typ,ok,
0.02,0.8,1.1225,typ,0.5,0.5,0.421692863258696,0.4976330027677423,-0.002366997232257695,0.461743661358801,0.4598688532212719,0.9959397209005273,16,True,0.001942631764479545,0.0904242992401123,/home/2/kj405942/Byczuk_Freericks/filling_variantB_freericks/pbs_variantB_T002_typ_21x21_mu20/chunks/T_0p02__Didx_11_11__typ/dmft_solutions/T_0p02/U_0p8__Delta_1p1225__w1_0p5__typ,ok,
0.02,0.8,1.1225,typ,0.45,0.55,0.4819946344138669,0.5523934492129502,0.002393449212950149,0.4599022506410742,0.4569198338828968,0.9935151072776442,11,True,0.001881370263171121,0.06452322006225586,/home/2/kj405942/Byczuk_Freericks/filling_variantB_freericks/pbs_variantB_T002_typ_21x21_mu20/chunks/T_0p02__Didx_11_11__typ/dmft_solutions/T_0p02/U_0p8__Delta_1p1225__w1_0p45__typ,ok,
0.02,0.8,1.1225,typ,0.4,0.6,0.5407494263569144,0.6023850566317431,0.002385056631743154,0.4559075473191585,0.4498484626353166,0.9867098390463798,54,True,0.001946425906155985,0.2933759689331055,/home/2/kj405942/Byczuk_Freericks/filling_variantB_freericks/pbs_variantB_T002_typ_21x21_mu20/chunks/T_0p02__Didx_11_11__typ/dmft_solutions/T_0p02/U_0p8__Delta_1p1225__w1_0p4__typ,ok,
0.02,1,1.1225,typ,0.5,0.5,0.4956783638148469,0.4980752326975187,-0.001924767302481312,0.416217931369889,0.4051004899529091,0.9732893741978166,3,True,0.001881195839302913,0.02168512344360352,/home/2/kj405942/Byczuk_Freericks/filling_variantB_freericks/pbs_variantB_T002_typ_21x21_mu20/chunks/T_0p02__Didx_11_11__typ/dmft_solutions/T_0p02/U_1__Delta_1p1225__w1_0p5__typ,ok,
0.02,1,1.1225,typ,0.45,0.55,0.5591732242657633,0.5477536778280313,-0.00224632217196874,0.4147409991179197,0.4030771408903529,0.9718767658553803,2,True,0.001933469601234728,0.01564121246337891,/home/2/kj405942/Byczuk_Freericks/filling_variantB_freericks/pbs_variantB_T002_typ_21x21_mu20/chunks/T_0p02__Didx_11_11__typ/dmft_solutions/T_0p02/U_1__Delta_1p1225__w1_0p45__typ,ok,
0.02,1,1.1225,typ,0.4,0.6,0.6424339902055322,0.6007248191630933,0.0007248191630933043,0.4069285004332788,0.3942377223050872,0.9688132482372724,19,True,0.001931813077796256,0.1030828952789307,/home/2/kj405942/Byczuk_Freericks/filling_variantB_freericks/pbs_variantB_T002_typ_21x21_mu20/chunks/T_0p02__Didx_11_11__typ/dmft_solutions/T_0p02/U_1__Delta_1p1225__w1_0p4__typ,ok,
0.02,1.2,1.1225,typ,0.5,0.5,0.6116499899911283,0.5032789337557211,0.003278933755721081,0.3421069557126901,0.3123348171813791,0.9129741794659257,29,True,0.001938522701306175,0.1290500164031982,/home/2/kj405942/Byczuk_Freericks/filling_variantB_freericks/pbs_variantB_T002_typ_21x21_mu20/chunks/T_0p02__Didx_11_11__typ/dmft_solutions/T_0p02/U_1p2__Delta_1p1225__w1_0p5__typ,ok,
0.02,1.2,1.1225,typ,0.45,0.55,0.672442005188961,0.5531150545727871,0.003115054572787046,0.3391472995944677,0.3097205346322699,0.9132330848649406,15,True,0.001951700358812761,0.07206988334655762,/home/2/kj405942/Byczuk_Freericks/filling_variantB_freericks/pbs_variantB_T002_typ_21x21_mu20/chunks/T_0p02__Didx_11_11__typ/dmft_solutions/T_0p02/U_1p2__Delta_1p1225__w1_0p45__typ,ok,
0.02,1.2,1.1225,typ,0.4,0.6,0.7532267781680257,0.5972395691835061,-0.002760430816493908,0.3290543788454318,0.3010983710064726,0.9150413742037116,64,True,0.001875817424904513,0.3556652069091797,/home/2/kj405942/Byczuk_Freericks/filling_variantB_freericks/pbs_variantB_T002_typ_21x21_mu20/chunks/T_0p02__Didx_11_11__typ/dmft_solutions/T_0p02/U_1p2__Delta_1p1225__w1_0p4__typ,ok,
0.02,1.1,1.1225,typ,0.5,0.5,0.5746367283928643,0.4951150663749222,-0.004884933625077803,0.3846000000546468,0.364955152236608,0.9489213525344579,118,True,0.001987092415391304,0.639012336730957,/home/2/kj405942/Byczuk_Freericks/filling_variantB_freericks/pbs_variantB_T002_typ_21x21_mu20/chunks/T_0p02__Didx_11_11__typ/dmft_solutions/T_0p02/U_1p1__Delta_1p1225__w1_0p5__typ,ok,
0.02,1.1,1.1225,typ,0.45,0.55,0.6273599908257455,0.5477084591955086,-0.002291540804491454,0.3815636864213399,0.362029298318713,0.9488043836512886,93,True,0.001939829253895905,0.511577844619751,/home/2/kj405942/Byczuk_Freericks/filling_variantB_freericks/pbs_variantB_T002_typ_21x21_mu20/chunks/T_0p02__Didx_11_11__typ/dmft_solutions/T_0p02/U_1p1__Delta_1p1225__w1_0p45__typ,ok,
0.02,1.1,1.1225,typ,0.4,0.6,0.6637941492212311,0.5998039667726289,-0.0001960332273710508,0.3776489063633562,0.3568089015435283,0.9448164565852692,68,True,0.001985125493546493,0.3851361274719238,/home/2/kj405942/Byczuk_Freericks/filling_variantB_freericks/pbs_variantB_T002_typ_21x21_mu20/chunks/T_0p02__Didx_11_11__typ/dmft_solutions/T_0p02/U_1p1__Delta_1p1225__w1_0p4__typ,ok,
0.02,1.3,1.1225,typ,0.5,0.5,0.6233880856064263,0.499044096107397,-0.0009559038926029717,0.2810718812552438,0.2414156784413926,0.8589108144267229,26,True,0.001980989895588189,0.1252145767211914,/home/2/kj405942/Byczuk_Freericks/filling_variantB_freericks/pbs_variantB_T002_typ_21x21_mu20/chunks/T_0p02__Didx_11_11__typ/dmft_solutions/T_0p02/U_1p3__Delta_1p1225__w1_0p5__typ,ok,
0.02,1.3,1.1225,typ,0.45,0.55,0.7287527830327312,0.5523125062166654,0.002312506216665344,0.2774825136000387,0.238454422811906,0.8593493684276357,76,True,0.001986035453704184,0.3357393741607666,/home/2/kj405942/Byczuk_Freericks/filling_variantB_freericks/pbs_variantB_T002_typ_21x21_mu20/chunks/T_0p02__Didx_11_11__typ/dmft_solutions/T_0p02/U_1p3__Delta_1p1225__w1_0p45__typ,ok,
0.02,1.3,1.1225,typ,0.4,0.6,0.7673338050631424,0.5985750878145299,-0.001424912185470029,0.269820011827766,0.2316705272632664,0.8586113598243724,1,True,0.001988957829989321,0.009212732315063477,/home/2/kj405942/Byczuk_Freericks/filling_variantB_freericks/pbs_variantB_T002_typ_21x21_mu20/chunks/T_0p02__Didx_11_11__typ/dmft_solutions/T_0p02/U_1p3__Delta_1p1225__w1_0p4__typ,ok,
0.02,1.4,1.1225,typ,0.5,0.5,0.8007107156625631,0.5042971432420094,0.00429714324200936,0.2630175461546922,0.1881895794530911,0.7155019967466679,97,True,0.001976105714728293,0.4869575500488281,/home/2/kj405942/Byczuk_Freericks/filling_variantB_freericks/pbs_variantB_T002_typ_21x21_mu20/chunks/T_0p02__Didx_11_11__typ/dmft_solutions/T_0p02/U_1p4__Delta_1p1225__w1_0p5__typ,ok,
0.02,1.4,1.1225,typ,0.45,0.55,0.788323224813881,0.5496709759310101,-0.000329024068989936,0.2010445414120062,0.1489863014858103,0.7410611620660145,37,True,0.001965167208033471,0.1951258182525635,/home/2/kj405942/Byczuk_Freericks/filling_variantB_freericks/pbs_variantB_T002_typ_21x21_mu20/chunks/T_0p02__Didx_11_11__typ/dmft_solutions/T_0p02/U_1p4__Delta_1p1225__w1_0p45__typ,ok,
0.02,1.4,1.1225,typ,0.4,0.6,0.8721573428113071,0.5959296043806261,-0.004070395619373834,0.2363889260005346,0.1685317496237243,0.7129426596884795,6,True,0.001959903222858779,0.03770303726196289,/home/2/kj405942/Byczuk_Freericks/filling_variantB_freericks/pbs_variantB_T002_typ_21x21_mu20/chunks/T_0p02__Didx_11_11__typ/dmft_solutions/T_0p02/U_1p4__Delta_1p1225__w1_0p4__typ,ok,
0.02,1.5,1.1225,typ,0.5,0.5,0.8992465892138604,0.5012323397217509,0.001232339721750852,0.2795279193792479,0.1656214271371628,0.5925040600772936,227,True,0.001980723887486261,1.149904727935791,/home/2/kj405942/Byczuk_Freericks/filling_variantB_freericks/pbs_variantB_T002_typ_21x21_mu20/chunks/T_0p02__Didx_11_11__typ/dmft_solutions/T_0p02/U_1p5__Delta_1p1225__w1_0p5__typ,ok,
0.02,1.5,1.1225,typ,0.45,0.55,0.8272285402079986,0.5484168021941307,-0.001583197805869352,0.02651533740781799,0.01678129295038431,0.632890039914649,166,True,0.001985806534117317,0.8238248825073242,/home/2/kj405942/Byczuk_Freericks/filling_variantB_freericks/pbs_variantB_T002_typ_21x21_mu20/chunks/T_0p02__Didx_11_11__typ/dmft_solutions/T_0p02/U_1p5__Delta_1p1225__w1_0p45__typ,ok,
0.02,1.5,1.1225,typ,0.4,0.6,0.9799437556921541,0.6008236243447026,0.0008236243447026226,0.2531392069657297,0.1476216928072227,0.5831640802572632,139,True,0.001979428971334899,0.6422226428985596,/home/2/kj405942/Byczuk_Freericks/filling_variantB_freericks/pbs_variantB_T002_typ_21x21_mu20/chunks/T_0p02__Didx_11_11__typ/dmft_solutions/T_0p02/U_1p5__Delta_1p1225__w1_0p4__typ,ok,
0.02,1.6,1.1225,typ,0.5,0.5,1,0.5018754249547931,0.001875424954793092,0.2945717484640204,0.1522054821983828,0.5167008818463578,163,True,0.00199985747512428,0.8847017288208008,/home/2/kj405942/Byczuk_Freericks/filling_variantB_freericks/pbs_variantB_T002_typ_21x21_mu20/chunks/T_0p02__Didx_11_11__typ/dmft_solutions/T_0p02/U_1p6__Delta_1p1225__w1_0p5__typ,ok,
0.02,1.6,1.1225,typ,0.45,0.55,1.001639130768989,0.5455583317985556,-0.004441668201444426,0.2599883398205479,0.1145069618616281,0.4404311437223083,163,True,0.001986007631757344,0.8310306072235107,/home/2/kj405942/Byczuk_Freericks/filling_variantB_freericks/pbs_variantB_T002_typ_21x21_mu20/chunks/T_0p02__Didx_11_11__typ/dmft_solutions/T_0p02/U_1p6__Delta_1p1225__w1_0p45__typ,ok,
0.02,1.6,1.1225,typ,0.4,0.6,1.01264809306666,0.5977106456436685,-0.002289354356331486,0.2240580563238445,0.0778268521086581,0.3473512775464333,169,True,0.001983820511161735,0.8300304412841797,/home/2/kj405942/Byczuk_Freericks/filling_variantB_freericks/pbs_variantB_T002_typ_21x21_mu20/chunks/T_0p02__Didx_11_11__typ/dmft_solutions/T_0p02/U_1p6__Delta_1p1225__w1_0p4__typ,ok,
0.02,1.7,1.1225,typ,0.5,0.5,1.049565292792519,0.5044062936464568,0.004406293646456838,0.2777513110008838,0.0974767982617136,0.3509499123890847,105,True,0.001990140122789858,0.442821741104126,/home/2/kj405942/Byczuk_Freericks/filling_variantB_freericks/pbs_variantB_T002_typ_21x21_mu20/chunks/T_0p02__Didx_11_11__typ/dmft_solutions/T_0p02/U_1p7__Delta_1p1225__w1_0p5__typ,ok,
0.02,1.7,1.1225,typ,0.45,0.55,1.120124516734228,0.5501217863311483,0.0001217863311482326,0.2834850221801312,0.1173899392899715,0.4140957373592033,128,True,0.001977009841311463,0.5317635536193848,/home/2/kj405942/Byczuk_Freericks/filling_variantB_freericks/pbs_variantB_T002_typ_21x21_mu20/chunks/T_0p02__Didx_11_11__typ/dmft_solutions/T_0p02/U_1p7__Delta_1p1225__w1_0p45__typ,ok,
0.02,1.7,1.1225,typ,0.4,0.6,1.189520032837774,0.5975229082524508,-0.002477091747549176,0.2747306547994147,0.1240547267192928,0.4515503623353103,11,True,0.0019867056883878,0.03583621978759766,/home/2/kj405942/Byczuk_Freericks/filling_variantB_freericks/pbs_variantB_T002_typ_21x21_mu20/chunks/T_0p02__Didx_11_11__typ/dmft_solutions/T_0p02/U_1p7__Delta_1p1225__w1_0p4__typ,ok,
0.02,1.8,1.1225,typ,0.5,0.5,0.9649698711368022,0.5034678788313116,0.00346787883131161,0.001365919976785272,0.001200461044867378,0.8788663064235238,139,True,0.001980873604663899,0.708749532699585,/home/2/kj405942/Byczuk_Freericks/filling_variantB_freericks/pbs_variantB_T002_typ_21x21_mu20/chunks/T_0p02__Didx_11_11__typ/dmft_solutions/T_0p02/U_1p8__Delta_1p1225__w1_0p5__typ,ok,
0.02,1.8,1.1225,typ,0.45,0.55,1.210025484154777,0.547265165220888,-0.002734834779112072,0.2892025411951313,0.09855986274456817,0.3407987438051855,3,True,0.00198082518205301,0.0146186351776123,/home/2/kj405942/Byczuk_Freericks/filling_variantB_freericks/pbs_variantB_T002_typ_21x21_mu20/chunks/T_0p02__Didx_11_11__typ/dmft_solutions/T_0p02/U_1p8__Delta_1p1225__w1_0p45__typ,ok,
0.02,1.8,1.1225,typ,0.4,0.6,1.247869236269585,0.5955563747206393,-0.004443625279360708,0.2751849897453862,0.08570323871028425,0.311438639111751,49,True,0.001952589653907364,0.1378993988037109,/home/2/kj405942/Byczuk_Freericks/filling_variantB_freericks/pbs_variantB_T002_typ_21x21_mu20/chunks/T_0p02__Didx_11_11__typ/dmft_solutions/T_0p02/U_1p8__Delta_1p1225__w1_0p4__typ,ok,
0.02,1.9,1.1225,typ,0.5,0.5,1.253969294166137,0.4993297639657379,-0.0006702360342621394,0.3032753617291171,0.08582599341947857,0.2829969204558648,107,True,0.00197486043737705,0.2898294925689697,/home/2/kj405942/Byczuk_Freericks/filling_variantB_freericks/pbs_variantB_T002_typ_21x21_mu20/chunks/T_0p02__Didx_11_11__typ/dmft_solutions/T_0p02/U_1p9__Delta_1p1225__w1_0p5__typ,ok,
0.02,1.9,1.1225,typ,0.45,0.55,1.313081973093165,0.5472623144877719,-0.002737685512228194,0.3032342658422255,0.09236908459027324,0.304612951091528,4,True,0.001995077732237131,0.01383638381958008,/home/2/kj405942/Byczuk_Freericks/filling_variantB_freericks/pbs_variantB_T002_typ_21x21_mu20/chunks/T_0p02__Didx_11_11__typ/dmft_solutions/T_0p02/U_1p9__Delta_1p1225__w1_0p45__typ,ok,
0.02,1.9,1.1225,typ,0.4,0.6,1.344365348623513,0.5972803090693718,-0.002719690930628182,0.2821669710051581,0.07501167884413888,0.2658414575487917,67,True,0.001935185321023623,0.1494529247283936,/home/2/kj405942/Byczuk_Freericks/filling_variantB_freericks/pbs_variantB_T002_typ_21x21_mu20/chunks/T_0p02__Didx_11_11__typ/dmft_solutions/T_0p02/U_1p9__Delta_1p1225__w1_0p4__typ,ok,
0.02,2,1.1225,typ,0.5,0.5,1.35886464133006,0.5030623119767886,0.003062311976788634,0.31365551051041,0.08689911252450176,0.2770527206204389,162,True,0.00197271507476931,0.3998818397521973,/home/2/kj405942/Byczuk_Freericks/filling_variantB_freericks/pbs_variantB_T002_typ_21x21_mu20/chunks/T_0p02__Didx_11_11__typ/dmft_solutions/T_0p02/U_2__Delta_1p1225__w1_0p5__typ,ok,
0.02,2,1.1225,typ,0.45,0.55,1.41443339470294,0.5456706399498464,-0.004329360050153608,0.3106624017281265,0.08780379479478506,0.2826341208538837,22,True,0.001964508753410244,0.04755663871765137,/home/2/kj405942/Byczuk_Freericks/filling_variantB_freericks/pbs_variantB_T002_typ_21x21_mu20/chunks/T_0p02__Didx_11_11__typ/dmft_solutions/T_0p02/U_2__Delta_1p1225__w1_0p45__typ,ok,
0.02,2,1.1225,typ,0.4,0.6,1.4492438797096,0.5990821692498367,-0.0009178307501632732,0.2877562771101381,0.07196482375100585,0.250089500996225,89,True,0.001981084441655893,0.1663744449615479,/home/2/kj405942/Byczuk_Freericks/filling_variantB_freericks/pbs_variantB_T002_typ_21x21_mu20/chunks/T_0p02__Didx_11_11__typ/dmft_solutions/T_0p02/U_2__Delta_1p1225__w1_0p4__typ,ok,
0.02,0,0.1475,typ,0.5,0.5,0.03396006702112256,0.498583278343814,-0.001416721656186004,0.6333864737328934,0.6333641996186352,0.9999648332966019,72,True,0.001967696581729176,0.09666013717651367,/home/2/kj405942/Byczuk_Freericks/filling_variantB_freericks/pbs_variantB_T002_typ_21x21_mu20/chunks/T_0p02__Didx_1_1__typ/dmft_solutions/T_0p02/U_0__Delta_0p1475__w1_0p5__typ,ok,
0.02,0,0.1475,typ,0.45,0.55,0.1149604147539995,0.5502443922870173,0.0002443922870172255,0.6297176026849121,0.629588832860269,0.999795511791168,49,True,0.001906980625533376,0.07181286811828613,/home/2/kj405942/Byczuk_Freericks/filling_variantB_freericks/pbs_variantB_T002_typ_21x21_mu20/chunks/T_0p02__Didx_1_1__typ/dmft_solutions/T_0p02/U_0__Delta_0p1475__w1_0p45__typ,ok,
0.02,0,0.1475,typ,0.4,0.6,0.1942515901222954,0.599424884875788,-0.0005751151242119334,0.6219525225308655,0.6216045361200498,0.9994404936097057,34,True,0.001868002257617538,0.05164504051208496,/home/2/kj405942/Byczuk_Freericks/filling_variantB_freericks/pbs_variantB_T002_typ_21x21_mu20/chunks/T_0p02__Didx_1_1__typ/dmft_solutions/T_0p02/U_0__Delta_0p1475__w1_0p4__typ,ok,
0.02,0.1,0.1475,typ,0.5,0.5,0.08521458406851803,0.4987933523661806,-0.001206647633819391,0.6302556668837361,0.6302342200020616,0.9999659711402826,81,True,0.00196162185365831,0.1157479286193848,/home/2/kj405942/Byczuk_Freericks/filling_variantB_freericks/pbs_variantB_T002_typ_21x21_mu20/chunks/T_0p02__Didx_1_1__typ/dmft_solutions/T_0p02/U_0p1__Delta_0p1475__w1_0p5__typ,ok,
0.02,0.1,0.1475,typ,0.45,0.55,0.1696216537102267,0.5548697518410851,0.004869751841085068,0.6259509753257219,0.625809879038173,0.9997745889165275,71,True,0.001862151695184916,0.1695990562438965,/home/2/kj405942/Byczuk_Freericks/filling_variantB_freericks/pbs_variantB_T002_typ_21x21_mu20/chunks/T_0p02__Didx_1_1__typ/dmft_solutions/T_0p02/U_0p1__Delta_0p1475__w1_0p45__typ,ok,
0.02,0.1,0.1475,typ,0.4,0.6,0.2440126200265076,0.6045953898909591,0.00459538989095909,0.6178291545414354,0.6174673295556433,0.9994143607773566,94,True,0.001941587528989403,0.1691901683807373,/home/2/kj405942/Byczuk_Freericks/filling_variantB_freericks/pbs_variantB_T002_typ_21x21_mu20/chunks/T_0p02__Didx_1_1__typ/dmft_solutions/T_0p02/U_0p1__Delta_0p1475__w1_0p4__typ,ok,
0.02,0.3,0.1475,typ,0.5,0.5,0.1852684768237563,0.502525294972485,0.002525294972484993,0.604905128389324,0.6048952073874924,0.9999835990779942,66,True,0.001907484317056585,0.09032249450683594,/home/2/kj405942/Byczuk_Freericks/filling_variantB_freericks/pbs_variantB_T002_typ_21x21_mu20/chunks/T_0p02__Didx_1_1__typ/dmft_solutions/T_0p02/U_0p3__Delta_0p1475__w1_0p5__typ,ok,
0.02,0.3,0.1475,typ,0.45,0.55,0.2517351216294901,0.5495538972822861,-0.0004461027177139476,0.6015459225034564,0.6014705924430328,0.9998747725525092,57,True,0.001976854074478663,0.08180356025695801,/home/2/kj405942/Byczuk_Freericks/filling_variantB_freericks/pbs_variantB_T002_typ_21x21_mu20/chunks/T_0p02__Didx_1_1__typ/dmft_solutions/T_0p02/U_0p3__Delta_0p1475__w1_0p45__typ,ok,
0.02,0.3,0.1475,typ,0.4,0.6,0.3325308984740291,0.6035742277263315,0.003574227726331536,0.592621569287541,0.5923719763117358,0.9995788324476524,98,True,0.001997804784042409,0.1524879932403564,/home/2/kj405942/Byczuk_Freericks/filling_variantB_freericks/pbs_variantB_T002_typ_21x21_mu20/chunks/T_0p02__Didx_1_1__typ/dmft_solutions/T_0p02/U_0p3__Delta_0p1475__w1_0p4__typ,ok,
0.02,0.2,0.1475,typ,0.5,0.5,0.133829464933497,0.4990192672207892,-0.0009807327792108467,0.6208891812900843,0.6208731020069497,0.9999741028131602,144,True,0.001967287205958121,0.210176944732666,/home/2/kj405942/Byczuk_Freericks/filling_variantB_freericks/pbs_variantB_T002_typ_21x21_mu20/chunks/T_0p02__Didx_1_1__typ/dmft_solutions/T_0p02/U_0p2__Delta_0p1475__w1_0p5__typ,ok,
0.02,0.2,0.1475,typ,0.45,0.55,0.2102353826108029,0.5510760596908918,0.001076059690891751,0.6170345533727557,0.6169242278094713,0.9998212003482118,31,True,0.001936475720724646,0.05442261695861816,/home/2/kj405942/Byczuk_Freericks/filling_variantB_freericks/pbs_variantB_T002_typ_21x21_mu20/chunks/T_0p02__Didx_1_1__typ/dmft_solutions/T_0p02/U_0p2__Delta_0p1475__w1_0p45__typ,ok,
0.02,0.2,0.1475,typ,0.4,0.6,0.2771290385507344,0.5992912717361875,-0.0007087282638125192,0.6098953221932435,0.6096094761829608,0.9995313195561908,37,True,0.001871769285273547,0.1111977100372314,/home/2/kj405942/Byczuk_Freericks/filling_variantB_freericks/pbs_variantB_T002_typ_21x21_mu20/chunks/T_0p02__Didx_1_1__typ/dmft_solutions/T_0p02/U_0p2__Delta_0p1475__w1_0p4__typ,ok,
0.02,0.4,0.1475,typ,0.5,0.5,0.2330208943328808,0.5008623307425215,0.000862330742521511,0.5818734175678575,0.5818702530670649,0.9999945615305716,29,True,0.001829488125488894,0.09676289558410645,/home/2/kj405942/Byczuk_Freericks/filling_variantB_freericks/pbs_variantB_T002_typ_21x21_mu20/chunks/T_0p02__Didx_1_1__typ/dmft_solutions/T_0p02/U_0p4__Delta_0p1475__w1_0p5__typ,ok,
0.02,0.4,0.1475,typ,0.45,0.55,0.2972787622010834,0.5502393384756208,0.0002393384756207428,0.5786527354265351,0.5786067140018086,0.999920467973434,41,True,0.001958908704478402,0.1463875770568848,/home/2/kj405942/Byczuk_Freericks/filling_variantB_freericks/pbs_variantB_T002_typ_21x21_mu20/chunks/T_0p02__Didx_1_1__typ/dmft_solutions/T_0p02/U_0p4__Delta_0p1475__w1_0p45__typ,ok,
0.02,0.4,0.1475,typ,0.4,0.6,0.363308261667916,0.5990241328419282,-0.0009758671580717415,0.5713644056647288,0.5712121141505018,0.9997334599202941,83,True,0.001998751279558405,0.3464648723602295,/home/2/kj405942/Byczuk_Freericks/filling_variantB_freericks/pbs_variantB_T002_typ_21x21_mu20/chunks/T_0p02__Didx_1_1__typ/dmft_solutions/T_0p02/U_0p4__Delta_0p1475__w1_0p4__typ,ok,
0.02,0.6000000000000001,0.1475,typ,0.5,0.5,0.3382364658327268,0.5011656564598136,0.001165656459813591,0.5106302897592907,0.5106255006070346,0.9999906210964133,101,True,0.001839485142553869,0.3480279445648193,/home/2/kj405942/Byczuk_Freericks/filling_variantB_freericks/pbs_variantB_T002_typ_21x21_mu20/chunks/T_0p02__Didx_1_1__typ/dmft_solutions/T_0p02/U_0p6__Delta_0p1475__w1_0p5__typ,ok,
0.02,0.6000000000000001,0.1475,typ,0.45,0.55,0.3963010517774128,0.5482990354840505,-0.001700964515949588,0.5070772103270242,0.5070726872624662,0.9999910801265254,83,True,0.00199536325575018,0.2827324867248535,/home/2/kj405942/Byczuk_Freericks/filling_variantB_freericks/pbs_variantB_T002_typ_21x21_mu20/chunks/T_0p02__Didx_1_1__typ/dmft_solutions/T_0p02/U_0p6__Delta_0p1475__w1_0p45__typ,ok,
0.02,0.6000000000000001,0.1475,typ,0.4,0.6,0.464020325811122,0.6008174171435723,0.0008174171435723077,0.4991571846937353,0.4991328246178394,0.9999511975853642,74,True,0.001995422056526549,0.3154487609863281,/home/2/kj405942/Byczuk_Freericks/filling_variantB_freericks/pbs_variantB_T002_typ_21x21_mu20/chunks/T_0p02__Didx_1_1__typ/dmft_solutions/T_0p02/U_0p6__Delta_0p1475__w1_0p4__typ,ok,
0.02,0.5,0.1475,typ,0.5,0.5,0.2870431408891438,0.4996260115610781,-0.0003739884389219461,0.5508304450638773,0.5508304148657887,0.9999999451771612,204,True,0.001977801468027952,0.8801608085632324,/home/2/kj405942/Byczuk_Freericks/filling_variantB_freericks/pbs_variantB_T002_typ_21x21_mu20/chunks/T_0p02__Didx_1_1__typ/dmft_solutions/T_0p02/U_0p5__Delta_0p1475__w1_0p5__typ,ok,
0.02,0.5,0.1475,typ,0.45,0.55,0.3534222283537649,0.5529273234100495,0.002927323410049421,0.5470791847186216,0.5470571982901336,0.999959811250177,68,True,0.001936891304175289,0.2867910861968994,/home/2/kj405942/Byczuk_Freericks/filling_variantB_freericks/pbs_variantB_T002_typ_21x21_mu20/chunks/T_0p02__Didx_1_1__typ/dmft_solutions/T_0p02/U_0p5__Delta_0p1475__w1_0p45__typ,ok,
0.02,0.5,0.1475,typ,0.4,0.6,0.4063901800249682,0.5986944818606563,-0.001305518139343653,0.5405263975099236,0.5404419737074856,0.9998438118788889,50,True,0.00198506898761748,0.2703702449798584,/home/2/kj405942/Byczuk_Freericks/filling_variantB_freericks/pbs_variantB_T002_typ_21x21_mu20/chunks/T_0p02__Didx_1_1__typ/dmft_solutions/T_0p02/U_0p5__Delta_0p1475__w1_0p4__typ,ok,
0.02,0.7000000000000001,0.1475,typ,0.5,0.5,0.394737679688196,0.5000721591732231,7.21591732231186e-05,0.4598081196193679,0.4597712407543705,0.9999197950983816,83,True,0.001966315264634273,0.3394298553466797,/home/2/kj405942/Byczuk_Freericks/filling_variantB_freericks/pbs_variantB_T002_typ_21x21_mu20/chunks/T_0p02__Didx_1_1__typ/dmft_solutions/T_0p02/U_0p7__Delta_0p1475__w1_0p5__typ,ok,
0.02,0.7000000000000001,0.1475,typ,0.45,0.55,0.4612103324754299,0.5540366591783971,0.004036659178397017,0.4565415819897359,0.4565177390832595,0.9999477749510297,31,True,0.001911284795659123,0.1598536968231201,/home/2/kj405942/Byczuk_Freericks/filling_variantB_freericks/pbs_variantB_T002_typ_21x21_mu20/chunks/T_0p02__Didx_1_1__typ/dmft_solutions/T_0p02/U_0p7__Delta_0p1475__w1_0p45__typ,ok,
0.02,0.7000000000000001,0.1475,typ,0.4,0.6,0.5059134156130647,0.5972591920168654,-0.002740807983134586,0.448124440679299,0.4481175476316749,0.9999846180056289,131,True,0.001958316335347454,0.694159984588623,/home/2/kj405942/Byczuk_Freericks/filling_variantB_freericks/pbs_variantB_T002_typ_21x21_mu20/chunks/T_0p02__Didx_1_1__typ/dmft_solutions/T_0p02/U_0p7__Delta_0p1475__w1_0p4__typ,ok,
0.02,0.8,0.1475,typ,0.5,0.5,0.4575550711310902,0.5012939063098696,0.001293906309869586,0.3999438136114678,0.3997515123330368,0.9995191792649709,52,True,0.001928961465647123,0.1861035823822021,/home/2/kj405942/Byczuk_Freericks/filling_variantB_freericks/pbs_variantB_T002_typ_21x21_mu20/chunks/T_0p02__Didx_1_1__typ/dmft_solutions/T_0p02/U_0p8__Delta_0p1475__w1_0p5__typ,ok,
0.02,0.8,0.1475,typ,0.45,0.55,0.5119551390965816,0.547134952627446,-0.002865047372553997,0.3964814675976307,0.3963116882051335,0.9995717847960814,198,True,0.001982421490657246,0.6382498741149902,/home/2/kj405942/Byczuk_Freericks/filling_variantB_freericks/pbs_variantB_T002_typ_21x21_mu20/chunks/T_0p02__Didx_1_1__typ/dmft_solutions/T_0p02/U_0p8__Delta_0p1475__w1_0p45__typ,ok,
0.02,0.8,0.1475,typ,0.4,0.6,0.573968615727422,0.6001565123836602,0.0001565123836602123,0.3905476708772275,0.3903752477134395,0.9995585093020765,87,True,0.001975552622384684,0.2808089256286621,/home/2/kj405942/Byczuk_Freericks/filling_variantB_freericks/pbs_variantB_T002_typ_21x21_mu20/chunks/T_0p02__Didx_1_1__typ/dmft_solutions/T_0p02/U_0p8__Delta_0p1475__w1_0p4__typ,ok,
0.02,0.9,0.1475,typ,0.5,0.5,0.524552163937133,0.4961508894623883,-0.003849110537611722,0.3481343824005289,0.3474115627831154,0.9979237338971538,35,True,0.00196125469894602,0.2034986019134521,/home/2/kj405942/Byczuk_Freericks/filling_variantB_freericks/pbs_variantB_T002_typ_21x21_mu20/chunks/T_0p02__Didx_1_1__typ/dmft_solutions/T_0p02/U_0p9__Delta_0p1475__w1_0p5__typ,ok,
0.02,0.9,0.1475,typ,0.45,0.55,0.5806582790403172,0.5475515549249339,-0.002448445075066141,0.3468194367461745,0.3460963789798129,0.9979151751898762,33,True,0.001806855689602819,0.1798968315124512,/home/2/kj405942/Byczuk_Freericks/filling_variantB_freericks/pbs_variantB_T002_typ_21x21_mu20/chunks/T_0p02__Didx_1_1__typ/dmft_solutions/T_0p02/U_0p9__Delta_0p1475__w1_0p45__typ,ok,
0.02,0.9,0.1475,typ,0.4,0.6,0.6413879066425914,0.5992409042357678,-0.000759095764232165,0.3444049429031358,0.3436492672413137,0.9978058512881604,40,True,0.001992979682561969,0.1762597560882568,/home/2/kj405942/Byczuk_Freericks/filling_variantB_freericks/pbs_variantB_T002_typ_21x21_mu20/chunks/T_0p02__Didx_1_1__typ/dmft_solutions/T_0p02/U_0p9__Delta_0p1475__w1_0p4__typ,ok,
0.02,1,0.1475,typ,0.5,0.5,0.6291508840426761,0.4974484185875695,-0.002551581412430504,0.3477435811589853,0.3461168361417158,0.9953219984338811,87,True,0.001997969384460378,0.4906985759735107,/home/2/kj405942/Byczuk_Freericks/filling_variantB_freericks/pbs_variantB_T002_typ_21x21_mu20/chunks/T_0p02__Didx_1_1__typ/dmft_solutions/T_0p02/U_1__Delta_0p1475__w1_0p5__typ,ok,
0.02,1,0.1475,typ,0.45,0.55,0.6864635572130234,0.5487071761237926,-0.001292823876207438,0.3471526405765658,0.3455609060301997,0.9954148856718403,91,True,0.001984323664000751,0.4986917972564697,/home/2/kj405942/Byczuk_Freericks/filling_variantB_freericks/pbs_variantB_T002_typ_21x21_mu20/chunks/T_0p02__Didx_1_1__typ/dmft_solutions/T_0p02/U_1__Delta_0p1475__w1_0p45__typ,ok,
0.02,1,0.1475,typ,0.4,0.6,0.7629039633167467,0.6047938042491338,0.004793804249133782,0.3542939970616158,0.3527803687344014,0.9957277618594503,113,True,0.001979400705774333,0.6275990009307861,/home/2/kj405942/Byczuk_Freericks/filling_variantB_freericks/pbs_variantB_T002_typ_21x21_mu20/chunks/T_0p02__Didx_1_1__typ/dmft_solutions/T_0p02/U_1__Delta_0p1475__w1_0p4__typ,ok,
0.02,1.3,0.1475,typ,0.5,0.5,0.8916895674446784,0.5006976341112849,0.0006976341112848727,0.3250232711838568,0.32194177128485,0.9905191407132701,179,True,0.001992294991024432,0.8057770729064941,/home/2/kj405942/Byczuk_Freericks/filling_variantB_freericks/pbs_variantB_T002_typ_21x21_mu20/chunks/T_0p02__Didx_1_1__typ/dmft_solutions/T_0p02/U_1p3__Delta_0p1475__w1_0p5__typ,ok,
0.02,1.3,0.1475,typ,0.45,0.55,0.9469963297345432,0.5505810975439277,0.0005810975439276556,0.3237254804705564,0.320677308770224,0.9905840847130671,225,True,0.001974784959368419,0.9649982452392578,/home/2/kj405942/Byczuk_Freericks/filling_variantB_freericks/pbs_variantB_T002_typ_21x21_mu20/chunks/T_0p02__Didx_1_1__typ/dmft_solutions/T_0p02/U_1p3__Delta_0p1475__w1_0p45__typ,ok,
0.02,1.3,0.1475,typ,0.4,0.6,0.9898407985941602,0.5980383587715004,-0.001961641228499622,0.310681229857777,0.3075801258697968,0.9900183735290355,234,True,0.001964472351863028,0.9273581504821777,/home/2/kj405942/Byczuk_Freericks/filling_variantB_freericks/pbs_variantB_T002_typ_21x21_mu20/chunks/T_0p02__Didx_1_1__typ/dmft_solutions/T_0p02/U_1p3__Delta_0p1475__w1_0p4__typ,ok,
0.02,1.4,0.1475,typ,0.5,0.5,0.9602309472509405,0.4966781236718478,-0.003321876328152173,0.3013122421053932,0.2978570014136659,0.9885326906481328,240,True,0.001979346050350656,1.338496923446655,/home/2/kj405942/Byczuk_Freericks/filling_variantB_freericks/pbs_variantB_T002_typ_21x21_mu20/chunks/T_0p02__Didx_1_1__typ/dmft_solutions/T_0p02/U_1p4__Delta_0p1475__w1_0p5__typ,ok,
0.02,1.4,0.1475,typ,0.45,0.55,1.008781838029889,0.5488081525027171,-0.001191847497282961,0.2960987783240339,0.2925841962129741,0.9881303728068287,190,True,0.001950745312614355,0.9359958171844482,/home/2/kj405942/Byczuk_Freericks/filling_variantB_freericks/pbs_variantB_T002_typ_21x21_mu20/chunks/T_0p02__Didx_1_1__typ/dmft_solutions/T_0p02/U_1p4__Delta_0p1475__w1_0p45__typ,ok,
0.02,1.4,0.1475,typ,0.4,0.6,1.060863005565392,0.6008143699448926,0.0008143699448925901,0.2914795077631369,0.2879121258935297,0.9877611229105472,186,True,0.001959967552355159,0.8600540161132812,/home/2/kj405942/Byczuk_Freericks/filling_variantB_freericks/pbs_variantB_T002_typ_21x21_mu20/chunks/T_0p02__Didx_1_1__typ/dmft_solutions/T_0p02/U_1p4__Delta_0p1475__w1_0p4__typ,ok,
0.02,1.1,0.1475,typ,0.5,0.5,0.6919801647658554,0.4864981935113838,-0.01350180648861621,0.3205527172339482,0.3183110673579551,0.9930069228695475,234,True,0.001990488345848217,1.243544816970825,/home/2/kj405942/Byczuk_Freericks/filling_variantB_freericks/pbs_variantB_T002_typ_21x21_mu20/chunks/T_0p02__Didx_1_1__typ/dmft_solutions/T_0p02/U_1p1__Delta_0p1475__w1_0p5__typ,ok,
0.02,1.1,0.1475,typ,0.45,0.55,0.7863660083888375,0.5504800862003866,0.0004800862003865314,0.3481199949949029,0.3459784464960868,0.9938482462093352,241,True,0.001995634280737579,0.6097285747528076,/home/2/kj405942/Byczuk_Freericks/filling_variantB_freericks/pbs_variantB_T002_typ_21x21_mu20/chunks/T_0p02__Didx_1_1__typ/dmft_solutions/T_0p02/U_1p1__Delta_0p1475__w1_0p45__typ,ok,
0.02,1.1,0.1475,typ,0.4,0.6,0.8432580331802223,0.6008997456435157,0.0008997456435156925,0.342784588245462,0.3407230510669823,0.9939859105421522,234,True,0.001999018260896787,0.5008029937744141,/home/2/kj405942/Byczuk_Freericks/filling_variantB_freericks/pbs_variantB_T002_typ_21x21_mu20/chunks/T_0p02__Didx_1_1__typ/dmft_solutions/T_0p02/U_1p1__Delta_0p1475__w1_0p4__typ,ok,
0.02,1.2,0.1475,typ,0.5,0.5,0.7013861011037315,0.4634110885913085,-0.03658891140869153,0.2153162179033745,0.2129958931139298,0.9892236413399847,236,True,0.001995701195929783,1.025138139724731,/home/2/kj405942/Byczuk_Freericks/filling_variantB_freericks/pbs_variantB_T002_typ_21x21_mu20/chunks/T_0p02__Didx_1_1__typ/dmft_solutions/T_0p02/U_1p2__Delta_0p1475__w1_0p5__typ,ok,
0.02,1.2,0.1475,typ,0.45,0.55,0.8745639239211146,0.5540422773036441,0.004042277303644037,0.3409787975375232,0.3383965363801747,0.9924269157613405,225,True,0.001961606631400586,0.8476085662841797,/home/2/kj405942/Byczuk_Freericks/filling_variantB_freericks/pbs_variantB_T002_typ_21x21_mu20/chunks/T_0p02__Didx_1_1__typ/dmft_solutions/T_0p02/U_1p2__Delta_0p1475__w1_0p45__typ,ok,
0.02,1.2,0.1475,typ,0.4,0.6,0.9216475610365107,0.598913336649371,-0.001086663350629014,0.3303560169300418,0.3277936866488727,0.9922437305517227,237,True,0.001988442939510587,0.4234046936035156,/home/2/kj405942/Byczuk_Freericks/filling_variantB_freericks/pbs_variantB_T002_typ_21x21_mu20/chunks/T_0p02__Didx_1_1__typ/dmft_solutions/T_0p02/U_1p2__Delta_0p1475__w1_0p4__typ,ok,
0.02,1.5,0.1475,typ,0.5,0.5,1.035457727206722,0.5009879319456412,0.0009879319456411739,0.2734540049083053,0.2697312240661148,0.9863860803814563,231,True,0.00198647645999241,0.6649267673492432,/home/2/kj405942/Byczuk_Freericks/filling_variantB_freericks/pbs_variantB_T002_typ_21x21_mu20/chunks/T_0p02__Didx_1_1__typ/dmft_solutions/T_0p02/U_1p5__Delta_0p1475__w1_0p5__typ,ok,
0.02,1.5,0.1475,typ,0.45,0.55,1.068700526809371,0.5466975956973841,-0.003302404302615969,0.2633288117238993,0.2594841900612124,0.9853999202080553,189,True,0.001987341743075559,0.3130652904510498,/home/2/kj405942/Byczuk_Freericks/filling_variantB_freericks/pbs_variantB_T002_typ_21x21_mu20/chunks/T_0p02__Didx_1_1__typ/dmft_solutions/T_0p02/U_1p5__Delta_0p1475__w1_0p45__typ,ok,
0.02,1.5,0.1475,typ,0.4,0.6,1.134230809831929,0.601906378093568,0.001906378093567973,0.272423731299495,0.2684770187929577,0.9855125965432193,179,True,0.001993184682756004,0.3176660537719727,/home/2/kj405942/Byczuk_Freericks/filling_variantB_freericks/pbs_variantB_T002_typ_21x21_mu20/chunks/T_0p02__Didx_1_1__typ/dmft_solutions/T_0p02/U_1p5__Delta_0p1475__w1_0p4__typ,ok,
0.02,1.6,0.1475,typ,0.5,0.5,1.107289271417182,0.4995397234776925,-0.0004602765223074567,0.2460383969337454,0.242186911486064,0.9843459984470693,192,True,0.001978493011706115,0.3380708694458008,/home/2/kj405942/Byczuk_Freericks/filling_variantB_freericks/pbs_variantB_T002_typ_21x21_mu20/chunks/T_0p02__Didx_1_1__typ/dmft_solutions/T_0p02/U_1p6__Delta_0p1475__w1_0p5__typ,ok,
0.02,1.6,0.1475,typ,0.45,0.55,1.18261336068453,0.5539384744378587,0.003938474437858663,0.2794103814867689,0.2753860679173117,0.9855971222398987,162,True,0.001998944224830689,0.2618691921234131,/home/2/kj405942/Byczuk_Freericks/filling_variantB_freericks/pbs_variantB_T002_typ_21x21_mu20/chunks/T_0p02__Didx_1_1__typ/dmft_solutions/T_0p02/U_1p6__Delta_0p1475__w1_0p45__typ,ok,
0.02,1.6,0.1475,typ,0.4,0.6,1.227622101056762,0.5999237024381292,-7.629756187077508e-05,0.2717503427586399,0.2675903891435381,0.9846920023251029,179,True,0.001979666728929205,0.2829594612121582,/home/2/kj405942/Byczuk_Freericks/filling_variantB_freericks/pbs_variantB_T002_typ_21x21_mu20/chunks/T_0p02__Didx_1_1__typ/dmft_solutions/T_0p02/U_1p6__Delta_0p1475__w1_0p4__typ,ok,
0.02,1.7,0.1475,typ,0.5,0.5,1.206490585391377,0.5006784111692443,0.0006784111692442751,0.2503558371405424,0.2463241350331332,0.9838961130147489,185,True,0.00197928358276425,0.2873992919921875,/home/2/kj405942/Byczuk_Freericks/filling_variantB_freericks/pbs_variantB_T002_typ_21x21_mu20/chunks/T_0p02__Didx_1_1__typ/dmft_solutions/T_0p02/U_1p7__Delta_0p1475__w1_0p5__typ,ok,
0.02,1.7,0.1475,typ,0.45,0.55,1.27664587089128,0.5530411807392247,0.003041180739224658,0.2782851071937748,0.2740988047730033,0.9849567859991284,157,True,0.001997725190728529,0.2444391250610352,/home/2/kj405942/Byczuk_Freericks/filling_variantB_freericks/pbs_variantB_T002_typ_21x21_mu20/chunks/T_0p02__Didx_1_1__typ/dmft_solutions/T_0p02/U_1p7__Delta_0p1475__w1_0p45__typ,ok,
0.02,1.7,0.1475,typ,0.4,0.6,1.328719002591852,0.601530815563085,0.001530815563084986,0.2763542895970052,0.2720634600345698,0.9844734468616625,167,True,0.00199259202581046,0.2598211765289307,/home/2/kj405942/Byczuk_Freericks/filling_variantB_freericks/pbs_variantB_T002_typ_21x21_mu20/chunks/T_0p02__Didx_1_1__typ/dmft_solutions/T_0p02/U_1p7__Delta_0p1475__w1_0p4__typ,ok,
0.02,1.8,0.1475,typ,0.5,0.5,1.305611208809827,0.5013420154080265,0.001342015408026476,0.2539267397769876,0.2497539064611285,0.9835667826101185,184,True,0.001983705172583842,0.2935805320739746,/home/2/kj405942/Byczuk_Freericks/filling_variantB_freericks/pbs_variantB_T002_typ_21x21_mu20/chunks/T_0p02__Didx_1_1__typ/dmft_solutions/T_0p02/U_1p8__Delta_0p1475__w1_0p5__typ,ok,
0.02,1.8,0.1475,typ,0.45,0.55,1.373848662091219,0.5548724819949123,0.004872481994912303,0.2788670288883289,0.2745568930939812,0.9845441183508515,160,True,0.001993565882900038,0.2534201145172119,/home/2/kj405942/Byczuk_Freericks/filling_variantB_freericks/pbs_variantB_T002_typ_21x21_mu20/chunks/T_0p02__Didx_1_1__typ/dmft_solutions/T_0p02/U_1p8__Delta_0p1475__w1_0p45__typ,ok,
0.02,1.8,0.1475,typ,0.4,0.6,1.415986282791776,0.5998702077862322,-0.0001297922137677432,0.2695611392461415,0.2650853441497764,0.9833959928019216,176,True,0.001994787838904273,0.2542853355407715,/home/2/kj405942/Byczuk_Freericks/filling_variantB_freericks/pbs_variantB_T002_typ_21x21_mu20/chunks/T_0p02__Didx_1_1__typ/dmft_solutions/T_0p02/U_1p8__Delta_0p1475__w1_0p4__typ,ok,
0.02,1.9,0.1475,typ,0.5,0.5,1.398564649092368,0.4983420303642379,-0.001657969635762147,0.2508087674716879,0.2465401367090665,0.982980536104651,190,True,0.001975532356450657,0.2575254440307617,/home/2/kj405942/Byczuk_Freericks/filling_variantB_freericks/pbs_variantB_T002_typ_21x21_mu20/chunks/T_0p02__Didx_1_1__typ/dmft_solutions/T_0p02/U_1p9__Delta_0p1475__w1_0p5__typ,ok,
0.02,1.9,0.1475,typ,0.45,0.55,1.458412032947876,0.5525347551957414,0.002534755195741312,0.268809667521386,0.2643524795725768,0.9834187959461891,154,True,0.001983774470468828,0.2015533447265625,/home/2/kj405942/Byczuk_Freericks/filling_variantB_freericks/pbs_variantB_T002_typ_21x21_mu20/chunks/T_0p02__Didx_1_1__typ/dmft_solutions/T_0p02/U_1p9__Delta_0p1475__w1_0p45__typ,ok,
0.02,1.9,0.1475,typ,0.4,0.6,1.5023573190975,0.6021541218469215,0.002154121846921542,0.260726477504578,0.2560810699041882,0.982182831429891,161,True,0.001967541242912779,0.21742844581604,/home/2/kj405942/Byczuk_Freericks/filling_variantB_freericks/pbs_variantB_T002_typ_21x21_mu20/chunks/T_0p02__Didx_1_1__typ/dmft_solutions/T_0p02/U_1p9__Delta_0p1475__w1_0p4__typ,ok,
0.02,2,0.1475,typ,0.5,0.5,1.498515682144842,0.4984015020318854,-0.001598497968114621,0.2543924416519568,0.2500268392430156,0.982839103313793,185,True,0.00198427032436552,0.2409636974334717,/home/2/kj405942/Byczuk_Freericks/filling_variantB_freericks/pbs_variantB_T002_typ_21x21_mu20/chunks/T_0p02__Didx_1_1__typ/dmft_solutions/T_0p02/U_2__Delta_0p1475__w1_0p5__typ,ok,
0.02,2,0.1475,typ,0.45,0.55,1.549330321828494,0.551302297604395,0.001302297604394931,0.2639307648080461,0.2593708683297087,0.9827231339186484,157,True,0.001991255168934448,0.206730842590332,/home/2/kj405942/Byczuk_Freericks/filling_variantB_freericks/pbs_variantB_T002_typ_21x21_mu20/chunks/T_0p02__Didx_1_1__typ/dmft_solutions/T_0p02/U_2__Delta_0p1475__w1_0p45__typ,ok,
0.02,2,0.1475,typ,0.4,0.6,1.592825532846508,0.6020359219279401,0.00203592192794011,0.2556180010514194,0.2508504237151929,0.9813488200493854,149,True,0.001950591254951543,0.175309419631958,/home/2/kj405942/Byczuk_Freericks/filling_variantB_freericks/pbs_variantB_T002_typ_21x21_mu20/chunks/T_0p02__Didx_1_1__typ/dmft_solutions/T_0p02/U_2__Delta_0p1475__w1_0p4__typ,ok,
0.02,0.3,1.22,typ,0.5,0.5,0.180362973692754,0.4957112507248716,-0.004288749275128401,0.5149499828631264,0.4895259159558876,0.9506280847590658,52,True,0.001944822185946706,0.1245577335357666,/home/2/kj405942/Byczuk_Freericks/filling_variantB_freericks/pbs_variantB_T002_typ_21x21_mu20/chunks/T_0p02__Didx_12_12__typ/dmft_solutions/T_0p02/U_0p3__Delta_1p22__w1_0p5__typ,ok,
0.02,0.3,1.22,typ,0.45,0.55,0.2774171252306912,0.5486957873860667,-0.00130421261393332,0.5139258541312387,0.4844811391384697,0.9427062975017212,13,True,0.001870510978052255,0.0539095401763916,/home/2/kj405942/Byczuk_Freericks/filling_variantB_freericks/pbs_variantB_T002_typ_21x21_mu20/chunks/T_0p02__Didx_12_12__typ/dmft_solutions/T_0p02/U_0p3__Delta_1p22__w1_0p45__typ,ok,
0.02,0.3,1.22,typ,0.4,0.6,0.3543466838936499,0.5962230307509552,-0.003776969249044804,0.5121477656490796,0.4752146008685562,0.9278857250627355,20,True,0.00198088023937297,0.09093689918518066,/home/2/kj405942/Byczuk_Freericks/filling_variantB_freericks/pbs_variantB_T002_typ_21x21_mu20/chunks/T_0p02__Didx_12_12__typ/dmft_solutions/T_0p02/U_0p3__Delta_1p22__w1_0p4__typ,ok,
0.02,0.1,1.22,typ,0.5,0.5,0.08174515073414122,0.5002261945547198,0.0002261945547198385,0.5249562484248886,0.4879385485405416,0.9294842189317354,27,True,0.001955403592708012,0.123023509979248,/home/2/kj405942/Byczuk_Freericks/filling_variantB_freericks/pbs_variantB_T002_typ_21x21_mu20/chunks/T_0p02__Didx_12_12__typ/dmft_solutions/T_0p02/U_0p1__Delta_1p22__w1_0p5__typ,ok,
0.02,0.1,1.22,typ,0.45,0.55,0.1739147543540195,0.5495403041831948,-0.0004596958168052723,0.5243733113373251,0.4837766585558021,0.922580627381687,57,True,0.001956254281155773,0.2616426944732666,/home/2/kj405942/Byczuk_Freericks/filling_variantB_freericks/pbs_variantB_T002_typ_21x21_mu20/chunks/T_0p02__Didx_12_12__typ/dmft_solutions/T_0p02/U_0p1__Delta_1p22__w1_0p45__typ,ok,
0.02,0.1,1.22,typ,0.4,0.6,0.2591906762732186,0.5965560959479841,-0.003443904052015889,0.5231548511699545,0.4752118348015472,0.9083578862717411,25,True,0.001954264758117085,0.1150078773498535,/home/2/kj405942/Byczuk_Freericks/filling_variantB_freericks/pbs_variantB_T002_typ_21x21_mu20/chunks/T_0p02__Didx_12_12__typ/dmft_solutions/T_0p02/U_0p1__Delta_1p22__w1_0p4__typ,ok,
0.02,0.2,1.22,typ,0.5,0.5,0.1354642275399462,0.4987304737183386,-0.001269526281661437,0.5210635239665117,0.4888021912970472,0.9380856053329538,83,True,0.001876894568800256,0.3385922908782959,/home/2/kj405942/Byczuk_Freericks/filling_variantB_freericks/pbs_variantB_T002_typ_21x21_mu20/chunks/T_0p02__Didx_12_12__typ/dmft_solutions/T_0p02/U_0p2__Delta_1p22__w1_0p5__typ,ok,
0.02,0.2,1.22,typ,0.45,0.55,0.230711897050456,0.5525852419960781,0.002585241996078014,0.5202574592272341,0.4839378740266566,0.930189208138361,29,True,0.001943662501528584,0.1343612670898438,/home/2/kj405942/Byczuk_Freericks/filling_variantB_freericks/pbs_variantB_T002_typ_21x21_mu20/chunks/T_0p02__Didx_12_12__typ/dmft_solutions/T_0p02/U_0p2__Delta_1p22__w1_0p45__typ,ok,
0.02,0.2,1.22,typ,0.4,0.6,0.3007348925359491,0.6016441093207888,0.001644109320788845,0.5190237121770908,0.4760724224608276,0.917245997227949,105,True,0.001962510407328905,0.4754734039306641,/home/2/kj405942/Byczuk_Freericks/filling_variantB_freericks/pbs_variantB_T002_typ_21x21_mu20/chunks/T_0p02__Didx_12_12__typ/dmft_solutions/T_0p02/U_0p2__Delta_1p22__w1_0p4__typ,ok,
0.02,0,1.22,typ,0.5,0.5,0.03625269643289468,0.4990097495150051,-0.0009902504849949034,0.5262814879638439,0.4874486189994678,0.9262127400402806,31,True,0.001976462986882639,0.1427652835845947,/home/2/kj405942/Byczuk_Freericks/filling_variantB_freericks/pbs_variantB_T002_typ_21x21_mu20/chunks/T_0p02__Didx_12_12__typ/dmft_solutions/T_0p02/U_0__Delta_1p22__w1_0p5__typ,ok,
0.02,0,1.22,typ,0.45,0.55,0.1360217192950175,0.5498923105912779,-0.0001076894087221891,0.5256690333949294,0.4828795798875809,0.9186000110544817,22,True,0.001979819855330488,0.1019351482391357,/home/2/kj405942/Byczuk_Freericks/filling_variantB_freericks/pbs_variantB_T002_typ_21x21_mu20/chunks/T_0p02__Didx_12_12__typ/dmft_solutions/T_0p02/U_0__Delta_1p22__w1_0p45__typ,ok,
0.02,0,1.22,typ,0.4,0.6,0.2417297591991704,0.6018658271580711,0.001865827158071154,0.5241780159512925,0.4718217848213832,0.9001174609833801,19,True,0.00199125896420936,0.08934640884399414,/home/2/kj405942/Byczuk_Freericks/filling_variantB_freericks/pbs_variantB_T002_typ_21x21_mu20/chunks/T_0p02__Didx_12_12__typ/dmft_solutions/T_0p02/U_0__Delta_1p22__w1_0p4__typ,ok,
0.02,0.4,1.22,typ,0.5,0.5,0.2198392223928928,0.5010999898508014,0.001099989850801397,0.5069436723367069,0.4890112964233393,0.9646264922674544,45,True,0.001950315254718701,0.1903655529022217,/home/2/kj405942/Byczuk_Freericks/filling_variantB_freericks/pbs_variantB_T002_typ_21x21_mu20/chunks/T_0p02__Didx_12_12__typ/dmft_solutions/T_0p02/U_0p4__Delta_1p22__w1_0p5__typ,ok,
0.02,0.4,1.22,typ,0.45,0.55,0.2907360784024464,0.5455421421319961,-0.0044578578680039,0.5062712470842542,0.4860726103609017,0.9601031327777715,18,True,0.001918206940981348,0.1154017448425293,/home/2/kj405942/Byczuk_Freericks/filling_variantB_freericks/pbs_variantB_T002_typ_21x21_mu20/chunks/T_0p02__Didx_12_12__typ/dmft_solutions/T_0p02/U_0p4__Delta_1p22__w1_0p45__typ,ok,
0.02,0.4,1.22,typ,0.4,0.6,0.383145050193027,0.5974699808055045,-0.00253001919449547,0.5039627741061932,0.4763281044721487,0.9451652561381023,28,True,0.001954794531202743,0.1347455978393555,/home/2/kj405942/Byczuk_Freericks/filling_variantB_freericks/pbs_variantB_T002_typ_21x21_mu20/chunks/T_0p02__Didx_12_12__typ/dmft_solutions/T_0p02/U_0p4__Delta_1p22__w1_0p4__typ,ok,
0.02,0.5,1.22,typ,0.5,0.5,0.2888676269786989,0.4987828791383753,-0.001217120861624676,0.4971459993731536,0.485884926704911,0.9773485602168345,98,True,0.001982261646231672,0.4928627014160156,/home/2/kj405942/Byczuk_Freericks/filling_variantB_freericks/pbs_variantB_T002_typ_21x21_mu20/chunks/T_0p02__Didx_12_12__typ/dmft_solutions/T_0p02/U_0p5__Delta_1p22__w1_0p5__typ,ok,
0.02,0.5,1.22,typ,0.45,0.55,0.3701016436562348,0.5530340604773482,0.003034060477348111,0.4956080911409823,0.4810900284591198,0.9707065664556864,32,True,0.001932965536585631,0.1450436115264893,/home/2/kj405942/Byczuk_Freericks/filling_variantB_freericks/pbs_variantB_T002_typ_21x21_mu20/chunks/T_0p02__Didx_12_12__typ/dmft_solutions/T_0p02/U_0p5__Delta_1p22__w1_0p45__typ,ok,
0.02,0.5,1.22,typ,0.4,0.6,0.4155541700686469,0.5987228374611386,-0.001277162538861343,0.4939122657820099,0.4745624092084975,0.9608232920822977,1,True,0.001138603380725553,0.009113550186157227,/home/2/kj405942/Byczuk_Freericks/filling_variantB_freericks/pbs_variantB_T002_typ_21x21_mu20/chunks/T_0p02__Didx_12_12__typ/dmft_solutions/T_0p02/U_0p5__Delta_1p22__w1_0p4__typ,ok,
0.02,0.6000000000000001,1.22,typ,0.5,0.5,0.2499999999999999,0.4951393040896094,-0.004860695910390622,0.4856628962645549,0.4795391924386073,0.9873910404252668,90,True,0.001905000692135011,0.5129961967468262,/home/2/kj405942/Byczuk_Freericks/filling_variantB_freericks/pbs_variantB_T002_typ_21x21_mu20/chunks/T_0p02__Didx_12_12__typ/dmft_solutions/T_0p02/U_0p6__Delta_1p22__w1_0p5__typ,ok,
0.02,0.6000000000000001,1.22,typ,0.45,0.55,0.3368989613232942,0.5519399820650024,0.001939982065002344,0.4859918697787275,0.4793901885302538,0.9864160664838292,67,True,0.001916467696274222,0.3092777729034424,/home/2/kj405942/Byczuk_Freericks/filling_variantB_freericks/pbs_variantB_T002_typ_21x21_mu20/chunks/T_0p02__Didx_12_12__typ/dmft_solutions/T_0p02/U_0p6__Delta_1p22__w1_0p45__typ,ok,
0.02,0.6000000000000001,1.22,typ,0.4,0.6,0.4809901753706597,0.598201858933159,-0.001798141066840953,0.4809208308974103,0.4664385462944763,0.9698863437129356,80,True,0.001908423280113705,0.3454132080078125,/home/2/kj405942/Byczuk_Freericks/filling_variantB_freericks/pbs_variantB_T002_typ_21x21_mu20/chunks/T_0p02__Didx_12_12__typ/dmft_solutions/T_0p02/U_0p6__Delta_1p22__w1_0p4__typ,ok,
0.02,0.7000000000000001,1.22,typ,0.5,0.5,0.380132233801757,0.5045374947513658,0.004537494751365778,0.4730433155097998,0.4703551430967989,0.9943172806276654,94,True,0.001977721558962177,0.5116970539093018,/home/2/kj405942/Byczuk_Freericks/filling_variantB_freericks/pbs_variantB_T002_typ_21x21_mu20/chunks/T_0p02__Didx_12_12__typ/dmft_solutions/T_0p02/U_0p7__Delta_1p22__w1_0p5__typ,ok,
0.02,0.7000000000000001,1.22,typ,0.45,0.55,0.4259763597497485,0.54782289390841,-0.002177106091590053,0.4721147176605264,0.467943403653156,0.9911646177267244,18,True,0.001956827718883971,0.1083002090454102,/home/2/kj405942/Byczuk_Freericks/filling_variantB_freericks/pbs_variantB_T002_typ_21x21_mu20/chunks/T_0p02__Didx_12_12__typ/dmft_solutions/T_0p02/U_0p7__Delta_1p22__w1_0p45__typ,ok,
0.02,0.7000000000000001,1.22,typ,0.4,0.6,0.5156073857814555,0.6036362745465415,0.003636274546541474,0.4677117695147653,0.4580377056766149,0.9793161847344853,31,True,0.001954829703965962,0.1836271286010742,/home/2/kj405942/Byczuk_Freericks/filling_variantB_freericks/pbs_variantB_T002_typ_21x21_mu20/chunks/T_0p02__Didx_12_12__typ/dmft_solutions/T_0p02/U_0p7__Delta_1p22__w1_0p4__typ,ok,
0.02,0.8,1.22,typ,0.5,0.5,0.4247883005534657,0.4973023871715482,-0.002697612828451823,0.4583211369537,0.4561232095157842,0.9952043943412153,3,True,0.001894911670481876,0.02417945861816406,/home/2/kj405942/Byczuk_Freericks/filling_variantB_freericks/pbs_variantB_T002_typ_21x21_mu20/chunks/T_0p02__Didx_12_12__typ/dmft_solutions/T_0p02/U_0p8__Delta_1p22__w1_0p5__typ,ok,
0.02,0.8,1.22,typ,0.45,0.55,0.5110024951338383,0.5534046585708298,0.003404658570829722,0.4554058670959406,0.4513067247925351,0.9909989251356267,89,True,0.00195152996503669,0.5049340724945068,/home/2/kj405942/Byczuk_Freericks/filling_variantB_freericks/pbs_variantB_T002_typ_21x21_mu20/chunks/T_0p02__Didx_12_12__typ/dmft_solutions/T_0p02/U_0p8__Delta_1p22__w1_0p45__typ,ok,
0.02,0.8,1.22,typ,0.4,0.6,0.5471661551225555,0.6046942379368607,0.004694237936860746,0.4531118080080959,0.4455331153575088,0.9832741223763215,32,True,0.001973599310925357,0.191364049911499,/home/2/kj405942/Byczuk_Freericks/filling_variantB_freericks/pbs_variantB_T002_typ_21x21_mu20/chunks/T_0p02__Didx_12_12__typ/dmft_solutions/T_0p02/U_0p8__Delta_1p22__w1_0p4__typ,ok,
0.02,0.9,1.22,typ,0.5,0.5,0.4377411771806375,0.4965864855605152,-0.003413514439484844,0.441308728212324,0.4366036882246519,0.9893384388594998,1,True,0.001668419863412425,0.0123143196105957,/home/2/kj405942/Byczuk_Freericks/filling_variantB_freericks/pbs_variantB_T002_typ_21x21_mu20/chunks/T_0p02__Didx_12_12__typ/dmft_solutions/T_0p02/U_0p9__Delta_1p22__w1_0p5__typ,ok,
0.02,0.9,1.22,typ,0.45,0.55,0.4568466401778151,0.5498434142223454,-0.0001565857776546498,0.4420241257025931,0.4364980716125892,0.98749829756188,1,True,0.001519962703552134,0.01224088668823242,/home/2/kj405942/Byczuk_Freericks/filling_variantB_freericks/pbs_variantB_T002_typ_21x21_mu20/chunks/T_0p02__Didx_12_12__typ/dmft_solutions/T_0p02/U_0p9__Delta_1p22__w1_0p45__typ,ok,
0.02,0.9,1.22,typ,0.4,0.6,0.6058335580033717,0.596466776141683,-0.003533223858317003,0.4336308849000727,0.4245566071796909,0.9790737282874284,23,True,0.00192885864399095,0.1382019519805908,/home/2/kj405942/Byczuk_Freericks/filling_variantB_freericks/pbs_variantB_T002_typ_21x21_mu20/chunks/T_0p02__Didx_12_12__typ/dmft_solutions/T_0p02/U_0p9__Delta_1p22__w1_0p4__typ,ok,
0.02,1,1.22,typ,0.5,0.5,0.5283058112855925,0.4987459235932478,-0.00125407640675218,0.4209459440284361,0.4105924007684782,0.9754041025769843,112,True,0.00193979366289012,0.5925395488739014,/home/2/kj405942/Byczuk_Freericks/filling_variantB_freericks/pbs_variantB_T002_typ_21x21_mu20/chunks/T_0p02__Didx_12_12__typ/dmft_solutions/T_0p02/U_1__Delta_1p22__w1_0p5__typ,ok,
0.02,1,1.22,typ,0.45,0.55,0.5587044994890351,0.5511397174905469,0.001139717490546865,0.4199692207877765,0.408807316066573,0.9734220886467203,23,True,0.001971563873994742,0.1263058185577393,/home/2/kj405942/Byczuk_Freericks/filling_variantB_freericks/pbs_variantB_T002_typ_21x21_mu20/chunks/T_0p02__Didx_12_12__typ/dmft_solutions/T_0p02/U_1__Delta_1p22__w1_0p45__typ,ok,
0.02,1,1.22,typ,0.4,0.6,0.63942727752822,0.595661289914885,-0.004338710085114994,0.4134628610058925,0.4001822395769983,0.9678795299858748,28,True,0.001933417482697913,0.1513307094573975,/home/2/kj405942/Byczuk_Freericks/filling_variantB_freericks/pbs_variantB_T002_typ_21x21_mu20/chunks/T_0p02__Didx_12_12__typ/dmft_solutions/T_0p02/U_1__Delta_1p22__w1_0p4__typ,ok,
0.02,1.2,1.22,typ,0.5,0.5,0.4999999999999999,0.497797037114698,-0.002202962885302029,0.3628497744329085,0.3327332058359057,0.9169998971500768,110,True,0.001984693465951359,0.6356558799743652,/home/2/kj405942/Byczuk_Freericks/filling_variantB_freericks/pbs_variantB_T002_typ_21x21_mu20/chunks/T_0p02__Didx_12_12__typ/dmft_solutions/T_0p02/U_1p2__Delta_1p22__w1_0p5__typ,ok,
0.02,1.2,1.22,typ,0.45,0.55,0.6499169375985078,0.5480817875084388,-0.001918212491561211,0.3626653084618284,0.331751266999138,0.9147587576164755,1,True,0.001193842013691506,0.01244282722473145,/home/2/kj405942/Byczuk_Freericks/filling_variantB_freericks/pbs_variantB_T002_typ_21x21_mu20/chunks/T_0p02__Didx_12_12__typ/dmft_solutions/T_0p02/U_1p2__Delta_1p22__w1_0p45__typ,ok,
0.02,1.2,1.22,typ,0.4,0.6,0.6665008951610929,0.6031634429088728,0.003163442908872827,0.363186008121847,0.3293572342399503,0.9068555144598321,10,True,0.001938824466195635,0.06187915802001953,/home/2/kj405942/Byczuk_Freericks/filling_variantB_freericks/pbs_variantB_T002_typ_21x21_mu20/chunks/T_0p02__Didx_12_12__typ/dmft_solutions/T_0p02/U_1p2__Delta_1p22__w1_0p4__typ,ok,
0.02,1.1,1.22,typ,0.5,0.5,0.5772891633681747,0.495527620288741,-0.004472379711259022,0.3960358194304629,0.376967487078962,0.9518520007131605,1,True,0.001792550745436788,0.01207137107849121,/home/2/kj405942/Byczuk_Freericks/filling_variantB_freericks/pbs_variantB_T002_typ_21x21_mu20/chunks/T_0p02__Didx_12_12__typ/dmft_solutions/T_0p02/U_1p1__Delta_1p22__w1_0p5__typ,ok,
0.02,1.1,1.22,typ,0.45,0.55,0.6394906052230241,0.5511483580658931,0.001148358065893085,0.3924687556763921,0.3733731768972082,0.9513449707702873,86,True,0.00195655286754656,0.4952049255371094,/home/2/kj405942/Byczuk_Freericks/filling_variantB_freericks/pbs_variantB_T002_typ_21x21_mu20/chunks/T_0p02__Didx_12_12__typ/dmft_solutions/T_0p02/U_1p1__Delta_1p22__w1_0p45__typ,ok,
0.02,1.1,1.22,typ,0.4,0.6,0.6952737852747339,0.6048257386759569,0.004825738675956925,0.3857942754429954,0.3656375857501628,0.9477527506863926,95,True,0.001972188918911844,0.5576684474945068,/home/2/kj405942/Byczuk_Freericks/filling_variantB_freericks/pbs_variantB_T002_typ_21x21_mu20/chunks/T_0p02__Didx_12_12__typ/dmft_solutions/T_0p02/U_1p1__Delta_1p22__w1_0p4__typ,ok,
0.02,1.3,1.22,typ,0.5,0.5,0.695874691256102,0.4959447206522072,-0.004055279347792817,0.3194957601666366,0.276061718935686,0.864054404952676,4,True,0.001938683538880506,0.02744817733764648,/home/2/kj405942/Byczuk_Freericks/filling_variantB_freericks/pbs_variantB_T002_typ_21x21_mu20/chunks/T_0p02__Didx_12_12__typ/dmft_solutions/T_0p02/U_1p3__Delta_1p22__w1_0p5__typ,ok,
0.02,1.3,1.22,typ,0.45,0.55,0.7460147835529654,0.549106523667116,-0.0008934763328840578,0.3144593689790336,0.2724615076812738,0.8664442359147517,92,True,0.001943702199043077,0.5230646133422852,/home/2/kj405942/Byczuk_Freericks/filling_variantB_freericks/pbs_variantB_T002_typ_21x21_mu20/chunks/T_0p02__Didx_12_12__typ/dmft_solutions/T_0p02/U_1p3__Delta_1p22__w1_0p45__typ,ok,
0.02,1.3,1.22,typ,0.4,0.6,0.7600676844237018,0.5988214250610354,-0.001178574938964561,0.309476354464636,0.2670236318356556,0.8628240186478239,28,True,0.001874815354903398,0.163661003112793,/home/2/kj405942/Byczuk_Freericks/filling_variantB_freericks/pbs_variantB_T002_typ_21x21_mu20/chunks/T_0p02__Didx_12_12__typ/dmft_solutions/T_0p02/U_1p3__Delta_1p22__w1_0p4__typ,ok,
0.02,1.4,1.22,typ,0.5,0.5,0.6835097607632915,0.4977400504970299,-0.002259949502970149,0.2441726845383798,0.1930712996589506,0.7907162098166762,1,True,0.001995075034214823,0.01067280769348145,/home/2/kj405942/Byczuk_Freericks/filling_variantB_freericks/pbs_variantB_T002_typ_21x21_mu20/chunks/T_0p02__Didx_12_12__typ/dmft_solutions/T_0p02/U_1p4__Delta_1p22__w1_0p5__typ,ok,
0.02,1.4,1.22,typ,0.45,0.55,0.7662503694485346,0.5462571966352004,-0.003742803364799596,0.2410758374372848,0.1902869136098593,0.7893238726563044,57,True,0.001970275885045774,0.2893311977386475,/home/2/kj405942/Byczuk_Freericks/filling_variantB_freericks/pbs_variantB_T002_typ_21x21_mu20/chunks/T_0p02__Didx_12_12__typ/dmft_solutions/T_0p02/U_1p4__Delta_1p22__w1_0p45__typ,ok,
0.02,1.4,1.22,typ,0.4,0.6,0.7786891246201042,0.5977929185529445,-0.002207081447055503,0.2345166914335466,0.1842551675245959,0.7856803982620016,1,True,0.001099854161901158,0.01071286201477051,/home/2/kj405942/Byczuk_Freericks/filling_variantB_freericks/pbs_variantB_T002_typ_21x21_mu20/chunks/T_0p02__Didx_12_12__typ/dmft_solutions/T_0p02/U_1p4__Delta_1p22__w1_0p4__typ,ok,
0.02,1.5,1.22,typ,0.5,0.5,0.8401908935408465,0.4986269402920706,-0.001373059707929447,0.240879139706541,0.1410030425497677,0.585368424686128,88,True,0.001997824131333124,0.5146312713623047,/home/2/kj405942/Byczuk_Freericks/filling_variantB_freericks/pbs_variantB_T002_typ_21x21_mu20/chunks/T_0p02__Didx_12_12__typ/dmft_solutions/T_0p02/U_1p5__Delta_1p22__w1_0p5__typ,ok,
0.02,1.5,1.22,typ,0.45,0.55,0.8711088211486556,0.5452758373073003,-0.004724162692699707,0.2241934358033221,0.1295363918644324,0.5777885128540101,5,True,0.001993445495419057,0.03248071670532227,/home/2/kj405942/Byczuk_Freericks/filling_variantB_freericks/pbs_variantB_T002_typ_21x21_mu20/chunks/T_0p02__Didx_12_12__typ/dmft_solutions/T_0p02/U_1p5__Delta_1p22__w1_0p45__typ,ok,
0.02,1.5,1.22,typ,0.4,0.6,0.9308281680141133,0.6002338669304101,0.0002338669304101648,0.2303715699512122,0.1346543178591043,0.5845092686029845,141,True,0.001989207176544962,0.7004189491271973,/home/2/kj405942/Byczuk_Freericks/filling_variantB_freericks/pbs_variantB_T002_typ_21x21_mu20/chunks/T_0p02__Didx_12_12__typ/dmft_solutions/T_0p02/U_1p5__Delta_1p22__w1_0p4__typ,ok,
0.02,1.8,1.22,typ,0.5,0.5,1.037662482981718,0.5044892017736863,0.00448920177368628,0.003922294699829115,0.002172056777453316,0.55377194822917,133,True,0.001974753013112228,0.6716127395629883,/home/2/kj405942/Byczuk_Freericks/filling_variantB_freericks/pbs_variantB_T002_typ_21x21_mu20/chunks/T_0p02__Didx_12_12__typ/dmft_solutions/T_0p02/U_1p8__Delta_1p22__w1_0p5__typ,ok,
0.02,1.8,1.22,typ,0.45,0.55,1.186849915015393,0.5453958524147149,-0.004604147585285157,0.2876610256329438,0.08492570709463622,0.2952284095760739,57,True,0.001979484237600471,0.2672388553619385,/home/2/kj405942/Byczuk_Freericks/filling_variantB_freericks/pbs_variantB_T002_typ_21x21_mu20/chunks/T_0p02__Didx_12_12__typ/dmft_solutions/T_0p02/U_1p8__Delta_1p22__w1_0p45__typ,ok,
0.02,1.8,1.22,typ,0.4,0.6,1.233377581130597,0.600336607887577,0.0003366078875770562,0.2713583678339483,0.07913352219208043,0.291619981442785,109,True,0.00196028803824134,0.4201838970184326,/home/2/kj405942/Byczuk_Freericks/filling_variantB_freericks/pbs_variantB_T002_typ_21x21_mu20/chunks/T_0p02__Didx_12_12__typ/dmft_solutions/T_0p02/U_1p8__Delta_1p22__w1_0p4__typ,ok,
0.02,1.7,1.22,typ,0.5,0.5,0.9317726988841921,0.496514708868886,-0.00348529113111401,0.004150905081660553,0.002714396655086681,0.6539288665210328,1,True,0.001617192933040433,0.01143836975097656,/home/2/kj405942/Byczuk_Freericks/filling_variantB_freericks/pbs_variantB_T002_typ_21x21_mu20/chunks/T_0p02__Didx_12_12__typ/dmft_solutions/T_0p02/U_1p7__Delta_1p22__w1_0p5__typ,ok,
0.02,1.7,1.22,typ,0.45,0.55,0.9873062813386163,0.5454459000910322,-0.004554099908967824,0.006305480038729791,0.003265649479977126,0.5179065606295973,102,True,0.001990468703726973,0.4846024513244629,/home/2/kj405942/Byczuk_Freericks/filling_variantB_freericks/pbs_variantB_T002_typ_21x21_mu20/chunks/T_0p02__Didx_12_12__typ/dmft_solutions/T_0p02/U_1p7__Delta_1p22__w1_0p45__typ,ok,
0.02,1.7,1.22,typ,0.4,0.6,0.9973567639110218,0.5952161861072101,-0.004783813892789923,0.003509511426628267,0.002410019477670823,0.6867108223056076,129,True,0.001981978181546772,0.5615091323852539,/home/2/kj405942/Byczuk_Freericks/filling_variantB_freericks/pbs_variantB_T002_typ_21x21_mu20/chunks/T_0p02__Didx_12_12__typ/dmft_solutions/T_0p02/U_1p7__Delta_1p22__w1_0p4__typ,ok,
0.02,1.6,1.22,typ,0.5,0.5,0.797853985492093,0.495453343838264,-0.004546656161735996,0.004868683399493715,0.003871579834382534,0.795200574098766,5,True,0.001991940036835735,0.03179359436035156,/home/2/kj405942/Byczuk_Freericks/filling_variantB_freericks/pbs_variantB_T002_typ_21x21_mu20/chunks/T_0p02__Didx_12_12__typ/dmft_solutions/T_0p02/U_1p6__Delta_1p22__w1_0p5__typ,ok,
0.02,1.6,1.22,typ,0.45,0.55,0.808847275506566,0.5461288618156389,-0.003871138184361134,0.005904662818249306,0.004310036839628193,0.7299378427346155,1,True,0.001876949993398693,0.01117849349975586,/home/2/kj405942/Byczuk_Freericks/filling_variantB_freericks/pbs_variantB_T002_typ_21x21_mu20/chunks/T_0p02__Didx_12_12__typ/dmft_solutions/T_0p02/U_1p6__Delta_1p22__w1_0p45__typ,ok,
0.02,1.6,1.22,typ,0.4,0.6,0.967002147614121,0.6021928265417864,0.00219282654178643,0.1944270635558323,0.03921313587265036,0.2016855840719407,127,True,0.00198319429789531,0.54783034324646,/home/2/kj405942/Byczuk_Freericks/filling_variantB_freericks/pbs_variantB_T002_typ_21x21_mu20/chunks/T_0p02__Didx_12_12__typ/dmft_solutions/T_0p02/U_1p6__Delta_1p22__w1_0p4__typ,ok,
0.02,2,1.22,typ,0.5,0.5,1.175621783596476,0.5011872138791957,0.001187213879195737,0.001448642630822335,0.001037028741899614,0.7158623664905783,115,True,0.00199342646773101,0.1743433475494385,/home/2/kj405942/Byczuk_Freericks/filling_variantB_freericks/pbs_variantB_T002_typ_21x21_mu20/chunks/T_0p02__Didx_12_12__typ/dmft_solutions/T_0p02/U_2__Delta_1p22__w1_0p5__typ,ok,
0.02,2,1.22,typ,0.45,0.55,1.359605826147134,0.5532116722061962,0.003211672206196114,0.297300021795569,0.02368911414030155,0.0796808355318278,122,True,0.001956498508754444,0.1773073673248291,/home/2/kj405942/Byczuk_Freericks/filling_variantB_freericks/pbs_variantB_T002_typ_21x21_mu20/chunks/T_0p02__Didx_12_12__typ/dmft_solutions/T_0p02/U_2__Delta_1p22__w1_0p45__typ,ok,
0.02,2,1.22,typ,0.4,0.6,1.40318550063588,0.5988518499737687,-0.001148150026231254,0.2731530750075291,0.0195886276242854,0.0717130042330494,1,True,0.001653301345785563,0.003678083419799805,/home/2/kj405942/Byczuk_Freericks/filling_variantB_freericks/pbs_variantB_T002_typ_21x21_mu20/chunks/T_0p02__Didx_12_12__typ/dmft_solutions/T_0p02/U_2__Delta_1p22__w1_0p4__typ,ok,
0.02,1.9,1.22,typ,0.5,0.5,1.076727189409756,0.4975220021898652,-0.002477997810134802,0.001602170226116872,0.001206455429052683,0.7530132625025306,30,True,0.001981963783875866,0.119753360748291,/home/2/kj405942/Byczuk_Freericks/filling_variantB_freericks/pbs_variantB_T002_typ_21x21_mu20/chunks/T_0p02__Didx_12_12__typ/dmft_solutions/T_0p02/U_1p9__Delta_1p22__w1_0p5__typ,ok,
0.02,1.9,1.22,typ,0.45,0.55,1.123193178646375,0.5498515533582332,-0.0001484466417668306,0.001729858119530332,0.001244602477780165,0.7194824036309304,62,True,0.001968978049415465,0.1084318161010742,/home/2/kj405942/Byczuk_Freericks/filling_variantB_freericks/pbs_variantB_T002_typ_21x21_mu20/chunks/T_0p02__Didx_12_12__typ/dmft_solutions/T_0p02/U_1p9__Delta_1p22__w1_0p45__typ,ok,
0.02,1.9,1.22,typ,0.4,0.6,0.9203318982093204,0.598360747363601,-0.001639252636398969,0.001393829771417572,0.001114500104240908,0.7995955654666661,23,True,0.001996768775561898,0.0559842586517334,/home/2/kj405942/Byczuk_Freericks/filling_variantB_freericks/pbs_variantB_T002_typ_21x21_mu20/chunks/T_0p02__Didx_12_12__typ/dmft_solutions/T_0p02/U_1p9__Delta_1p22__w1_0p4__typ,ok,
0.02,0.1,1.3175,typ,0.5,0.5,0.07318068450728149,0.5037722816455373,0.003772281645537334,0.5126102302583736,0.4653537120118976,0.9078119876330656,56,True,0.001915156648578657,0.1292686462402344,/home/2/kj405942/Byczuk_Freericks/filling_variantB_freericks/pbs_variantB_T002_typ_21x21_mu20/chunks/T_0p02__Didx_13_13__typ/dmft_solutions/T_0p02/U_0p1__Delta_1p3175__w1_0p5__typ,ok,
0.02,0.1,1.3175,typ,0.45,0.55,0.1438597313276572,0.5542810911390751,0.004281091139075044,0.5124063373028663,0.4629921489019298,0.9035644471904151,68,True,0.001978319702736776,0.1843452453613281,/home/2/kj405942/Byczuk_Freericks/filling_variantB_freericks/pbs_variantB_T002_typ_21x21_mu20/chunks/T_0p02__Didx_13_13__typ/dmft_solutions/T_0p02/U_0p1__Delta_1p3175__w1_0p45__typ,ok,
0.02,0.1,1.3175,typ,0.4,0.6,0.260468177053392,0.598396525974259,-0.001603474025741014,0.5114664864470223,0.4526301081592872,0.8849653303846929,18,True,0.001986068413441323,0.0823824405670166,/home/2/kj405942/Byczuk_Freericks/filling_variantB_freericks/pbs_variantB_T002_typ_21x21_mu20/chunks/T_0p02__Didx_13_13__typ/dmft_solutions/T_0p02/U_0p1__Delta_1p3175__w1_0p4__typ,ok,
0.02,0.2,1.3175,typ,0.5,0.5,0.1377878570398536,0.496313241067033,-0.003686758932966994,0.5089021885144931,0.4672731841479906,0.9181984174836832,84,True,0.001975080554014862,0.3398966789245605,/home/2/kj405942/Byczuk_Freericks/filling_variantB_freericks/pbs_variantB_T002_typ_21x21_mu20/chunks/T_0p02__Didx_13_13__typ/dmft_solutions/T_0p02/U_0p2__Delta_1p3175__w1_0p5__typ,ok,
0.02,0.2,1.3175,typ,0.45,0.55,0.2172386058955208,0.5458908962446236,-0.004109103755376431,0.5084939949303033,0.4634610821197336,0.911438653632985,21,True,0.001995913333376634,0.09768247604370117,/home/2/kj405942/Byczuk_Freericks/filling_variantB_freericks/pbs_variantB_T002_typ_21x21_mu20/chunks/T_0p02__Didx_13_13__typ/dmft_solutions/T_0p02/U_0p2__Delta_1p3175__w1_0p45__typ,ok,
0.02,0.2,1.3175,typ,0.4,0.6,0.2959178484422146,0.5969033153880496,-0.00309668461195034,0.5076505376535601,0.4553404741935647,0.8969565486884331,78,True,0.001967917616552026,0.3415236473083496,/home/2/kj405942/Byczuk_Freericks/filling_variantB_freericks/pbs_variantB_T002_typ_21x21_mu20/chunks/T_0p02__Didx_13_13__typ/dmft_solutions/T_0p02/U_0p2__Delta_1p3175__w1_0p4__typ,ok,
0.02,0.3,1.3175,typ,0.5,0.5,0.1835338414554341,0.502164064521948,0.00216406452194795,0.5031768695883905,0.4697791480810385,0.9336262783011628,51,True,0.001942416014825786,0.1446211338043213,/home/2/kj405942/Byczuk_Freericks/filling_variantB_freericks/pbs_variantB_T002_typ_21x21_mu20/chunks/T_0p02__Didx_13_13__typ/dmft_solutions/T_0p02/U_0p3__Delta_1p3175__w1_0p5__typ,ok,
0.02,0.3,1.3175,typ,0.45,0.55,0.2608862853916489,0.5450250469061982,-0.004974953093801804,0.5026370605536138,0.4659887381309217,0.9270879023876056,3,True,0.001953246920383431,0.01421332359313965,/home/2/kj405942/Byczuk_Freericks/filling_variantB_freericks/pbs_variantB_T002_typ_21x21_mu20/chunks/T_0p02__Didx_13_13__typ/dmft_solutions/T_0p02/U_0p3__Delta_1p3175__w1_0p45__typ,ok,
0.02,0.3,1.3175,typ,0.4,0.6,0.3544544099321059,0.5957991133086138,-0.004200886691386185,0.5011877491695764,0.4556312689154455,0.9091029652468283,2,True,0.001979553204441041,0.01437139511108398,/home/2/kj405942/Byczuk_Freericks/filling_variantB_freericks/pbs_variantB_T002_typ_21x21_mu20/chunks/T_0p02__Didx_13_13__typ/dmft_solutions/T_0p02/U_0p3__Delta_1p3175__w1_0p4__typ,ok,
0.02,0.4,1.3175,typ,0.5,0.5,0.2323741951714537,0.5039982093287499,0.003998209328749947,0.4957874840520299,0.4713565918845384,0.9507230558387239,25,True,0.001973733050644374,0.08937239646911621,/home/2/kj405942/Byczuk_Freericks/filling_variantB_freericks/pbs_variantB_T002_typ_21x21_mu20/chunks/T_0p02__Didx_13_13__typ/dmft_solutions/T_0p02/U_0p4__Delta_1p3175__w1_0p5__typ,ok,
0.02,0.4,1.3175,typ,0.45,0.55,0.2944698674403739,0.5463756020339617,-0.003624397966038306,0.4951843378976838,0.4682372574800889,0.9455817190584028,2,True,0.001915851543948272,0.01355075836181641,/home/2/kj405942/Byczuk_Freericks/filling_variantB_freericks/pbs_variantB_T002_typ_21x21_mu20/chunks/T_0p02__Didx_13_13__typ/dmft_solutions/T_0p02/U_0p4__Delta_1p3175__w1_0p45__typ,ok,
0.02,0.4,1.3175,typ,0.4,0.6,0.3879530546253828,0.5981593530640452,-0.001840646935954759,0.493551598850833,0.4583975280229593,0.928773261175275,65,True,0.001929797571643993,0.2256791591644287,/home/2/kj405942/Byczuk_Freericks/filling_variantB_freericks/pbs_variantB_T002_typ_21x21_mu20/chunks/T_0p02__Didx_13_13__typ/dmft_solutions/T_0p02/U_0p4__Delta_1p3175__w1_0p4__typ,ok,
0.02,0,1.3175,typ,0.5,0.5,0.0336509509733653,0.5038002329018139,0.00380023290181386,0.5138753267925605,0.4643755652077023,0.9036735974583187,35,True,0.001951291340510187,0.1532192230224609,/home/2/kj405942/Byczuk_Freericks/filling_variantB_freericks/pbs_variantB_T002_typ_21x21_mu20/chunks/T_0p02__Didx_13_13__typ/dmft_solutions/T_0p02/U_0__Delta_1p3175__w1_0p5__typ,ok,
0.02,0,1.3175,typ,0.45,0.55,0.1250114650657638,0.545797586269357,-0.004202413730643006,0.5135671411404786,0.4605732345886565,0.8968121160669692,16,True,0.001919183341252943,0.09218811988830566,/home/2/kj405942/Byczuk_Freericks/filling_variantB_freericks/pbs_variantB_T002_typ_21x21_mu20/chunks/T_0p02__Didx_13_13__typ/dmft_solutions/T_0p02/U_0__Delta_1p3175__w1_0p45__typ,ok,
0.02,0,1.3175,typ,0.4,0.6,0.2255498126284053,0.5983084345984351,-0.001691565401564898,0.5126762794013159,0.4510338089339101,0.8797633654137664,1,True,0.001151817833399527,0.008699893951416016,/home/2/kj405942/Byczuk_Freericks/filling_variantB_freericks/pbs_variantB_T002_typ_21x21_mu20/chunks/T_0p02__Didx_13_13__typ/dmft_solutions/T_0p02/U_0__Delta_1p3175__w1_0p4__typ,ok,
0.02,0.5,1.3175,typ,0.5,0.5,0.2499999999999999,0.4985554309259482,-0.001444569074051771,0.4870994419817134,0.4712058319012428,0.9673709129786535,91,True,0.00199271933023856,0.5208935737609863,/home/2/kj405942/Byczuk_Freericks/filling_variantB_freericks/pbs_variantB_T002_typ_21x21_mu20/chunks/T_0p02__Didx_13_13__typ/dmft_solutions/T_0p02/U_0p5__Delta_1p3175__w1_0p5__typ,ok,
0.02,0.5,1.3175,typ,0.45,0.55,0.3415351182683214,0.5502274849328119,0.0002274849328118833,0.4863960359905408,0.4679893552075722,0.962157009060562,78,True,0.001983515436671726,0.3820083141326904,/home/2/kj405942/Byczuk_Freericks/filling_variantB_freericks/pbs_variantB_T002_typ_21x21_mu20/chunks/T_0p02__Didx_13_13__typ/dmft_solutions/T_0p02/U_0p5__Delta_1p3175__w1_0p45__typ,ok,
0.02,0.5,1.3175,typ,0.4,0.6,0.4203245101974452,0.5996678402166896,-0.0003321597833103596,0.4845991660173896,0.4594134353007108,0.9480277051987849,14,True,0.001965040238640717,0.06778168678283691,/home/2/kj405942/Byczuk_Freericks/filling_variantB_freericks/pbs_variantB_T002_typ_21x21_mu20/chunks/T_0p02__Didx_13_13__typ/dmft_solutions/T_0p02/U_0p5__Delta_1p3175__w1_0p4__typ,ok,
0.02,0.6000000000000001,1.3175,typ,0.5,0.5,0.3397126786829914,0.4967412654544773,-0.003258734545522723,0.4770072411376261,0.4676666908533397,0.9804184308355365,34,True,0.001986625049990895,0.1264410018920898,/home/2/kj405942/Byczuk_Freericks/filling_variantB_freericks/pbs_variantB_T002_typ_21x21_mu20/chunks/T_0p02__Didx_13_13__typ/dmft_solutions/T_0p02/U_0p6__Delta_1p3175__w1_0p5__typ,ok,
0.02,0.6000000000000001,1.3175,typ,0.45,0.55,0.4064995664663388,0.5467209885619231,-0.003279011438076962,0.4759175526790333,0.4638506947720821,0.974645066484679,3,True,0.001776524778460304,0.01494932174682617,/home/2/kj405942/Byczuk_Freericks/filling_variantB_freericks/pbs_variantB_T002_typ_21x21_mu20/chunks/T_0p02__Didx_13_13__typ/dmft_solutions/T_0p02/U_0p6__Delta_1p3175__w1_0p45__typ,ok,
0.02,0.6000000000000001,1.3175,typ,0.4,0.6,0.4729739976817141,0.5962084012086325,-0.003791598791367479,0.4735579772140934,0.4552040990037992,0.9612425952187127,3,True,0.001965923145611284,0.01860308647155762,/home/2/kj405942/Byczuk_Freericks/filling_variantB_freericks/pbs_variantB_T002_typ_21x21_mu20/chunks/T_0p02__Didx_13_13__typ/dmft_solutions/T_0p02/U_0p6__Delta_1p3175__w1_0p4__typ,ok,
0.02,0.7000000000000001,1.3175,typ,0.5,0.5,0.392063529040547,0.5041902491425675,0.004190249142567493,0.4657761972645764,0.460891653010962,0.9895131089087409,35,True,0.001989161216514705,0.1193234920501709,/home/2/kj405942/Byczuk_Freericks/filling_variantB_freericks/pbs_variantB_T002_typ_21x21_mu20/chunks/T_0p02__Didx_13_13__typ/dmft_solutions/T_0p02/U_0p7__Delta_1p3175__w1_0p5__typ,ok,
0.02,0.7000000000000001,1.3175,typ,0.45,0.55,0.4467666292571854,0.5488144405880269,-0.00118555941197318,0.4645477320767584,0.457462864129288,0.9847488913231855,16,True,0.001917171460268017,0.07241272926330566,/home/2/kj405942/Byczuk_Freericks/filling_variantB_freericks/pbs_variantB_T002_typ_21x21_mu20/chunks/T_0p02__Didx_13_13__typ/dmft_solutions/T_0p02/U_0p7__Delta_1p3175__w1_0p45__typ,ok,
0.02,0.7000000000000001,1.3175,typ,0.4,0.6,0.5086346230405796,0.5989111778272794,-0.001088822172720549,0.4620625479049736,0.4496112443255722,0.9730527747036488,4,True,0.001976518732301681,0.02344131469726562,/home/2/kj405942/Byczuk_Freericks/filling_variantB_freericks/pbs_variantB_T002_typ_21x21_mu20/chunks/T_0p02__Didx_13_13__typ/dmft_solutions/T_0p02/U_0p7__Delta_1p3175__w1_0p4__typ,ok,
0.02,0.8,1.3175,typ,0.5,0.5,0.4293838983511019,0.498542210611427,-0.001457789388572994,0.4533334575102563,0.4502035544887866,0.9930958040497179,54,True,0.00193478017944285,0.2222826480865479,/home/2/kj405942/Byczuk_Freericks/filling_variantB_freericks/pbs_variantB_T002_typ_21x21_mu20/chunks/T_0p02__Didx_13_13__typ/dmft_solutions/T_0p02/U_0p8__Delta_1p3175__w1_0p5__typ,ok,
0.02,0.8,1.3175,typ,0.45,0.55,0.5088825095003788,0.5523654855505983,0.002365485550598234,0.4510951946440154,0.4456639404012456,0.9879598490357321,34,True,0.001978012135544428,0.1780221462249756,/home/2/kj405942/Byczuk_Freericks/filling_variantB_freericks/pbs_variantB_T002_typ_21x21_mu20/chunks/T_0p02__Didx_13_13__typ/dmft_solutions/T_0p02/U_0p8__Delta_1p3175__w1_0p45__typ,ok,
0.02,0.8,1.3175,typ,0.4,0.6,0.5520340656278243,0.5985474359879965,-0.001452564012003443,0.4489064792462418,0.4391959717364606,0.978368528950426,55,True,0.001946696121261709,0.2835531234741211,/home/2/kj405942/Byczuk_Freericks/filling_variantB_freericks/pbs_variantB_T002_typ_21x21_mu20/chunks/T_0p02__Didx_13_13__typ/dmft_solutions/T_0p02/U_0p8__Delta_1p3175__w1_0p4__typ,ok,
0.02,0.9,1.3175,typ,0.5,0.5,0.4999999999999999,0.5012942425723595,0.00129424257235955,0.4387526201889526,0.4340047502575196,0.9891787086550315,107,True,0.001888295930654309,0.4689478874206543,/home/2/kj405942/Byczuk_Freericks/filling_variantB_freericks/pbs_variantB_T002_typ_21x21_mu20/chunks/T_0p02__Didx_13_13__typ/dmft_solutions/T_0p02/U_0p9__Delta_1p3175__w1_0p5__typ,ok,
0.02,0.9,1.3175,typ,0.45,0.55,0.501608824576137,0.5454849206070392,-0.004515079392960808,0.4387799991150098,0.4330506139832731,0.9869424651458762,3,True,0.001963084498933038,0.02277064323425293,/home/2/kj405942/Byczuk_Freericks/filling_variantB_freericks/pbs_variantB_T002_typ_21x21_mu20/chunks/T_0p02__Didx_13_13__typ/dmft_solutions/T_0p02/U_0p9__Delta_1p3175__w1_0p45__typ,ok,
0.02,0.9,1.3175,typ,0.4,0.6,0.6034349010941111,0.6033222941540184,0.003322294154018413,0.4331494142297998,0.4228583132284846,0.9762412214740859,92,True,0.001915251181182528,0.5154514312744141,/home/2/kj405942/Byczuk_Freericks/filling_variantB_freericks/pbs_variantB_T002_typ_21x21_mu20/chunks/T_0p02__Didx_13_13__typ/dmft_solutions/T_0p02/U_0p9__Delta_1p3175__w1_0p4__typ,ok,
0.02,1.1,1.3175,typ,0.5,0.5,0.4999999999999999,0.5022556603708214,0.002255660370821366,0.402134531444129,0.3843195995795331,0.9556990746340045,116,True,0.001950379036408729,0.5335252285003662,/home/2/kj405942/Byczuk_Freericks/filling_variantB_freericks/pbs_variantB_T002_typ_21x21_mu20/chunks/T_0p02__Didx_13_13__typ/dmft_solutions/T_0p02/U_1p1__Delta_1p3175__w1_0p5__typ,ok,
0.02,1.1,1.3175,typ,0.45,0.55,0.6428603102376644,0.5454902810646928,-0.004509718935307272,0.3993826098937699,0.3810160955634878,0.9540127339666407,2,True,0.001984697369982016,0.01442646980285645,/home/2/kj405942/Byczuk_Freericks/filling_variantB_freericks/pbs_variantB_T002_typ_21x21_mu20/chunks/T_0p02__Didx_13_13__typ/dmft_solutions/T_0p02/U_1p1__Delta_1p3175__w1_0p45__typ,ok,
0.02,1.1,1.3175,typ,0.4,0.6,0.6959025000251442,0.5992945804451166,-0.0007054195548833464,0.3940309177724419,0.3735295036541918,0.9479700368840348,95,True,0.001973473021430104,0.4253702163696289,/home/2/kj405942/Byczuk_Freericks/filling_variantB_freericks/pbs_variantB_T002_typ_21x21_mu20/chunks/T_0p02__Didx_13_13__typ/dmft_solutions/T_0p02/U_1p1__Delta_1p3175__w1_0p4__typ,ok,
0.02,1,1.3175,typ,0.5,0.5,0.5173707145581301,0.4972955406999641,-0.002704459300035933,0.4226727690059051,0.413130895517497,0.9774249154710161,22,True,0.001940147171344075,0.1049442291259766,/home/2/kj405942/Byczuk_Freericks/filling_variantB_freericks/pbs_variantB_T002_typ_21x21_mu20/chunks/T_0p02__Didx_13_13__typ/dmft_solutions/T_0p02/U_1__Delta_1p3175__w1_0p5__typ,ok,
0.02,1,1.3175,typ,0.45,0.55,0.5414876958083172,0.5505254033202429,0.0005254033202428676,0.4224646461526541,0.4119369039144534,0.9750801816576231,52,True,0.00194184013016258,0.3016045093536377,/home/2/kj405942/Byczuk_Freericks/filling_variantB_freericks/pbs_variantB_T002_typ_21x21_mu20/chunks/T_0p02__Didx_13_13__typ/dmft_solutions/T_0p02/U_1__Delta_1p3175__w1_0p45__typ,ok,
0.02,1,1.3175,typ,0.4,0.6,0.6436869215554621,0.6048898411893022,0.004889841189302246,0.4159623906249306,0.4021852902784849,0.9668789759436006,48,True,0.00194855710375123,0.2738394737243652,/home/2/kj405942/Byczuk_Freericks/filling_variantB_freericks/pbs_variantB_T002_typ_21x21_mu20/chunks/T_0p02__Didx_13_13__typ/dmft_solutions/T_0p02/U_1__Delta_1p3175__w1_0p4__typ,ok,
0.02,1.2,1.3175,typ,0.5,0.5,0.6172591510632565,0.4959607136895156,-0.004039286310484447,0.3781895994406886,0.3485803851187098,0.9217080153294315,36,True,0.001968737719178541,0.190077543258667,/home/2/kj405942/Byczuk_Freericks/filling_variantB_freericks/pbs_variantB_T002_typ_21x21_mu20/chunks/T_0p02__Didx_13_13__typ/dmft_solutions/T_0p02/U_1p2__Delta_1p3175__w1_0p5__typ,ok,
0.02,1.2,1.3175,typ,0.45,0.55,0.6740652773564159,0.5518712897132494,0.001871289713249347,0.375511210387884,0.3457526092098246,0.9207517635829827,75,True,0.001965715067742816,0.3903858661651611,/home/2/kj405942/Byczuk_Freericks/filling_variantB_freericks/pbs_variantB_T002_typ_21x21_mu20/chunks/T_0p02__Didx_13_13__typ/dmft_solutions/T_0p02/U_1p2__Delta_1p3175__w1_0p45__typ,ok,
0.02,1.2,1.3175,typ,0.4,0.6,0.7131780881549634,0.5955184654014747,-0.004481534598525294,0.3718449540324658,0.3403098303525194,0.9151928153442334,1,True,0.001959377602659453,0.01025891304016113,/home/2/kj405942/Byczuk_Freericks/filling_variantB_freericks/pbs_variantB_T002_typ_21x21_mu20/chunks/T_0p02__Didx_13_13__typ/dmft_solutions/T_0p02/U_1p2__Delta_1p3175__w1_0p4__typ,ok,
0.02,1.3,1.3175,typ,0.5,0.5,0.678757609224297,0.4951822027127316,-0.004817797287268444,0.3448955631952068,0.3010661410374896,0.8729197274917966,1,True,0.001994030346267809,0.01180458068847656,/home/2/kj405942/Byczuk_Freericks/filling_variantB_freericks/pbs_variantB_T002_typ_21x21_mu20/chunks/T_0p02__Didx_13_13__typ/dmft_solutions/T_0p02/U_1p3__Delta_1p3175__w1_0p5__typ,ok,
0.02,1.3,1.3175,typ,0.45,0.55,0.6988995779756619,0.5539758986661115,0.003975898666111477,0.3436648128618873,0.299405651752116,0.8712141614347984,53,True,0.001992819654395767,0.3009724617004395,/home/2/kj405942/Byczuk_Freericks/filling_variantB_freericks/pbs_variantB_T002_typ_21x21_mu20/chunks/T_0p02__Didx_13_13__typ/dmft_solutions/T_0p02/U_1p3__Delta_1p3175__w1_0p45__typ,ok,
0.02,1.3,1.3175,typ,0.4,0.6,0.7231518564051677,0.5957634377265293,-0.00423656227347069,0.3431264276790384,0.2962327523306958,0.8633341195385654,2,True,0.001965759590778279,0.01751518249511719,/home/2/kj405942/Byczuk_Freericks/filling_variantB_freericks/pbs_variantB_T002_typ_21x21_mu20/chunks/T_0p02__Didx_13_13__typ/dmft_solutions/T_0p02/U_1p3__Delta_1p3175__w1_0p4__typ,ok,
0.02,1.4,1.3175,typ,0.5,0.5,0.7529218723223032,0.4959833140148771,-0.004016685985122947,0.2975851029549721,0.2381274035562309,0.800199341941731,2,True,0.001919604563681628,0.01443362236022949,/home/2/kj405942/Byczuk_Freericks/filling_variantB_freericks/pbs_variantB_T002_typ_21x21_mu20/chunks/T_0p02__Didx_13_13__typ/dmft_solutions/T_0p02/U_1p4__Delta_1p3175__w1_0p5__typ,ok,
0.02,1.4,1.3175,typ,0.45,0.55,0.7714740082378374,0.5466132788888003,-0.003386721111199753,0.2915661783421176,0.2343201065524188,0.8036601086065358,1,True,0.0009094153948347423,0.009499549865722656,/home/2/kj405942/Byczuk_Freericks/filling_variantB_freericks/pbs_variantB_T002_typ_21x21_mu20/chunks/T_0p02__Didx_13_13__typ/dmft_solutions/T_0p02/U_1p4__Delta_1p3175__w1_0p45__typ,ok,
0.02,1.4,1.3175,typ,0.4,0.6,0.8441659618969507,0.5970070146614043,-0.002992985338595711,0.2826139264421929,0.227117005399805,0.8036299139924392,81,True,0.001985185672649524,0.3723504543304443,/home/2/kj405942/Byczuk_Freericks/filling_variantB_freericks/pbs_variantB_T002_typ_21x21_mu20/chunks/T_0p02__Didx_13_13__typ/dmft_solutions/T_0p02/U_1p4__Delta_1p3175__w1_0p4__typ,ok,
0.02,1.8,1.3175,typ,0.5,0.5,1,0.4950968510695739,-0.004903148930426149,0.003983811718127503,0.002370304643380272,0.5949841034390998,119,True,0.001955623950142957,0.54323410987854,/home/2/kj405942/Byczuk_Freericks/filling_variantB_freericks/pbs_variantB_T002_typ_21x21_mu20/chunks/T_0p02__Didx_13_13__typ/dmft_solutions/T_0p02/U_1p8__Delta_1p3175__w1_0p5__typ,ok,
0.02,1.8,1.3175,typ,0.45,0.55,1.15248946042009,0.5520979209783428,0.002097920978342716,0.2805683779769834,0.06264410580153315,0.2232757171468276,122,True,0.001974279349803355,0.5392818450927734,/home/2/kj405942/Byczuk_Freericks/filling_variantB_freericks/pbs_variantB_T002_typ_21x21_mu20/chunks/T_0p02__Didx_13_13__typ/dmft_solutions/T_0p02/U_1p8__Delta_1p3175__w1_0p45__typ,ok,
0.02,1.8,1.3175,typ,0.4,0.6,1.166652744036532,0.5955781989907177,-0.004421801009282245,0.257282187958908,0.0339370984078915,0.1319061326286287,162,True,0.00198849227189627,0.6677613258361816,/home/2/kj405942/Byczuk_Freericks/filling_variantB_freericks/pbs_variantB_T002_typ_21x21_mu20/chunks/T_0p02__Didx_13_13__typ/dmft_solutions/T_0p02/U_1p8__Delta_1p3175__w1_0p4__typ,ok,
0.02,1.5,1.3175,typ,0.5,0.5,0.7382229209419624,0.501529507597656,0.001529507597656021,0.1985057093057821,0.1387739138936412,0.6990928088615886,101,True,0.001929925289181438,0.5767033100128174,/home/2/kj405942/Byczuk_Freericks/filling_variantB_freericks/pbs_variantB_T002_typ_21x21_mu20/chunks/T_0p02__Didx_13_13__typ/dmft_solutions/T_0p02/U_1p5__Delta_1p3175__w1_0p5__typ,ok,
0.02,1.5,1.3175,typ,0.45,0.55,0.8118861378245881,0.5455487603886067,-0.004451239611393376,0.1996762316562551,0.1383569650656684,0.6929065313284329,6,True,0.00190441967718835,0.04041361808776855,/home/2/kj405942/Byczuk_Freericks/filling_variantB_freericks/pbs_variantB_T002_typ_21x21_mu20/chunks/T_0p02__Didx_13_13__typ/dmft_solutions/T_0p02/U_1p5__Delta_1p3175__w1_0p45__typ,ok,
0.02,1.5,1.3175,typ,0.4,0.6,0.898310558294564,0.5994778456295982,-0.0005221543704018172,0.2243421276347287,0.1462851783447729,0.652062900031655,6,True,0.00192054363325085,0.03639960289001465,/home/2/kj405942/Byczuk_Freericks/filling_variantB_freericks/pbs_variantB_T002_typ_21x21_mu20/chunks/T_0p02__Didx_13_13__typ/dmft_solutions/T_0p02/U_1p5__Delta_1p3175__w1_0p4__typ,ok,
0.02,1.6,1.3175,typ,0.5,0.5,0.8873645447963223,0.4950343203508076,-0.004965679649192367,0.2310912709316739,0.09636033609328903,0.4169795583571809,75,True,0.001998046577519878,0.3986146450042725,/home/2/kj405942/Byczuk_Freericks/filling_variantB_freericks/pbs_variantB_T002_typ_21x21_mu20/chunks/T_0p02__Didx_13_13__typ/dmft_solutions/T_0p02/U_1p6__Delta_1p3175__w1_0p5__typ,ok,
0.02,1.6,1.3175,typ,0.45,0.55,0.8279457162222316,0.55335529546236,0.003355295462359908,0.01831857724094936,0.01225805173781734,0.6691595955615859,129,True,0.001991644669846517,0.6314866542816162,/home/2/kj405942/Byczuk_Freericks/filling_variantB_freericks/pbs_variantB_T002_typ_21x21_mu20/chunks/T_0p02__Didx_13_13__typ/dmft_solutions/T_0p02/U_1p6__Delta_1p3175__w1_0p45__typ,ok,
0.02,1.6,1.3175,typ,0.4,0.6,0.9074348297563517,0.5956919682854462,-0.004308031714553739,0.03820629101233972,0.018334484716913,0.4798813030815107,146,True,0.001989897534509838,0.6913127899169922,/home/2/kj405942/Byczuk_Freericks/filling_variantB_freericks/pbs_variantB_T002_typ_21x21_mu20/chunks/T_0p02__Didx_13_13__typ/dmft_solutions/T_0p02/U_1p6__Delta_1p3175__w1_0p4__typ,ok,
0.02,1.7,1.3175,typ,0.5,0.5,0.7137100713724701,0.4964048114252063,-0.00359518857479374,0.2711923266605049,0.06833387285564844,0.2519756871336296,1,True,0.001354062134819214,0.01078128814697266,/home/2/kj405942/Byczuk_Freericks/filling_variantB_freericks/pbs_variantB_T002_typ_21x21_mu20/chunks/T_0p02__Didx_13_13__typ/dmft_solutions/T_0p02/U_1p7__Delta_1p3175__w1_0p5__typ,ok,
0.02,1.7,1.3175,typ,0.45,0.55,0.768129200159208,0.5523234147050873,0.002323414705087234,0.2365360935794518,0.0558215376807689,0.2359958551611854,5,True,0.001982939603209917,0.02930426597595215,/home/2/kj405942/Byczuk_Freericks/filling_variantB_freericks/pbs_variantB_T002_typ_21x21_mu20/chunks/T_0p02__Didx_13_13__typ/dmft_solutions/T_0p02/U_1p7__Delta_1p3175__w1_0p45__typ,ok,
0.02,1.7,1.3175,typ,0.4,0.6,1.022985405202248,0.5970876236725454,-0.002912376327454558,0.05463073225426539,0.0074122395472015,0.135678934572999,145,True,0.001979125123556097,0.6157622337341309,/home/2/kj405942/Byczuk_Freericks/filling_variantB_freericks/pbs_variantB_T002_typ_21x21_mu20/chunks/T_0p02__Didx_13_13__typ/dmft_solutions/T_0p02/U_1p7__Delta_1p3175__w1_0p4__typ,ok,
0.02,1.9,1.3175,typ,0.5,0.5,0.9581812216540301,0.4997492165474398,-0.0002507834525601882,0.001283953716148155,0.001121017018908293,0.8730976863179538,117,True,0.001967850882300051,0.4815587997436523,/home/2/kj405942/Byczuk_Freericks/filling_variantB_freericks/pbs_variantB_T002_typ_21x21_mu20/chunks/T_0p02__Didx_13_13__typ/dmft_solutions/T_0p02/U_1p9__Delta_1p3175__w1_0p5__typ,ok,
0.02,1.9,1.3175,typ,0.45,0.55,1.251457251760811,0.5508608220857241,0.0008608220857240223,0.3194257084541501,0.03357696211527025,0.1051166553805729,131,True,0.00196398670520841,0.4920594692230225,/home/2/kj405942/Byczuk_Freericks/filling_variantB_freericks/pbs_variantB_T002_typ_21x21_mu20/chunks/T_0p02__Didx_13_13__typ/dmft_solutions/T_0p02/U_1p9__Delta_1p3175__w1_0p45__typ,ok,
0.02,1.9,1.3175,typ,0.4,0.6,1.059737882218635,0.5963074127803646,-0.00369258721963539,0.001293740398704066,0.001111437153474688,0.8590882333024533,1,True,0.001989548472705837,0.006486892700195312,/home/2/kj405942/Byczuk_Freericks/filling_variantB_freericks/pbs_variantB_T002_typ_21x21_mu20/chunks/T_0p02__Didx_13_13__typ/dmft_solutions/T_0p02/U_1p9__Delta_1p3175__w1_0p4__typ,ok,
0.02,2,1.3175,typ,0.5,0.5,0.4999999999999999,0.4978609572917435,-0.002139042708256544,0.3194004374075813,0.1548579057528498,0.4848393665636668,124,True,0.001951318589387328,0.6314873695373535,/home/2/kj405942/Byczuk_Freericks/filling_variantB_freericks/pbs_variantB_T002_typ_21x21_mu20/chunks/T_0p02__Didx_13_13__typ/dmft_solutions/T_0p02/U_2__Delta_1p3175__w1_0p5__typ,ok,
0.02,2,1.3175,typ,0.45,0.55,0.877311395769538,0.5450397120273296,-0.004960287972670452,0.001770021642774093,0.001164939683712403,0.6581499658312839,1,True,0.001525312377446093,0.008862018585205078,/home/2/kj405942/Byczuk_Freericks/filling_variantB_freericks/pbs_variantB_T002_typ_21x21_mu20/chunks/T_0p02__Didx_13_13__typ/dmft_solutions/T_0p02/U_2__Delta_1p3175__w1_0p45__typ,ok,
0.02,2,1.3175,typ,0.4,0.6,0.8919758266288449,0.5975273756474124,-0.002472624352587549,0.002202655957847021,0.001304175268025504,0.5920921346701215,5,True,0.001964043459608086,0.02474260330200195,/home/2/kj405942/Byczuk_Freericks/filling_variantB_freericks/pbs_variantB_T002_typ_21x21_mu20/chunks/T_0p02__Didx_13_13__typ/dmft_solutions/T_0p02/U_2__Delta_1p3175__w1_0p4__typ,ok,
0.02,0.1,1.415,typ,0.5,0.5,0.09244991536385705,0.5038366757399675,0.003836675739967488,0.5003708710356797,0.4409901140123973,0.8813265110729275,93,True,0.001950445664874313,0.4095830917358398,/home/2/kj405942/Byczuk_Freericks/filling_variantB_freericks/pbs_variantB_T002_typ_21x21_mu20/chunks/T_0p02__Didx_14_14__typ/dmft_solutions/T_0p02/U_0p1__Delta_1p415__w1_0p5__typ,ok,
0.02,0.1,1.415,typ,0.45,0.55,0.1801475665806621,0.5523018143613091,0.002301814361309051,0.5001784711989986,0.4367666357132318,0.8732215816211367,102,True,0.00199319403039272,0.4373447895050049,/home/2/kj405942/Byczuk_Freericks/filling_variantB_freericks/pbs_variantB_T002_typ_21x21_mu20/chunks/T_0p02__Didx_14_14__typ/dmft_solutions/T_0p02/U_0p1__Delta_1p415__w1_0p45__typ,ok,
0.02,0.1,1.415,typ,0.4,0.6,0.2707610333287213,0.6009752346667863,0.0009752346667862843,0.499763076832553,0.4275031028523442,0.8554115393274248,94,True,0.001991190819254731,0.4122524261474609,/home/2/kj405942/Byczuk_Freericks/filling_variantB_freericks/pbs_variantB_T002_typ_21x21_mu20/chunks/T_0p02__Didx_14_14__typ/dmft_solutions/T_0p02/U_0p1__Delta_1p415__w1_0p4__typ,ok,
0.02,0,1.415,typ,0.5,0.5,0.0221970485425144,0.5009924977862427,0.0009924977862426632,0.5016241403275069,0.4400164658996472,0.877183593302275,26,True,0.001973505017788457,0.1186473369598389,/home/2/kj405942/Byczuk_Freericks/filling_variantB_freericks/pbs_variantB_T002_typ_21x21_mu20/chunks/T_0p02__Didx_14_14__typ/dmft_solutions/T_0p02/U_0__Delta_1p415__w1_0p5__typ,ok,
0.02,0,1.415,typ,0.45,0.55,0.1085475419733715,0.5475903866855442,-0.002409613314455883,0.5014930696462396,0.4371182046879655,0.8716335900639962,3,True,0.001955450018785819,0.0178070068359375,/home/2/kj405942/Byczuk_Freericks/filling_variantB_freericks/pbs_variantB_T002_typ_21x21_mu20/chunks/T_0p02__Didx_14_14__typ/dmft_solutions/T_0p02/U_0__Delta_1p415__w1_0p45__typ,ok,
0.02,0,1.415,typ,0.4,0.6,0.2322160035790509,0.5962800656196305,-0.003719934380369438,0.5010720755692714,0.4259954329369406,0.8501679772375348,69,True,0.00197821160532509,0.3865005970001221,/home/2/kj405942/Byczuk_Freericks/filling_variantB_freericks/pbs_variantB_T002_typ_21x21_mu20/chunks/T_0p02__Didx_14_14__typ/dmft_solutions/T_0p02/U_0__Delta_1p415__w1_0p4__typ,ok,
0.02,0.2,1.415,typ,0.5,0.5,0.1336712725901647,0.4988343507687006,-0.001165649231299359,0.496836338980967,0.4445103251328041,0.894681588799471,13,True,0.001972019220690694,0.05882620811462402,/home/2/kj405942/Byczuk_Freericks/filling_variantB_freericks/pbs_variantB_T002_typ_21x21_mu20/chunks/T_0p02__Didx_14_14__typ/dmft_solutions/T_0p02/U_0p2__Delta_1p415__w1_0p5__typ,ok,
0.02,0.2,1.415,typ,0.45,0.55,0.22971330917023,0.5490632264873357,-0.0009367735126643018,0.4965355159061332,0.4398456876061008,0.8858292579603727,33,True,0.001984569225635552,0.1749100685119629,/home/2/kj405942/Byczuk_Freericks/filling_variantB_freericks/pbs_variantB_T002_typ_21x21_mu20/chunks/T_0p02__Didx_14_14__typ/dmft_solutions/T_0p02/U_0p2__Delta_1p415__w1_0p45__typ,ok,
0.02,0.2,1.415,typ,0.4,0.6,0.309152651780721,0.5951962395138807,-0.004803760486119302,0.4960263963263524,0.4311554590674976,0.8692187800098967,32,True,0.001968120522697981,0.176983118057251,/home/2/kj405942/Byczuk_Freericks/filling_variantB_freericks/pbs_variantB_T002_typ_21x21_mu20/chunks/T_0p02__Didx_14_14__typ/dmft_solutions/T_0p02/U_0p2__Delta_1p415__w1_0p4__typ,ok,
0.02,0.4,1.415,typ,0.5,0.5,0.2310311784645531,0.4954193366292706,-0.004580663370729432,0.4845573267269899,0.4525142806296734,0.9338715063628161,23,True,0.001920797510907203,0.1278789043426514,/home/2/kj405942/Byczuk_Freericks/filling_variantB_freericks/pbs_variantB_T002_typ_21x21_mu20/chunks/T_0p02__Didx_14_14__typ/dmft_solutions/T_0p02/U_0p4__Delta_1p415__w1_0p5__typ,ok,
0.02,0.4,1.415,typ,0.45,0.55,0.3158974324544351,0.5530388678456564,0.003038867845656323,0.4839946288935214,0.4482636742108135,0.9261748942041076,29,True,0.001929946323939101,0.1660366058349609,/home/2/kj405942/Byczuk_Freericks/filling_variantB_freericks/pbs_variantB_T002_typ_21x21_mu20/chunks/T_0p02__Didx_14_14__typ/dmft_solutions/T_0p02/U_0p4__Delta_1p415__w1_0p45__typ,ok,
0.02,0.4,1.415,typ,0.4,0.6,0.3898688840793905,0.6024479499468198,0.00244794994681985,0.483022403349577,0.4395525978670064,0.9100045770524845,57,True,0.001980988645585462,0.2418892383575439,/home/2/kj405942/Byczuk_Freericks/filling_variantB_freericks/pbs_variantB_T002_typ_21x21_mu20/chunks/T_0p02__Didx_14_14__typ/dmft_solutions/T_0p02/U_0p4__Delta_1p415__w1_0p4__typ,ok,
0.02,0.3,1.415,typ,0.5,0.5,0.1735578853602303,0.4954057806509371,-0.0045942193490629,0.4914237383471105,0.4488734989935811,0.9134143590689252,2,True,0.001962035504424495,0.01756811141967773,/home/2/kj405942/Byczuk_Freericks/filling_variantB_freericks/pbs_variantB_T002_typ_21x21_mu20/chunks/T_0p02__Didx_14_14__typ/dmft_solutions/T_0p02/U_0p3__Delta_1p415__w1_0p5__typ,ok,
0.02,0.3,1.415,typ,0.45,0.55,0.2688487074622794,0.5519533363520154,0.001953336352015334,0.4910196329610078,0.4445160248248639,0.9052917541082582,13,True,0.001944020616074087,0.06061840057373047,/home/2/kj405942/Byczuk_Freericks/filling_variantB_freericks/pbs_variantB_T002_typ_21x21_mu20/chunks/T_0p02__Didx_14_14__typ/dmft_solutions/T_0p02/U_0p3__Delta_1p415__w1_0p45__typ,ok,
0.02,0.3,1.415,typ,0.4,0.6,0.3360280186847419,0.5962820834435009,-0.003717916556499112,0.4904476523887255,0.4370484422223619,0.8911214888963529,1,True,0.001978506365539112,0.01109480857849121,/home/2/kj405942/Byczuk_Freericks/filling_variantB_freericks/pbs_variantB_T002_typ_21x21_mu20/chunks/T_0p02__Didx_14_14__typ/dmft_solutions/T_0p02/U_0p3__Delta_1p415__w1_0p4__typ,ok,
0.02,0.5,1.415,typ,0.5,0.5,0.2886356033176405,0.4958778033794496,-0.004122196620550356,0.4765508728465638,0.4544013962236333,0.9535212757231439,2,True,0.001955625080184746,0.01659440994262695,/home/2/kj405942/Byczuk_Freericks/filling_variantB_freericks/pbs_variantB_T002_typ_21x21_mu20/chunks/T_0p02__Didx_14_14__typ/dmft_solutions/T_0p02/U_0p5__Delta_1p415__w1_0p5__typ,ok,
0.02,0.5,1.415,typ,0.45,0.55,0.3263799482879853,0.5540278029382527,0.004027802938252667,0.4763264354559895,0.4523396043505895,0.9496420326064051,19,True,0.001942681453807254,0.1058509349822998,/home/2/kj405942/Byczuk_Freericks/filling_variantB_freericks/pbs_variantB_T002_typ_21x21_mu20/chunks/T_0p02__Didx_14_14__typ/dmft_solutions/T_0p02/U_0p5__Delta_1p415__w1_0p45__typ,ok,
0.02,0.5,1.415,typ,0.4,0.6,0.4407853250034234,0.5973936076249942,-0.002606392375005817,0.4742994055347128,0.4406960822781708,0.9291516648251784,96,True,0.001978440508124594,0.5239684581756592,/home/2/kj405942/Byczuk_Freericks/filling_variantB_freericks/pbs_variantB_T002_typ_21x21_mu20/chunks/T_0p02__Didx_14_14__typ/dmft_solutions/T_0p02/U_0p5__Delta_1p415__w1_0p4__typ,ok,
0.02,0.6000000000000001,1.415,typ,0.5,0.5,0.3293623750201195,0.4979265552339646,-0.002073444766035437,0.4676663648112496,0.4539471249302797,0.9706644716976665,2,True,0.001991882731358939,0.01283955574035645,/home/2/kj405942/Byczuk_Freericks/filling_variantB_freericks/pbs_variantB_T002_typ_21x21_mu20/chunks/T_0p02__Didx_14_14__typ/dmft_solutions/T_0p02/U_0p6__Delta_1p415__w1_0p5__typ,ok,
0.02,0.6000000000000001,1.415,typ,0.45,0.55,0.3622667195660146,0.5453179478586648,-0.004682052141335213,0.4674824563210518,0.4522402563553929,0.9673951401607442,1,True,0.001986969868921331,0.01024150848388672,/home/2/kj405942/Byczuk_Freericks/filling_variantB_freericks/pbs_variantB_T002_typ_21x21_mu20/chunks/T_0p02__Didx_14_14__typ/dmft_solutions/T_0p02/U_0p6__Delta_1p415__w1_0p45__typ,ok,
0.02,0.6000000000000001,1.415,typ,0.4,0.6,0.4814916585786257,0.5983938085490973,-0.001606191450902683,0.4648092195902981,0.4405516809403811,0.9478118384327689,11,True,0.001969210162831061,0.06346368789672852,/home/2/kj405942/Byczuk_Freericks/filling_variantB_freericks/pbs_variantB_T002_typ_21x21_mu20/chunks/T_0p02__Didx_14_14__typ/dmft_solutions/T_0p02/U_0p6__Delta_1p415__w1_0p4__typ,ok,
0.02,0.7000000000000001,1.415,typ,0.5,0.5,0.3725943286427418,0.4965683875121969,-0.003431612487803104,0.4579235670176543,0.4501538666208431,0.9830327570877965,1,True,0.001955727413739802,0.01162004470825195,/home/2/kj405942/Byczuk_Freericks/filling_variantB_freericks/pbs_variantB_T002_typ_21x21_mu20/chunks/T_0p02__Didx_14_14__typ/dmft_solutions/T_0p02/U_0p7__Delta_1p415__w1_0p5__typ,ok,
0.02,0.7000000000000001,1.415,typ,0.45,0.55,0.461857503423557,0.5473513019766525,-0.002648698023347551,0.4564090408277843,0.4454143942354619,0.9759105416220907,3,True,0.001967218873899593,0.02202987670898438,/home/2/kj405942/Byczuk_Freericks/filling_variantB_freericks/pbs_variantB_T002_typ_21x21_mu20/chunks/T_0p02__Didx_14_14__typ/dmft_solutions/T_0p02/U_0p7__Delta_1p415__w1_0p45__typ,ok,
0.02,0.7000000000000001,1.415,typ,0.4,0.6,0.4897642604050173,0.5956392188947329,-0.004360781105267053,0.4558156660388508,0.4405899933378839,0.9665968639619571,1,True,0.001988457567523916,0.01128268241882324,/home/2/kj405942/Byczuk_Freericks/filling_variantB_freericks/pbs_variantB_T002_typ_21x21_mu20/chunks/T_0p02__Didx_14_14__typ/dmft_solutions/T_0p02/U_0p7__Delta_1p415__w1_0p4__typ,ok,
0.02,0.9,1.415,typ,0.5,0.5,0.4863620306192881,0.4986151189202093,-0.001384881079790734,0.4350533124348068,0.4298397147385325,0.9880161866436643,1,True,0.0008843909093679211,0.01162958145141602,/home/2/kj405942/Byczuk_Freericks/filling_variantB_freericks/pbs_variantB_T002_typ_21x21_mu20/chunks/T_0p02__Didx_14_14__typ/dmft_solutions/T_0p02/U_0p9__Delta_1p415__w1_0p5__typ,ok,
0.02,0.9,1.415,typ,0.45,0.55,0.5132945551519269,0.5471395795798369,-0.002860420420163101,0.4345326756734129,0.4279680543673351,0.9848926866180908,2,True,0.001966635504618283,0.01644253730773926,/home/2/kj405942/Byczuk_Freericks/filling_variantB_freericks/pbs_variantB_T002_typ_21x21_mu20/chunks/T_0p02__Didx_14_14__typ/dmft_solutions/T_0p02/U_0p9__Delta_1p415__w1_0p45__typ,ok,
0.02,0.9,1.415,typ,0.4,0.6,0.6293700589717436,0.5958067919583943,-0.004193208041605723,0.4282740798054799,0.4152422190104729,0.9695712128996319,3,True,0.001969359261564529,0.02212738990783691,/home/2/kj405942/Byczuk_Freericks/filling_variantB_freericks/pbs_variantB_T002_typ_21x21_mu20/chunks/T_0p02__Didx_14_14__typ/dmft_solutions/T_0p02/U_0p9__Delta_1p415__w1_0p4__typ,ok,
0.02,0.8,1.415,typ,0.5,0.5,0.3807894389613259,0.5040822181122696,0.004082218112269609,0.4471543760684121,0.4423299418327246,0.9892108084055753,1,True,0.001852199598005304,0.01189613342285156,/home/2/kj405942/Byczuk_Freericks/filling_variantB_freericks/pbs_variantB_T002_typ_21x21_mu20/chunks/T_0p02__Didx_14_14__typ/dmft_solutions/T_0p02/U_0p8__Delta_1p415__w1_0p5__typ,ok,
0.02,0.8,1.415,typ,0.45,0.55,0.4404046467860435,0.5495346347310532,-0.0004653652689468046,0.4471635255187689,0.4412582566265747,0.9867939387825889,61,True,0.001930586079587868,0.2641351222991943,/home/2/kj405942/Byczuk_Freericks/filling_variantB_freericks/pbs_variantB_T002_typ_21x21_mu20/chunks/T_0p02__Didx_14_14__typ/dmft_solutions/T_0p02/U_0p8__Delta_1p415__w1_0p45__typ,ok,
0.02,0.8,1.415,typ,0.4,0.6,0.5304852949487835,0.6049355513082368,0.004935551308236863,0.4448318216615094,0.433415159054592,0.9743348788216756,43,True,0.001986502990967669,0.1846914291381836,/home/2/kj405942/Byczuk_Freericks/filling_variantB_freericks/pbs_variantB_T002_typ_21x21_mu20/chunks/T_0p02__Didx_14_14__typ/dmft_solutions/T_0p02/U_0p8__Delta_1p415__w1_0p4__typ,ok,
0.02,1,1.415,typ,0.5,0.5,0.4673555935434176,0.4976730460967069,-0.002326953903293127,0.4214434569272931,0.4123896017769924,0.9785170347255795,1,True,0.001388839180583296,0.0116114616394043,/home/2/kj405942/Byczuk_Freericks/filling_variantB_freericks/pbs_variantB_T002_typ_21x21_mu20/chunks/T_0p02__Didx_14_14__typ/dmft_solutions/T_0p02/U_1__Delta_1p415__w1_0p5__typ,ok,
0.02,1,1.415,typ,0.45,0.55,0.6135574699473918,0.5456586994965913,-0.004341300503408752,0.4182208544827735,0.4073624131295406,0.9740365856057995,16,True,0.001986012625857735,0.09268999099731445,/home/2/kj405942/Byczuk_Freericks/filling_variantB_freericks/pbs_variantB_T002_typ_21x21_mu20/chunks/T_0p02__Didx_14_14__typ/dmft_solutions/T_0p02/U_1__Delta_1p415__w1_0p45__typ,ok,
0.02,1,1.415,typ,0.4,0.6,0.6415626081189119,0.596670971850173,-0.00332902814982694,0.4163974674667184,0.4019096980729789,0.9652068743792315,3,True,0.001936547650511245,0.02260398864746094,/home/2/kj405942/Byczuk_Freericks/filling_variantB_freericks/pbs_variantB_T002_typ_21x21_mu20/chunks/T_0p02__Didx_14_14__typ/dmft_solutions/T_0p02/U_1__Delta_1p415__w1_0p4__typ,ok,
0.02,1.1,1.415,typ,0.5,0.5,0.5701081574826048,0.4975149699855312,-0.002485030014468814,0.4058327897394866,0.3892790288800206,0.9592103908851422,1,True,0.00169215333165425,0.01246261596679688,/home/2/kj405942/Byczuk_Freericks/filling_variantB_freericks/pbs_variantB_T002_typ_21x21_mu20/chunks/T_0p02__Didx_14_14__typ/dmft_solutions/T_0p02/U_1p1__Delta_1p415__w1_0p5__typ,ok,
0.02,1.1,1.415,typ,0.45,0.55,0.595809847555549,0.5497345337718298,-0.0002654662281702524,0.4054604197611336,0.3878646084288807,0.9566028877920587,10,True,0.001914957502548654,0.05962252616882324,/home/2/kj405942/Byczuk_Freericks/filling_variantB_freericks/pbs_variantB_T002_typ_21x21_mu20/chunks/T_0p02__Didx_14_14__typ/dmft_solutions/T_0p02/U_1p1__Delta_1p415__w1_0p45__typ,ok,
0.02,1.1,1.415,typ,0.4,0.6,0.6826369105140803,0.5980027755534131,-0.001997224446586898,0.4001227924419453,0.3793737425716343,0.9481432943530166,1,True,0.001491575670388562,0.01182055473327637,/home/2/kj405942/Byczuk_Freericks/filling_variantB_freericks/pbs_variantB_T002_typ_21x21_mu20/chunks/T_0p02__Didx_14_14__typ/dmft_solutions/T_0p02/U_1p1__Delta_1p415__w1_0p4__typ,ok,
0.02,1.3,1.415,typ,0.5,0.5,0.499164800069911,0.5001942406748684,0.0001942406748683956,0.3544901103997872,0.3141288691074142,0.8861428285069662,1,True,0.001867633449633435,0.00973057746887207,/home/2/kj405942/Byczuk_Freericks/filling_variantB_freericks/pbs_variantB_T002_typ_21x21_mu20/chunks/T_0p02__Didx_14_14__typ/dmft_solutions/T_0p02/U_1p3__Delta_1p415__w1_0p5__typ,ok,
0.02,1.3,1.415,typ,0.45,0.55,0.7207522840738956,0.552381580664594,0.00238158066459393,0.3593858185269233,0.3167640470712276,0.8814038583091652,11,True,0.001816895121821091,0.05596446990966797,/home/2/kj405942/Byczuk_Freericks/filling_variantB_freericks/pbs_variantB_T002_typ_21x21_mu20/chunks/T_0p02__Didx_14_14__typ/dmft_solutions/T_0p02/U_1p3__Delta_1p415__w1_0p45__typ,ok,
0.02,1.3,1.415,typ,0.4,0.6,0.732453997668581,0.5973608015463723,-0.0026391984536277,0.3595763460502381,0.3138428407218398,0.8728128092107352,1,True,0.001846892334568789,0.01018166542053223,/home/2/kj405942/Byczuk_Freericks/filling_variantB_freericks/pbs_variantB_T002_typ_21x21_mu20/chunks/T_0p02__Didx_14_14__typ/dmft_solutions/T_0p02/U_1p3__Delta_1p415__w1_0p4__typ,ok,
0.02,1.2,1.415,typ,0.5,0.5,0.5520304229026655,0.498511293902328,-0.001488706097671988,0.3859226186218432,0.3582152866550207,0.9282049544912209,1,True,0.001909030239383896,0.0104835033416748,/home/2/kj405942/Byczuk_Freericks/filling_variantB_freericks/pbs_variantB_T002_typ_21x21_mu20/chunks/T_0p02__Didx_14_14__typ/dmft_solutions/T_0p02/U_1p2__Delta_1p415__w1_0p5__typ,ok,
0.02,1.2,1.415,typ,0.45,0.55,0.6675139312297783,0.5478812701513855,-0.002118729848614498,0.3848721062258589,0.3563823762253707,0.925976111181803,1,True,0.001771423913185561,0.01119399070739746,/home/2/kj405942/Byczuk_Freericks/filling_variantB_freericks/pbs_variantB_T002_typ_21x21_mu20/chunks/T_0p02__Didx_14_14__typ/dmft_solutions/T_0p02/U_1p2__Delta_1p415__w1_0p45__typ,ok,
0.02,1.2,1.415,typ,0.4,0.6,0.6923860768601661,0.5966749089137038,-0.003325091086296195,0.3839141183967302,0.3524911162958052,0.9181509598236421,1,True,0.00182103614647867,0.01021838188171387,/home/2/kj405942/Byczuk_Freericks/filling_variantB_freericks/pbs_variantB_T002_typ_21x21_mu20/chunks/T_0p02__Didx_14_14__typ/dmft_solutions/T_0p02/U_1p2__Delta_1p415__w1_0p4__typ,ok,
0.02,1.4,1.415,typ,0.5,0.5,0.7128437561898323,0.4990780592478105,-0.0009219407521895429,0.3277095832790038,0.2679252711200471,0.8175692283369759,25,True,0.001932264245893961,0.1397049427032471,/home/2/kj405942/Byczuk_Freericks/filling_variantB_freericks/pbs_variantB_T002_typ_21x21_mu20/chunks/T_0p02__Didx_14_14__typ/dmft_solutions/T_0p02/U_1p4__Delta_1p415__w1_0p5__typ,ok,
0.02,1.4,1.415,typ,0.45,0.55,0.8064504282946755,0.5534534260079265,0.003453426007926419,0.321022501330364,0.2634327132467216,0.8206051356369666,43,True,0.001954503287323153,0.2260220050811768,/home/2/kj405942/Byczuk_Freericks/filling_variantB_freericks/pbs_variantB_T002_typ_21x21_mu20/chunks/T_0p02__Didx_14_14__typ/dmft_solutions/T_0p02/U_1p4__Delta_1p415__w1_0p45__typ,ok,
0.02,1.4,1.415,typ,0.4,0.6,0.8364610388441065,0.5951949530205572,-0.004805046979442729,0.3143121736665241,0.2569795058558346,0.8175932317800783,37,True,0.001962981070099808,0.1831912994384766,/home/2/kj405942/Byczuk_Freericks/filling_variantB_freericks/pbs_variantB_T002_typ_21x21_mu20/chunks/T_0p02__Didx_14_14__typ/dmft_solutions/T_0p02/U_1p4__Delta_1p415__w1_0p4__typ,ok,
0.02,1.5,1.415,typ,0.5,0.5,0.7795766387804749,0.4999322815017017,-6.771849829834142e-05,0.2717909031795498,0.1965807116091077,0.723279216888444,1,True,0.001758109937701463,0.0103914737701416,/home/2/kj405942/Byczuk_Freericks/filling_variantB_freericks/pbs_variantB_T002_typ_21x21_mu20/chunks/T_0p02__Didx_14_14__typ/dmft_solutions/T_0p02/U_1p5__Delta_1p415__w1_0p5__typ,ok,
0.02,1.5,1.415,typ,0.45,0.55,0.7995341682708095,0.5462981946515035,-0.003701805348496512,0.2681324652859998,0.1941496947472803,0.7240812653558875,3,True,0.001953260269474488,0.01969242095947266,/home/2/kj405942/Byczuk_Freericks/filling_variantB_freericks/pbs_variantB_T002_typ_21x21_mu20/chunks/T_0p02__Didx_14_14__typ/dmft_solutions/T_0p02/U_1p5__Delta_1p415__w1_0p45__typ,ok,
0.02,1.5,1.415,typ,0.4,0.6,0.8169543649219067,0.597635760374172,-0.002364239625827991,0.2678846187401956,0.1909546895927408,0.7128243886892803,1,True,0.001349875165501128,0.01055812835693359,/home/2/kj405942/Byczuk_Freericks/filling_variantB_freericks/pbs_variantB_T002_typ_21x21_mu20/chunks/T_0p02__Didx_14_14__typ/dmft_solutions/T_0p02/U_1p5__Delta_1p415__w1_0p4__typ,ok,
0.02,1.6,1.415,typ,0.5,0.5,0.8506681303138237,0.4953940362564807,-0.004605963743519292,0.1900590891916507,0.09508062009110002,0.5002687348207965,13,True,0.00195219778463305,0.05826926231384277,/home/2/kj405942/Byczuk_Freericks/filling_variantB_freericks/pbs_variantB_T002_typ_21x21_mu20/chunks/T_0p02__Didx_14_14__typ/dmft_solutions/T_0p02/U_1p6__Delta_1p415__w1_0p5__typ,ok,
0.02,1.6,1.415,typ,0.45,0.55,0.8747533100319008,0.5469829930234552,-0.003017006976544834,0.1682749318907764,0.0865863866023715,0.5145530925460298,1,True,0.001857427996051097,0.008220672607421875,/home/2/kj405942/Byczuk_Freericks/filling_variantB_freericks/pbs_variantB_T002_typ_21x21_mu20/chunks/T_0p02__Didx_14_14__typ/dmft_solutions/T_0p02/U_1p6__Delta_1p415__w1_0p45__typ,ok,
0.02,1.6,1.415,typ,0.4,0.6,0.955866475328947,0.5974349539464189,-0.002565046053581099,0.2174282352029875,0.1089124360927794,0.5009121101088847,29,True,0.001976347880781206,0.1202230453491211,/home/2/kj405942/Byczuk_Freericks/filling_variantB_freericks/pbs_variantB_T002_typ_21x21_mu20/chunks/T_0p02__Didx_14_14__typ/dmft_solutions/T_0p02/U_1p6__Delta_1p415__w1_0p4__typ,ok,
0.02,1.7,1.415,typ,0.5,0.5,0.4999999999999999,0.4967072212486863,-0.003292778751313674,0.3048889710023116,0.1718114588689583,0.5635213969994858,121,True,0.001970525693224242,0.5876815319061279,/home/2/kj405942/Byczuk_Freericks/filling_variantB_freericks/pbs_variantB_T002_typ_21x21_mu20/chunks/T_0p02__Didx_14_14__typ/dmft_solutions/T_0p02/U_1p7__Delta_1p415__w1_0p5__typ,ok,
0.02,1.7,1.415,typ,0.45,0.55,0.8256668912353884,0.5549100479841317,0.004910047984131638,0.0842954314734579,0.0224868801507848,0.2667627385935529,81,True,0.001998278865056947,0.3202183246612549,/home/2/kj405942/Byczuk_Freericks/filling_variantB_freericks/pbs_variantB_T002_typ_21x21_mu20/chunks/T_0p02__Didx_14_14__typ/dmft_solutions/T_0p02/U_1p7__Delta_1p415__w1_0p45__typ,ok,
0.02,1.7,1.415,typ,0.4,0.6,1.012779724837106,0.5998868061033773,-0.0001131938966226764,0.1574251392918201,0.02135197732480343,0.1356325769877397,98,True,0.001977473426486828,0.2532544136047363,/home/2/kj405942/Byczuk_Freericks/filling_variantB_freericks/pbs_variantB_T002_typ_21x21_mu20/chunks/T_0p02__Didx_14_14__typ/dmft_solutions/T_0p02/U_1p7__Delta_1p415__w1_0p4__typ,ok,
0.02,2,1.415,typ,0.5,0.5,1.22074292692979,0.5023270164193826,0.002327016419382599,0.01666749248966803,0.002385281552049009,0.1431098021209618,119,True,0.001978509686072138,0.3899312019348145,/home/2/kj405942/Byczuk_Freericks/filling_variantB_freericks/pbs_variantB_T002_typ_21x21_mu20/chunks/T_0p02__Didx_14_14__typ/dmft_solutions/T_0p02/U_2__Delta_1p415__w1_0p5__typ,ok,
0.02,2,1.415,typ,0.45,0.55,1.141938064812849,0.5542146853252066,0.004214685325206524,0.001508109134147911,0.001099959403362257,0.7293632658645353,71,True,0.001999175188662308,0.2155642509460449,/home/2/kj405942/Byczuk_Freericks/filling_variantB_freericks/pbs_variantB_T002_typ_21x21_mu20/chunks/T_0p02__Didx_14_14__typ/dmft_solutions/T_0p02/U_2__Delta_1p415__w1_0p45__typ,ok,
0.02,2,1.415,typ,0.4,0.6,1.226064522013192,0.5989091979651986,-0.001090802034801386,0.002425650512963691,0.001283123218014535,0.5289810758627378,1,True,0.001972020848843532,0.005431652069091797,/home/2/kj405942/Byczuk_Freericks/filling_variantB_freericks/pbs_variantB_T002_typ_21x21_mu20/chunks/T_0p02__Didx_14_14__typ/dmft_solutions/T_0p02/U_2__Delta_1p415__w1_0p4__typ,ok,
0.02,1.8,1.415,typ,0.5,0.5,0.9506393920322136,0.4989397100776347,-0.001060289922365287,0.003328252931506427,0.002284346352908713,0.6863499859894294,68,True,0.001973656759194032,0.2860031127929688,/home/2/kj405942/Byczuk_Freericks/filling_variantB_freericks/pbs_variantB_T002_typ_21x21_mu20/chunks/T_0p02__Didx_14_14__typ/dmft_solutions/T_0p02/U_1p8__Delta_1p415__w1_0p5__typ,ok,
0.02,1.8,1.415,typ,0.45,0.55,0.9893682240338111,0.5457455152006624,-0.004254484799337654,0.003432271595837128,0.002289736530292098,0.6671198552787116,1,True,0.001925923542545151,0.007995843887329102,/home/2/kj405942/Byczuk_Freericks/filling_variantB_freericks/pbs_variantB_T002_typ_21x21_mu20/chunks/T_0p02__Didx_14_14__typ/dmft_solutions/T_0p02/U_1p8__Delta_1p415__w1_0p45__typ,ok,
0.02,1.8,1.415,typ,0.4,0.6,1.134224472615042,0.6040518522615889,0.004051852261588884,0.2633413027138597,0.02414608155034641,0.09169120567685107,1,True,0.001859278626449076,0.007700204849243164,/home/2/kj405942/Byczuk_Freericks/filling_variantB_freericks/pbs_variantB_T002_typ_21x21_mu20/chunks/T_0p02__Didx_14_14__typ/dmft_solutions/T_0p02/U_1p8__Delta_1p415__w1_0p4__typ,ok,
0.02,1.9,1.415,typ,0.5,0.5,1.228694114295018,0.4975688090691612,-0.002431190930838767,0.3108617744256971,0.06754853433590227,0.2172944372485009,114,True,0.001970010926100911,0.4274132251739502,/home/2/kj405942/Byczuk_Freericks/filling_variantB_freericks/pbs_variantB_T002_typ_21x21_mu20/chunks/T_0p02__Didx_14_14__typ/dmft_solutions/T_0p02/U_1p9__Delta_1p415__w1_0p5__typ,ok,
0.02,1.9,1.415,typ,0.45,0.55,1.280953866594961,0.5498901733833832,-0.0001098266166168482,0.2842696166787003,0.06754075164664303,0.2375939871301192,103,True,0.001984557067208134,0.3513131141662598,/home/2/kj405942/Byczuk_Freericks/filling_variantB_freericks/pbs_variantB_T002_typ_21x21_mu20/chunks/T_0p02__Didx_14_14__typ/dmft_solutions/T_0p02/U_1p9__Delta_1p415__w1_0p45__typ,ok,
0.02,1.9,1.415,typ,0.4,0.6,1.273114021739762,0.5972296071198137,-0.002770392880186323,0.2839245061846721,0.02854635257694385,0.100542052394648,3,True,0.001995852042102531,0.01111626625061035,/home/2/kj405942/Byczuk_Freericks/filling_variantB_freericks/pbs_variantB_T002_typ_21x21_mu20/chunks/T_0p02__Didx_14_14__typ/dmft_solutions/T_0p02/U_1p9__Delta_1p415__w1_0p4__typ,ok,
0.02,0.2,1.5125,typ,0.5,0.5,0.08667383535224241,0.5017494020896204,0.001749402089620378,0.4849230982659475,0.4206071499702793,0.8673687672836008,59,True,0.001956026932214677,0.2543656826019287,/home/2/kj405942/Byczuk_Freericks/filling_variantB_freericks/pbs_variantB_T002_typ_21x21_mu20/chunks/T_0p02__Didx_15_15__typ/dmft_solutions/T_0p02/U_0p2__Delta_1p5125__w1_0p5__typ,ok,
0.02,0.2,1.5125,typ,0.45,0.55,0.1445315416360375,0.5467211334276251,-0.003278866572374972,0.484955290902178,0.4199545001819364,0.8659653952855766,1,True,0.001661783075923356,0.008985280990600586,/home/2/kj405942/Byczuk_Freericks/filling_variantB_freericks/pbs_variantB_T002_typ_21x21_mu20/chunks/T_0p02__Didx_15_15__typ/dmft_solutions/T_0p02/U_0p2__Delta_1p5125__w1_0p45__typ,ok,
0.02,0.2,1.5125,typ,0.4,0.6,0.3308852617221222,0.5952230507699988,-0.00477694923000116,0.4845206289584447,0.4045595914821823,0.8349687656268598,12,True,0.001938972979149856,0.07126045227050781,/home/2/kj405942/Byczuk_Freericks/filling_variantB_freericks/pbs_variantB_T002_typ_21x21_mu20/chunks/T_0p02__Didx_15_15__typ/dmft_solutions/T_0p02/U_0p2__Delta_1p5125__w1_0p4__typ,ok,
0.02,0.3,1.5125,typ,0.5,0.5,0.1810799079157524,0.4975858933950127,-0.002414106604987309,0.4797368274572951,0.4265384085318003,0.8891091617721795,13,True,0.001967356938312642,0.0495903491973877,/home/2/kj405942/Byczuk_Freericks/filling_variantB_freericks/pbs_variantB_T002_typ_21x21_mu20/chunks/T_0p02__Didx_15_15__typ/dmft_solutions/T_0p02/U_0p3__Delta_1p5125__w1_0p5__typ,ok,
0.02,0.3,1.5125,typ,0.45,0.55,0.2818329333348571,0.5467981660426662,-0.003201833957333866,0.4794312923501546,0.4213968554359344,0.8789515039167813,4,True,0.001927211101159862,0.02472782135009766,/home/2/kj405942/Byczuk_Freericks/filling_variantB_freericks/pbs_variantB_T002_typ_21x21_mu20/chunks/T_0p02__Didx_15_15__typ/dmft_solutions/T_0p02/U_0p3__Delta_1p5125__w1_0p45__typ,ok,
0.02,0.3,1.5125,typ,0.4,0.6,0.3164949931118677,0.5956145581868865,-0.004385441813113511,0.4794061471721494,0.4169081506827376,0.8696345533780369,1,True,0.001992843440101037,0.009428977966308594,/home/2/kj405942/Byczuk_Freericks/filling_variantB_freericks/pbs_variantB_T002_typ_21x21_mu20/chunks/T_0p02__Didx_15_15__typ/dmft_solutions/T_0p02/U_0p3__Delta_1p5125__w1_0p4__typ,ok,
0.02,0.1,1.5125,typ,0.5,0.5,0.07031637275217927,0.5005690602195739,0.0005690602195739247,0.4883749555579473,0.4159595622370273,0.8517217304106257,4,True,0.001939229805260724,0.02230095863342285,/home/2/kj405942/Byczuk_Freericks/filling_variantB_freericks/pbs_variantB_T002_typ_21x21_mu20/chunks/T_0p02__Didx_15_15__typ/dmft_solutions/T_0p02/U_0p1__Delta_1p5125__w1_0p5__typ,ok,
0.02,0.1,1.5125,typ,0.45,0.55,0.104117189372175,0.5533725532098338,0.003372553209833762,0.4883671826127823,0.4151961391362711,0.8501720711759472,64,True,0.00192198315925661,0.2852764129638672,/home/2/kj405942/Byczuk_Freericks/filling_variantB_freericks/pbs_variantB_T002_typ_21x21_mu20/chunks/T_0p02__Didx_15_15__typ/dmft_solutions/T_0p02/U_0p1__Delta_1p5125__w1_0p45__typ,ok,
0.02,0.1,1.5125,typ,0.4,0.6,0.2328885083259735,0.5981665457085336,-0.001833454291466419,0.4882517454708928,0.4065677373954328,0.832701042375834,1,True,0.001439327507911274,0.01260566711425781,/home/2/kj405942/Byczuk_Freericks/filling_variantB_freericks/pbs_variantB_T002_typ_21x21_mu20/chunks/T_0p02__Didx_15_15__typ/dmft_solutions/T_0p02/U_0p1__Delta_1p5125__w1_0p4__typ,ok,
0.02,0,1.5125,typ,0.5,0.5,0.01752540619875125,0.49721424970373,-0.00278575029627004,0.4895819961736947,0.4142075292532657,0.8460432215450842,26,True,0.001982169362313292,0.119389533996582,/home/2/kj405942/Byczuk_Freericks/filling_variantB_freericks/pbs_variantB_T002_typ_21x21_mu20/chunks/T_0p02__Didx_15_15__typ/dmft_solutions/T_0p02/U_0__Delta_1p5125__w1_0p5__typ,ok,
0.02,0,1.5125,typ,0.45,0.55,0.1208574497468373,0.550345941226015,0.0003459412260149453,0.4895492940942413,0.4105912094787382,0.8387126984595279,4,True,0.00194967268801969,0.02771711349487305,/home/2/kj405942/Byczuk_Freericks/filling_variantB_freericks/pbs_variantB_T002_typ_21x21_mu20/chunks/T_0p02__Didx_15_15__typ/dmft_solutions/T_0p02/U_0__Delta_1p5125__w1_0p45__typ,ok,
0.02,0,1.5125,typ,0.4,0.6,0.1300485773978761,0.597327301255173,-0.002672698744827007,0.4895729690365339,0.41001239019125,0.8374898454833875,20,True,0.001921974393197713,0.1137945652008057,/home/2/kj405942/Byczuk_Freericks/filling_variantB_freericks/pbs_variantB_T002_typ_21x21_mu20/chunks/T_0p02__Didx_15_15__typ/dmft_solutions/T_0p02/U_0__Delta_1p5125__w1_0p4__typ,ok,
0.02,0.7000000000000001,1.5125,typ,0.5,0.5,0.2479018745533412,0.4959944096721469,-0.004005590327853081,0.4483775271252126,0.4346896957195133,0.9694725302281333,1,True,0.001756996881110753,0.008907318115234375,/home/2/kj405942/Byczuk_Freericks/filling_variantB_freericks/pbs_variantB_T002_typ_21x21_mu20/chunks/T_0p02__Didx_15_15__typ/dmft_solutions/T_0p02/U_0p7__Delta_1p5125__w1_0p5__typ,ok,
0.02,0.7000000000000001,1.5125,typ,0.45,0.55,0.4998377122249461,0.5516233381734772,0.001623338173477151,0.447236443864176,0.4299515370091705,0.9613517478458109,100,True,0.001989490605450867,0.4231193065643311,/home/2/kj405942/Byczuk_Freericks/filling_variantB_freericks/pbs_variantB_T002_typ_21x21_mu20/chunks/T_0p02__Didx_15_15__typ/dmft_solutions/T_0p02/U_0p7__Delta_1p5125__w1_0p45__typ,ok,
0.02,0.7000000000000001,1.5125,typ,0.4,0.6,0.5300143070635623,0.5960811894392806,-0.00391881056071941,0.4464207523762753,0.4237240228175339,0.9491584353148284,3,True,0.001765850320143135,0.02204751968383789,/home/2/kj405942/Byczuk_Freericks/filling_variantB_freericks/pbs_variantB_T002_typ_21x21_mu20/chunks/T_0p02__Didx_15_15__typ/dmft_solutions/T_0p02/U_0p7__Delta_1p5125__w1_0p4__typ,ok,
0.02,0.5,1.5125,typ,0.5,0.5,0.2703424754525485,0.4953080894347675,-0.004691910565232549,0.4659981676913587,0.4368352502078601,0.9374183859392042,1,True,0.001955853762195221,0.007191896438598633,/home/2/kj405942/Byczuk_Freericks/filling_variantB_freericks/pbs_variantB_T002_typ_21x21_mu20/chunks/T_0p02__Didx_15_15__typ/dmft_solutions/T_0p02/U_0p5__Delta_1p5125__w1_0p5__typ,ok,
0.02,0.5,1.5125,typ,0.45,0.55,0.3782449854865694,0.5507491521663176,0.000749152166317546,0.465260305440782,0.4314580457672449,0.9273476389920839,92,True,0.001992042353711314,0.4156174659729004,/home/2/kj405942/Byczuk_Freericks/filling_variantB_freericks/pbs_variantB_T002_typ_21x21_mu20/chunks/T_0p02__Didx_15_15__typ/dmft_solutions/T_0p02/U_0p5__Delta_1p5125__w1_0p45__typ,ok,
0.02,0.5,1.5125,typ,0.4,0.6,0.4519699791800022,0.5954465496309038,-0.004553450369096157,0.4639951805951094,0.4215415650644668,0.9085041886077511,1,True,0.001200617077458174,0.00989079475402832,/home/2/kj405942/Byczuk_Freericks/filling_variantB_freericks/pbs_variantB_T002_typ_21x21_mu20/chunks/T_0p02__Didx_15_15__typ/dmft_solutions/T_0p02/U_0p5__Delta_1p5125__w1_0p4__typ,ok,
0.02,0.6000000000000001,1.5125,typ,0.5,0.5,0.3364653115559506,0.4956613170805677,-0.004338682919432291,0.4579379207995987,0.4385410424418915,0.9576429959680155,43,True,0.001987489810401055,0.241239070892334,/home/2/kj405942/Byczuk_Freericks/filling_variantB_freericks/pbs_variantB_T002_typ_21x21_mu20/chunks/T_0p02__Didx_15_15__typ/dmft_solutions/T_0p02/U_0p6__Delta_1p5125__w1_0p5__typ,ok,
0.02,0.6000000000000001,1.5125,typ,0.45,0.55,0.4044685210161572,0.5479681489178622,-0.002031851082137881,0.4573780195130154,0.4348525950729041,0.9507509686099589,1,True,0.001802591262439166,0.01100945472717285,/home/2/kj405942/Byczuk_Freericks/filling_variantB_freericks/pbs_variantB_T002_typ_21x21_mu20/chunks/T_0p02__Didx_15_15__typ/dmft_solutions/T_0p02/U_0p6__Delta_1p5125__w1_0p45__typ,ok,
0.02,0.6000000000000001,1.5125,typ,0.4,0.6,0.4307374444519158,0.6020076559090399,0.002007655909039952,0.4572449372616235,0.4304474974254261,0.9413936871632007,21,True,0.001948393748517112,0.1227433681488037,/home/2/kj405942/Byczuk_Freericks/filling_variantB_freericks/pbs_variantB_T002_typ_21x21_mu20/chunks/T_0p02__Didx_15_15__typ/dmft_solutions/T_0p02/U_0p6__Delta_1p5125__w1_0p4__typ,ok,
0.02,0.4,1.5125,typ,0.5,0.5,0.2499999999999999,0.4974898095728416,-0.002510190427158387,0.4732623360230551,0.4320225607549358,0.9128606438140255,95,True,0.001894947732829421,0.4061040878295898,/home/2/kj405942/Byczuk_Freericks/filling_variantB_freericks/pbs_variantB_T002_typ_21x21_mu20/chunks/T_0p02__Didx_15_15__typ/dmft_solutions/T_0p02/U_0p4__Delta_1p5125__w1_0p5__typ,ok,
0.02,0.4,1.5125,typ,0.45,0.55,0.2229548011285859,0.5470961084387106,-0.002903891561289451,0.4734307155027987,0.4320751065941711,0.9126469670124665,1,True,0.001752329727010267,0.01123452186584473,/home/2/kj405942/Byczuk_Freericks/filling_variantB_freericks/pbs_variantB_T002_typ_21x21_mu20/chunks/T_0p02__Didx_15_15__typ/dmft_solutions/T_0p02/U_0p4__Delta_1p5125__w1_0p45__typ,ok,
0.02,0.4,1.5125,typ,0.4,0.6,0.4056783205946495,0.5982151097715661,-0.001784890228433866,0.4721583280104269,0.4178007199804652,0.8848741940886378,52,True,0.001956402626423856,0.2879195213317871,/home/2/kj405942/Byczuk_Freericks/filling_variantB_freericks/pbs_variantB_T002_typ_21x21_mu20/chunks/T_0p02__Didx_15_15__typ/dmft_solutions/T_0p02/U_0p4__Delta_1p5125__w1_0p4__typ,ok,
0.02,0.9,1.5125,typ,0.5,0.5,0.4834224878950046,0.5043986512498231,0.004398651249823082,0.4297559398356565,0.4232467882382706,0.9848538414620284,11,True,0.001906266058710062,0.05286240577697754,/home/2/kj405942/Byczuk_Freericks/filling_variantB_freericks/pbs_variantB_T002_typ_21x21_mu20/chunks/T_0p02__Didx_15_15__typ/dmft_solutions/T_0p02/U_0p9__Delta_1p5125__w1_0p5__typ,ok,
0.02,0.9,1.5125,typ,0.45,0.55,0.5627914727391731,0.5517681711221967,0.001768171122196627,0.427801129791183,0.4184242434974593,0.978081202594531,33,True,0.001951942417675285,0.1577928066253662,/home/2/kj405942/Byczuk_Freericks/filling_variantB_freericks/pbs_variantB_T002_typ_21x21_mu20/chunks/T_0p02__Didx_15_15__typ/dmft_solutions/T_0p02/U_0p9__Delta_1p5125__w1_0p45__typ,ok,
0.02,0.9,1.5125,typ,0.4,0.6,0.6163248356279516,0.5968526147934968,-0.00314738520650315,0.4253652985918555,0.4103176320481482,0.9646241322610903,2,True,0.001770785991719024,0.01380467414855957,/home/2/kj405942/Byczuk_Freericks/filling_variantB_freericks/pbs_variantB_T002_typ_21x21_mu20/chunks/T_0p02__Didx_15_15__typ/dmft_solutions/T_0p02/U_0p9__Delta_1p5125__w1_0p4__typ,ok,
0.02,0.8,1.5125,typ,0.5,0.5,0.3523888962399918,0.4956669515354918,-0.004333048464508216,0.439750264125731,0.4319376645792881,0.9822340082911032,1,True,0.001835230263778225,0.01121306419372559,/home/2/kj405942/Byczuk_Freericks/filling_variantB_freericks/pbs_variantB_T002_typ_21x21_mu20/chunks/T_0p02__Didx_15_15__typ/dmft_solutions/T_0p02/U_0p8__Delta_1p5125__w1_0p5__typ,ok,
0.02,0.8,1.5125,typ,0.45,0.55,0.495290094623582,0.5521176278771073,0.002117627877107231,0.4389574258372113,0.4288447930934451,0.9769621558981975,32,True,0.001923139665211112,0.1731185913085938,/home/2/kj405942/Byczuk_Freericks/filling_variantB_freericks/pbs_variantB_T002_typ_21x21_mu20/chunks/T_0p02__Didx_15_15__typ/dmft_solutions/T_0p02/U_0p8__Delta_1p5125__w1_0p45__typ,ok,
0.02,0.8,1.5125,typ,0.4,0.6,0.5384620569121245,0.599642276276076,-0.0003577237239239528,0.4380552818618585,0.4229198207427534,0.9654485135876568,1,True,0.001825476514175549,0.01169061660766602,/home/2/kj405942/Byczuk_Freericks/filling_variantB_freericks/pbs_variantB_T002_typ_21x21_mu20/chunks/T_0p02__Didx_15_15__typ/dmft_solutions/T_0p02/U_0p8__Delta_1p5125__w1_0p4__typ,ok,
0.02,1.1,1.5125,typ,0.5,0.5,0.4989983519371906,0.5008840435382398,0.0008840435382397871,0.4051585624135152,0.389601257709329,0.9616019352731634,1,True,0.00186309907970157,0.01136207580566406,/home/2/kj405942/Byczuk_Freericks/filling_variantB_freericks/pbs_variantB_T002_typ_21x21_mu20/chunks/T_0p02__Didx_15_15__typ/dmft_solutions/T_0p02/U_1p1__Delta_1p5125__w1_0p5__typ,ok,
0.02,1.1,1.5125,typ,0.45,0.55,0.5085553120186066,0.5479606645377703,-0.002039335462229785,0.4065299611956414,0.3901039666117317,0.9595946273293133,1,True,0.001960059212571024,0.01160621643066406,/home/2/kj405942/Byczuk_Freericks/filling_variantB_freericks/pbs_variantB_T002_typ_21x21_mu20/chunks/T_0p02__Didx_15_15__typ/dmft_solutions/T_0p02/U_1p1__Delta_1p5125__w1_0p45__typ,ok,
0.02,1.1,1.5125,typ,0.4,0.6,0.6950723105615781,0.5974388149691474,-0.002561185030852564,0.4001352960967236,0.3790672718580481,0.9473477485135858,20,True,0.001960292347289777,0.1137595176696777,/home/2/kj405942/Byczuk_Freericks/filling_variantB_freericks/pbs_variantB_T002_typ_21x21_mu20/chunks/T_0p02__Didx_15_15__typ/dmft_solutions/T_0p02/U_1p1__Delta_1p5125__w1_0p4__typ,ok,
0.02,1,1.5125,typ,0.5,0.5,0.562404525020592,0.4982376193571234,-0.001762380642876593,0.4179843086942101,0.4086643994540003,0.9777027293935379,121,True,0.001949006171300156,0.6728103160858154,/home/2/kj405942/Byczuk_Freericks/filling_variantB_freericks/pbs_variantB_T002_typ_21x21_mu20/chunks/T_0p02__Didx_15_15__typ/dmft_solutions/T_0p02/U_1__Delta_1p5125__w1_0p5__typ,ok,
0.02,1,1.5125,typ,0.45,0.55,0.4956539866389028,0.5472969549864191,-0.002703045013580985,0.4191934265934564,0.4093098934228598,0.9764224996300289,1,True,0.00182705761342054,0.01129150390625,/home/2/kj405942/Byczuk_Freericks/filling_variantB_freericks/pbs_variantB_T002_typ_21x21_mu20/chunks/T_0p02__Didx_15_15__typ/dmft_solutions/T_0p02/U_1__Delta_1p5125__w1_0p45__typ,ok,
0.02,1,1.5125,typ,0.4,0.6,0.6654213340527669,0.5973409993136666,-0.002659000686333401,0.412834740879169,0.3963881728414417,0.9601618604027778,49,True,0.001968747554810924,0.2642056941986084,/home/2/kj405942/Byczuk_Freericks/filling_variantB_freericks/pbs_variantB_T002_typ_21x21_mu20/chunks/T_0p02__Didx_15_15__typ/dmft_solutions/T_0p02/U_1__Delta_1p5125__w1_0p4__typ,ok,
0.02,1.2,1.5125,typ,0.5,0.5,0.6571296632048131,0.4960683194583689,-0.003931680541631066,0.3899986061117479,0.3642339508122088,0.93393654516766,1,True,0.001814912608858706,0.01086068153381348,/home/2/kj405942/Byczuk_Freericks/filling_variantB_freericks/pbs_variantB_T002_typ_21x21_mu20/chunks/T_0p02__Didx_15_15__typ/dmft_solutions/T_0p02/U_1p2__Delta_1p5125__w1_0p5__typ,ok,
0.02,1.2,1.5125,typ,0.45,0.55,0.5978026203224944,0.5466608755260211,-0.003339124473978994,0.3917299435885487,0.36479213205564,0.9312337186018064,37,True,0.001990719267150763,0.1949126720428467,/home/2/kj405942/Byczuk_Freericks/filling_variantB_freericks/pbs_variantB_T002_typ_21x21_mu20/chunks/T_0p02__Didx_15_15__typ/dmft_solutions/T_0p02/U_1p2__Delta_1p5125__w1_0p45__typ,ok,
0.02,1.2,1.5125,typ,0.4,0.6,0.6666397429982441,0.6005216517507852,0.0005216517507852236,0.3908457196278308,0.3605865233211221,0.9225802029109543,1,True,0.001750444576089846,0.01072430610656738,/home/2/kj405942/Byczuk_Freericks/filling_variantB_freericks/pbs_variantB_T002_typ_21x21_mu20/chunks/T_0p02__Didx_15_15__typ/dmft_solutions/T_0p02/U_1p2__Delta_1p5125__w1_0p4__typ,ok,
0.02,1.3,1.5125,typ,0.5,0.5,0.6746665521975864,0.4974130856408033,-0.002586914359196724,0.3722854435497205,0.3321508553282916,0.8921940437994355,1,True,0.001703706393453531,0.01109790802001953,/home/2/kj405942/Byczuk_Freericks/filling_variantB_freericks/pbs_variantB_T002_typ_21x21_mu20/chunks/T_0p02__Didx_15_15__typ/dmft_solutions/T_0p02/U_1p3__Delta_1p5125__w1_0p5__typ,ok,
0.02,1.3,1.5125,typ,0.45,0.55,0.743755753138976,0.5526400298419323,0.002640029841932234,0.3682359148650026,0.3280158429236961,0.890776346581915,11,True,0.001962307673156294,0.06368541717529297,/home/2/kj405942/Byczuk_Freericks/filling_variantB_freericks/pbs_variantB_T002_typ_21x21_mu20/chunks/T_0p02__Didx_15_15__typ/dmft_solutions/T_0p02/U_1p3__Delta_1p5125__w1_0p45__typ,ok,
0.02,1.3,1.5125,typ,0.4,0.6,0.7866497037976607,0.6010455850925752,0.001045585092575241,0.3635127699644975,0.3212521621335295,0.8837438150106931,8,True,0.001951871717465504,0.04788422584533691,/home/2/kj405942/Byczuk_Freericks/filling_variantB_freericks/pbs_variantB_T002_typ_21x21_mu20/chunks/T_0p02__Didx_15_15__typ/dmft_solutions/T_0p02/U_1p3__Delta_1p5125__w1_0p4__typ,ok,
0.02,1.5,1.5125,typ,0.5,0.5,0.4995264913833412,0.5028945373498304,0.002894537349830362,0.3075846937661092,0.2307408610681209,0.7501701669315796,1,True,0.001874516979265511,0.01160907745361328,/home/2/kj405942/Byczuk_Freericks/filling_variantB_freericks/pbs_variantB_T002_typ_21x21_mu20/chunks/T_0p02__Didx_15_15__typ/dmft_solutions/T_0p02/U_1p5__Delta_1p5125__w1_0p5__typ,ok,
0.02,1.5,1.5125,typ,0.45,0.55,0.8371371309475142,0.5458402629428508,-0.004159737057149226,0.3065562535208081,0.2301049578521759,0.750612506544601,1,True,0.001005483796855047,0.01111936569213867,/home/2/kj405942/Byczuk_Freericks/filling_variantB_freericks/pbs_variantB_T002_typ_21x21_mu20/chunks/T_0p02__Didx_15_15__typ/dmft_solutions/T_0p02/U_1p5__Delta_1p5125__w1_0p45__typ,ok,
0.02,1.5,1.5125,typ,0.4,0.6,0.8675913732244127,0.5959659695092963,-0.004034030490703722,0.3004532454002828,0.2244964109142426,0.7471924978382385,1,True,0.001992667500952552,0.01012730598449707,/home/2/kj405942/Byczuk_Freericks/filling_variantB_freericks/pbs_variantB_T002_typ_21x21_mu20/chunks/T_0p02__Didx_15_15__typ/dmft_solutions/T_0p02/U_1p5__Delta_1p5125__w1_0p4__typ,ok,
0.02,1.4,1.5125,typ,0.5,0.5,0.7313557903652538,0.5025554993923039,0.002555499392303928,0.3478481314648738,0.2897456097558815,0.8329658363714411,25,True,0.001950049394086915,0.1449246406555176,/home/2/kj405942/Byczuk_Freericks/filling_variantB_freericks/pbs_variantB_T002_typ_21x21_mu20/chunks/T_0p02__Didx_15_15__typ/dmft_solutions/T_0p02/U_1p4__Delta_1p5125__w1_0p5__typ,ok,
0.02,1.4,1.5125,typ,0.45,0.55,0.8098663475989849,0.5512602766712703,0.001260276671270266,0.3407688050827152,0.2844563655713913,0.8347488424075229,63,True,0.001992264510567763,0.340278148651123,/home/2/kj405942/Byczuk_Freericks/filling_variantB_freericks/pbs_variantB_T002_typ_21x21_mu20/chunks/T_0p02__Didx_15_15__typ/dmft_solutions/T_0p02/U_1p4__Delta_1p5125__w1_0p45__typ,ok,
0.02,1.4,1.5125,typ,0.4,0.6,0.7600892783117489,0.5961454846234023,-0.003854515376597645,0.3482425593970782,0.2857727598542092,0.820614115485986,3,True,0.001987320108279097,0.01953721046447754,/home/2/kj405942/Byczuk_Freericks/filling_variantB_freericks/pbs_variantB_T002_typ_21x21_mu20/chunks/T_0p02__Didx_15_15__typ/dmft_solutions/T_0p02/U_1p4__Delta_1p5125__w1_0p4__typ,ok,
0.02,1.6,1.5125,typ,0.5,0.5,0.8865086893333438,0.4959012273871103,-0.004098772612889656,0.2647984023129635,0.1612071781079709,0.6087921101481617,1,True,0.001368821038276027,0.009617090225219727,/home/2/kj405942/Byczuk_Freericks/filling_variantB_freericks/pbs_variantB_T002_typ_21x21_mu20/chunks/T_0p02__Didx_15_15__typ/dmft_solutions/T_0p02/U_1p6__Delta_1p5125__w1_0p5__typ,ok,
0.02,1.6,1.5125,typ,0.45,0.55,0.9018639508432099,0.5522412087613612,0.002241208761361135,0.2501259091177115,0.1559517974203265,0.6234931757786604,1,True,0.001729176774095673,0.009726047515869141,/home/2/kj405942/Byczuk_Freericks/filling_variantB_freericks/pbs_variantB_T002_typ_21x21_mu20/chunks/T_0p02__Didx_15_15__typ/dmft_solutions/T_0p02/U_1p6__Delta_1p5125__w1_0p45__typ,ok,
0.02,1.6,1.5125,typ,0.4,0.6,0.9164916263713347,0.603426842662241,0.003426842662241025,0.235333177932846,0.1457926254260924,0.6195158145856311,3,True,0.001998742324883772,0.0196986198425293,/home/2/kj405942/Byczuk_Freericks/filling_variantB_freericks/pbs_variantB_T002_typ_21x21_mu20/chunks/T_0p02__Didx_15_15__typ/dmft_solutions/T_0p02/U_1p6__Delta_1p5125__w1_0p4__typ,ok,
0.02,1.7,1.5125,typ,0.5,0.5,1,0.5022641248412191,0.002264124841219073,0.271026780494362,0.1136886234149975,0.4194737627315853,131,True,0.001971596082876765,0.6596646308898926,/home/2/kj405942/Byczuk_Freericks/filling_variantB_freericks/pbs_variantB_T002_typ_21x21_mu20/chunks/T_0p02__Didx_15_15__typ/dmft_solutions/T_0p02/U_1p7__Delta_1p5125__w1_0p5__typ,ok,
0.02,1.7,1.5125,typ,0.45,0.55,0.9405031842160255,0.5515938079168274,0.001593807916827394,0.1759019630370411,0.05618898112509513,0.3194335080459731,1,True,0.001511139572369378,0.009751319885253906,/home/2/kj405942/Byczuk_Freericks/filling_variantB_freericks/pbs_variantB_T002_typ_21x21_mu20/chunks/T_0p02__Didx_15_15__typ/dmft_solutions/T_0p02/U_1p7__Delta_1p5125__w1_0p45__typ,ok,
0.02,1.7,1.5125,typ,0.4,0.6,0.7063017285479384,0.5961106457719044,-0.003889354228095554,0.3231031246039634,0.1506691965429876,0.4663192184466401,93,True,0.001974429707258784,0.465430736541748,/home/2/kj405942/Byczuk_Freericks/filling_variantB_freericks/pbs_variantB_T002_typ_21x21_mu20/chunks/T_0p02__Didx_15_15__typ/dmft_solutions/T_0p02/U_1p7__Delta_1p5125__w1_0p4__typ,ok,
0.02,2,1.5125,typ,0.5,0.5,0.9759575700625293,0.5027592180272954,0.002759218027295396,0.001456062477652375,0.001159467278118632,0.7963032465392921,14,True,0.001982423021873707,0.06227016448974609,/home/2/kj405942/Byczuk_Freericks/filling_variantB_freericks/pbs_variantB_T002_typ_21x21_mu20/chunks/T_0p02__Didx_15_15__typ/dmft_solutions/T_0p02/U_2__Delta_1p5125__w1_0p5__typ,ok,
0.02,2,1.5125,typ,0.45,0.55,0.9754151466220954,0.5487418569361204,-0.001258143063879613,0.001609528645489719,0.001203856511549022,0.7479559403447172,1,True,0.001784789535600191,0.009245634078979492,/home/2/kj405942/Byczuk_Freericks/filling_variantB_freericks/pbs_variantB_T002_typ_21x21_mu20/chunks/T_0p02__Didx_15_15__typ/dmft_solutions/T_0p02/U_2__Delta_1p5125__w1_0p45__typ,ok,
0.02,2,1.5125,typ,0.4,0.6,1.353149911141101,0.6006985902821002,0.0006985902821001755,0.3165873018181911,0.01107805591325127,0.03499210438835967,41,True,0.001934026328174149,0.1250298023223877,/home/2/kj405942/Byczuk_Freericks/filling_variantB_freericks/pbs_variantB_T002_typ_21x21_mu20/chunks/T_0p02__Didx_15_15__typ/dmft_solutions/T_0p02/U_2__Delta_1p5125__w1_0p4__typ,ok,
0.02,1.8,1.5125,typ,0.5,0.5,1.063969227341613,0.4981333737328555,-0.001866626267144511,0.2816558671652402,0.05766941815738427,0.2047513468751961,1,True,0.001481884245890378,0.00986480712890625,/home/2/kj405942/Byczuk_Freericks/filling_variantB_freericks/pbs_variantB_T002_typ_21x21_mu20/chunks/T_0p02__Didx_15_15__typ/dmft_solutions/T_0p02/U_1p8__Delta_1p5125__w1_0p5__typ,ok,
0.02,1.8,1.5125,typ,0.45,0.55,0.9090166354198742,0.547457156810125,-0.002542843189875077,0.005954700588497634,0.003594695319750707,0.6036735628142885,1,True,0.001982027325310705,0.007482528686523438,/home/2/kj405942/Byczuk_Freericks/filling_variantB_freericks/pbs_variantB_T002_typ_21x21_mu20/chunks/T_0p02__Didx_15_15__typ/dmft_solutions/T_0p02/U_1p8__Delta_1p5125__w1_0p45__typ,ok,
0.02,1.8,1.5125,typ,0.4,0.6,0.9548785886169189,0.6016327284792548,0.001632728479254775,0.004814090979873427,0.003098855580739027,0.6437052381632602,45,True,0.00193400292130894,0.1685750484466553,/home/2/kj405942/Byczuk_Freericks/filling_variantB_freericks/pbs_variantB_T002_typ_21x21_mu20/chunks/T_0p02__Didx_15_15__typ/dmft_solutions/T_0p02/U_1p8__Delta_1p5125__w1_0p4__typ,ok,
0.02,1.9,1.5125,typ,0.5,0.5,1.073182535126648,0.4957944083871184,-0.004205591612881643,0.008828894861778343,0.002625919209695101,0.2974233186378867,39,True,0.001999671577558737,0.1640169620513916,/home/2/kj405942/Byczuk_Freericks/filling_variantB_freericks/pbs_variantB_T002_typ_21x21_mu20/chunks/T_0p02__Didx_15_15__typ/dmft_solutions/T_0p02/U_1p9__Delta_1p5125__w1_0p5__typ,ok,
0.02,1.9,1.5125,typ,0.45,0.55,1.072330121931733,0.5464475378632709,-0.003552462136729106,0.004256439108220991,0.002121813381720641,0.4984949456043007,1,True,0.001152396542382716,0.00814366340637207,/home/2/kj405942/Byczuk_Freericks/filling_variantB_freericks/pbs_variantB_T002_typ_21x21_mu20/chunks/T_0p02__Didx_15_15__typ/dmft_solutions/T_0p02/U_1p9__Delta_1p5125__w1_0p45__typ,ok,
0.02,1.9,1.5125,typ,0.4,0.6,1.159215153122949,0.5983987126724356,-0.001601287327564371,0.2163929268808744,0.003605284551021663,0.01666082437623478,1,True,0.001939513631214676,0.007244110107421875,/home/2/kj405942/Byczuk_Freericks/filling_variantB_freericks/pbs_variantB_T002_typ_21x21_mu20/chunks/T_0p02__Didx_15_15__typ/dmft_solutions/T_0p02/U_1p9__Delta_1p5125__w1_0p4__typ,ok,
0.02,0,1.61,typ,0.5,0.5,0.003346111584491815,0.5038118430951359,0.003811843095135936,0.4778031845010516,0.3871381667269018,0.8102460998270089,18,True,0.001934533906674995,0.08204531669616699,/home/2/kj405942/Byczuk_Freericks/filling_variantB_freericks/pbs_variantB_T002_typ_21x21_mu20/chunks/T_0p02__Didx_16_16__typ/dmft_solutions/T_0p02/U_0__Delta_1p61__w1_0p5__typ,ok,
0.02,0,1.61,typ,0.45,0.55,0.1418568154551472,0.5502589525837965,0.0002589525837964901,0.4779559050456564,0.3822554827646539,0.7997714406899925,13,True,0.001965917256124833,0.07127785682678223,/home/2/kj405942/Byczuk_Freericks/filling_variantB_freericks/pbs_variantB_T002_typ_21x21_mu20/chunks/T_0p02__Didx_16_16__typ/dmft_solutions/T_0p02/U_0__Delta_1p61__w1_0p45__typ,ok,
0.02,0,1.61,typ,0.4,0.6,0.2516157406123949,0.5998457071301097,-0.0001542928698903268,0.4782433007027196,0.371256713550188,0.7762925544480643,23,True,0.001950391814269089,0.1052274703979492,/home/2/kj405942/Byczuk_Freericks/filling_variantB_freericks/pbs_variantB_T002_typ_21x21_mu20/chunks/T_0p02__Didx_16_16__typ/dmft_solutions/T_0p02/U_0__Delta_1p61__w1_0p4__typ,ok,
0.02,0.3,1.61,typ,0.5,0.5,0.1947487134696717,0.4967701135717832,-0.00322988642821681,0.468180935387031,0.4028735464804793,0.8605082266911103,2,True,0.001888991118409976,0.01265215873718262,/home/2/kj405942/Byczuk_Freericks/filling_variantB_freericks/pbs_variantB_T002_typ_21x21_mu20/chunks/T_0p02__Didx_16_16__typ/dmft_solutions/T_0p02/U_0p3__Delta_1p61__w1_0p5__typ,ok,
0.02,0.3,1.61,typ,0.45,0.55,0.2927396687948642,0.548623288033396,-0.001376711966604049,0.4680771465959902,0.3973490696101897,0.8488965387433286,41,True,0.001918370411634103,0.2307071685791016,/home/2/kj405942/Byczuk_Freericks/filling_variantB_freericks/pbs_variantB_T002_typ_21x21_mu20/chunks/T_0p02__Didx_16_16__typ/dmft_solutions/T_0p02/U_0p3__Delta_1p61__w1_0p45__typ,ok,
0.02,0.3,1.61,typ,0.4,0.6,0.1913022191996314,0.6034708282396004,0.003470828239600432,0.4685180417635039,0.4016819836467342,0.857345817750799,109,True,0.001934342648095942,0.5219352245330811,/home/2/kj405942/Byczuk_Freericks/filling_variantB_freericks/pbs_variantB_T002_typ_21x21_mu20/chunks/T_0p02__Didx_16_16__typ/dmft_solutions/T_0p02/U_0p3__Delta_1p61__w1_0p4__typ,ok,
0.02,0.2,1.61,typ,0.5,0.5,0.122825401558691,0.4950594814349076,-0.004940518565092422,0.4732018098384145,0.3953142693116351,0.8354031220772891,1,True,0.001523916834270935,0.007497549057006836,/home/2/kj405942/Byczuk_Freericks/filling_variantB_freericks/pbs_variantB_T002_typ_21x21_mu20/chunks/T_0p02__Didx_16_16__typ/dmft_solutions/T_0p02/U_0p2__Delta_1p61__w1_0p5__typ,ok,
0.02,0.2,1.61,typ,0.45,0.55,0.1689157276317836,0.5536805030975919,0.003680503097591825,0.4732480213331219,0.3938964754126517,0.832325667845499,35,True,0.001934900670533819,0.1460583209991455,/home/2/kj405942/Byczuk_Freericks/filling_variantB_freericks/pbs_variantB_T002_typ_21x21_mu20/chunks/T_0p02__Didx_16_16__typ/dmft_solutions/T_0p02/U_0p2__Delta_1p61__w1_0p45__typ,ok,
0.02,0.2,1.61,typ,0.4,0.6,0.3439457667259866,0.5977049218405708,-0.002295078159429198,0.4733275655429404,0.3779581244478954,0.7985128100755141,83,True,0.001970728783734714,0.3568346500396729,/home/2/kj405942/Byczuk_Freericks/filling_variantB_freericks/pbs_variantB_T002_typ_21x21_mu20/chunks/T_0p02__Didx_16_16__typ/dmft_solutions/T_0p02/U_0p2__Delta_1p61__w1_0p4__typ,ok,
0.02,0.1,1.61,typ,0.5,0.5,0.09544808807734742,0.5027152894265692,0.002715289426569178,0.4765982912715231,0.3889513295394965,0.8160988754319869,80,True,0.001973962609798607,0.3389737606048584,/home/2/kj405942/Byczuk_Freericks/filling_variantB_freericks/pbs_variantB_T002_typ_21x21_mu20/chunks/T_0p02__Didx_16_16__typ/dmft_solutions/T_0p02/U_0p1__Delta_1p61__w1_0p5__typ,ok,
0.02,0.1,1.61,typ,0.45,0.55,0.1530321702601372,0.5514827469289691,0.001482746928969103,0.4767252291107308,0.3866472928067891,0.8110485227056885,5,True,0.001963940288280163,0.03171563148498535,/home/2/kj405942/Byczuk_Freericks/filling_variantB_freericks/pbs_variantB_T002_typ_21x21_mu20/chunks/T_0p02__Didx_16_16__typ/dmft_solutions/T_0p02/U_0p1__Delta_1p61__w1_0p45__typ,ok,
0.02,0.1,1.61,typ,0.4,0.6,0.2777354507312755,0.597556050905078,-0.00244394909492196,0.4769010945590109,0.3751153751369175,0.7865684927475068,8,True,0.001976493856634318,0.04025006294250488,/home/2/kj405942/Byczuk_Freericks/filling_variantB_freericks/pbs_variantB_T002_typ_21x21_mu20/chunks/T_0p02__Didx_16_16__typ/dmft_solutions/T_0p02/U_0p1__Delta_1p61__w1_0p4__typ,ok,
0.02,0.7000000000000001,1.61,typ,0.5,0.5,0.4003073668181574,0.4971385792160459,-0.002861420783954127,0.4401889425281127,0.4227363944242319,0.9603521433236224,1,True,0.001996201200987775,0.01096439361572266,/home/2/kj405942/Byczuk_Freericks/filling_variantB_freericks/pbs_variantB_T002_typ_21x21_mu20/chunks/T_0p02__Didx_16_16__typ/dmft_solutions/T_0p02/U_0p7__Delta_1p61__w1_0p5__typ,ok,
0.02,0.7000000000000001,1.61,typ,0.45,0.55,0.4120193668423354,0.5496906543850136,-0.0003093456149864116,0.4402150554742803,0.4213263646561628,0.9570921289873489,1,True,0.001587247782761501,0.01072263717651367,/home/2/kj405942/Byczuk_Freericks/filling_variantB_freericks/pbs_variantB_T002_typ_21x21_mu20/chunks/T_0p02__Didx_16_16__typ/dmft_solutions/T_0p02/U_0p7__Delta_1p61__w1_0p45__typ,ok,
0.02,0.7000000000000001,1.61,typ,0.4,0.6,0.5779749614583889,0.6003696454255365,0.0003696454255365245,0.4366767968999531,0.4037386794752744,0.924570946616554,14,True,0.001866571341570587,0.08042073249816895,/home/2/kj405942/Byczuk_Freericks/filling_variantB_freericks/pbs_variantB_T002_typ_21x21_mu20/chunks/T_0p02__Didx_16_16__typ/dmft_solutions/T_0p02/U_0p7__Delta_1p61__w1_0p4__typ,ok,
0.02,0.5,1.61,typ,0.5,0.5,0.2270455671526062,0.5045598352903017,0.004559835290301684,0.4553348349538487,0.4176968329361307,0.9173399460607206,48,True,0.001965159050712935,0.2004377841949463,/home/2/kj405942/Byczuk_Freericks/filling_variantB_freericks/pbs_variantB_T002_typ_21x21_mu20/chunks/T_0p02__Didx_16_16__typ/dmft_solutions/T_0p02/U_0p5__Delta_1p61__w1_0p5__typ,ok,
0.02,0.5,1.61,typ,0.45,0.55,0.3207207257925758,0.5527844663467553,0.002784466346755221,0.4552874626651567,0.4157204641402509,0.9130944693858053,5,True,0.00191087845881656,0.03287720680236816,/home/2/kj405942/Byczuk_Freericks/filling_variantB_freericks/pbs_variantB_T002_typ_21x21_mu20/chunks/T_0p02__Didx_16_16__typ/dmft_solutions/T_0p02/U_0p5__Delta_1p61__w1_0p45__typ,ok,
0.02,0.5,1.61,typ,0.4,0.6,0.4700423098537421,0.5951200333026683,-0.004879966697331706,0.4538982184847861,0.4006520848140674,0.8826914680377768,1,True,0.001962437885673963,0.01080155372619629,/home/2/kj405942/Byczuk_Freericks/filling_variantB_freericks/pbs_variantB_T002_typ_21x21_mu20/chunks/T_0p02__Didx_16_16__typ/dmft_solutions/T_0p02/U_0p5__Delta_1p61__w1_0p4__typ,ok,
0.02,0.4,1.61,typ,0.5,0.5,0.1778010594688554,0.4975390887930016,-0.002460911206998373,0.4621267707046214,0.411119468041747,0.8896248694160225,1,True,0.001813998355619268,0.007003068923950195,/home/2/kj405942/Byczuk_Freericks/filling_variantB_freericks/pbs_variantB_T002_typ_21x21_mu20/chunks/T_0p02__Didx_16_16__typ/dmft_solutions/T_0p02/U_0p4__Delta_1p61__w1_0p5__typ,ok,
0.02,0.4,1.61,typ,0.45,0.55,0.2729594136826324,0.5456085117872731,-0.004391488212726946,0.4621228522781183,0.409238043845378,0.8855611485732959,82,True,0.001938170090870516,0.3779816627502441,/home/2/kj405942/Byczuk_Freericks/filling_variantB_freericks/pbs_variantB_T002_typ_21x21_mu20/chunks/T_0p02__Didx_16_16__typ/dmft_solutions/T_0p02/U_0p4__Delta_1p61__w1_0p45__typ,ok,
0.02,0.4,1.61,typ,0.4,0.6,0.4046012543838268,0.5972122727453824,-0.002787727254617622,0.4615734211568057,0.3967740682301256,0.859612035796432,81,True,0.001968420120887764,0.3785936832427979,/home/2/kj405942/Byczuk_Freericks/filling_variantB_freericks/pbs_variantB_T002_typ_21x21_mu20/chunks/T_0p02__Didx_16_16__typ/dmft_solutions/T_0p02/U_0p4__Delta_1p61__w1_0p4__typ,ok,
0.02,0.6000000000000001,1.61,typ,0.5,0.5,0.2922068527102876,0.497472026146764,-0.002527973853235999,0.4480625314246548,0.4220602655449353,0.9419673280935967,1,True,0.001781261304175005,0.009941816329956055,/home/2/kj405942/Byczuk_Freericks/filling_variantB_freericks/pbs_variantB_T002_typ_21x21_mu20/chunks/T_0p02__Didx_16_16__typ/dmft_solutions/T_0p02/U_0p6__Delta_1p61__w1_0p5__typ,ok,
0.02,0.6000000000000001,1.61,typ,0.45,0.55,0.4062366119727568,0.5471139519386455,-0.002886048061354507,0.447580180683725,0.4179877178007665,0.9338834377390149,29,True,0.001999947716534919,0.1356840133666992,/home/2/kj405942/Byczuk_Freericks/filling_variantB_freericks/pbs_variantB_T002_typ_21x21_mu20/chunks/T_0p02__Didx_16_16__typ/dmft_solutions/T_0p02/U_0p6__Delta_1p61__w1_0p45__typ,ok,
0.02,0.6000000000000001,1.61,typ,0.4,0.6,0.475958746886866,0.5966236942325116,-0.003376305767488375,0.446848381756169,0.4095124889483692,0.9164461720526654,50,True,0.001993134025563271,0.2348084449768066,/home/2/kj405942/Byczuk_Freericks/filling_variantB_freericks/pbs_variantB_T002_typ_21x21_mu20/chunks/T_0p02__Didx_16_16__typ/dmft_solutions/T_0p02/U_0p6__Delta_1p61__w1_0p4__typ,ok,
0.02,0.8,1.61,typ,0.5,0.5,0.4441398130071131,0.4967645027940246,-0.003235497205975379,0.4320322463557284,0.4206015488760307,0.9735420270683087,41,True,0.001994852630816375,0.2222306728363037,/home/2/kj405942/Byczuk_Freericks/filling_variantB_freericks/pbs_variantB_T002_typ_21x21_mu20/chunks/T_0p02__Didx_16_16__typ/dmft_solutions/T_0p02/U_0p8__Delta_1p61__w1_0p5__typ,ok,
0.02,0.8,1.61,typ,0.45,0.55,0.4978621610640611,0.5542878227214735,0.004287822721473433,0.4312949461719648,0.4171056350379258,0.9671006784104967,7,True,0.001820232243432463,0.04133129119873047,/home/2/kj405942/Byczuk_Freericks/filling_variantB_freericks/pbs_variantB_T002_typ_21x21_mu20/chunks/T_0p02__Didx_16_16__typ/dmft_solutions/T_0p02/U_0p8__Delta_1p61__w1_0p45__typ,ok,
0.02,0.8,1.61,typ,0.4,0.6,0.4920674173303209,0.5960915944720655,-0.003908405527934478,0.4319914335269815,0.4149053702645805,0.9604481433279769,4,True,0.001997592733138713,0.02740025520324707,/home/2/kj405942/Byczuk_Freericks/filling_variantB_freericks/pbs_variantB_T002_typ_21x21_mu20/chunks/T_0p02__Didx_16_16__typ/dmft_solutions/T_0p02/U_0p8__Delta_1p61__w1_0p4__typ,ok,
0.02,0.9,1.61,typ,0.5,0.5,0.4555081404864846,0.504719479393021,0.004719479393020976,0.4234499704145483,0.4147644210516177,0.9794886055738117,21,True,0.001974232045502568,0.09560894966125488,/home/2/kj405942/Byczuk_Freericks/filling_variantB_freericks/pbs_variantB_T002_typ_21x21_mu20/chunks/T_0p02__Didx_16_16__typ/dmft_solutions/T_0p02/U_0p9__Delta_1p61__w1_0p5__typ,ok,
0.02,0.9,1.61,typ,0.45,0.55,0.505373574327442,0.5522859241575157,0.002285924157515606,0.4232171326117783,0.4129312474129663,0.9756959621758805,1,True,0.001671296839274845,0.009015083312988281,/home/2/kj405942/Byczuk_Freericks/filling_variantB_freericks/pbs_variantB_T002_typ_21x21_mu20/chunks/T_0p02__Didx_16_16__typ/dmft_solutions/T_0p02/U_0p9__Delta_1p61__w1_0p45__typ,ok,
0.02,0.9,1.61,typ,0.4,0.6,0.5181708835972292,0.5976421562164065,-0.002357843783593494,0.4237531806508679,0.4100489315934441,0.9676598319890494,9,True,0.001985780592513845,0.04258584976196289,/home/2/kj405942/Byczuk_Freericks/filling_variantB_freericks/pbs_variantB_T002_typ_21x21_mu20/chunks/T_0p02__Didx_16_16__typ/dmft_solutions/T_0p02/U_0p9__Delta_1p61__w1_0p4__typ,ok,
0.02,1.1,1.61,typ,0.5,0.5,0.6192165618623634,0.4959306644393799,-0.004069335560620113,0.4027102068170033,0.3874213861202104,0.9620351795460197,21,True,0.00193829018763294,0.1018607616424561,/home/2/kj405942/Byczuk_Freericks/filling_variantB_freericks/pbs_variantB_T002_typ_21x21_mu20/chunks/T_0p02__Didx_16_16__typ/dmft_solutions/T_0p02/U_1p1__Delta_1p61__w1_0p5__typ,ok,
0.02,1.1,1.61,typ,0.45,0.55,0.6230799639182739,0.5470244453621699,-0.002975554637830169,0.4024143107315544,0.3858442509359279,0.9588233833794241,1,True,0.001096560636489167,0.009597301483154297,/home/2/kj405942/Byczuk_Freericks/filling_variantB_freericks/pbs_variantB_T002_typ_21x21_mu20/chunks/T_0p02__Didx_16_16__typ/dmft_solutions/T_0p02/U_1p1__Delta_1p61__w1_0p45__typ,ok,
0.02,1.1,1.61,typ,0.4,0.6,0.6306267475834825,0.5984327282608182,-0.001567271739181808,0.4031084052955011,0.3830160632270906,0.9501564794867482,1,True,0.001900433485101733,0.009494304656982422,/home/2/kj405942/Byczuk_Freericks/filling_variantB_freericks/pbs_variantB_T002_typ_21x21_mu20/chunks/T_0p02__Didx_16_16__typ/dmft_solutions/T_0p02/U_1p1__Delta_1p61__w1_0p4__typ,ok,
0.02,1,1.61,typ,0.5,0.5,0.4697652206792416,0.5003457271411781,0.0003457271411780871,0.413865249809113,0.4038851866275059,0.9758857183921332,1,True,0.001902316122223927,0.009136199951171875,/home/2/kj405942/Byczuk_Freericks/filling_variantB_freericks/pbs_variantB_T002_typ_21x21_mu20/chunks/T_0p02__Didx_16_16__typ/dmft_solutions/T_0p02/U_1__Delta_1p61__w1_0p5__typ,ok,
0.02,1,1.61,typ,0.45,0.55,0.5346944295164864,0.5460836676458537,-0.003916332354146346,0.4140796239560863,0.4030021717002368,0.9732480141137679,62,True,0.001942752982129642,0.2864272594451904,/home/2/kj405942/Byczuk_Freericks/filling_variantB_freericks/pbs_variantB_T002_typ_21x21_mu20/chunks/T_0p02__Didx_16_16__typ/dmft_solutions/T_0p02/U_1__Delta_1p61__w1_0p45__typ,ok,
0.02,1,1.61,typ,0.4,0.6,0.6083273884435247,0.5996135617730072,-0.0003864382269928024,0.4126922070530771,0.3965365738369822,0.9608530693335406,82,True,0.001924987955008057,0.3721475601196289,/home/2/kj405942/Byczuk_Freericks/filling_variantB_freericks/pbs_variantB_T002_typ_21x21_mu20/chunks/T_0p02__Didx_16_16__typ/dmft_solutions/T_0p02/U_1__Delta_1p61__w1_0p4__typ,ok,
0.02,1.2,1.61,typ,0.5,0.5,0.4887933986324517,0.4994593498780572,-0.0005406501219427651,0.3884512655495405,0.3639223925893205,0.9368546967519358,1,True,0.001961739276860099,0.01147842407226562,/home/2/kj405942/Byczuk_Freericks/filling_variantB_freericks/pbs_variantB_T002_typ_21x21_mu20/chunks/T_0p02__Didx_16_16__typ/dmft_solutions/T_0p02/U_1p2__Delta_1p61__w1_0p5__typ,ok,
0.02,1.2,1.61,typ,0.45,0.55,0.4906733495742946,0.5453412589551945,-0.00465874104480557,0.3903833211337082,0.364960313295463,0.9348768083523279,1,True,0.001860827193263425,0.01114606857299805,/home/2/kj405942/Byczuk_Freericks/filling_variantB_freericks/pbs_variantB_T002_typ_21x21_mu20/chunks/T_0p02__Didx_16_16__typ/dmft_solutions/T_0p02/U_1p2__Delta_1p61__w1_0p45__typ,ok,
0.02,1.2,1.61,typ,0.4,0.6,0.7198431096458264,0.5973440005368389,-0.002655999463161085,0.3879658795616698,0.3586929998324387,0.9245477984757214,1,True,0.001062765151779772,0.01116204261779785,/home/2/kj405942/Byczuk_Freericks/filling_variantB_freericks/pbs_variantB_T002_typ_21x21_mu20/chunks/T_0p02__Didx_16_16__typ/dmft_solutions/T_0p02/U_1p2__Delta_1p61__w1_0p4__typ,ok,
0.02,1.3,1.61,typ,0.5,0.5,0.7386607022478862,0.496406873758002,-0.003593126241998035,0.3750098530526454,0.3379531856372213,0.9011848165754144,2,True,0.001905064702871982,0.01403093338012695,/home/2/kj405942/Byczuk_Freericks/filling_variantB_freericks/pbs_variantB_T002_typ_21x21_mu20/chunks/T_0p02__Didx_16_16__typ/dmft_solutions/T_0p02/U_1p3__Delta_1p61__w1_0p5__typ,ok,
0.02,1.3,1.61,typ,0.45,0.55,0.7770503760085619,0.5481286527123077,-0.001871347287692338,0.371190297539584,0.3333519818941758,0.8980622179614672,8,True,0.001970513845254225,0.04094457626342773,/home/2/kj405942/Byczuk_Freericks/filling_variantB_freericks/pbs_variantB_T002_typ_21x21_mu20/chunks/T_0p02__Didx_16_16__typ/dmft_solutions/T_0p02/U_1p3__Delta_1p61__w1_0p45__typ,ok,
0.02,1.3,1.61,typ,0.4,0.6,0.8138263829221266,0.5957599894566865,-0.004240010543313466,0.3669940982511427,0.3260969447657163,0.8885618224371568,76,True,0.001984240431519647,0.33646559715271,/home/2/kj405942/Byczuk_Freericks/filling_variantB_freericks/pbs_variantB_T002_typ_21x21_mu20/chunks/T_0p02__Didx_16_16__typ/dmft_solutions/T_0p02/U_1p3__Delta_1p61__w1_0p4__typ,ok,
0.02,1.4,1.61,typ,0.5,0.5,0.7481744412994651,0.4975014548467755,-0.002498545153224507,0.3591017238066738,0.3045232312265515,0.8480138385258623,1,True,0.001698994485726068,0.009942054748535156,/home/2/kj405942/Byczuk_Freericks/filling_variantB_freericks/pbs_variantB_T002_typ_21x21_mu20/chunks/T_0p02__Didx_16_16__typ/dmft_solutions/T_0p02/U_1p4__Delta_1p61__w1_0p5__typ,ok,
0.02,1.4,1.61,typ,0.45,0.55,0.7481238862080802,0.5467330403089106,-0.003266959691089477,0.3593539620165145,0.303525629377656,0.8446425014334672,8,True,0.001837651829593655,0.04029679298400879,/home/2/kj405942/Byczuk_Freericks/filling_variantB_freericks/pbs_variantB_T002_typ_21x21_mu20/chunks/T_0p02__Didx_16_16__typ/dmft_solutions/T_0p02/U_1p4__Delta_1p61__w1_0p45__typ,ok,
0.02,1.4,1.61,typ,0.4,0.6,0.7833408550224277,0.6002206776513664,0.0002206776513664632,0.3580130590200966,0.2991810070666955,0.8356706537062418,1,True,0.001671117742156653,0.00883936882019043,/home/2/kj405942/Byczuk_Freericks/filling_variantB_freericks/pbs_variantB_T002_typ_21x21_mu20/chunks/T_0p02__Didx_16_16__typ/dmft_solutions/T_0p02/U_1p4__Delta_1p61__w1_0p4__typ,ok,
0.02,1.5,1.61,typ,0.5,0.5,0.7615853450915667,0.497981717016041,-0.002018282983959008,0.3359061903462511,0.2596957564942355,0.7731198887003004,3,True,0.001968001382966419,0.01778912544250488,/home/2/kj405942/Byczuk_Freericks/filling_variantB_freericks/pbs_variantB_T002_typ_21x21_mu20/chunks/T_0p02__Didx_16_16__typ/dmft_solutions/T_0p02/U_1p5__Delta_1p61__w1_0p5__typ,ok,
0.02,1.5,1.61,typ,0.45,0.55,0.7600723186634927,0.5478253932749028,-0.002174606725097283,0.336996905508864,0.259249571626224,0.7692936267018776,1,True,0.0008776964793014996,0.009093999862670898,/home/2/kj405942/Byczuk_Freericks/filling_variantB_freericks/pbs_variantB_T002_typ_21x21_mu20/chunks/T_0p02__Didx_16_16__typ/dmft_solutions/T_0p02/U_1p5__Delta_1p61__w1_0p45__typ,ok,
0.02,1.5,1.61,typ,0.4,0.6,0.7565800971767742,0.5988565287400038,-0.001143471259996143,0.3415090288708111,0.2582067578725848,0.7560759337061669,1,True,0.001290264638462563,0.008530139923095703,/home/2/kj405942/Byczuk_Freericks/filling_variantB_freericks/pbs_variantB_T002_typ_21x21_mu20/chunks/T_0p02__Didx_16_16__typ/dmft_solutions/T_0p02/U_1p5__Delta_1p61__w1_0p4__typ,ok,
0.02,1.6,1.61,typ,0.5,0.5,1,0.5039019465725935,0.003901946572593462,0.2940202489331505,0.196747107358272,0.6691617603623113,128,True,0.001986716209666219,0.6192126274108887,/home/2/kj405942/Byczuk_Freericks/filling_variantB_freericks/pbs_variantB_T002_typ_21x21_mu20/chunks/T_0p02__Didx_16_16__typ/dmft_solutions/T_0p02/U_1p6__Delta_1p61__w1_0p5__typ,ok,
0.02,1.6,1.61,typ,0.45,0.55,0.9094479837830487,0.545892913328505,-0.004107086671495064,0.2885663111231447,0.1941234143616084,0.6727168310328744,1,True,0.001795038694151513,0.01052522659301758,/home/2/kj405942/Byczuk_Freericks/filling_variantB_freericks/pbs_variantB_T002_typ_21x21_mu20/chunks/T_0p02__Didx_16_16__typ/dmft_solutions/T_0p02/U_1p6__Delta_1p61__w1_0p45__typ,ok,
0.02,1.6,1.61,typ,0.4,0.6,0.7602479629076537,0.5966934666518623,-0.003306533348137686,0.3146541038785815,0.2019089434948099,0.6416853967769077,53,True,0.001950118058912323,0.2561101913452148,/home/2/kj405942/Byczuk_Freericks/filling_variantB_freericks/pbs_variantB_T002_typ_21x21_mu20/chunks/T_0p02__Didx_16_16__typ/dmft_solutions/T_0p02/U_1p6__Delta_1p61__w1_0p4__typ,ok,
0.02,1.7,1.61,typ,0.5,0.5,0.4946878160305746,0.4972654138932321,-0.002734586106767911,0.2866624221130124,0.1595145188755426,0.5564542352630243,1,True,0.001976910988740595,0.008621454238891602,/home/2/kj405942/Byczuk_Freericks/filling_variantB_freericks/pbs_variantB_T002_typ_21x21_mu20/chunks/T_0p02__Didx_16_16__typ/dmft_solutions/T_0p02/U_1p7__Delta_1p61__w1_0p5__typ,ok,
0.02,1.7,1.61,typ,0.45,0.55,1.06341013535312,0.5453115147103818,-0.004688485289618294,0.2575154505923795,0.1293323179004385,0.5022312937065601,1,True,0.001444818552316021,0.008411407470703125,/home/2/kj405942/Byczuk_Freericks/filling_variantB_freericks/pbs_variantB_T002_typ_21x21_mu20/chunks/T_0p02__Didx_16_16__typ/dmft_solutions/T_0p02/U_1p7__Delta_1p61__w1_0p45__typ,ok,
0.02,1.7,1.61,typ,0.4,0.6,1.097085846237983,0.595329765653402,-0.004670234346597968,0.2377101000317886,0.1190525859718028,0.5008309952159462,57,True,0.001967219534848071,0.2408661842346191,/home/2/kj405942/Byczuk_Freericks/filling_variantB_freericks/pbs_variantB_T002_typ_21x21_mu20/chunks/T_0p02__Didx_16_16__typ/dmft_solutions/T_0p02/U_1p7__Delta_1p61__w1_0p4__typ,ok,
0.02,1.9,1.61,typ,0.5,0.5,0.7565453809318596,0.504800715955625,0.004800715955625035,0.2881366168154765,0.04561349532023913,0.1583050978538078,56,True,0.001991504808626357,0.2369422912597656,/home/2/kj405942/Byczuk_Freericks/filling_variantB_freericks/pbs_variantB_T002_typ_21x21_mu20/chunks/T_0p02__Didx_16_16__typ/dmft_solutions/T_0p02/U_1p9__Delta_1p61__w1_0p5__typ,ok,
0.02,1.9,1.61,typ,0.45,0.55,0.7921209179414,0.5464190467117555,-0.003580953288244593,0.3066152397557084,0.04719964510968026,0.1539377010330144,1,True,0.001758311550842971,0.01130294799804688,/home/2/kj405942/Byczuk_Freericks/filling_variantB_freericks/pbs_variantB_T002_typ_21x21_mu20/chunks/T_0p02__Didx_16_16__typ/dmft_solutions/T_0p02/U_1p9__Delta_1p61__w1_0p45__typ,ok,
0.02,1.9,1.61,typ,0.4,0.6,1.305964488413893,0.5997674264589783,-0.0002325735410216856,0.2412173936849425,0.04786614030252105,0.1984356914370765,129,True,0.001964046469049743,0.536055326461792,/home/2/kj405942/Byczuk_Freericks/filling_variantB_freericks/pbs_variantB_T002_typ_21x21_mu20/chunks/T_0p02__Didx_16_16__typ/dmft_solutions/T_0p02/U_1p9__Delta_1p61__w1_0p4__typ,ok,
0.02,1.8,1.61,typ,0.5,0.5,0.6987856734988903,0.4955498229363676,-0.004450177063632432,0.2781773091585975,0.09249010681920759,0.3324861653848126,107,True,0.001993963420599138,0.434859037399292,/home/2/kj405942/Byczuk_Freericks/filling_variantB_freericks/pbs_variantB_T002_typ_21x21_mu20/chunks/T_0p02__Didx_16_16__typ/dmft_solutions/T_0p02/U_1p8__Delta_1p61__w1_0p5__typ,ok,
0.02,1.8,1.61,typ,0.45,0.55,0.9355013908136991,0.5460136103121992,-0.003986389687800851,0.01856652094311998,0.009381073530205968,0.5052682491752566,1,True,0.001981854095527899,0.006635189056396484,/home/2/kj405942/Byczuk_Freericks/filling_variantB_freericks/pbs_variantB_T002_typ_21x21_mu20/chunks/T_0p02__Didx_16_16__typ/dmft_solutions/T_0p02/U_1p8__Delta_1p61__w1_0p45__typ,ok,
0.02,1.8,1.61,typ,0.4,0.6,1.069461768426958,0.6036308213465882,0.003630821346588209,0.2486957560070102,0.03069640872778799,0.1234295639806685,1,True,0.001474583664051347,0.006788253784179688,/home/2/kj405942/Byczuk_Freericks/filling_variantB_freericks/pbs_variantB_T002_typ_21x21_mu20/chunks/T_0p02__Didx_16_16__typ/dmft_solutions/T_0p02/U_1p8__Delta_1p61__w1_0p4__typ,ok,
0.02,2,1.61,typ,0.5,0.5,0.6606944915387016,0.4976288969343783,-0.00237110306562166,0.2972747038777427,0.0519372291150375,0.1747112298407914,1,True,0.001848621081698531,0.008111953735351562,/home/2/kj405942/Byczuk_Freericks/filling_variantB_freericks/pbs_variantB_T002_typ_21x21_mu20/chunks/T_0p02__Didx_16_16__typ/dmft_solutions/T_0p02/U_2__Delta_1p61__w1_0p5__typ,ok,
0.02,2,1.61,typ,0.45,0.55,0.9441570854983605,0.5472174010016407,-0.002782598998359309,0.003036380873085455,0.001646237863998267,0.5421710690482061,115,True,0.001973149425098114,0.2394070625305176,/home/2/kj405942/Byczuk_Freericks/filling_variantB_freericks/pbs_variantB_T002_typ_21x21_mu20/chunks/T_0p02__Didx_16_16__typ/dmft_solutions/T_0p02/U_2__Delta_1p61__w1_0p45__typ,ok,
0.02,2,1.61,typ,0.4,0.6,1.032952817396602,0.6009633212481608,0.0009633212481607867,0.00201476108049461,0.001418716902685328,0.7041613600839673,55,True,0.001934303427423026,0.1020283699035645,/home/2/kj405942/Byczuk_Freericks/filling_variantB_freericks/pbs_variantB_T002_typ_21x21_mu20/chunks/T_0p02__Didx_16_16__typ/dmft_solutions/T_0p02/U_2__Delta_1p61__w1_0p4__typ,ok,
0.02,0.1,1.7075,typ,0.5,0.5,0.07830159438964562,0.5025784666352595,0.002578466635259513,0.4651087317160745,0.3614532101972722,0.7771370123791209,51,True,0.001929146781117098,0.1806104183197021,/home/2/kj405942/Byczuk_Freericks/filling_variantB_freericks/pbs_variantB_T002_typ_21x21_mu20/chunks/T_0p02__Didx_17_17__typ/dmft_solutions/T_0p02/U_0p1__Delta_1p7075__w1_0p5__typ,ok,
0.02,0.1,1.7075,typ,0.45,0.55,0.1623852658128281,0.5487121420976561,-0.001287857902343981,0.4652488671229686,0.3582764393598746,0.7700748237720687,1,True,0.001895597089241312,0.007791042327880859,/home/2/kj405942/Byczuk_Freericks/filling_variantB_freericks/pbs_variantB_T002_typ_21x21_mu20/chunks/T_0p02__Didx_17_17__typ/dmft_solutions/T_0p02/U_0p1__Delta_1p7075__w1_0p45__typ,ok,
0.02,0.1,1.7075,typ,0.4,0.6,0.1622205182657435,0.5991144621698882,-0.0008855378301118044,0.465378966595478,0.3579470742334709,0.769151809442668,1,True,0.001184833470248734,0.007745504379272461,/home/2/kj405942/Byczuk_Freericks/filling_variantB_freericks/pbs_variantB_T002_typ_21x21_mu20/chunks/T_0p02__Didx_17_17__typ/dmft_solutions/T_0p02/U_0p1__Delta_1p7075__w1_0p4__typ,ok,
0.02,0.2,1.7075,typ,0.5,0.5,0.1458179029308906,0.5026709951557448,0.00267099515574476,0.461747301682199,0.3686143729814318,0.7983032529665618,36,True,0.001968337661833068,0.1638796329498291,/home/2/kj405942/Byczuk_Freericks/filling_variantB_freericks/pbs_variantB_T002_typ_21x21_mu20/chunks/T_0p02__Didx_17_17__typ/dmft_solutions/T_0p02/U_0p2__Delta_1p7075__w1_0p5__typ,ok,
0.02,0.2,1.7075,typ,0.45,0.55,0.1885986548522469,0.5462503272806797,-0.003749672719320363,0.4618214787201242,0.3667101415293395,0.7940517243711295,11,True,0.001957611772599644,0.05090713500976562,/home/2/kj405942/Byczuk_Freericks/filling_variantB_freericks/pbs_variantB_T002_typ_21x21_mu20/chunks/T_0p02__Didx_17_17__typ/dmft_solutions/T_0p02/U_0p2__Delta_1p7075__w1_0p45__typ,ok,
0.02,0.2,1.7075,typ,0.4,0.6,0.2061557566367872,0.6020797859766558,0.002079785976655812,0.4620039611230504,0.3649756005762136,0.7899837042284705,1,True,0.001940663969917523,0.01119351387023926,/home/2/kj405942/Byczuk_Freericks/filling_variantB_freericks/pbs_variantB_T002_typ_21x21_mu20/chunks/T_0p02__Didx_17_17__typ/dmft_solutions/T_0p02/U_0p2__Delta_1p7075__w1_0p4__typ,ok,
0.02,0.3,1.7075,typ,0.5,0.5,0.2499999999999999,0.5041822759492958,0.004182275949295766,0.4568511522282658,0.3766154408337583,0.8243723125066832,77,True,0.001904421212462989,0.2714328765869141,/home/2/kj405942/Byczuk_Freericks/filling_variantB_freericks/pbs_variantB_T002_typ_21x21_mu20/chunks/T_0p02__Didx_17_17__typ/dmft_solutions/T_0p02/U_0p3__Delta_1p7075__w1_0p5__typ,ok,
0.02,0.3,1.7075,typ,0.45,0.55,0.3319795562303004,0.5542331618138054,0.004233161813805397,0.4568726458455461,0.3698378749761317,0.8094988359210326,45,True,0.001956552385332269,0.1529788970947266,/home/2/kj405942/Byczuk_Freericks/filling_variantB_freericks/pbs_variantB_T002_typ_21x21_mu20/chunks/T_0p02__Didx_17_17__typ/dmft_solutions/T_0p02/U_0p3__Delta_1p7075__w1_0p45__typ,ok,
0.02,0.3,1.7075,typ,0.4,0.6,0.3435321219628509,0.5956195512623088,-0.004380448737691167,0.4570867339775926,0.3667392611178106,0.80234063659303,1,True,0.001441589319170165,0.01001191139221191,/home/2/kj405942/Byczuk_Freericks/filling_variantB_freericks/pbs_variantB_T002_typ_21x21_mu20/chunks/T_0p02__Didx_17_17__typ/dmft_solutions/T_0p02/U_0p3__Delta_1p7075__w1_0p4__typ,ok,
0.02,0,1.7075,typ,0.5,0.5,-0.01370028296456384,0.4966399511430662,-0.003360048856933751,0.4663220853885567,0.3587071382479933,0.7692261410889543,5,True,0.001952320397633114,0.02979874610900879,/home/2/kj405942/Byczuk_Freericks/filling_variantB_freericks/pbs_variantB_T002_typ_21x21_mu20/chunks/T_0p02__Didx_17_17__typ/dmft_solutions/T_0p02/U_0__Delta_1p7075__w1_0p5__typ,ok,
0.02,0,1.7075,typ,0.45,0.55,-0.003285757470133694,0.5479987380844156,-0.002001261915584474,0.4663337434383187,0.3587779042090981,0.7693586605245372,2,True,0.001846698059845155,0.01327013969421387,/home/2/kj405942/Byczuk_Freericks/filling_variantB_freericks/pbs_variantB_T002_typ_21x21_mu20/chunks/T_0p02__Didx_17_17__typ/dmft_solutions/T_0p02/U_0__Delta_1p7075__w1_0p45__typ,ok,
0.02,0,1.7075,typ,0.4,0.6,0.1917585379182847,0.5973821112665774,-0.002617888733422613,0.466619406027011,0.3497089995675742,0.7494523267798485,1,True,0.001422222010441004,0.01229405403137207,/home/2/kj405942/Byczuk_Freericks/filling_variantB_freericks/pbs_variantB_T002_typ_21x21_mu20/chunks/T_0p02__Didx_17_17__typ/dmft_solutions/T_0p02/U_0__Delta_1p7075__w1_0p4__typ,ok,
0.02,0.5,1.7075,typ,0.5,0.5,0.2499999999999999,0.4989649363953338,-0.001035063604666209,0.4447408849926773,0.3976603740820237,0.8941394585041833,117,True,0.001990588484443147,0.4793045520782471,/home/2/kj405942/Byczuk_Freericks/filling_variantB_freericks/pbs_variantB_T002_typ_21x21_mu20/chunks/T_0p02__Didx_17_17__typ/dmft_solutions/T_0p02/U_0p5__Delta_1p7075__w1_0p5__typ,ok,
0.02,0.5,1.7075,typ,0.45,0.55,0.3469342924870493,0.5490911490179646,-0.000908850982035414,0.4446387869719364,0.394321390118852,0.8868353406688739,95,True,0.001943102575010181,0.3544578552246094,/home/2/kj405942/Byczuk_Freericks/filling_variantB_freericks/pbs_variantB_T002_typ_21x21_mu20/chunks/T_0p02__Didx_17_17__typ/dmft_solutions/T_0p02/U_0p5__Delta_1p7075__w1_0p45__typ,ok,
0.02,0.5,1.7075,typ,0.4,0.6,0.4556140339071873,0.5966255931729531,-0.003374406827046927,0.4441624948509124,0.3824882099651364,0.8611447711124788,1,True,0.001973314733828252,0.007584095001220703,/home/2/kj405942/Byczuk_Freericks/filling_variantB_freericks/pbs_variantB_T002_typ_21x21_mu20/chunks/T_0p02__Didx_17_17__typ/dmft_solutions/T_0p02/U_0p5__Delta_1p7075__w1_0p4__typ,ok,
0.02,0.6000000000000001,1.7075,typ,0.5,0.5,0.3531448299157003,0.4997507355169766,-0.0002492644830234259,0.4379585609314822,0.403538767010667,0.9214085600984515,1,True,0.001628486655195553,0.007221460342407227,/home/2/kj405942/Byczuk_Freericks/filling_variantB_freericks/pbs_variantB_T002_typ_21x21_mu20/chunks/T_0p02__Didx_17_17__typ/dmft_solutions/T_0p02/U_0p6__Delta_1p7075__w1_0p5__typ,ok,
0.02,0.6000000000000001,1.7075,typ,0.45,0.55,0.3657205899497888,0.5477033206347059,-0.002296679365294096,0.4379975149234456,0.4020321028353211,0.9178867211280627,1,True,0.001773448949731,0.0070037841796875,/home/2/kj405942/Byczuk_Freericks/filling_variantB_freericks/pbs_variantB_T002_typ_21x21_mu20/chunks/T_0p02__Didx_17_17__typ/dmft_solutions/T_0p02/U_0p6__Delta_1p7075__w1_0p45__typ,ok,
0.02,0.6000000000000001,1.7075,typ,0.4,0.6,0.367677672117896,0.6020651298252679,0.002065129825267964,0.4385560485847991,0.3999551498354981,0.9119818347646454,35,True,0.001945988552134597,0.1212348937988281,/home/2/kj405942/Byczuk_Freericks/filling_variantB_freericks/pbs_variantB_T002_typ_21x21_mu20/chunks/T_0p02__Didx_17_17__typ/dmft_solutions/T_0p02/U_0p6__Delta_1p7075__w1_0p4__typ,ok,
0.02,0.4,1.7075,typ,0.5,0.5,0.1723193295753316,0.4991059136928007,-0.0008940863071992822,0.4510863852305382,0.3887180163295713,0.8617374167276362,1,True,0.001166029792739487,0.009325742721557617,/home/2/kj405942/Byczuk_Freericks/filling_variantB_freericks/pbs_variantB_T002_typ_21x21_mu20/chunks/T_0p02__Didx_17_17__typ/dmft_solutions/T_0p02/U_0p4__Delta_1p7075__w1_0p5__typ,ok,
0.02,0.4,1.7075,typ,0.45,0.55,0.3434321731685577,0.5456641084755158,-0.004335891524484214,0.4509326498067889,0.3827889614088452,0.8488827801066495,18,True,0.00190754322674302,0.1077389717102051,/home/2/kj405942/Byczuk_Freericks/filling_variantB_freericks/pbs_variantB_T002_typ_21x21_mu20/chunks/T_0p02__Didx_17_17__typ/dmft_solutions/T_0p02/U_0p4__Delta_1p7075__w1_0p45__typ,ok,
0.02,0.4,1.7075,typ,0.4,0.6,0.4317809601898158,0.6019922395656082,0.001992239565608234,0.4508330388307139,0.371387908375359,0.8237814809194003,72,True,0.00188915316660636,0.4111223220825195,/home/2/kj405942/Byczuk_Freericks/filling_variantB_freericks/pbs_variantB_T002_typ_21x21_mu20/chunks/T_0p02__Didx_17_17__typ/dmft_solutions/T_0p02/U_0p4__Delta_1p7075__w1_0p4__typ,ok,
0.02,0.9,1.7075,typ,0.5,0.5,0.4814616511077136,0.4969440281120656,-0.003055971887934383,0.416200300806936,0.4040065598020862,0.9707022292362393,1,True,0.001173659333465613,0.009699106216430664,/home/2/kj405942/Byczuk_Freericks/filling_variantB_freericks/pbs_variantB_T002_typ_21x21_mu20/chunks/T_0p02__Didx_17_17__typ/dmft_solutions/T_0p02/U_0p9__Delta_1p7075__w1_0p5__typ,ok,
0.02,0.9,1.7075,typ,0.45,0.55,0.4773182823928598,0.5482855145743064,-0.001714485425693635,0.4164104456442551,0.4031795803792445,0.9682263848003614,1,True,0.001697584207254647,0.00936579704284668,/home/2/kj405942/Byczuk_Freericks/filling_variantB_freericks/pbs_variantB_T002_typ_21x21_mu20/chunks/T_0p02__Didx_17_17__typ/dmft_solutions/T_0p02/U_0p9__Delta_1p7075__w1_0p45__typ,ok,
0.02,0.9,1.7075,typ,0.4,0.6,0.4789453108488977,0.5988995871116317,-0.001100412888368263,0.4173176117903456,0.4012128749471332,0.9614089211952473,1,True,0.001512746998347566,0.009078025817871094,/home/2/kj405942/Byczuk_Freericks/filling_variantB_freericks/pbs_variantB_T002_typ_21x21_mu20/chunks/T_0p02__Didx_17_17__typ/dmft_solutions/T_0p02/U_0p9__Delta_1p7075__w1_0p4__typ,ok,
0.02,0.7000000000000001,1.7075,typ,0.5,0.5,0.3196139254894225,0.4981515454014534,-0.001848454598546601,0.4310428730001042,0.4073844718698391,0.9451135777617662,1,True,0.001836696630673146,0.01151251792907715,/home/2/kj405942/Byczuk_Freericks/filling_variantB_freericks/pbs_variantB_T002_typ_21x21_mu20/chunks/T_0p02__Didx_17_17__typ/dmft_solutions/T_0p02/U_0p7__Delta_1p7075__w1_0p5__typ,ok,
0.02,0.7000000000000001,1.7075,typ,0.45,0.55,0.3259350550427593,0.5451215154691396,-0.004878484530860483,0.4313648936752065,0.407298890844204,0.9442096397183335,1,True,0.001966169802468243,0.01091170310974121,/home/2/kj405942/Byczuk_Freericks/filling_variantB_freericks/pbs_variantB_T002_typ_21x21_mu20/chunks/T_0p02__Didx_17_17__typ/dmft_solutions/T_0p02/U_0p7__Delta_1p7075__w1_0p45__typ,ok,
0.02,0.7000000000000001,1.7075,typ,0.4,0.6,0.466689294043349,0.6027293118593814,0.002729311859381411,0.4309528580990943,0.4000027328402317,0.9281821093022061,1,True,0.001940843294214701,0.01116061210632324,/home/2/kj405942/Byczuk_Freericks/filling_variantB_freericks/pbs_variantB_T002_typ_21x21_mu20/chunks/T_0p02__Didx_17_17__typ/dmft_solutions/T_0p02/U_0p7__Delta_1p7075__w1_0p4__typ,ok,
0.02,0.8,1.7075,typ,0.5,0.5,0.3285922251889559,0.4984546525605842,-0.001545347439415812,0.4235368201913934,0.4065116428733542,0.9598023678074892,1,True,0.001521072344754053,0.009207963943481445,/home/2/kj405942/Byczuk_Freericks/filling_variantB_freericks/pbs_variantB_T002_typ_21x21_mu20/chunks/T_0p02__Didx_17_17__typ/dmft_solutions/T_0p02/U_0p8__Delta_1p7075__w1_0p5__typ,ok,
0.02,0.8,1.7075,typ,0.45,0.55,0.3315900884866693,0.5450064703615968,-0.004993529638403271,0.424042605335215,0.4069182320152939,0.9596163849941826,30,True,0.001983292459206996,0.1411030292510986,/home/2/kj405942/Byczuk_Freericks/filling_variantB_freericks/pbs_variantB_T002_typ_21x21_mu20/chunks/T_0p02__Didx_17_17__typ/dmft_solutions/T_0p02/U_0p8__Delta_1p7075__w1_0p45__typ,ok,
0.02,0.8,1.7075,typ,0.4,0.6,0.5677078256608578,0.5963672026715514,-0.003632797328448567,0.4220989485094249,0.3951215920777715,0.9360876009596336,1,True,0.001230542652825365,0.009532928466796875,/home/2/kj405942/Byczuk_Freericks/filling_variantB_freericks/pbs_variantB_T002_typ_21x21_mu20/chunks/T_0p02__Didx_17_17__typ/dmft_solutions/T_0p02/U_0p8__Delta_1p7075__w1_0p4__typ,ok,
0.02,1.1,1.7075,typ,0.5,0.5,0.6928716875403168,0.4974036626900949,-0.00259633730990505,0.3964996746065665,0.3788957621702188,0.9556016976462453,3,True,0.001970854265313591,0.01842403411865234,/home/2/kj405942/Byczuk_Freericks/filling_variantB_freericks/pbs_variantB_T002_typ_21x21_mu20/chunks/T_0p02__Didx_17_17__typ/dmft_solutions/T_0p02/U_1p1__Delta_1p7075__w1_0p5__typ,ok,
0.02,1.1,1.7075,typ,0.45,0.55,0.6418641809673823,0.5505226315038988,0.0005226315038987517,0.3983033231002357,0.3806382148777126,0.9556491066029154,1,True,0.001833652763567067,0.01006388664245605,/home/2/kj405942/Byczuk_Freericks/filling_variantB_freericks/pbs_variantB_T002_typ_21x21_mu20/chunks/T_0p02__Didx_17_17__typ/dmft_solutions/T_0p02/U_1p1__Delta_1p7075__w1_0p45__typ,ok,
0.02,1.1,1.7075,typ,0.4,0.6,0.6381441307855729,0.6020095875868008,0.00200958758680081,0.3990989396131956,0.3780139208635143,0.9471684420657274,4,True,0.001835565672325892,0.02178597450256348,/home/2/kj405942/Byczuk_Freericks/filling_variantB_freericks/pbs_variantB_T002_typ_21x21_mu20/chunks/T_0p02__Didx_17_17__typ/dmft_solutions/T_0p02/U_1p1__Delta_1p7075__w1_0p4__typ,ok,
0.02,1,1.7075,typ,0.5,0.5,-0.002042768066261971,0.5019205342440142,0.001920534244014171,0.3708599366155184,0.326158481872362,0.8794653983088505,1,True,0.001981682526259008,0.01117563247680664,/home/2/kj405942/Byczuk_Freericks/filling_variantB_freericks/pbs_variantB_T002_typ_21x21_mu20/chunks/T_0p02__Didx_17_17__typ/dmft_solutions/T_0p02/U_1__Delta_1p7075__w1_0p5__typ,ok,
0.02,1,1.7075,typ,0.45,0.55,0.4881127608814195,0.5492344995538542,-0.0007655004461458725,0.4086917867605985,0.3961131687649593,0.9692222393424132,4,True,0.001947035744580237,0.02886390686035156,/home/2/kj405942/Byczuk_Freericks/filling_variantB_freericks/pbs_variantB_T002_typ_21x21_mu20/chunks/T_0p02__Didx_17_17__typ/dmft_solutions/T_0p02/U_1__Delta_1p7075__w1_0p45__typ,ok,
0.02,1,1.7075,typ,0.4,0.6,0.4856468659102579,0.5972486953128069,-0.00275130468719309,0.4099311319376299,0.3946614063621249,0.9627505100592648,1,True,0.00156729213387436,0.01180219650268555,/home/2/kj405942/Byczuk_Freericks/filling_variantB_freericks/pbs_variantB_T002_typ_21x21_mu20/chunks/T_0p02__Didx_17_17__typ/dmft_solutions/T_0p02/U_1__Delta_1p7075__w1_0p4__typ,ok,
0.02,1.3,1.7075,typ,0.5,0.5,0.7168940085243158,0.496945380026736,-0.003054619973264006,0.3779136437804193,0.3431833846363612,0.9081000124879388,1,True,0.001700864340854495,0.00990748405456543,/home/2/kj405942/Byczuk_Freericks/filling_variantB_freericks/pbs_variantB_T002_typ_21x21_mu20/chunks/T_0p02__Didx_17_17__typ/dmft_solutions/T_0p02/U_1p3__Delta_1p7075__w1_0p5__typ,ok,
0.02,1.3,1.7075,typ,0.45,0.55,0.711087846303195,0.5488070545251238,-0.00119294547487625,0.3781379691123817,0.3421980695521245,0.9049555916201157,1,True,0.0006286645261971284,0.00958704948425293,/home/2/kj405942/Byczuk_Freericks/filling_variantB_freericks/pbs_variantB_T002_typ_21x21_mu20/chunks/T_0p02__Didx_17_17__typ/dmft_solutions/T_0p02/U_1p3__Delta_1p7075__w1_0p45__typ,ok,
0.02,1.3,1.7075,typ,0.4,0.6,0.7031802905775865,0.5967276662490526,-0.003272333750947376,0.3797155830332666,0.3402566416373877,0.8960829021535787,1,True,0.001923076279269716,0.009167909622192383,/home/2/kj405942/Byczuk_Freericks/filling_variantB_freericks/pbs_variantB_T002_typ_21x21_mu20/chunks/T_0p02__Didx_17_17__typ/dmft_solutions/T_0p02/U_1p3__Delta_1p7075__w1_0p4__typ,ok,
0.02,1.2,1.7075,typ,0.5,0.5,0.5594250722114453,0.4964967531273631,-0.003503246872636867,0.3896349179201794,0.3666735050691836,0.9410694170492704,1,True,0.001910975879704865,0.01140666007995605,/home/2/kj405942/Byczuk_Freericks/filling_variantB_freericks/pbs_variantB_T002_typ_21x21_mu20/chunks/T_0p02__Didx_17_17__typ/dmft_solutions/T_0p02/U_1p2__Delta_1p7075__w1_0p5__typ,ok,
0.02,1.2,1.7075,typ,0.45,0.55,0.5554524833742753,0.5506037710961208,0.0006037710961207532,0.3905034865705394,0.3666278253980129,0.9388592880893172,1,True,0.0008482367893472062,0.01207160949707031,/home/2/kj405942/Byczuk_Freericks/filling_variantB_freericks/pbs_variantB_T002_typ_21x21_mu20/chunks/T_0p02__Didx_17_17__typ/dmft_solutions/T_0p02/U_1p2__Delta_1p7075__w1_0p45__typ,ok,
0.02,1.2,1.7075,typ,0.4,0.6,0.7442159957100803,0.5972936151792045,-0.002706384820795438,0.3855544351487851,0.3557162869841087,0.9226097654585096,1,True,0.001967110648281898,0.01182341575622559,/home/2/kj405942/Byczuk_Freericks/filling_variantB_freericks/pbs_variantB_T002_typ_21x21_mu20/chunks/T_0p02__Didx_17_17__typ/dmft_solutions/T_0p02/U_1p2__Delta_1p7075__w1_0p4__typ,ok,
0.02,1.4,1.7075,typ,0.5,0.5,0.8744892128109949,0.4966483989026108,-0.00335160109738919,0.3548700913511851,0.3051177928767429,0.8598013760894644,2,True,0.00188975477698488,0.01404905319213867,/home/2/kj405942/Byczuk_Freericks/filling_variantB_freericks/pbs_variantB_T002_typ_21x21_mu20/chunks/T_0p02__Didx_17_17__typ/dmft_solutions/T_0p02/U_1p4__Delta_1p7075__w1_0p5__typ,ok,
0.02,1.4,1.7075,typ,0.45,0.55,0.7223064722113074,0.5453320081028776,-0.004667991897122414,0.3663587345540569,0.3142117122822282,0.8576613102037716,1,True,0.001882834204323073,0.009784460067749023,/home/2/kj405942/Byczuk_Freericks/filling_variantB_freericks/pbs_variantB_T002_typ_21x21_mu20/chunks/T_0p02__Didx_17_17__typ/dmft_solutions/T_0p02/U_1p4__Delta_1p7075__w1_0p45__typ,ok,
0.02,1.4,1.7075,typ,0.4,0.6,0.7145699790267552,0.599201490065923,-0.0007985099340769297,0.3686775717824277,0.3126608839086854,0.8480604946948057,1,True,0.001889752651687812,0.009691476821899414,/home/2/kj405942/Byczuk_Freericks/filling_variantB_freericks/pbs_variantB_T002_typ_21x21_mu20/chunks/T_0p02__Didx_17_17__typ/dmft_solutions/T_0p02/U_1p4__Delta_1p7075__w1_0p4__typ,ok,
0.02,1.5,1.7075,typ,0.5,0.5,0.2431018510656081,0.5021869011990022,0.002186901199002222,0.2893996329014803,0.2097628050029986,0.7248205635229943,1,True,0.00153772912833203,0.01127386093139648,/home/2/kj405942/Byczuk_Freericks/filling_variantB_freericks/pbs_variantB_T002_typ_21x21_mu20/chunks/T_0p02__Didx_17_17__typ/dmft_solutions/T_0p02/U_1p5__Delta_1p7075__w1_0p5__typ,ok,
0.02,1.5,1.7075,typ,0.45,0.55,0.5317816947617791,0.5451682486915631,-0.004831751308436938,0.3337072474744082,0.2635330137543513,0.7897131864795999,1,True,0.001939046668271772,0.01154160499572754,/home/2/kj405942/Byczuk_Freericks/filling_variantB_freericks/pbs_variantB_T002_typ_21x21_mu20/chunks/T_0p02__Didx_17_17__typ/dmft_solutions/T_0p02/U_1p5__Delta_1p7075__w1_0p45__typ,ok,
0.02,1.5,1.7075,typ,0.4,0.6,0.773808820841995,0.5966655611461057,-0.003334438853894284,0.3522302171735889,0.2748838824956771,0.7804097124359056,1,True,0.001879563425197086,0.01035308837890625,/home/2/kj405942/Byczuk_Freericks/filling_variantB_freericks/pbs_variantB_T002_typ_21x21_mu20/chunks/T_0p02__Didx_17_17__typ/dmft_solutions/T_0p02/U_1p5__Delta_1p7075__w1_0p4__typ,ok,
0.02,1.6,1.7075,typ,0.5,0.5,1,0.4959900433393254,-0.004009956660674552,0.3053398005647997,0.2165392859758392,0.7091747802785537,128,True,0.001994535942866057,0.580643892288208,/home/2/kj405942/Byczuk_Freericks/filling_variantB_freericks/pbs_variantB_T002_typ_21x21_mu20/chunks/T_0p02__Didx_17_17__typ/dmft_solutions/T_0p02/U_1p6__Delta_1p7075__w1_0p5__typ,ok,
0.02,1.6,1.7075,typ,0.45,0.55,1.02956652330999,0.5457895050145608,-0.004210494985439239,0.2914570172235219,0.2086327718216952,0.7158268955373693,1,True,0.001590227359585616,0.008684158325195312,/home/2/kj405942/Byczuk_Freericks/filling_variantB_freericks/pbs_variantB_T002_typ_21x21_mu20/chunks/T_0p02__Didx_17_17__typ/dmft_solutions/T_0p02/U_1p6__Delta_1p7075__w1_0p45__typ,ok,
0.02,1.6,1.7075,typ,0.4,0.6,0.8815208432559181,0.5954861059540786,-0.004513894045921396,0.3214817483580251,0.2227567861909231,0.692906478606198,1,True,0.001870373802911384,0.009463071823120117,/home/2/kj405942/Byczuk_Freericks/filling_variantB_freericks/pbs_variantB_T002_typ_21x21_mu20/chunks/T_0p02__Didx_17_17__typ/dmft_solutions/T_0p02/U_1p6__Delta_1p7075__w1_0p4__typ,ok,
0.02,1.7,1.7075,typ,0.5,0.5,1.085176404476097,0.5039275150778099,0.003927515077809862,0.2802297339852615,0.1604092265517439,0.5724204361560735,34,True,0.001963628503526549,0.1763615608215332,/home/2/kj405942/Byczuk_Freericks/filling_variantB_freericks/pbs_variantB_T002_typ_21x21_mu20/chunks/T_0p02__Didx_17_17__typ/dmft_solutions/T_0p02/U_1p7__Delta_1p7075__w1_0p5__typ,ok,
0.02,1.7,1.7075,typ,0.45,0.55,1.092903234068773,0.5474080311187516,-0.002591968881248463,0.2623353694987995,0.1512132371476249,0.5764119319347707,1,True,0.001175739853515772,0.009660959243774414,/home/2/kj405942/Byczuk_Freericks/filling_variantB_freericks/pbs_variantB_T002_typ_21x21_mu20/chunks/T_0p02__Didx_17_17__typ/dmft_solutions/T_0p02/U_1p7__Delta_1p7075__w1_0p45__typ,ok,
0.02,1.7,1.7075,typ,0.4,0.6,1.111935171652612,0.596917969289485,-0.003082030710514938,0.2432777041902627,0.1393744894144423,0.57290284729685,49,True,0.001932100450228426,0.2400906085968018,/home/2/kj405942/Byczuk_Freericks/filling_variantB_freericks/pbs_variantB_T002_typ_21x21_mu20/chunks/T_0p02__Didx_17_17__typ/dmft_solutions/T_0p02/U_1p7__Delta_1p7075__w1_0p4__typ,ok,
0.02,1.8,1.7075,typ,0.5,0.5,1.095214837233901,0.4971203737677156,-0.002879626232284438,0.2688808129231112,0.1035121782997347,0.3849742091092787,125,True,0.00198896661815325,0.5216293334960938,/home/2/kj405942/Byczuk_Freericks/filling_variantB_freericks/pbs_variantB_T002_typ_21x21_mu20/chunks/T_0p02__Didx_17_17__typ/dmft_solutions/T_0p02/U_1p8__Delta_1p7075__w1_0p5__typ,ok,
0.02,1.8,1.7075,typ,0.45,0.55,1.059779591551304,0.5460260457085814,-0.003973954291418669,0.2408654360038814,0.08475261211706593,0.3518670570720666,1,True,0.001091967364680383,0.008880615234375,/home/2/kj405942/Byczuk_Freericks/filling_variantB_freericks/pbs_variantB_T002_typ_21x21_mu20/chunks/T_0p02__Didx_17_17__typ/dmft_solutions/T_0p02/U_1p8__Delta_1p7075__w1_0p45__typ,ok,
0.02,1.8,1.7075,typ,0.4,0.6,0.9525627308669032,0.5952279584592004,-0.004772041540799576,0.1651587892773689,0.06084535564610081,0.3684051930407208,1,True,0.001871976308375703,0.008157968521118164,/home/2/kj405942/Byczuk_Freericks/filling_variantB_freericks/pbs_variantB_T002_typ_21x21_mu20/chunks/T_0p02__Didx_17_17__typ/dmft_solutions/T_0p02/U_1p8__Delta_1p7075__w1_0p4__typ,ok,
0.02,2,1.7075,typ,0.5,0.5,0.8384630235951016,0.496889495655408,-0.003110504344592036,0.1916292634303497,0.008235472996970247,0.04297607186682917,1,True,0.00127937686614479,0.009690999984741211,/home/2/kj405942/Byczuk_Freericks/filling_variantB_freericks/pbs_variantB_T002_typ_21x21_mu20/chunks/T_0p02__Didx_17_17__typ/dmft_solutions/T_0p02/U_2__Delta_1p7075__w1_0p5__typ,ok,
0.02,2,1.7075,typ,0.45,0.55,0.829071451168204,0.5492313681879392,-0.0007686318120608826,0.2377939413622808,0.02163280803829841,0.09097291509770077,1,True,0.001927675512537252,0.008043289184570312,/home/2/kj405942/Byczuk_Freericks/filling_variantB_freericks/pbs_variantB_T002_typ_21x21_mu20/chunks/T_0p02__Didx_17_17__typ/dmft_solutions/T_0p02/U_2__Delta_1p7075__w1_0p45__typ,ok,
0.02,2,1.7075,typ,0.4,0.6,1.313298057996117,0.5988455661792736,-0.00115443382072633,0.1288474967192543,0.01122761967368266,0.08713882659394241,1,True,0.001982006557619312,0.007683753967285156,/home/2/kj405942/Byczuk_Freericks/filling_variantB_freericks/pbs_variantB_T002_typ_21x21_mu20/chunks/T_0p02__Didx_17_17__typ/dmft_solutions/T_0p02/U_2__Delta_1p7075__w1_0p4__typ,ok,
0.02,1.9,1.7075,typ,0.5,0.5,0.8850413962695246,0.4984908537928462,-0.001509146207153755,0.2487884872537638,0.008700930716843127,0.0349732048009448,1,True,0.001776873622935302,0.01096963882446289,/home/2/kj405942/Byczuk_Freericks/filling_variantB_freericks/pbs_variantB_T002_typ_21x21_mu20/chunks/T_0p02__Didx_17_17__typ/dmft_solutions/T_0p02/U_1p9__Delta_1p7075__w1_0p5__typ,ok,
0.02,1.9,1.7075,typ,0.45,0.55,1.141338712383651,0.5460953830439408,-0.003904616956059259,0.2405759280140751,0.0249060938579913,0.1035269574291495,102,True,0.001985810084916615,0.475888729095459,/home/2/kj405942/Byczuk_Freericks/filling_variantB_freericks/pbs_variantB_T002_typ_21x21_mu20/chunks/T_0p02__Didx_17_17__typ/dmft_solutions/T_0p02/U_1p9__Delta_1p7075__w1_0p45__typ,ok,
0.02,1.9,1.7075,typ,0.4,0.6,1.208692587627159,0.596823168699113,-0.003176831300886973,0.1904649127191949,0.02629578942436926,0.1380610688286588,1,True,0.001989346336182517,0.005813360214233398,/home/2/kj405942/Byczuk_Freericks/filling_variantB_freericks/pbs_variantB_T002_typ_21x21_mu20/chunks/T_0p02__Didx_17_17__typ/dmft_solutions/T_0p02/U_1p9__Delta_1p7075__w1_0p4__typ,ok,
0.02,0,1.805,typ,0.5,0.5,0.0181294296464609,0.495132763989685,-0.004867236010314968,0.4551631744444204,0.3292064549769316,0.7232712870033179,1,True,0.001993403897985285,0.008754253387451172,/home/2/kj405942/Byczuk_Freericks/filling_variantB_freericks/pbs_variantB_T002_typ_21x21_mu20/chunks/T_0p02__Didx_18_18__typ/dmft_solutions/T_0p02/U_0__Delta_1p805__w1_0p5__typ,ok,
0.02,0,1.805,typ,0.45,0.55,0.02890879152520132,0.5533547892381199,0.003354789238119826,0.4551768532628026,0.329090508413919,0.7229948229021963,18,True,0.001956636934033568,0.078857421875,/home/2/kj405942/Byczuk_Freericks/filling_variantB_freericks/pbs_variantB_T002_typ_21x21_mu20/chunks/T_0p02__Didx_18_18__typ/dmft_solutions/T_0p02/U_0__Delta_1p805__w1_0p45__typ,ok,
0.02,0,1.805,typ,0.4,0.6,0.03337655889807042,0.596335975565667,-0.003664024434333002,0.4552056839526113,0.329031360613203,0.7228190952190668,1,True,0.001383823901120229,0.0112459659576416,/home/2/kj405942/Byczuk_Freericks/filling_variantB_freericks/pbs_variantB_T002_typ_21x21_mu20/chunks/T_0p02__Didx_18_18__typ/dmft_solutions/T_0p02/U_0__Delta_1p805__w1_0p4__typ,ok,
0.02,0.2,1.805,typ,0.5,0.5,0.1277241454232115,0.4951851480951046,-0.00481485190489539,0.4505291880767172,0.3415764702718072,0.7581672382426036,1,True,0.001983533731613165,0.008192539215087891,/home/2/kj405942/Byczuk_Freericks/filling_variantB_freericks/pbs_variantB_T002_typ_21x21_mu20/chunks/T_0p02__Didx_18_18__typ/dmft_solutions/T_0p02/U_0p2__Delta_1p805__w1_0p5__typ,ok,
0.02,0.2,1.805,typ,0.45,0.55,0.1268577546370591,0.5469952654440293,-0.003004734555970723,0.4506050996863598,0.3413648153141154,0.7575698001458923,1,True,0.001517883531155157,0.01082634925842285,/home/2/kj405942/Byczuk_Freericks/filling_variantB_freericks/pbs_variantB_T002_typ_21x21_mu20/chunks/T_0p02__Didx_18_18__typ/dmft_solutions/T_0p02/U_0p2__Delta_1p805__w1_0p45__typ,ok,
0.02,0.2,1.805,typ,0.4,0.6,0.1281646752806446,0.5985039157293979,-0.001496084270602105,0.4506671432583119,0.340821759959034,0.7562605019192246,1,True,0.001376438072680097,0.01040053367614746,/home/2/kj405942/Byczuk_Freericks/filling_variantB_freericks/pbs_variantB_T002_typ_21x21_mu20/chunks/T_0p02__Didx_18_18__typ/dmft_solutions/T_0p02/U_0p2__Delta_1p805__w1_0p4__typ,ok,
0.02,0.3,1.805,typ,0.5,0.5,0.2499999999999999,0.4979872676402842,-0.002012732359715774,0.445795932061694,0.3513194368638279,0.7880723254675382,79,True,0.001959061425717026,0.354590892791748,/home/2/kj405942/Byczuk_Freericks/filling_variantB_freericks/pbs_variantB_T002_typ_21x21_mu20/chunks/T_0p02__Didx_18_18__typ/dmft_solutions/T_0p02/U_0p3__Delta_1p805__w1_0p5__typ,ok,
0.02,0.3,1.805,typ,0.45,0.55,0.2929838507379143,0.55163680815561,0.001636808155609959,0.4459361920919092,0.3477888844721542,0.7799072841355597,47,True,0.001931683423209413,0.2070975303649902,/home/2/kj405942/Byczuk_Freericks/filling_variantB_freericks/pbs_variantB_T002_typ_21x21_mu20/chunks/T_0p02__Didx_18_18__typ/dmft_solutions/T_0p02/U_0p3__Delta_1p805__w1_0p45__typ,ok,
0.02,0.3,1.805,typ,0.4,0.6,0.4124472983486399,0.5977487370580321,-0.002251262941967869,0.4465417793059422,0.333225874004816,0.7462367228498694,1,True,0.001452029174449487,0.009643316268920898,/home/2/kj405942/Byczuk_Freericks/filling_variantB_freericks/pbs_variantB_T002_typ_21x21_mu20/chunks/T_0p02__Didx_18_18__typ/dmft_solutions/T_0p02/U_0p3__Delta_1p805__w1_0p4__typ,ok,
0.02,0.1,1.805,typ,0.5,0.5,0.09196541466182162,0.4991324272949527,-0.000867572705047337,0.4539426228141179,0.332371435513232,0.7321882079562568,26,True,0.001946744976148723,0.119328498840332,/home/2/kj405942/Byczuk_Freericks/filling_variantB_freericks/pbs_variantB_T002_typ_21x21_mu20/chunks/T_0p02__Didx_18_18__typ/dmft_solutions/T_0p02/U_0p1__Delta_1p805__w1_0p5__typ,ok,
0.02,0.1,1.805,typ,0.45,0.55,0.1285439178596215,0.5490613621360588,-0.0009386378639412163,0.4540377478196114,0.3310674155794595,0.729162756112939,1,True,0.001667805688858094,0.0121300220489502,/home/2/kj405942/Byczuk_Freericks/filling_variantB_freericks/pbs_variantB_T002_typ_21x21_mu20/chunks/T_0p02__Didx_18_18__typ/dmft_solutions/T_0p02/U_0p1__Delta_1p805__w1_0p45__typ,ok,
0.02,0.1,1.805,typ,0.4,0.6,0.278246870058813,0.5950642535453838,-0.004935746454616141,0.4548397848167045,0.3188436166190579,0.701002039097236,1,True,0.001784777792478554,0.009012937545776367,/home/2/kj405942/Byczuk_Freericks/filling_variantB_freericks/pbs_variantB_T002_typ_21x21_mu20/chunks/T_0p02__Didx_18_18__typ/dmft_solutions/T_0p02/U_0p1__Delta_1p805__w1_0p4__typ,ok,
0.02,0.6000000000000001,1.805,typ,0.5,0.5,0.1401181990360191,0.4964120460547234,-0.003587953945276612,0.4274268759039156,0.3789722488971458,0.8866364523655685,1,True,0.001792100466041126,0.009520053863525391,/home/2/kj405942/Byczuk_Freericks/filling_variantB_freericks/pbs_variantB_T002_typ_21x21_mu20/chunks/T_0p02__Didx_18_18__typ/dmft_solutions/T_0p02/U_0p6__Delta_1p805__w1_0p5__typ,ok,
0.02,0.6000000000000001,1.805,typ,0.45,0.55,0.1398391853611977,0.5484746309361797,-0.001525369063820392,0.4278396333686325,0.3802404202505771,0.8887451993559391,1,True,0.0005237606585965944,0.009183406829833984,/home/2/kj405942/Byczuk_Freericks/filling_variantB_freericks/pbs_variantB_T002_typ_21x21_mu20/chunks/T_0p02__Didx_18_18__typ/dmft_solutions/T_0p02/U_0p6__Delta_1p805__w1_0p45__typ,ok,
0.02,0.6000000000000001,1.805,typ,0.4,0.6,0.1381155856877223,0.6033922254039572,0.003392225403957227,0.4285155173102093,0.3803048677237136,0.8874938067841422,1,True,0.001378213083010943,0.009102106094360352,/home/2/kj405942/Byczuk_Freericks/filling_variantB_freericks/pbs_variantB_T002_typ_21x21_mu20/chunks/T_0p02__Didx_18_18__typ/dmft_solutions/T_0p02/U_0p6__Delta_1p805__w1_0p4__typ,ok,
0.02,0.5,1.805,typ,0.5,0.5,0.3711872742508295,0.498346233976494,-0.001653766023505976,0.4340431162552826,0.3732816160911557,0.8600104508318248,3,True,0.001985149001091705,0.01701259613037109,/home/2/kj405942/Byczuk_Freericks/filling_variantB_freericks/pbs_variantB_T002_typ_21x21_mu20/chunks/T_0p02__Didx_18_18__typ/dmft_solutions/T_0p02/U_0p5__Delta_1p805__w1_0p5__typ,ok,
0.02,0.5,1.805,typ,0.45,0.55,0.3814270499024607,0.5456528849913953,-0.004347115008604741,0.4340727120832168,0.3710318177935226,0.8547688151435592,1,True,0.001890134898787552,0.008403778076171875,/home/2/kj405942/Byczuk_Freericks/filling_variantB_freericks/pbs_variantB_T002_typ_21x21_mu20/chunks/T_0p02__Didx_18_18__typ/dmft_solutions/T_0p02/U_0p5__Delta_1p805__w1_0p45__typ,ok,
0.02,0.5,1.805,typ,0.4,0.6,0.3803897973634507,0.5962456926243656,-0.003754307375634425,0.4346210294251756,0.3687345689180911,0.8484048031586849,1,True,0.001411905638235738,0.007936716079711914,/home/2/kj405942/Byczuk_Freericks/filling_variantB_freericks/pbs_variantB_T002_typ_21x21_mu20/chunks/T_0p02__Didx_18_18__typ/dmft_solutions/T_0p02/U_0p5__Delta_1p805__w1_0p4__typ,ok,
0.02,0.7000000000000001,1.805,typ,0.5,0.5,-0.002919761881700298,0.4989747329993828,-0.001025267000617169,0.41692879055593,0.3613877438793286,0.8667852929932151,1,True,0.001281127871410421,0.01148581504821777,/home/2/kj405942/Byczuk_Freericks/filling_variantB_freericks/pbs_variantB_T002_typ_21x21_mu20/chunks/T_0p02__Didx_18_18__typ/dmft_solutions/T_0p02/U_0p7__Delta_1p805__w1_0p5__typ,ok,
0.02,0.7000000000000001,1.805,typ,0.45,0.55,-0.005660927530565198,0.5498480265427472,-0.0001519734572528186,0.4175045787764799,0.3642509238964592,0.8724477344989042,1,True,0.001522627170897399,0.01121139526367188,/home/2/kj405942/Byczuk_Freericks/filling_variantB_freericks/pbs_variantB_T002_typ_21x21_mu20/chunks/T_0p02__Didx_18_18__typ/dmft_solutions/T_0p02/U_0p7__Delta_1p805__w1_0p45__typ,ok,
0.02,0.7000000000000001,1.805,typ,0.4,0.6,-0.004977886986448874,0.6046069717140894,0.004606971714089414,0.4191676355646264,0.3669746931178943,0.8754843217405676,36,True,0.001962840751781631,0.1994037628173828,/home/2/kj405942/Byczuk_Freericks/filling_variantB_freericks/pbs_variantB_T002_typ_21x21_mu20/chunks/T_0p02__Didx_18_18__typ/dmft_solutions/T_0p02/U_0p7__Delta_1p805__w1_0p4__typ,ok,
0.02,0.4,1.805,typ,0.5,0.5,0.223751688601527,0.4971943301947965,-0.002805669805203526,0.4401919163802802,0.3655273293283428,0.8303817397059263,1,True,0.0008731442935499917,0.008466720581054688,/home/2/kj405942/Byczuk_Freericks/filling_variantB_freericks/pbs_variantB_T002_typ_21x21_mu20/chunks/T_0p02__Didx_18_18__typ/dmft_solutions/T_0p02/U_0p4__Delta_1p805__w1_0p5__typ,ok,
0.02,0.4,1.805,typ,0.45,0.55,0.2342897179633492,0.5484551570932922,-0.001544842906707866,0.4403062498627898,0.3647926346933391,0.8284975169146869,1,True,0.001895447985625908,0.008543252944946289,/home/2/kj405942/Byczuk_Freericks/filling_variantB_freericks/pbs_variantB_T002_typ_21x21_mu20/chunks/T_0p02__Didx_18_18__typ/dmft_solutions/T_0p02/U_0p4__Delta_1p805__w1_0p45__typ,ok,
0.02,0.4,1.805,typ,0.4,0.6,0.2328044570740724,0.6046403530464006,0.004640353046400647,0.4406737201630697,0.3635460492671136,0.8249778297026307,58,True,0.001898066483596718,0.3135244846343994,/home/2/kj405942/Byczuk_Freericks/filling_variantB_freericks/pbs_variantB_T002_typ_21x21_mu20/chunks/T_0p02__Didx_18_18__typ/dmft_solutions/T_0p02/U_0p4__Delta_1p805__w1_0p4__typ,ok,
0.02,0.8,1.805,typ,0.5,0.5,0.4471685631629894,0.4955031715417376,-0.004496828458262381,0.4151746827772124,0.3927227063094418,0.9459216146861764,41,True,0.001922847583297823,0.2319984436035156,/home/2/kj405942/Byczuk_Freericks/filling_variantB_freericks/pbs_variantB_T002_typ_21x21_mu20/chunks/T_0p02__Didx_18_18__typ/dmft_solutions/T_0p02/U_0p8__Delta_1p805__w1_0p5__typ,ok,
0.02,0.8,1.805,typ,0.45,0.55,0.4477562132901624,0.5460846565995562,-0.00391534340044386,0.4153053773503917,0.3915574372192751,0.9428181251044081,1,True,0.001857871228779041,0.01145553588867188,/home/2/kj405942/Byczuk_Freericks/filling_variantB_freericks/pbs_variantB_T002_typ_21x21_mu20/chunks/T_0p02__Didx_18_18__typ/dmft_solutions/T_0p02/U_0p8__Delta_1p805__w1_0p45__typ,ok,
0.02,0.8,1.805,typ,0.4,0.6,0.4439533752541634,0.5963758822495827,-0.003624117750417266,0.4160405029807812,0.3894855823511819,0.9361722706338859,1,True,0.001039944899364342,0.01154422760009766,/home/2/kj405942/Byczuk_Freericks/filling_variantB_freericks/pbs_variantB_T002_typ_21x21_mu20/chunks/T_0p02__Didx_18_18__typ/dmft_solutions/T_0p02/U_0p8__Delta_1p805__w1_0p4__typ,ok,
0.02,0.9,1.805,typ,0.5,0.5,0.3086735914829639,0.4955367080303025,-0.004463291969697525,0.4072394987609164,0.3869774845852675,0.9502454593984647,1,True,0.001843211318036269,0.01099658012390137,/home/2/kj405942/Byczuk_Freericks/filling_variantB_freericks/pbs_variantB_T002_typ_21x21_mu20/chunks/T_0p02__Didx_18_18__typ/dmft_solutions/T_0p02/U_0p9__Delta_1p805__w1_0p5__typ,ok,
0.02,0.9,1.805,typ,0.45,0.55,0.3057396310808193,0.5507783764524493,0.0007783764524492698,0.4080093804190889,0.3880283281407381,0.9510279585782389,1,True,0.001054042494351807,0.01078033447265625,/home/2/kj405942/Byczuk_Freericks/filling_variantB_freericks/pbs_variantB_T002_typ_21x21_mu20/chunks/T_0p02__Didx_18_18__typ/dmft_solutions/T_0p02/U_0p9__Delta_1p805__w1_0p45__typ,ok,
0.02,0.9,1.805,typ,0.4,0.6,0.2489049833865541,0.5953330577966973,-0.00466694220330266,0.4084298863822467,0.3844770782617713,0.9413539289873167,1,True,0.001581679205236593,0.01092982292175293,/home/2/kj405942/Byczuk_Freericks/filling_variantB_freericks/pbs_variantB_T002_typ_21x21_mu20/chunks/T_0p02__Didx_18_18__typ/dmft_solutions/T_0p02/U_0p9__Delta_1p805__w1_0p4__typ,ok,
0.02,1.1,1.805,typ,0.5,0.5,0.5230005514435803,0.496726357779559,-0.00327364222044102,0.3943130755861398,0.377552278764015,0.9574936824065241,1,True,0.001861837633575097,0.01085495948791504,/home/2/kj405942/Byczuk_Freericks/filling_variantB_freericks/pbs_variantB_T002_typ_21x21_mu20/chunks/T_0p02__Didx_18_18__typ/dmft_solutions/T_0p02/U_1p1__Delta_1p805__w1_0p5__typ,ok,
0.02,1.1,1.805,typ,0.45,0.55,0.5199169609197395,0.550312317292618,0.0003123172926179363,0.3948533251426509,0.3773010364197389,0.9555473194595213,1,True,0.001392921972209358,0.01105093955993652,/home/2/kj405942/Byczuk_Freericks/filling_variantB_freericks/pbs_variantB_T002_typ_21x21_mu20/chunks/T_0p02__Didx_18_18__typ/dmft_solutions/T_0p02/U_1p1__Delta_1p805__w1_0p45__typ,ok,
0.02,1.1,1.805,typ,0.4,0.6,0.3635207916799806,0.6010076503503509,0.001007650350350886,0.3938184793425518,0.3705130243989224,0.9408218350176559,1,True,0.001792217162103805,0.009283065795898438,/home/2/kj405942/Byczuk_Freericks/filling_variantB_freericks/pbs_variantB_T002_typ_21x21_mu20/chunks/T_0p02__Didx_18_18__typ/dmft_solutions/T_0p02/U_1p1__Delta_1p805__w1_0p4__typ,ok,
0.02,1.2,1.805,typ,0.5,0.5,0.4866373105224677,0.4976096766344875,-0.002390323365512537,0.3844389243071759,0.3602478766444123,0.937074406015572,1,True,0.00136746746907239,0.01049637794494629,/home/2/kj405942/Byczuk_Freericks/filling_variantB_freericks/pbs_variantB_T002_typ_21x21_mu20/chunks/T_0p02__Didx_18_18__typ/dmft_solutions/T_0p02/U_1p2__Delta_1p805__w1_0p5__typ,ok,
0.02,1.2,1.805,typ,0.45,0.55,0.481237033579356,0.5484913343097045,-0.001508665690295508,0.3855542203881109,0.3607872450254984,0.9357626656565157,1,True,0.001203270978283151,0.01103448867797852,/home/2/kj405942/Byczuk_Freericks/filling_variantB_freericks/pbs_variantB_T002_typ_21x21_mu20/chunks/T_0p02__Didx_18_18__typ/dmft_solutions/T_0p02/U_1p2__Delta_1p805__w1_0p45__typ,ok,
0.02,1.2,1.805,typ,0.4,0.6,0.4740719191905254,0.595867610876114,-0.004132389123886027,0.3875377000578542,0.3600626594222539,0.9291035668749165,1,True,0.001290348616579241,0.01206827163696289,/home/2/kj405942/Byczuk_Freericks/filling_variantB_freericks/pbs_variantB_T002_typ_21x21_mu20/chunks/T_0p02__Didx_18_18__typ/dmft_solutions/T_0p02/U_1p2__Delta_1p805__w1_0p4__typ,ok,
0.02,1,1.805,typ,0.5,0.5,0.3166040228077913,0.4959567562833656,-0.004043243716634393,0.3986310837292706,0.3783372258740988,0.9490911304123131,1,True,0.001640787871252794,0.0103609561920166,/home/2/kj405942/Byczuk_Freericks/filling_variantB_freericks/pbs_variantB_T002_typ_21x21_mu20/chunks/T_0p02__Didx_18_18__typ/dmft_solutions/T_0p02/U_1__Delta_1p805__w1_0p5__typ,ok,
0.02,1,1.805,typ,0.45,0.55,0.260775855618181,0.5499988736153434,-1.12638465665782e-06,0.3977101903597984,0.3745399006817992,0.9417407694355588,6,True,0.001981296685622628,0.03912663459777832,/home/2/kj405942/Byczuk_Freericks/filling_variantB_freericks/pbs_variantB_T002_typ_21x21_mu20/chunks/T_0p02__Didx_18_18__typ/dmft_solutions/T_0p02/U_1__Delta_1p805__w1_0p45__typ,ok,
0.02,1,1.805,typ,0.4,0.6,0.2562551029446585,0.6037467881222112,0.003746788122211187,0.399774860336448,0.3752638022305724,0.9386878452405755,1,True,0.001518718431641782,0.01178097724914551,/home/2/kj405942/Byczuk_Freericks/filling_variantB_freericks/pbs_variantB_T002_typ_21x21_mu20/chunks/T_0p02__Didx_18_18__typ/dmft_solutions/T_0p02/U_1__Delta_1p805__w1_0p4__typ,ok,
0.02,1.3,1.805,typ,0.5,0.5,0.4493207122436791,0.5040696830231788,0.004069683023178783,0.3684876602009987,0.3324959886660903,0.9023259787986495,1,True,0.001788568154597789,0.01048898696899414,/home/2/kj405942/Byczuk_Freericks/filling_variantB_freericks/pbs_variantB_T002_typ_21x21_mu20/chunks/T_0p02__Didx_18_18__typ/dmft_solutions/T_0p02/U_1p3__Delta_1p805__w1_0p5__typ,ok,
0.02,1.3,1.805,typ,0.45,0.55,0.4444577484550847,0.5511898888207508,0.001189888820750773,0.3706923064424419,0.3339787317572202,0.9009594371203322,1,True,0.001611659312911874,0.01076555252075195,/home/2/kj405942/Byczuk_Freericks/filling_variantB_freericks/pbs_variantB_T002_typ_21x21_mu20/chunks/T_0p02__Didx_18_18__typ/dmft_solutions/T_0p02/U_1p3__Delta_1p805__w1_0p45__typ,ok,
0.02,1.3,1.805,typ,0.4,0.6,0.8774220687651808,0.5970234108738118,-0.002976589126188145,0.3645293917713119,0.3218594877998097,0.882945230385507,1,True,0.001997184795741575,0.01097202301025391,/home/2/kj405942/Byczuk_Freericks/filling_variantB_freericks/pbs_variantB_T002_typ_21x21_mu20/chunks/T_0p02__Didx_18_18__typ/dmft_solutions/T_0p02/U_1p3__Delta_1p805__w1_0p4__typ,ok,
0.02,1.5,1.805,typ,0.5,0.5,0.902316555781284,0.498617077151973,-0.001382922848026991,0.3462100628180632,0.2814161141683249,0.8128478758753234,1,True,0.001762084617639796,0.01140713691711426,/home/2/kj405942/Byczuk_Freericks/filling_variantB_freericks/pbs_variantB_T002_typ_21x21_mu20/chunks/T_0p02__Didx_18_18__typ/dmft_solutions/T_0p02/U_1p5__Delta_1p805__w1_0p5__typ,ok,
0.02,1.5,1.805,typ,0.45,0.55,0.9090400410969921,0.5493516615673228,-0.0006483384326771979,0.3441423178923298,0.2781723844248847,0.8083062441391332,4,True,0.001902382499340372,0.02745890617370605,/home/2/kj405942/Byczuk_Freericks/filling_variantB_freericks/pbs_variantB_T002_typ_21x21_mu20/chunks/T_0p02__Didx_18_18__typ/dmft_solutions/T_0p02/U_1p5__Delta_1p805__w1_0p45__typ,ok,
0.02,1.5,1.805,typ,0.4,0.6,0.8480430524233331,0.6008192641770658,0.0008192641770657927,0.3527336932458092,0.2816823132860233,0.7985693419134974,1,True,0.001925259239717065,0.01055598258972168,/home/2/kj405942/Byczuk_Freericks/filling_variantB_freericks/pbs_variantB_T002_typ_21x21_mu20/chunks/T_0p02__Didx_18_18__typ/dmft_solutions/T_0p02/U_1p5__Delta_1p805__w1_0p4__typ,ok,
0.02,1.4,1.805,typ,0.5,0.5,0.7600907458837854,0.497581118972302,-0.002418881027697994,0.3669780198941329,0.3196002118287517,0.8708974230144657,1,True,0.001862589163301606,0.01119709014892578,/home/2/kj405942/Byczuk_Freericks/filling_variantB_freericks/pbs_variantB_T002_typ_21x21_mu20/chunks/T_0p02__Didx_18_18__typ/dmft_solutions/T_0p02/U_1p4__Delta_1p805__w1_0p5__typ,ok,
0.02,1.4,1.805,typ,0.45,0.55,0.7451970128417928,0.5514772747224278,0.001477274722427757,0.3677538456187054,0.3190922860523743,0.867678991950544,1,True,0.001617829469253684,0.0112605094909668,/home/2/kj405942/Byczuk_Freericks/filling_variantB_freericks/pbs_variantB_T002_typ_21x21_mu20/chunks/T_0p02__Didx_18_18__typ/dmft_solutions/T_0p02/U_1p4__Delta_1p805__w1_0p45__typ,ok,
0.02,1.4,1.805,typ,0.4,0.6,0.6910618701957754,0.6016891293514622,0.00168912935146226,0.3705888979450076,0.3185012943969499,0.8594464004807099,1,True,0.001062149775335759,0.009654045104980469,/home/2/kj405942/Byczuk_Freericks/filling_variantB_freericks/pbs_variantB_T002_typ_21x21_mu20/chunks/T_0p02__Didx_18_18__typ/dmft_solutions/T_0p02/U_1p4__Delta_1p805__w1_0p4__typ,ok,
0.02,1.6,1.805,typ,0.5,0.5,0.8255647447273436,0.4965965118169913,-0.003403488183008729,0.3402679298491593,0.249242665881444,0.7324894414584801,1,True,0.001752782272038379,0.009912967681884766,/home/2/kj405942/Byczuk_Freericks/filling_variantB_freericks/pbs_variantB_T002_typ_21x21_mu20/chunks/T_0p02__Didx_18_18__typ/dmft_solutions/T_0p02/U_1p6__Delta_1p805__w1_0p5__typ,ok,
0.02,1.6,1.805,typ,0.45,0.55,0.8301843384946032,0.546843416832048,-0.003156583167952087,0.3403510103600698,0.2482829321973903,0.7294908040223612,3,True,0.001989759134496143,0.01889467239379883,/home/2/kj405942/Byczuk_Freericks/filling_variantB_freericks/pbs_variantB_T002_typ_21x21_mu20/chunks/T_0p02__Didx_18_18__typ/dmft_solutions/T_0p02/U_1p6__Delta_1p805__w1_0p45__typ,ok,
0.02,1.6,1.805,typ,0.4,0.6,0.9991886148436967,0.5987247277685803,-0.001275272231419655,0.3133794769997861,0.2279091268209557,0.7272624519094187,1,True,0.001863461281963028,0.01030969619750977,/home/2/kj405942/Byczuk_Freericks/filling_variantB_freericks/pbs_variantB_T002_typ_21x21_mu20/chunks/T_0p02__Didx_18_18__typ/dmft_solutions/T_0p02/U_1p6__Delta_1p805__w1_0p4__typ,ok,
0.02,1.8,1.805,typ,0.5,0.5,1.030080660196418,0.4980489535738593,-0.00195104642614069,0.2691488307113838,0.1249877139648899,0.4643814117064394,45,True,0.001988759948799888,0.2232198715209961,/home/2/kj405942/Byczuk_Freericks/filling_variantB_freericks/pbs_variantB_T002_typ_21x21_mu20/chunks/T_0p02__Didx_18_18__typ/dmft_solutions/T_0p02/U_1p8__Delta_1p805__w1_0p5__typ,ok,
0.02,1.8,1.805,typ,0.45,0.55,1.178672078862018,0.54618377369296,-0.003816226307040038,0.2475966377333918,0.1127019202843931,0.4551835651570874,94,True,0.001976617590353426,0.4485812187194824,/home/2/kj405942/Byczuk_Freericks/filling_variantB_freericks/pbs_variantB_T002_typ_21x21_mu20/chunks/T_0p02__Didx_18_18__typ/dmft_solutions/T_0p02/U_1p8__Delta_1p805__w1_0p45__typ,ok,
0.02,1.8,1.805,typ,0.4,0.6,1.172024330816782,0.6016695004362353,0.001669500436235372,0.2275696090271291,0.1014276305745288,0.445699366484553,1,True,0.0005007170340583733,0.009494781494140625,/home/2/kj405942/Byczuk_Freericks/filling_variantB_freericks/pbs_variantB_T002_typ_21x21_mu20/chunks/T_0p02__Didx_18_18__typ/dmft_solutions/T_0p02/U_1p8__Delta_1p805__w1_0p4__typ,ok,
0.02,1.7,1.805,typ,0.5,0.5,0.7805651413351499,0.4993460753498637,-0.0006539246501363061,0.3129678109192829,0.195437329454723,0.6244646338569559,1,True,0.001800332792299802,0.009543418884277344,/home/2/kj405942/Byczuk_Freericks/filling_variantB_freericks/pbs_variantB_T002_typ_21x21_mu20/chunks/T_0p02__Didx_18_18__typ/dmft_solutions/T_0p02/U_1p7__Delta_1p805__w1_0p5__typ,ok,
0.02,1.7,1.805,typ,0.45,0.55,0.9156998572957528,0.5450517618732194,-0.004948238126780691,0.313778811978224,0.1949226883631213,0.6212104862473911,1,True,0.001770687116645896,0.009469747543334961,/home/2/kj405942/Byczuk_Freericks/filling_variantB_freericks/pbs_variantB_T002_typ_21x21_mu20/chunks/T_0p02__Didx_18_18__typ/dmft_solutions/T_0p02/U_1p7__Delta_1p805__w1_0p45__typ,ok,
0.02,1.7,1.805,typ,0.4,0.6,1.063198486084588,0.6034680803589246,0.003468080358924652,0.2744046991763725,0.1706687404102964,0.6219599770796919,1,True,0.001690504881131067,0.01029181480407715,/home/2/kj405942/Byczuk_Freericks/filling_variantB_freericks/pbs_variantB_T002_typ_21x21_mu20/chunks/T_0p02__Didx_18_18__typ/dmft_solutions/T_0p02/U_1p7__Delta_1p805__w1_0p4__typ,ok,
0.02,1.9,1.805,typ,0.5,0.5,0.9336503383870349,0.5025985924745131,0.002598592474513106,0.09626119496907162,0.02196164136038238,0.2281463612355797,1,True,0.001881025714251439,0.00753474235534668,/home/2/kj405942/Byczuk_Freericks/filling_variantB_freericks/pbs_variantB_T002_typ_21x21_mu20/chunks/T_0p02__Didx_18_18__typ/dmft_solutions/T_0p02/U_1p9__Delta_1p805__w1_0p5__typ,ok,
0.02,1.9,1.805,typ,0.45,0.55,0.9374797962847461,0.5493527554990884,-0.0006472445009116923,0.2189753695835587,0.02167142942494465,0.09896742937874141,1,True,0.001931165173367987,0.008131504058837891,/home/2/kj405942/Byczuk_Freericks/filling_variantB_freericks/pbs_variantB_T002_typ_21x21_mu20/chunks/T_0p02__Didx_18_18__typ/dmft_solutions/T_0p02/U_1p9__Delta_1p805__w1_0p45__typ,ok,
0.02,1.9,1.805,typ,0.4,0.6,0.9915145037848829,0.5988576005913423,-0.001142399408657679,0.09816979367855753,0.02007302648998936,0.204472534145437,39,True,0.001978050409232965,0.1430981159210205,/home/2/kj405942/Byczuk_Freericks/filling_variantB_freericks/pbs_variantB_T002_typ_21x21_mu20/chunks/T_0p02__Didx_18_18__typ/dmft_solutions/T_0p02/U_1p9__Delta_1p805__w1_0p4__typ,ok,
0.02,2,1.805,typ,0.5,0.5,1.106981901159606,0.4973527485110299,-0.002647251488970104,0.05583579280301575,0.005233653651802238,0.09373295137522543,1,True,0.001178038749142717,0.006939172744750977,/home/2/kj405942/Byczuk_Freericks/filling_variantB_freericks/pbs_variantB_T002_typ_21x21_mu20/chunks/T_0p02__Didx_18_18__typ/dmft_solutions/T_0p02/U_2__Delta_1p805__w1_0p5__typ,ok,
0.02,2,1.805,typ,0.45,0.55,1.042039321437533,0.5528190167439648,0.002819016743964786,0.007270261193528017,0.003234633413123025,0.44491295801071,31,True,0.001982600139996802,0.09939193725585938,/home/2/kj405942/Byczuk_Freericks/filling_variantB_freericks/pbs_variantB_T002_typ_21x21_mu20/chunks/T_0p02__Didx_18_18__typ/dmft_solutions/T_0p02/U_2__Delta_1p805__w1_0p45__typ,ok,
0.02,2,1.805,typ,0.4,0.6,1.219849202906837,0.6035947622821821,0.00359476228218214,0.08499512433465008,0.008337464391972379,0.09809344309145782,102,True,0.001992762313579,0.2812197208404541,/home/2/kj405942/Byczuk_Freericks/filling_variantB_freericks/pbs_variantB_T002_typ_21x21_mu20/chunks/T_0p02__Didx_18_18__typ/dmft_solutions/T_0p02/U_2__Delta_1p805__w1_0p4__typ,ok,
0.02,0.1,1.9025,typ,0.5,0.5,0.1387459337856612,0.4964639551019165,-0.003536044898083457,0.4431803672556983,0.3010095478658673,0.679203254715018,1,True,0.001988712483332284,0.006767511367797852,/home/2/kj405942/Byczuk_Freericks/filling_variantB_freericks/pbs_variantB_T002_typ_21x21_mu20/chunks/T_0p02__Didx_19_19__typ/dmft_solutions/T_0p02/U_0p1__Delta_1p9025__w1_0p5__typ,ok,
0.02,0.1,1.9025,typ,0.45,0.55,0.1610181948307834,0.5465179659949457,-0.003482034005054313,0.4432833490750198,0.2996564333457905,0.6759929827526132,1,True,0.001926259384208181,0.006745815277099609,/home/2/kj405942/Byczuk_Freericks/filling_variantB_freericks/pbs_variantB_T002_typ_21x21_mu20/chunks/T_0p02__Didx_19_19__typ/dmft_solutions/T_0p02/U_0p1__Delta_1p9025__w1_0p45__typ,ok,
0.02,0.1,1.9025,typ,0.4,0.6,0.1621729262575778,0.5995788730029737,-0.0004211269970262332,0.4433876801291073,0.299183936205659,0.6747682662687909,1,True,0.001498100619009143,0.006808042526245117,/home/2/kj405942/Byczuk_Freericks/filling_variantB_freericks/pbs_variantB_T002_typ_21x21_mu20/chunks/T_0p02__Didx_19_19__typ/dmft_solutions/T_0p02/U_0p1__Delta_1p9025__w1_0p4__typ,ok,
0.02,0.3,1.9025,typ,0.5,0.5,0.244606483768939,0.4995725150895821,-0.0004274849104179412,0.4350390001663075,0.3254874582610356,0.7481799519965054,1,True,0.00195367699075316,0.009008646011352539,/home/2/kj405942/Byczuk_Freericks/filling_variantB_freericks/pbs_variantB_T002_typ_21x21_mu20/chunks/T_0p02__Didx_19_19__typ/dmft_solutions/T_0p02/U_0p3__Delta_1p9025__w1_0p5__typ,ok,
0.02,0.3,1.9025,typ,0.45,0.55,0.3024405025275518,0.5451772438973874,-0.004822756102612624,0.4351681670577245,0.3210398766023016,0.7377375022004219,3,True,0.001928045528930968,0.01698493957519531,/home/2/kj405942/Byczuk_Freericks/filling_variantB_freericks/pbs_variantB_T002_typ_21x21_mu20/chunks/T_0p02__Didx_19_19__typ/dmft_solutions/T_0p02/U_0p3__Delta_1p9025__w1_0p45__typ,ok,
0.02,0.3,1.9025,typ,0.4,0.6,0.3034545439643787,0.596883428541177,-0.003116571458822937,0.4354179251933251,0.3191456475701231,0.732963961987607,1,True,0.001901227339280946,0.008470058441162109,/home/2/kj405942/Byczuk_Freericks/filling_variantB_freericks/pbs_variantB_T002_typ_21x21_mu20/chunks/T_0p02__Didx_19_19__typ/dmft_solutions/T_0p02/U_0p3__Delta_1p9025__w1_0p4__typ,ok,
0.02,0.2,1.9025,typ,0.5,0.5,0.0582310545194883,0.4979562934149799,-0.002043706585020066,0.4396529114979816,0.3130503551076905,0.7120397634603807,86,True,0.001990760464849217,0.454103946685791,/home/2/kj405942/Byczuk_Freericks/filling_variantB_freericks/pbs_variantB_T002_typ_21x21_mu20/chunks/T_0p02__Didx_19_19__typ/dmft_solutions/T_0p02/U_0p2__Delta_1p9025__w1_0p5__typ,ok,
0.02,0.2,1.9025,typ,0.45,0.55,0.05924754060721719,0.5466654789637744,-0.003334521036225668,0.4396844277081188,0.3131337571334756,0.7121784111520707,1,True,0.0009678131484465059,0.008627653121948242,/home/2/kj405942/Byczuk_Freericks/filling_variantB_freericks/pbs_variantB_T002_typ_21x21_mu20/chunks/T_0p02__Didx_19_19__typ/dmft_solutions/T_0p02/U_0p2__Delta_1p9025__w1_0p45__typ,ok,
0.02,0.2,1.9025,typ,0.4,0.6,0.05955310112462496,0.6014616227649746,0.001461622764974635,0.4397771943178522,0.3129067979909503,0.7115121066618897,1,True,0.001719652740835764,0.009133577346801758,/home/2/kj405942/Byczuk_Freericks/filling_variantB_freericks/pbs_variantB_T002_typ_21x21_mu20/chunks/T_0p02__Didx_19_19__typ/dmft_solutions/T_0p02/U_0p2__Delta_1p9025__w1_0p4__typ,ok,
0.02,0,1.9025,typ,0.5,0.5,0.1461268636168443,0.4954304826470434,-0.004569517352956631,0.44475938886703,0.2935961711062249,0.6601236049319278,1,True,0.001984133884039889,0.01061773300170898,/home/2/kj405942/Byczuk_Freericks/filling_variantB_freericks/pbs_variantB_T002_typ_21x21_mu20/chunks/T_0p02__Didx_19_19__typ/dmft_solutions/T_0p02/U_0__Delta_1p9025__w1_0p5__typ,ok,
0.02,0,1.9025,typ,0.45,0.55,0.2462022914757478,0.545946221713733,-0.004053778286267073,0.4455937962420639,0.2840786991313268,0.6375283981220515,1,True,0.001001638864752205,0.008385658264160156,/home/2/kj405942/Byczuk_Freericks/filling_variantB_freericks/pbs_variantB_T002_typ_21x21_mu20/chunks/T_0p02__Didx_19_19__typ/dmft_solutions/T_0p02/U_0__Delta_1p9025__w1_0p45__typ,ok,
0.02,0,1.9025,typ,0.4,0.6,0.3044802060991625,0.5967402019776058,-0.003259798022394178,0.4463866209614443,0.2758774752752471,0.6180236197067283,3,True,0.001956499169557356,0.01624774932861328,/home/2/kj405942/Byczuk_Freericks/filling_variantB_freericks/pbs_variantB_T002_typ_21x21_mu20/chunks/T_0p02__Didx_19_19__typ/dmft_solutions/T_0p02/U_0__Delta_1p9025__w1_0p4__typ,ok,
0.02,0.4,1.9025,typ,0.5,0.5,0.1059504891506235,0.4956783048963567,-0.004321695103643275,0.4295500496029792,0.3394230341703319,0.7901827376904064,1,True,0.001591944746648605,0.008518695831298828,/home/2/kj405942/Byczuk_Freericks/filling_variantB_freericks/pbs_variantB_T002_typ_21x21_mu20/chunks/T_0p02__Didx_19_19__typ/dmft_solutions/T_0p02/U_0p4__Delta_1p9025__w1_0p5__typ,ok,
0.02,0.4,1.9025,typ,0.45,0.55,0.105322206056376,0.5517095226365123,0.001709522636512251,0.4296522040771324,0.3398232708621309,0.790926399626068,1,True,0.001146993283481907,0.008476734161376953,/home/2/kj405942/Byczuk_Freericks/filling_variantB_freericks/pbs_variantB_T002_typ_21x21_mu20/chunks/T_0p02__Didx_19_19__typ/dmft_solutions/T_0p02/U_0p4__Delta_1p9025__w1_0p45__typ,ok,
0.02,0.4,1.9025,typ,0.4,0.6,0.1037888052687342,0.5974110677918529,-0.002588932208147043,0.4299850745159882,0.3393992567518594,0.7893279950098347,1,True,0.001475079431882733,0.01075363159179688,/home/2/kj405942/Byczuk_Freericks/filling_variantB_freericks/pbs_variantB_T002_typ_21x21_mu20/chunks/T_0p02__Didx_19_19__typ/dmft_solutions/T_0p02/U_0p4__Delta_1p9025__w1_0p4__typ,ok,
0.02,0.5,1.9025,typ,0.5,0.5,0.3967145551861442,0.5007872645435584,0.0007872645435583747,0.4237713644530758,0.3499152259406785,0.8257170146271754,71,True,0.00195689063991612,0.318845272064209,/home/2/kj405942/Byczuk_Freericks/filling_variantB_freericks/pbs_variantB_T002_typ_21x21_mu20/chunks/T_0p02__Didx_19_19__typ/dmft_solutions/T_0p02/U_0p5__Delta_1p9025__w1_0p5__typ,ok,
0.02,0.5,1.9025,typ,0.45,0.55,0.3053822113703332,0.5467284081006107,-0.003271591899389303,0.4240175948391497,0.3528059376465241,0.8320549475791457,1,True,0.001768571172243934,0.008777856826782227,/home/2/kj405942/Byczuk_Freericks/filling_variantB_freericks/pbs_variantB_T002_typ_21x21_mu20/chunks/T_0p02__Didx_19_19__typ/dmft_solutions/T_0p02/U_0p5__Delta_1p9025__w1_0p45__typ,ok,
0.02,0.5,1.9025,typ,0.4,0.6,0.3043675463729763,0.5984582564836839,-0.001541743516316085,0.424463060468261,0.3509467275715091,0.8268015765243508,1,True,0.001384970826838289,0.01145577430725098,/home/2/kj405942/Byczuk_Freericks/filling_variantB_freericks/pbs_variantB_T002_typ_21x21_mu20/chunks/T_0p02__Didx_19_19__typ/dmft_solutions/T_0p02/U_0p5__Delta_1p9025__w1_0p4__typ,ok,
0.02,0.6000000000000001,1.9025,typ,0.5,0.5,0.4999999999999999,0.5045553476839133,0.004555347683913302,0.4175830563476371,0.3564926900787769,0.8537048729821962,126,True,0.001975134469685468,0.5317978858947754,/home/2/kj405942/Byczuk_Freericks/filling_variantB_freericks/pbs_variantB_T002_typ_21x21_mu20/chunks/T_0p02__Didx_19_19__typ/dmft_solutions/T_0p02/U_0p6__Delta_1p9025__w1_0p5__typ,ok,
0.02,0.6000000000000001,1.9025,typ,0.45,0.55,0.5051303211409498,0.5474991858333649,-0.002500814166635168,0.4175749410655823,0.3534120432976702,0.846343993717202,1,True,0.001942411437586594,0.01199650764465332,/home/2/kj405942/Byczuk_Freericks/filling_variantB_freericks/pbs_variantB_T002_typ_21x21_mu20/chunks/T_0p02__Didx_19_19__typ/dmft_solutions/T_0p02/U_0p6__Delta_1p9025__w1_0p45__typ,ok,
0.02,0.6000000000000001,1.9025,typ,0.4,0.6,0.5041993103332585,0.5960697379356324,-0.003930262064367529,0.4179846169822319,0.3497524149445467,0.8367590593876194,1,True,0.0008757910109040151,0.01164007186889648,/home/2/kj405942/Byczuk_Freericks/filling_variantB_freericks/pbs_variantB_T002_typ_21x21_mu20/chunks/T_0p02__Didx_19_19__typ/dmft_solutions/T_0p02/U_0p6__Delta_1p9025__w1_0p4__typ,ok,
0.02,0.7000000000000001,1.9025,typ,0.5,0.5,0.5540568139896742,0.5014236787459844,0.001423678745984369,0.411382046118091,0.3638427918203471,0.8844401335781743,125,True,0.001976988361298542,0.6603505611419678,/home/2/kj405942/Byczuk_Freericks/filling_variantB_freericks/pbs_variantB_T002_typ_21x21_mu20/chunks/T_0p02__Didx_19_19__typ/dmft_solutions/T_0p02/U_0p7__Delta_1p9025__w1_0p5__typ,ok,
0.02,0.7000000000000001,1.9025,typ,0.45,0.55,0.5339269956166814,0.5515760274831502,0.001576027483150111,0.4115746172316627,0.3628996127245465,0.8817346783081171,62,True,0.001969364577656645,0.3341968059539795,/home/2/kj405942/Byczuk_Freericks/filling_variantB_freericks/pbs_variantB_T002_typ_21x21_mu20/chunks/T_0p02__Didx_19_19__typ/dmft_solutions/T_0p02/U_0p7__Delta_1p9025__w1_0p45__typ,ok,
0.02,0.7000000000000001,1.9025,typ,0.4,0.6,0.5615811223929766,0.6008866345201088,0.0008866345201088421,0.4116519634110535,0.355993014888495,0.8647912472921196,1,True,0.001933903525378373,0.01018738746643066,/home/2/kj405942/Byczuk_Freericks/filling_variantB_freericks/pbs_variantB_T002_typ_21x21_mu20/chunks/T_0p02__Didx_19_19__typ/dmft_solutions/T_0p02/U_0p7__Delta_1p9025__w1_0p4__typ,ok,
0.02,1,1.9025,typ,0.5,0.5,0.4974154525179152,0.5015023331184744,0.001502333118474364,0.3946119597938166,0.375698530037939,0.9520708146662362,1,True,0.001938260565488702,0.01220107078552246,/home/2/kj405942/Byczuk_Freericks/filling_variantB_freericks/pbs_variantB_T002_typ_21x21_mu20/chunks/T_0p02__Didx_19_19__typ/dmft_solutions/T_0p02/U_1__Delta_1p9025__w1_0p5__typ,ok,
0.02,1,1.9025,typ,0.45,0.55,0.4450691756622847,0.5540534187204279,0.004053418720427859,0.3948879238368168,0.3749303951495404,0.9494602709210129,35,True,0.001916034837021699,0.1994485855102539,/home/2/kj405942/Byczuk_Freericks/filling_variantB_freericks/pbs_variantB_T002_typ_21x21_mu20/chunks/T_0p02__Didx_19_19__typ/dmft_solutions/T_0p02/U_1__Delta_1p9025__w1_0p45__typ,ok,
0.02,1,1.9025,typ,0.4,0.6,0.4471892621323308,0.6003135716563061,0.0003135716563060775,0.3959934897663595,0.3736416111162363,0.9435549340386606,23,True,0.001931745614727291,0.1344878673553467,/home/2/kj405942/Byczuk_Freericks/filling_variantB_freericks/pbs_variantB_T002_typ_21x21_mu20/chunks/T_0p02__Didx_19_19__typ/dmft_solutions/T_0p02/U_1__Delta_1p9025__w1_0p4__typ,ok,
0.02,0.9,1.9025,typ,0.5,0.5,0.4329416240773546,0.5005773838472162,0.000577383847216173,0.4006065179592999,0.3781815041853843,0.9440223441991178,9,True,0.001893630840454748,0.05601954460144043,/home/2/kj405942/Byczuk_Freericks/filling_variantB_freericks/pbs_variantB_T002_typ_21x21_mu20/chunks/T_0p02__Didx_19_19__typ/dmft_solutions/T_0p02/U_0p9__Delta_1p9025__w1_0p5__typ,ok,
0.02,0.9,1.9025,typ,0.45,0.55,0.4390150713109071,0.5503327675933517,0.0003327675933516572,0.4009212627510512,0.377750749289392,0.9422068230987122,2,True,0.001978596092488776,0.01590633392333984,/home/2/kj405942/Byczuk_Freericks/filling_variantB_freericks/pbs_variantB_T002_typ_21x21_mu20/chunks/T_0p02__Didx_19_19__typ/dmft_solutions/T_0p02/U_0p9__Delta_1p9025__w1_0p45__typ,ok,
0.02,0.9,1.9025,typ,0.4,0.6,0.5252980693928899,0.5969266144579389,-0.003073385542061047,0.4011148383262433,0.3727201425380023,0.9292105574884106,1,True,0.001663693239906069,0.01020121574401855,/home/2/kj405942/Byczuk_Freericks/filling_variantB_freericks/pbs_variantB_T002_typ_21x21_mu20/chunks/T_0p02__Didx_19_19__typ/dmft_solutions/T_0p02/U_0p9__Delta_1p9025__w1_0p4__typ,ok,
0.02,0.8,1.9025,typ,0.5,0.5,0.5156869261998885,0.4960959868683057,-0.003904013131694306,0.4060633629603214,0.3743091096972935,0.9217997579699629,1,True,0.001944307624524368,0.009716510772705078,/home/2/kj405942/Byczuk_Freericks/filling_variantB_freericks/pbs_variantB_T002_typ_21x21_mu20/chunks/T_0p02__Didx_19_19__typ/dmft_solutions/T_0p02/U_0p8__Delta_1p9025__w1_0p5__typ,ok,
0.02,0.8,1.9025,typ,0.45,0.55,0.5240294948980666,0.5491659483311646,-0.0008340516688354338,0.4060339047682894,0.3718491879807244,0.9158082209733861,11,True,0.00192526521512116,0.05228376388549805,/home/2/kj405942/Byczuk_Freericks/filling_variantB_freericks/pbs_variantB_T002_typ_21x21_mu20/chunks/T_0p02__Didx_19_19__typ/dmft_solutions/T_0p02/U_0p8__Delta_1p9025__w1_0p45__typ,ok,
0.02,0.8,1.9025,typ,0.4,0.6,0.5211465128497039,0.6010628270464142,0.00106282704641425,0.4066182635082364,0.3687989919956121,0.9069907210110885,101,True,0.001977394432860994,0.4531199932098389,/home/2/kj405942/Byczuk_Freericks/filling_variantB_freericks/pbs_variantB_T002_typ_21x21_mu20/chunks/T_0p02__Didx_19_19__typ/dmft_solutions/T_0p02/U_0p8__Delta_1p9025__w1_0p4__typ,ok,
0.02,1.3,1.9025,typ,0.5,0.5,0.7361076538489461,0.4972347801080805,-0.002765219891919468,0.3738030182040198,0.3412255075184654,0.9128484546698503,1,True,0.001872727010151954,0.01055192947387695,/home/2/kj405942/Byczuk_Freericks/filling_variantB_freericks/pbs_variantB_T002_typ_21x21_mu20/chunks/T_0p02__Didx_19_19__typ/dmft_solutions/T_0p02/U_1p3__Delta_1p9025__w1_0p5__typ,ok,
0.02,1.3,1.9025,typ,0.45,0.55,0.7317663968220131,0.5522259121154116,0.002225912115411566,0.3738775477934486,0.3398234029391496,0.9089163148328113,6,True,0.001975543075162344,0.03479576110839844,/home/2/kj405942/Byczuk_Freericks/filling_variantB_freericks/pbs_variantB_T002_typ_21x21_mu20/chunks/T_0p02__Didx_19_19__typ/dmft_solutions/T_0p02/U_1p3__Delta_1p9025__w1_0p45__typ,ok,
0.02,1.3,1.9025,typ,0.4,0.6,0.8678649910066385,0.5968046320015032,-0.003195367998496734,0.3658975710536015,0.3217748007801327,0.8794122351060779,33,True,0.001871748657796691,0.1696219444274902,/home/2/kj405942/Byczuk_Freericks/filling_variantB_freericks/pbs_variantB_T002_typ_21x21_mu20/chunks/T_0p02__Didx_19_19__typ/dmft_solutions/T_0p02/U_1p3__Delta_1p9025__w1_0p4__typ,ok,
0.02,1.1,1.9025,typ,0.5,0.5,0.6593974242672793,0.4964465077377735,-0.00355349226222651,0.3873696194507348,0.3663225565125012,0.9456667175704772,1,True,0.001826584396646082,0.01048827171325684,/home/2/kj405942/Byczuk_Freericks/filling_variantB_freericks/pbs_variantB_T002_typ_21x21_mu20/chunks/T_0p02__Didx_19_19__typ/dmft_solutions/T_0p02/U_1p1__Delta_1p9025__w1_0p5__typ,ok,
0.02,1.1,1.9025,typ,0.45,0.55,0.6291526695823545,0.5485615411523331,-0.001438458847666912,0.3878922924548518,0.3661149129792559,0.9438571482362448,1,True,0.001740761661920029,0.009804964065551758,/home/2/kj405942/Byczuk_Freericks/filling_variantB_freericks/pbs_variantB_T002_typ_21x21_mu20/chunks/T_0p02__Didx_19_19__typ/dmft_solutions/T_0p02/U_1p1__Delta_1p9025__w1_0p45__typ,ok,
0.02,1.1,1.9025,typ,0.4,0.6,0.8385376137687497,0.5965172055897346,-0.003482794410265333,0.3793348992652222,0.3383986517322285,0.8920841514653993,1,True,0.001950143513553344,0.008515357971191406,/home/2/kj405942/Byczuk_Freericks/filling_variantB_freericks/pbs_variantB_T002_typ_21x21_mu20/chunks/T_0p02__Didx_19_19__typ/dmft_solutions/T_0p02/U_1p1__Delta_1p9025__w1_0p4__typ,ok,
0.02,1.4,1.9025,typ,0.5,0.5,0.7458234938551258,0.4978257863425429,-0.002174213657457125,0.366751235110451,0.322177990508329,0.878464636693866,1,True,0.001830359428472721,0.008421182632446289,/home/2/kj405942/Byczuk_Freericks/filling_variantB_freericks/pbs_variantB_T002_typ_21x21_mu20/chunks/T_0p02__Didx_19_19__typ/dmft_solutions/T_0p02/U_1p4__Delta_1p9025__w1_0p5__typ,ok,
0.02,1.4,1.9025,typ,0.45,0.55,0.9256570064518373,0.5452950194524007,-0.00470498054759938,0.3541136313026546,0.3038334300560249,0.858011110553222,79,True,0.001995990423072368,0.4015045166015625,/home/2/kj405942/Byczuk_Freericks/filling_variantB_freericks/pbs_variantB_T002_typ_21x21_mu20/chunks/T_0p02__Didx_19_19__typ/dmft_solutions/T_0p02/U_1p4__Delta_1p9025__w1_0p45__typ,ok,
0.02,1.4,1.9025,typ,0.4,0.6,0.9334689093973849,0.6031362413663088,0.003136241366308856,0.3526378837954982,0.2977635258102708,0.8443889312327821,56,True,0.001972328161423848,0.2897772789001465,/home/2/kj405942/Byczuk_Freericks/filling_variantB_freericks/pbs_variantB_T002_typ_21x21_mu20/chunks/T_0p02__Didx_19_19__typ/dmft_solutions/T_0p02/U_1p4__Delta_1p9025__w1_0p4__typ,ok,
0.02,1.2,1.9025,typ,0.5,0.5,0.4973073905736598,0.4977297289228901,-0.002270271077109864,0.380568523847501,0.3555455821824703,0.9342485253061609,83,True,0.001983969463723998,0.4199769496917725,/home/2/kj405942/Byczuk_Freericks/filling_variantB_freericks/pbs_variantB_T002_typ_21x21_mu20/chunks/T_0p02__Didx_19_19__typ/dmft_solutions/T_0p02/U_1p2__Delta_1p9025__w1_0p5__typ,ok,
0.02,1.2,1.9025,typ,0.45,0.55,0.6924549703717456,0.548692333320792,-0.001307666679208008,0.3808651116352155,0.3546664995951665,0.9312128855080286,1,True,0.001835276679329177,0.009674310684204102,/home/2/kj405942/Byczuk_Freericks/filling_variantB_freericks/pbs_variantB_T002_typ_21x21_mu20/chunks/T_0p02__Didx_19_19__typ/dmft_solutions/T_0p02/U_1p2__Delta_1p9025__w1_0p45__typ,ok,
0.02,1.2,1.9025,typ,0.4,0.6,0.6906271593565704,0.6034699705670983,0.003469970567098302,0.38167265850661,0.3515778897200642,0.9211503152877152,1,True,0.001645880610790738,0.01004409790039062,/home/2/kj405942/Byczuk_Freericks/filling_variantB_freericks/pbs_variantB_T002_typ_21x21_mu20/chunks/T_0p02__Didx_19_19__typ/dmft_solutions/T_0p02/U_1p2__Delta_1p9025__w1_0p4__typ,ok,
0.02,1.5,1.9025,typ,0.5,0.5,0.6007471827488317,0.5029553663708711,0.002955366370871126,0.3506884897258042,0.2883014080817889,0.8221011425473519,1,True,0.001960168808844667,0.009328603744506836,/home/2/kj405942/Byczuk_Freericks/filling_variantB_freericks/pbs_variantB_T002_typ_21x21_mu20/chunks/T_0p02__Didx_19_19__typ/dmft_solutions/T_0p02/U_1p5__Delta_1p9025__w1_0p5__typ,ok,
0.02,1.5,1.9025,typ,0.45,0.55,0.7185612254603784,0.5457619104219693,-0.004238089578030735,0.358836278257928,0.2957391572756405,0.8241618119310281,1,True,0.001822045244076697,0.006758928298950195,/home/2/kj405942/Byczuk_Freericks/filling_variantB_freericks/pbs_variantB_T002_typ_21x21_mu20/chunks/T_0p02__Didx_19_19__typ/dmft_solutions/T_0p02/U_1p5__Delta_1p9025__w1_0p45__typ,ok,
0.02,1.5,1.9025,typ,0.4,0.6,0.5138331153768443,0.6044952189503879,0.004495218950387958,0.3487240418450348,0.2796866117694861,0.8020284758392787,25,True,0.001970484688931648,0.06680750846862793,/home/2/kj405942/Byczuk_Freericks/filling_variantB_freericks/pbs_variantB_T002_typ_21x21_mu20/chunks/T_0p02__Didx_19_19__typ/dmft_solutions/T_0p02/U_1p5__Delta_1p9025__w1_0p4__typ,ok,
0.02,1.7,1.9025,typ,0.5,0.5,0.8254425522340476,0.4978899747836905,-0.002110025216309541,0.3328397123665138,0.2207647754330714,0.6632765479317906,118,True,0.001970977987235235,0.4376883506774902,/home/2/kj405942/Byczuk_Freericks/filling_variantB_freericks/pbs_variantB_T002_typ_21x21_mu20/chunks/T_0p02__Didx_19_19__typ/dmft_solutions/T_0p02/U_1p7__Delta_1p9025__w1_0p5__typ,ok,
0.02,1.7,1.9025,typ,0.45,0.55,1.092943417353081,0.5520263757315818,0.002026375731581709,0.2904319260459188,0.1927758917633497,0.6637558562789367,2,True,0.001983288865185178,0.01139640808105469,/home/2/kj405942/Byczuk_Freericks/filling_variantB_freericks/pbs_variantB_T002_typ_21x21_mu20/chunks/T_0p02__Didx_19_19__typ/dmft_solutions/T_0p02/U_1p7__Delta_1p9025__w1_0p45__typ,ok,
0.02,1.7,1.9025,typ,0.4,0.6,1.108926781317159,0.5982438037141475,-0.00175619628585244,0.279481787379337,0.1839915909977169,0.6583312376916621,4,True,0.001959637550608307,0.01704549789428711,/home/2/kj405942/Byczuk_Freericks/filling_variantB_freericks/pbs_variantB_T002_typ_21x21_mu20/chunks/T_0p02__Didx_19_19__typ/dmft_solutions/T_0p02/U_1p7__Delta_1p9025__w1_0p4__typ,ok,
0.02,1.8,1.9025,typ,0.5,0.5,0.8911117571480059,0.4980607133746033,-0.001939286625396663,0.3111019683245113,0.1658634386357604,0.533148149235584,1,True,0.001157192199962014,0.007524490356445312,/home/2/kj405942/Byczuk_Freericks/filling_variantB_freericks/pbs_variantB_T002_typ_21x21_mu20/chunks/T_0p02__Didx_19_19__typ/dmft_solutions/T_0p02/U_1p8__Delta_1p9025__w1_0p5__typ,ok,
0.02,1.8,1.9025,typ,0.45,0.55,0.8873857512121165,0.5501394453645828,0.0001394453645827687,0.3126527066391782,0.1654864587408721,0.5292980205409012,1,True,0.001818478326513896,0.006904125213623047,/home/2/kj405942/Byczuk_Freericks/filling_variantB_freericks/pbs_variantB_T002_typ_21x21_mu20/chunks/T_0p02__Didx_19_19__typ/dmft_solutions/T_0p02/U_1p8__Delta_1p9025__w1_0p45__typ,ok,
0.02,1.8,1.9025,typ,0.4,0.6,1.073123934334857,0.5952796897852813,-0.004720310214718637,0.2754990745239047,0.1442235674495182,0.5234992810729172,16,True,0.001969314755104714,0.03580045700073242,/home/2/kj405942/Byczuk_Freericks/filling_variantB_freericks/pbs_variantB_T002_typ_21x21_mu20/chunks/T_0p02__Didx_19_19__typ/dmft_solutions/T_0p02/U_1p8__Delta_1p9025__w1_0p4__typ,ok,
0.02,1.6,1.9025,typ,0.5,0.5,0.5307828037277165,0.4970474525564352,-0.002952547443564768,0.314141339912776,0.2343437666046902,0.7459819413444844,1,True,0.001955332915936243,0.005645513534545898,/home/2/kj405942/Byczuk_Freericks/filling_variantB_freericks/pbs_variantB_T002_typ_21x21_mu20/chunks/T_0p02__Didx_19_19__typ/dmft_solutions/T_0p02/U_1p6__Delta_1p9025__w1_0p5__typ,ok,
0.02,1.6,1.9025,typ,0.45,0.55,0.8661465765428096,0.5475176927587737,-0.002482307241226334,0.3456334171926642,0.2603601910324899,0.7532841967284635,100,True,0.001981711002614407,0.2047774791717529,/home/2/kj405942/Byczuk_Freericks/filling_variantB_freericks/pbs_variantB_T002_typ_21x21_mu20/chunks/T_0p02__Didx_19_19__typ/dmft_solutions/T_0p02/U_1p6__Delta_1p9025__w1_0p45__typ,ok,
0.02,1.6,1.9025,typ,0.4,0.6,0.8221817574873143,0.5978454486110717,-0.002154551388928283,0.3498104430844144,0.2600075803877688,0.7432813557399292,1,True,0.001633423469510476,0.003743410110473633,/home/2/kj405942/Byczuk_Freericks/filling_variantB_freericks/pbs_variantB_T002_typ_21x21_mu20/chunks/T_0p02__Didx_19_19__typ/dmft_solutions/T_0p02/U_1p6__Delta_1p9025__w1_0p4__typ,ok,
0.02,1.9,1.9025,typ,0.5,0.5,1.180817395760089,0.5043532633618012,0.004353263361801196,0.2563536960376729,0.08734642806698263,0.3407262287107672,12,True,0.001969273157084528,0.02963614463806152,/home/2/kj405942/Byczuk_Freericks/filling_variantB_freericks/pbs_variantB_T002_typ_21x21_mu20/chunks/T_0p02__Didx_19_19__typ/dmft_solutions/T_0p02/U_1p9__Delta_1p9025__w1_0p5__typ,ok,
0.02,1.9,1.9025,typ,0.45,0.55,1.293811445945395,0.5542831032830928,0.004283103283092782,0.2356155678137105,0.07441164502089129,0.3158180323624662,78,True,0.001979299807304706,0.1696383953094482,/home/2/kj405942/Byczuk_Freericks/filling_variantB_freericks/pbs_variantB_T002_typ_21x21_mu20/chunks/T_0p02__Didx_19_19__typ/dmft_solutions/T_0p02/U_1p9__Delta_1p9025__w1_0p45__typ,ok,
0.02,1.9,1.9025,typ,0.4,0.6,1.164807909550415,0.5957685677734995,-0.004231432226500464,0.2147187467535847,0.0664957531007439,0.3096876919510699,1,True,0.001521246883107885,0.005104303359985352,/home/2/kj405942/Byczuk_Freericks/filling_variantB_freericks/pbs_variantB_T002_typ_21x21_mu20/chunks/T_0p02__Didx_19_19__typ/dmft_solutions/T_0p02/U_1p9__Delta_1p9025__w1_0p4__typ,ok,
0.02,2,1.9025,typ,0.5,0.5,0.9116097171898598,0.4953584672816596,-0.004641532718340446,0.300025270710753,0.02184811598353499,0.07282091915716733,1,True,0.001913774710501241,0.004586935043334961,/home/2/kj405942/Byczuk_Freericks/filling_variantB_freericks/pbs_variantB_T002_typ_21x21_mu20/chunks/T_0p02__Didx_19_19__typ/dmft_solutions/T_0p02/U_2__Delta_1p9025__w1_0p5__typ,ok,
0.02,2,1.9025,typ,0.45,0.55,1.189674369862405,0.5488783519830414,-0.001121648016958687,0.2983480233992579,0.02522447608600617,0.08454715334999907,1,True,0.00193813125730329,0.003285408020019531,/home/2/kj405942/Byczuk_Freericks/filling_variantB_freericks/pbs_variantB_T002_typ_21x21_mu20/chunks/T_0p02__Didx_19_19__typ/dmft_solutions/T_0p02/U_2__Delta_1p9025__w1_0p45__typ,ok,
0.02,2,1.9025,typ,0.4,0.6,0.9414524579790051,0.5997711607964078,-0.0002288392035921794,0.4287033829010007,0.02087812243947525,0.04870062442286949,1,True,0.001953733624505896,0.003009557723999023,/home/2/kj405942/Byczuk_Freericks/filling_variantB_freericks/pbs_variantB_T002_typ_21x21_mu20/chunks/T_0p02__Didx_19_19__typ/dmft_solutions/T_0p02/U_2__Delta_1p9025__w1_0p4__typ,ok,
0.02,0.2,2,typ,0.5,0.5,0.1353532088827979,0.4952310379692874,-0.004768962030712642,0.4290388738471139,0.2843384204631956,0.6627334672813782,1,True,0.0009764292802267984,0.009120702743530273,/home/2/kj405942/Byczuk_Freericks/filling_variantB_freericks/pbs_variantB_T002_typ_21x21_mu20/chunks/T_0p02__Didx_20_20__typ/dmft_solutions/T_0p02/U_0p2__Delta_2__w1_0p5__typ,ok,
0.02,0.2,2,typ,0.45,0.55,0.1363612686142858,0.5470566493458953,-0.002943350654104782,0.4290512114563116,0.2840294082387716,0.6619941877677067,1,True,0.001305312179911126,0.009317874908447266,/home/2/kj405942/Byczuk_Freericks/filling_variantB_freericks/pbs_variantB_T002_typ_21x21_mu20/chunks/T_0p02__Didx_20_20__typ/dmft_solutions/T_0p02/U_0p2__Delta_2__w1_0p45__typ,ok,
0.02,0.2,2,typ,0.4,0.6,0.1361315131161538,0.602105242513132,0.002105242513132044,0.4291797454115882,0.2833797297251348,0.6602821609239049,1,True,0.001490423754874827,0.0088348388671875,/home/2/kj405942/Byczuk_Freericks/filling_variantB_freericks/pbs_variantB_T002_typ_21x21_mu20/chunks/T_0p02__Didx_20_20__typ/dmft_solutions/T_0p02/U_0p2__Delta_2__w1_0p4__typ,ok,
0.02,0,2,typ,0.5,0.5,-4.359835661116208e-17,0.4993869086812456,-0.0006130913187543663,0.4338483441486548,0.2669764761092877,0.615368203451781,88,True,0.001980987997372038,0.4062402248382568,/home/2/kj405942/Byczuk_Freericks/filling_variantB_freericks/pbs_variantB_T002_typ_21x21_mu20/chunks/T_0p02__Didx_20_20__typ/dmft_solutions/T_0p02/U_0__Delta_2__w1_0p5__typ,ok,
0.02,0,2,typ,0.45,0.55,-0.05796485475754159,0.5518096213323483,0.001809621332348299,0.4339583965953264,0.2660802961452856,0.6131470164717426,1,True,0.001889315979725481,0.01217317581176758,/home/2/kj405942/Byczuk_Freericks/filling_variantB_freericks/pbs_variantB_T002_typ_21x21_mu20/chunks/T_0p02__Didx_20_20__typ/dmft_solutions/T_0p02/U_0__Delta_2__w1_0p45__typ,ok,
0.02,0,2,typ,0.4,0.6,-0.05735035789574294,0.6011366680069611,0.001136668006961106,0.4339602631781508,0.2660943792432503,0.6131768316630695,1,True,0.001885567468189859,0.01247668266296387,/home/2/kj405942/Byczuk_Freericks/filling_variantB_freericks/pbs_variantB_T002_typ_21x21_mu20/chunks/T_0p02__Didx_20_20__typ/dmft_solutions/T_0p02/U_0__Delta_2__w1_0p4__typ,ok,
0.02,0.1,2,typ,0.5,0.5,0.1234360546694511,0.4980872918507174,-0.001912708149282571,0.4326298400702946,0.2707474493978191,0.6258177876815604,60,True,0.001953385328199174,0.262575626373291,/home/2/kj405942/Byczuk_Freericks/filling_variantB_freericks/pbs_variantB_T002_typ_21x21_mu20/chunks/T_0p02__Didx_20_20__typ/dmft_solutions/T_0p02/U_0p1__Delta_2__w1_0p5__typ,ok,
0.02,0.1,2,typ,0.45,0.55,0.2383649978809204,0.5456119818294034,-0.004388018170596641,0.4333470290678744,0.2631580345263358,0.6072685789317315,28,True,0.001994375108869502,0.1251044273376465,/home/2/kj405942/Byczuk_Freericks/filling_variantB_freericks/pbs_variantB_T002_typ_21x21_mu20/chunks/T_0p02__Didx_20_20__typ/dmft_solutions/T_0p02/U_0p1__Delta_2__w1_0p45__typ,ok,
0.02,0.1,2,typ,0.4,0.6,0.3626740693013857,0.5966653976662349,-0.003334602333765035,0.4350456892877292,0.2469122324912467,0.5675547156794021,81,True,0.001994738246983848,0.4392120838165283,/home/2/kj405942/Byczuk_Freericks/filling_variantB_freericks/pbs_variantB_T002_typ_21x21_mu20/chunks/T_0p02__Didx_20_20__typ/dmft_solutions/T_0p02/U_0p1__Delta_2__w1_0p4__typ,ok,
0.02,0.3,2,typ,0.5,0.5,0.1750349492632332,0.4997037143173702,-0.0002962856826297933,0.4243219090295638,0.3004335518236116,0.7080321459495494,1,True,0.001494579392249987,0.009351253509521484,/home/2/kj405942/Byczuk_Freericks/filling_variantB_freericks/pbs_variantB_T002_typ_21x21_mu20/chunks/T_0p02__Didx_20_20__typ/dmft_solutions/T_0p02/U_0p3__Delta_2__w1_0p5__typ,ok,
0.02,0.3,2,typ,0.45,0.55,0.1748198642258456,0.5495527819468249,-0.0004472180531751579,0.4243981483372962,0.3000032483877621,0.7068910398481062,1,True,0.001611261429353858,0.008869409561157227,/home/2/kj405942/Byczuk_Freericks/filling_variantB_freericks/pbs_variantB_T002_typ_21x21_mu20/chunks/T_0p02__Didx_20_20__typ/dmft_solutions/T_0p02/U_0p3__Delta_2__w1_0p45__typ,ok,
0.02,0.3,2,typ,0.4,0.6,0.1744603047464751,0.6030983797839305,0.003098379783930572,0.4246230327247434,0.2989763464642617,0.7040982787621637,1,True,0.001650985324341111,0.01193380355834961,/home/2/kj405942/Byczuk_Freericks/filling_variantB_freericks/pbs_variantB_T002_typ_21x21_mu20/chunks/T_0p02__Didx_20_20__typ/dmft_solutions/T_0p02/U_0p3__Delta_2__w1_0p4__typ,ok,
0.02,0.4,2,typ,0.5,0.5,0.2301807333574222,0.4988804284557574,-0.001119571544242637,0.4191171621187867,0.3165753459367892,0.7553385414626974,1,True,0.001931692336842157,0.009519338607788086,/home/2/kj405942/Byczuk_Freericks/filling_variantB_freericks/pbs_variantB_T002_typ_21x21_mu20/chunks/T_0p02__Didx_20_20__typ/dmft_solutions/T_0p02/U_0p4__Delta_2__w1_0p5__typ,ok,
0.02,0.4,2,typ,0.45,0.55,0.229005341662511,0.5466583309694034,-0.003341669030596628,0.4192398227174906,0.3159802846619054,0.7536981640096538,1,True,0.00119935267235928,0.008830070495605469,/home/2/kj405942/Byczuk_Freericks/filling_variantB_freericks/pbs_variantB_T002_typ_21x21_mu20/chunks/T_0p02__Didx_20_20__typ/dmft_solutions/T_0p02/U_0p4__Delta_2__w1_0p45__typ,ok,
0.02,0.4,2,typ,0.4,0.6,0.2285342944576186,0.5958845098239776,-0.004115490176022418,0.4195558655989411,0.3145427234298874,0.7497040304295564,1,True,0.001602365203840778,0.00912165641784668,/home/2/kj405942/Byczuk_Freericks/filling_variantB_freericks/pbs_variantB_T002_typ_21x21_mu20/chunks/T_0p02__Didx_20_20__typ/dmft_solutions/T_0p02/U_0p4__Delta_2__w1_0p4__typ,ok,
0.02,0.7000000000000001,2,typ,0.5,0.5,0.4906780634662651,0.4963689337539089,-0.003631066246091108,0.4027840299536348,0.3496173272088141,0.86800195938518,1,True,0.001775125509574034,0.009624242782592773,/home/2/kj405942/Byczuk_Freericks/filling_variantB_freericks/pbs_variantB_T002_typ_21x21_mu20/chunks/T_0p02__Didx_20_20__typ/dmft_solutions/T_0p02/U_0p7__Delta_2__w1_0p5__typ,ok,
0.02,0.7000000000000001,2,typ,0.45,0.55,0.4900894973993945,0.5474269482109088,-0.002573051789091285,0.4029548575559221,0.347564743399853,0.8625401502986423,1,True,0.001427175883261916,0.008846044540405273,/home/2/kj405942/Byczuk_Freericks/filling_variantB_freericks/pbs_variantB_T002_typ_21x21_mu20/chunks/T_0p02__Didx_20_20__typ/dmft_solutions/T_0p02/U_0p7__Delta_2__w1_0p45__typ,ok,
0.02,0.7000000000000001,2,typ,0.4,0.6,0.4890910168259142,0.5950814924025608,-0.00491850759743917,0.4034055387193523,0.3441503388224345,0.8531125772714254,1,True,0.001447338413313405,0.00893402099609375,/home/2/kj405942/Byczuk_Freericks/filling_variantB_freericks/pbs_variantB_T002_typ_21x21_mu20/chunks/T_0p02__Didx_20_20__typ/dmft_solutions/T_0p02/U_0p7__Delta_2__w1_0p4__typ,ok,
0.02,0.5,2,typ,0.5,0.5,0.1873608538256511,0.4951045010166965,-0.004895498983303492,0.4137299066686954,0.3305624358314015,0.7989812447764569,1,True,0.001692470878969993,0.009606599807739258,/home/2/kj405942/Byczuk_Freericks/filling_variantB_freericks/pbs_variantB_T002_typ_21x21_mu20/chunks/T_0p02__Didx_20_20__typ/dmft_solutions/T_0p02/U_0p5__Delta_2__w1_0p5__typ,ok,
0.02,0.5,2,typ,0.45,0.55,0.1864085654976575,0.553234825451091,0.003234825451090995,0.4138873472142641,0.3306485824743083,0.7988854568756262,1,True,0.001331208113005854,0.008733272552490234,/home/2/kj405942/Byczuk_Freericks/filling_variantB_freericks/pbs_variantB_T002_typ_21x21_mu20/chunks/T_0p02__Didx_20_20__typ/dmft_solutions/T_0p02/U_0p5__Delta_2__w1_0p45__typ,ok,
0.02,0.5,2,typ,0.4,0.6,0.1851416014015747,0.5978551034524916,-0.002144896547508379,0.4143121281902147,0.3297080243550455,0.7957962172028752,1,True,0.001352878084406782,0.01126956939697266,/home/2/kj405942/Byczuk_Freericks/filling_variantB_freericks/pbs_variantB_T002_typ_21x21_mu20/chunks/T_0p02__Didx_20_20__typ/dmft_solutions/T_0p02/U_0p5__Delta_2__w1_0p4__typ,ok,
0.02,0.8,2,typ,0.5,0.5,0.3699669750148032,0.5030601621511986,0.003060162151198642,0.3977228004030875,0.3598000533700816,0.9046503067096692,45,True,0.001953095988215094,0.2551071643829346,/home/2/kj405942/Byczuk_Freericks/filling_variantB_freericks/pbs_variantB_T002_typ_21x21_mu20/chunks/T_0p02__Didx_20_20__typ/dmft_solutions/T_0p02/U_0p8__Delta_2__w1_0p5__typ,ok,
0.02,0.8,2,typ,0.45,0.55,0.3748856188324661,0.5506294504819143,0.0006294504819142066,0.397985756639987,0.3595081049342607,0.9033190231967704,37,True,0.001992893050699772,0.2114725112915039,/home/2/kj405942/Byczuk_Freericks/filling_variantB_freericks/pbs_variantB_T002_typ_21x21_mu20/chunks/T_0p02__Didx_20_20__typ/dmft_solutions/T_0p02/U_0p8__Delta_2__w1_0p45__typ,ok,
0.02,0.8,2,typ,0.4,0.6,0.3930782112191147,0.5981406207007588,-0.001859379299241182,0.3986777756211613,0.3575386909874643,0.8968111915202696,1,True,0.001586716400446167,0.01122689247131348,/home/2/kj405942/Byczuk_Freericks/filling_variantB_freericks/pbs_variantB_T002_typ_21x21_mu20/chunks/T_0p02__Didx_20_20__typ/dmft_solutions/T_0p02/U_0p8__Delta_2__w1_0p4__typ,ok,
0.02,0.6000000000000001,2,typ,0.5,0.5,0.090618385121253,0.5005025198357732,0.0005025198357732075,0.4079673393611331,0.3344880258906844,0.8198892254818353,1,True,0.001597250919794055,0.009048938751220703,/home/2/kj405942/Byczuk_Freericks/filling_variantB_freericks/pbs_variantB_T002_typ_21x21_mu20/chunks/T_0p02__Didx_20_20__typ/dmft_solutions/T_0p02/U_0p6__Delta_2__w1_0p5__typ,ok,
0.02,0.6000000000000001,2,typ,0.45,0.55,0.2450702676031261,0.5499883219703682,-1.167802963186748e-05,0.4085508974173759,0.3432152342678625,0.8400795015687691,1,True,0.001889182658638265,0.01155233383178711,/home/2/kj405942/Byczuk_Freericks/filling_variantB_freericks/pbs_variantB_T002_typ_21x21_mu20/chunks/T_0p02__Didx_20_20__typ/dmft_solutions/T_0p02/U_0p6__Delta_2__w1_0p45__typ,ok,
0.02,0.6000000000000001,2,typ,0.4,0.6,0.2277826221452181,0.596805991384647,-0.003194008615353017,0.4090751896880155,0.3418953854766841,0.8357763904905436,1,True,0.001809013469299483,0.01095175743103027,/home/2/kj405942/Byczuk_Freericks/filling_variantB_freericks/pbs_variantB_T002_typ_21x21_mu20/chunks/T_0p02__Didx_20_20__typ/dmft_solutions/T_0p02/U_0p6__Delta_2__w1_0p4__typ,ok,
0.02,1,2,typ,0.5,0.5,0.2450739540448779,0.4950204668859223,-0.004979533114077728,0.3837628387951623,0.3474985634367587,0.9055034211434942,1,True,0.001411096777115506,0.01087427139282227,/home/2/kj405942/Byczuk_Freericks/filling_variantB_freericks/pbs_variantB_T002_typ_21x21_mu20/chunks/T_0p02__Didx_20_20__typ/dmft_solutions/T_0p02/U_1__Delta_2__w1_0p5__typ,ok,
0.02,1,2,typ,0.45,0.55,0.2439596148761474,0.5484293542695573,-0.001570645730442743,0.3846567146551676,0.3497892583084123,0.9093543541076287,1,True,0.00156261493558298,0.01143980026245117,/home/2/kj405942/Byczuk_Freericks/filling_variantB_freericks/pbs_variantB_T002_typ_21x21_mu20/chunks/T_0p02__Didx_20_20__typ/dmft_solutions/T_0p02/U_1__Delta_2__w1_0p45__typ,ok,
0.02,1,2,typ,0.4,0.6,0.2422682134374627,0.5992213684385573,-0.0007786315614426442,0.3862281529444919,0.3506350425808495,0.9078443399521999,1,True,0.001816622667898329,0.01118874549865723,/home/2/kj405942/Byczuk_Freericks/filling_variantB_freericks/pbs_variantB_T002_typ_21x21_mu20/chunks/T_0p02__Didx_20_20__typ/dmft_solutions/T_0p02/U_1__Delta_2__w1_0p4__typ,ok,
0.02,0.9,2,typ,0.5,0.5,0.4344038241310884,0.5027224875453369,0.002722487545336882,0.392456888406025,0.3631202075733848,0.9252486535481848,114,True,0.00191578361333447,0.6420190334320068,/home/2/kj405942/Byczuk_Freericks/filling_variantB_freericks/pbs_variantB_T002_typ_21x21_mu20/chunks/T_0p02__Didx_20_20__typ/dmft_solutions/T_0p02/U_0p9__Delta_2__w1_0p5__typ,ok,
0.02,0.9,2,typ,0.45,0.55,0.5289932603790187,0.5503709196795418,0.0003709196795417258,0.3923834700459159,0.3603214517742195,0.9182890699551015,45,True,0.001991515680037807,0.2481033802032471,/home/2/kj405942/Byczuk_Freericks/filling_variantB_freericks/pbs_variantB_T002_typ_21x21_mu20/chunks/T_0p02__Didx_20_20__typ/dmft_solutions/T_0p02/U_0p9__Delta_2__w1_0p45__typ,ok,
0.02,0.9,2,typ,0.4,0.6,0.6695259196002608,0.5966614739334754,-0.003338526066524627,0.3909716170981641,0.3446605979800543,0.8815488974319019,1,True,0.001951332618481963,0.01142048835754395,/home/2/kj405942/Byczuk_Freericks/filling_variantB_freericks/pbs_variantB_T002_typ_21x21_mu20/chunks/T_0p02__Didx_20_20__typ/dmft_solutions/T_0p02/U_0p9__Delta_2__w1_0p4__typ,ok,
0.02,1.2,2,typ,0.5,0.5,0.4986218901867778,0.5004368543232092,0.0004368543232091682,0.3753102427669579,0.3480074746942506,0.9272528032504019,1,True,0.001732929235085785,0.01123762130737305,/home/2/kj405942/Byczuk_Freericks/filling_variantB_freericks/pbs_variantB_T002_typ_21x21_mu20/chunks/T_0p02__Didx_20_20__typ/dmft_solutions/T_0p02/U_1p2__Delta_2__w1_0p5__typ,ok,
0.02,1.2,2,typ,0.45,0.55,0.5966628695152693,0.5488211176038755,-0.001178882396124514,0.3766333271468481,0.3500800387539379,0.9294983038435229,1,True,0.001941547487851215,0.0115966796875,/home/2/kj405942/Byczuk_Freericks/filling_variantB_freericks/pbs_variantB_T002_typ_21x21_mu20/chunks/T_0p02__Didx_20_20__typ/dmft_solutions/T_0p02/U_1p2__Delta_2__w1_0p45__typ,ok,
0.02,1.2,2,typ,0.4,0.6,0.5942374102549776,0.6002132593995549,0.0002132593995549659,0.3777260595363598,0.3479979883550179,0.9212972723729157,1,True,0.001738724899297628,0.01122927665710449,/home/2/kj405942/Byczuk_Freericks/filling_variantB_freericks/pbs_variantB_T002_typ_21x21_mu20/chunks/T_0p02__Didx_20_20__typ/dmft_solutions/T_0p02/U_1p2__Delta_2__w1_0p4__typ,ok,
0.02,1.1,2,typ,0.5,0.5,0.435130223962405,0.5018052136011567,0.001805213601156708,0.3808609395955898,0.3553813567453133,0.9331000367815837,1,True,0.001983994472831222,0.01069331169128418,/home/2/kj405942/Byczuk_Freericks/filling_variantB_freericks/pbs_variantB_T002_typ_21x21_mu20/chunks/T_0p02__Didx_20_20__typ/dmft_solutions/T_0p02/U_1p1__Delta_2__w1_0p5__typ,ok,
0.02,1.1,2,typ,0.45,0.55,0.6895861714985234,0.5493093293868324,-0.0006906706131676321,0.3804093644897905,0.3518342292575358,0.9248831971563582,1,True,0.001903899616824306,0.01156163215637207,/home/2/kj405942/Byczuk_Freericks/filling_variantB_freericks/pbs_variantB_T002_typ_21x21_mu20/chunks/T_0p02__Didx_20_20__typ/dmft_solutions/T_0p02/U_1p1__Delta_2__w1_0p45__typ,ok,
0.02,1.1,2,typ,0.4,0.6,0.6296788606985758,0.6006047436271191,0.0006047436271191531,0.3822078677501634,0.3525409563288128,0.9223801655471341,1,True,0.001768064545770429,0.0111541748046875,/home/2/kj405942/Byczuk_Freericks/filling_variantB_freericks/pbs_variantB_T002_typ_21x21_mu20/chunks/T_0p02__Didx_20_20__typ/dmft_solutions/T_0p02/U_1p1__Delta_2__w1_0p4__typ,ok,
0.02,1.3,2,typ,0.5,0.5,0.6995378216467597,0.501605325857751,0.001605325857750972,0.370243820684976,0.3378864556889787,0.9126052531109525,54,True,0.001957941717335694,0.3070962429046631,/home/2/kj405942/Byczuk_Freericks/filling_variantB_freericks/pbs_variantB_T002_typ_21x21_mu20/chunks/T_0p02__Didx_20_20__typ/dmft_solutions/T_0p02/U_1p3__Delta_2__w1_0p5__typ,ok,
0.02,1.3,2,typ,0.45,0.55,0.9005152751793298,0.5477823960852191,-0.002217603914780986,0.3616559022984687,0.3180444991114992,0.8794118859672926,1,True,0.001260262403506955,0.01126384735107422,/home/2/kj405942/Byczuk_Freericks/filling_variantB_freericks/pbs_variantB_T002_typ_21x21_mu20/chunks/T_0p02__Didx_20_20__typ/dmft_solutions/T_0p02/U_1p3__Delta_2__w1_0p45__typ,ok,
0.02,1.3,2,typ,0.4,0.6,0.7586261915091479,0.5962754148243405,-0.003724585175659434,0.369686444473192,0.3300627882826799,0.8928182063938633,1,True,0.001732760692201758,0.01092839241027832,/home/2/kj405942/Byczuk_Freericks/filling_variantB_freericks/pbs_variantB_T002_typ_21x21_mu20/chunks/T_0p02__Didx_20_20__typ/dmft_solutions/T_0p02/U_1p3__Delta_2__w1_0p4__typ,ok,
0.02,1.5,2,typ,0.5,0.5,0.7968765774921539,0.5010249567284969,0.001024956728496895,0.3571719725439176,0.2989933276821737,0.8371130734380614,21,True,0.001897123190814151,0.1198966503143311,/home/2/kj405942/Byczuk_Freericks/filling_variantB_freericks/pbs_variantB_T002_typ_21x21_mu20/chunks/T_0p02__Didx_20_20__typ/dmft_solutions/T_0p02/U_1p5__Delta_2__w1_0p5__typ,ok,
0.02,1.5,2,typ,0.45,0.55,0.87012550220959,0.5522256945236749,0.002225694523674826,0.353927113241252,0.2930274100448464,0.8279315121164685,1,True,0.001758258319675775,0.007784366607666016,/home/2/kj405942/Byczuk_Freericks/filling_variantB_freericks/pbs_variantB_T002_typ_21x21_mu20/chunks/T_0p02__Didx_20_20__typ/dmft_solutions/T_0p02/U_1p5__Delta_2__w1_0p45__typ,ok,
0.02,1.5,2,typ,0.4,0.6,0.864599258929471,0.600025936410474,2.593641047399231e-05,0.3552236911423889,0.2902066175297862,0.8169686447333797,4,True,0.001922198794814726,0.02341413497924805,/home/2/kj405942/Byczuk_Freericks/filling_variantB_freericks/pbs_variantB_T002_typ_21x21_mu20/chunks/T_0p02__Didx_20_20__typ/dmft_solutions/T_0p02/U_1p5__Delta_2__w1_0p4__typ,ok,
0.02,1.4,2,typ,0.5,0.5,0.7010430690185794,0.5001096232669443,0.0001096232669443031,0.3643600666641985,0.3216302361416174,0.8827263621016906,1,True,0.001857216313571255,0.01233458518981934,/home/2/kj405942/Byczuk_Freericks/filling_variantB_freericks/pbs_variantB_T002_typ_21x21_mu20/chunks/T_0p02__Didx_20_20__typ/dmft_solutions/T_0p02/U_1p4__Delta_2__w1_0p5__typ,ok,
0.02,1.4,2,typ,0.45,0.55,0.6979444769735073,0.5471122186586108,-0.002887781341389228,0.3648053218372188,0.3209379293672394,0.8797512266294359,17,True,0.001921972432191001,0.09235429763793945,/home/2/kj405942/Byczuk_Freericks/filling_variantB_freericks/pbs_variantB_T002_typ_21x21_mu20/chunks/T_0p02__Didx_20_20__typ/dmft_solutions/T_0p02/U_1p4__Delta_2__w1_0p45__typ,ok,
0.02,1.4,2,typ,0.4,0.6,0.6939186604570639,0.6002105788625554,0.0002105788625553773,0.366221552692695,0.3188891325077541,0.8707546843244951,1,True,0.001765091155906516,0.01088690757751465,/home/2/kj405942/Byczuk_Freericks/filling_variantB_freericks/pbs_variantB_T002_typ_21x21_mu20/chunks/T_0p02__Didx_20_20__typ/dmft_solutions/T_0p02/U_1p4__Delta_2__w1_0p4__typ,ok,
0.02,1.6,2,typ,0.5,0.5,0.8076759977283519,0.4957039013970297,-0.004296098602970311,0.3499252113713237,0.2716884683226061,0.7764186731727182,52,True,0.001964909608326629,0.2680907249450684,/home/2/kj405942/Byczuk_Freericks/filling_variantB_freericks/pbs_variantB_T002_typ_21x21_mu20/chunks/T_0p02__Didx_20_20__typ/dmft_solutions/T_0p02/U_1p6__Delta_2__w1_0p5__typ,ok,
0.02,1.6,2,typ,0.45,0.55,0.8802274748187183,0.5519030322007836,0.001903032200783583,0.3477324253720255,0.2679593546341907,0.7705906469536493,1,True,0.001596799879242014,0.01043152809143066,/home/2/kj405942/Byczuk_Freericks/filling_variantB_freericks/pbs_variantB_T002_typ_21x21_mu20/chunks/T_0p02__Didx_20_20__typ/dmft_solutions/T_0p02/U_1p6__Delta_2__w1_0p45__typ,ok,
0.02,1.6,2,typ,0.4,0.6,0.8753866286063944,0.5970412889304784,-0.002958711069521613,0.3494172777082073,0.2653684154334671,0.7594599132990554,1,True,0.001808234006463173,0.009805440902709961,/home/2/kj405942/Byczuk_Freericks/filling_variantB_freericks/pbs_variantB_T002_typ_21x21_mu20/chunks/T_0p02__Didx_20_20__typ/dmft_solutions/T_0p02/U_1p6__Delta_2__w1_0p4__typ,ok,
0.02,1.8,2,typ,0.5,0.5,1,0.4972763685246359,-0.002723631475364086,0.3194241319782621,0.1874017725936579,0.5866863327859373,122,True,0.001951967469000901,0.5563557147979736,/home/2/kj405942/Byczuk_Freericks/filling_variantB_freericks/pbs_variantB_T002_typ_21x21_mu20/chunks/T_0p02__Didx_20_20__typ/dmft_solutions/T_0p02/U_1p8__Delta_2__w1_0p5__typ,ok,
0.02,1.8,2,typ,0.45,0.55,0.9995600415856493,0.5478270449263687,-0.002172955073631355,0.3199037281019655,0.1864144981933287,0.5827206181664482,1,True,0.001614128386704716,0.00854039192199707,/home/2/kj405942/Byczuk_Freericks/filling_variantB_freericks/pbs_variantB_T002_typ_21x21_mu20/chunks/T_0p02__Didx_20_20__typ/dmft_solutions/T_0p02/U_1p8__Delta_2__w1_0p45__typ,ok,
0.02,1.8,2,typ,0.4,0.6,0.9572173661085944,0.5992908405455811,-0.0007091594544188506,0.3272200633632436,0.1875193435355308,0.5730679885828625,1,True,0.001060827930781107,0.009062290191650391,/home/2/kj405942/Byczuk_Freericks/filling_variantB_freericks/pbs_variantB_T002_typ_21x21_mu20/chunks/T_0p02__Didx_20_20__typ/dmft_solutions/T_0p02/U_1p8__Delta_2__w1_0p4__typ,ok,
0.02,1.7,2,typ,0.5,0.5,0.7596984461267982,0.5033005001358581,0.003300500135858142,0.3362593824944203,0.2331412149194159,0.6933374265721328,22,True,0.001938133808921298,0.1087839603424072,/home/2/kj405942/Byczuk_Freericks/filling_variantB_freericks/pbs_variantB_T002_typ_21x21_mu20/chunks/T_0p02__Didx_20_20__typ/dmft_solutions/T_0p02/U_1p7__Delta_2__w1_0p5__typ,ok,
0.02,1.7,2,typ,0.45,0.55,0.9155788552605816,0.5531437706373655,0.003143770637365484,0.3386835057472906,0.2338571953807686,0.6904888824295495,54,True,0.001929714001652563,0.2434720993041992,/home/2/kj405942/Byczuk_Freericks/filling_variantB_freericks/pbs_variantB_T002_typ_21x21_mu20/chunks/T_0p02__Didx_20_20__typ/dmft_solutions/T_0p02/U_1p7__Delta_2__w1_0p45__typ,ok,
0.02,1.7,2,typ,0.4,0.6,0.9221140584324078,0.5984209814595337,-0.00157901854046627,0.3392202027550282,0.2304584706890652,0.6793771975176062,7,True,0.001974780345519891,0.02814292907714844,/home/2/kj405942/Byczuk_Freericks/filling_variantB_freericks/pbs_variantB_T002_typ_21x21_mu20/chunks/T_0p02__Didx_20_20__typ/dmft_solutions/T_0p02/U_1p7__Delta_2__w1_0p4__typ,ok,
0.02,1.9,2,typ,0.5,0.5,1.267997656487384,0.4954791662015416,-0.004520833798458412,0.2519511671284881,0.09603639536629453,0.3811706707328673,1,True,0.001910901055890668,0.01088929176330566,/home/2/kj405942/Byczuk_Freericks/filling_variantB_freericks/pbs_variantB_T002_typ_21x21_mu20/chunks/T_0p02__Didx_20_20__typ/dmft_solutions/T_0p02/U_1p9__Delta_2__w1_0p5__typ,ok,
0.02,1.9,2,typ,0.45,0.55,1.293736218784796,0.5497291991683283,-0.000270800831671747,0.2302817341159707,0.08653803938782903,0.3757920258853364,24,True,0.00193852387235954,0.1203145980834961,/home/2/kj405942/Byczuk_Freericks/filling_variantB_freericks/pbs_variantB_T002_typ_21x21_mu20/chunks/T_0p02__Didx_20_20__typ/dmft_solutions/T_0p02/U_1p9__Delta_2__w1_0p45__typ,ok,
0.02,1.9,2,typ,0.4,0.6,1.196992582176087,0.6025290574786079,0.002529057478607877,0.2257969033137685,0.08995785535600161,0.3984016345476435,1,True,0.001217839868850169,0.009007453918457031,/home/2/kj405942/Byczuk_Freericks/filling_variantB_freericks/pbs_variantB_T002_typ_21x21_mu20/chunks/T_0p02__Didx_20_20__typ/dmft_solutions/T_0p02/U_1p9__Delta_2__w1_0p4__typ,ok,
0.02,2,2,typ,0.5,0.5,0.3940837566806707,0.5045614541993456,0.004561454199345616,0.2525067057274604,0.0480173734245351,0.1901627653261692,1,True,0.0008752311882319085,0.01066994667053223,/home/2/kj405942/Byczuk_Freericks/filling_variantB_freericks/pbs_variantB_T002_typ_21x21_mu20/chunks/T_0p02__Didx_20_20__typ/dmft_solutions/T_0p02/U_2__Delta_2__w1_0p5__typ,ok,
0.02,2,2,typ,0.45,0.55,0.3935968474001283,0.5510539073960843,0.001053907396084242,0.2735571018779083,0.06432213006876812,0.2351323713667497,1,True,0.001887186896164521,0.009847640991210938,/home/2/kj405942/Byczuk_Freericks/filling_variantB_freericks/pbs_variantB_T002_typ_21x21_mu20/chunks/T_0p02__Didx_20_20__typ/dmft_solutions/T_0p02/U_2__Delta_2__w1_0p45__typ,ok,
0.02,2,2,typ,0.4,0.6,0.9534384963252095,0.597528668114489,-0.002471331885510963,0.2798033850834177,0.04539074863664171,0.1622237294345434,36,True,0.00199309700881261,0.1574001312255859,/home/2/kj405942/Byczuk_Freericks/filling_variantB_freericks/pbs_variantB_T002_typ_21x21_mu20/chunks/T_0p02__Didx_20_20__typ/dmft_solutions/T_0p02/U_2__Delta_2__w1_0p4__typ,ok,
0.02,0.1,0.245,typ,0.5,0.5,0.08551443664800396,0.4985063223818046,-0.00149367761819541,0.6264389254911,0.6263218196050712,0.9998130609684942,75,True,0.001989486918331289,0.1028172969818115,/home/2/kj405942/Byczuk_Freericks/filling_variantB_freericks/pbs_variantB_T002_typ_21x21_mu20/chunks/T_0p02__Didx_2_2__typ/dmft_solutions/T_0p02/U_0p1__Delta_0p245__w1_0p5__typ,ok,
0.02,0.1,0.245,typ,0.45,0.55,0.1627703700042502,0.5508030014607771,0.000803001460777053,0.6228610788610164,0.6224628831356614,0.999360698976274,39,True,0.001954227276153471,0.05942869186401367,/home/2/kj405942/Byczuk_Freericks/filling_variantB_freericks/pbs_variantB_T002_typ_21x21_mu20/chunks/T_0p02__Didx_2_2__typ/dmft_solutions/T_0p02/U_0p1__Delta_0p245__w1_0p45__typ,ok,
0.02,0.1,0.245,typ,0.4,0.6,0.2356288315671443,0.5992918711174169,-0.0007081288825830923,0.6157013654352562,0.6147516336837954,0.9984574798680372,39,True,0.001888551941717138,0.05700421333312988,/home/2/kj405942/Byczuk_Freericks/filling_variantB_freericks/pbs_variantB_T002_typ_21x21_mu20/chunks/T_0p02__Didx_2_2__typ/dmft_solutions/T_0p02/U_0p1__Delta_0p245__w1_0p4__typ,ok,
0.02,0,0.245,typ,0.5,0.5,0.0343434022662652,0.4984110529301125,-0.001588947069887547,0.6294381101306822,0.6293137508802044,0.9998024281522261,71,True,0.001955451728246862,0.0945131778717041,/home/2/kj405942/Byczuk_Freericks/filling_variantB_freericks/pbs_variantB_T002_typ_21x21_mu20/chunks/T_0p02__Didx_2_2__typ/dmft_solutions/T_0p02/U_0__Delta_0p245__w1_0p5__typ,ok,
0.02,0,0.245,typ,0.45,0.55,0.1159956102194152,0.5503177848611713,0.0003177848611712886,0.6259114391632974,0.6254985023029602,0.9993402631195091,51,True,0.001944413043567532,0.1216285228729248,/home/2/kj405942/Byczuk_Freericks/filling_variantB_freericks/pbs_variantB_T002_typ_21x21_mu20/chunks/T_0p02__Didx_2_2__typ/dmft_solutions/T_0p02/U_0__Delta_0p245__w1_0p45__typ,ok,
0.02,0,0.245,typ,0.4,0.6,0.1950105414994426,0.5993064983564035,-0.0006935016435964947,0.6185509380730957,0.6175520870321606,0.9983851757721899,36,True,0.001920597981396523,0.05548095703125,/home/2/kj405942/Byczuk_Freericks/filling_variantB_freericks/pbs_variantB_T002_typ_21x21_mu20/chunks/T_0p02__Didx_2_2__typ/dmft_solutions/T_0p02/U_0__Delta_0p245__w1_0p4__typ,ok,
0.02,0.3,0.245,typ,0.5,0.5,0.1858674677882907,0.5029011729361965,0.002901172936196517,0.6021675201048586,0.6021129720730278,0.9999094138590847,65,True,0.00181944220900529,0.08997154235839844,/home/2/kj405942/Byczuk_Freericks/filling_variantB_freericks/pbs_variantB_T002_typ_21x21_mu20/chunks/T_0p02__Didx_2_2__typ/dmft_solutions/T_0p02/U_0p3__Delta_0p245__w1_0p5__typ,ok,
0.02,0.3,0.245,typ,0.45,0.55,0.2520361152894035,0.549522563016566,-0.0004774369834340542,0.5989129418231297,0.5986782739046098,0.9996081769116467,55,True,0.001998643523505812,0.09005451202392578,/home/2/kj405942/Byczuk_Freericks/filling_variantB_freericks/pbs_variantB_T002_typ_21x21_mu20/chunks/T_0p02__Didx_2_2__typ/dmft_solutions/T_0p02/U_0p3__Delta_0p245__w1_0p45__typ,ok,
0.02,0.3,0.245,typ,0.4,0.6,0.3326991681321241,0.6028590550375673,0.002859055037567337,0.5902873830105411,0.5895743962615164,0.998792136221194,99,True,0.001965203843765202,0.1676809787750244,/home/2/kj405942/Byczuk_Freericks/filling_variantB_freericks/pbs_variantB_T002_typ_21x21_mu20/chunks/T_0p02__Didx_2_2__typ/dmft_solutions/T_0p02/U_0p3__Delta_0p245__w1_0p4__typ,ok,
0.02,0.2,0.245,typ,0.5,0.5,0.1341339409746682,0.4990226042172365,-0.0009773957827635127,0.6174679376527107,0.6173788410276346,0.99985570647536,142,True,0.001932417136977035,0.2411417961120605,/home/2/kj405942/Byczuk_Freericks/filling_variantB_freericks/pbs_variantB_T002_typ_21x21_mu20/chunks/T_0p02__Didx_2_2__typ/dmft_solutions/T_0p02/U_0p2__Delta_0p245__w1_0p5__typ,ok,
0.02,0.2,0.245,typ,0.45,0.55,0.2195240453672809,0.5548328468556185,0.004832846855618467,0.6130980688972207,0.6127092015906196,0.9993657339236109,83,True,0.001977494635980182,0.142575740814209,/home/2/kj405942/Byczuk_Freericks/filling_variantB_freericks/pbs_variantB_T002_typ_21x21_mu20/chunks/T_0p02__Didx_2_2__typ/dmft_solutions/T_0p02/U_0p2__Delta_0p245__w1_0p45__typ,ok,
0.02,0.2,0.245,typ,0.4,0.6,0.2822464616798475,0.6012936730003552,0.001293673000355211,0.60634035139275,0.6054829896017517,0.9985860057160488,28,True,0.001891385820943045,0.08984136581420898,/home/2/kj405942/Byczuk_Freericks/filling_variantB_freericks/pbs_variantB_T002_typ_21x21_mu20/chunks/T_0p02__Didx_2_2__typ/dmft_solutions/T_0p02/U_0p2__Delta_0p245__w1_0p4__typ,ok,
0.02,0.4,0.245,typ,0.5,0.5,0.2332714647590398,0.5009872299768756,0.0009872299768756143,0.5801692877848664,0.5801505614232483,0.9999677225906086,28,True,0.001888670178190241,0.06386756896972656,/home/2/kj405942/Byczuk_Freericks/filling_variantB_freericks/pbs_variantB_T002_typ_21x21_mu20/chunks/T_0p02__Didx_2_2__typ/dmft_solutions/T_0p02/U_0p4__Delta_0p245__w1_0p5__typ,ok,
0.02,0.4,0.245,typ,0.45,0.55,0.2976360990432644,0.5503923268196527,0.0003923268196526219,0.5769991039070798,0.5768585887366101,0.9997564724632705,40,True,0.001932729058783163,0.1022441387176514,/home/2/kj405942/Byczuk_Freericks/filling_variantB_freericks/pbs_variantB_T002_typ_21x21_mu20/chunks/T_0p02__Didx_2_2__typ/dmft_solutions/T_0p02/U_0p4__Delta_0p245__w1_0p45__typ,ok,
0.02,0.4,0.245,typ,0.4,0.6,0.3633993264730507,0.5988771639621554,-0.001122836037844577,0.5698921820374663,0.5694533973617434,0.9992300566851888,81,True,0.001963642709406336,0.2260613441467285,/home/2/kj405942/Byczuk_Freericks/filling_variantB_freericks/pbs_variantB_T002_typ_21x21_mu20/chunks/T_0p02__Didx_2_2__typ/dmft_solutions/T_0p02/U_0p4__Delta_0p245__w1_0p4__typ,ok,
0.02,0.6000000000000001,0.245,typ,0.5,0.5,0.3385600796097423,0.5019189057714206,0.00191890577142062,0.5123141935824145,0.5122987867650469,0.9999699270143975,98,True,0.001811486529155116,0.3568184375762939,/home/2/kj405942/Byczuk_Freericks/filling_variantB_freericks/pbs_variantB_T002_typ_21x21_mu20/chunks/T_0p02__Didx_2_2__typ/dmft_solutions/T_0p02/U_0p6__Delta_0p245__w1_0p5__typ,ok,
0.02,0.6000000000000001,0.245,typ,0.45,0.55,0.3956389389565164,0.5482983271916928,-0.001701672808307242,0.5087814188652425,0.5087587140537333,0.9999553741338277,81,True,0.001988597538828972,0.3443012237548828,/home/2/kj405942/Byczuk_Freericks/filling_variantB_freericks/pbs_variantB_T002_typ_21x21_mu20/chunks/T_0p02__Didx_2_2__typ/dmft_solutions/T_0p02/U_0p6__Delta_0p245__w1_0p45__typ,ok,
0.02,0.6000000000000001,0.245,typ,0.4,0.6,0.4637186536576151,0.6007691422021345,0.0007691422021345318,0.5008273009145373,0.5007362622628208,0.9998182234643552,73,True,0.001989434549289376,0.3043403625488281,/home/2/kj405942/Byczuk_Freericks/filling_variantB_freericks/pbs_variantB_T002_typ_21x21_mu20/chunks/T_0p02__Didx_2_2__typ/dmft_solutions/T_0p02/U_0p6__Delta_0p245__w1_0p4__typ,ok,
0.02,0.5,0.245,typ,0.5,0.5,0.2878155869586994,0.4999674778726681,-3.252212733190207e-05,0.5505551708610434,0.5505545416949094,0.9999988572151033,200,True,0.00198221944119343,0.8345468044281006,/home/2/kj405942/Byczuk_Freericks/filling_variantB_freericks/pbs_variantB_T002_typ_21x21_mu20/chunks/T_0p02__Didx_2_2__typ/dmft_solutions/T_0p02/U_0p5__Delta_0p245__w1_0p5__typ,ok,
0.02,0.5,0.245,typ,0.45,0.55,0.3541842450531137,0.5531278501786465,0.003127850178646474,0.5467787125618538,0.5467102006682036,0.9998746990472084,65,True,0.001915922637068201,0.2646965980529785,/home/2/kj405942/Byczuk_Freericks/filling_variantB_freericks/pbs_variantB_T002_typ_21x21_mu20/chunks/T_0p02__Didx_2_2__typ/dmft_solutions/T_0p02/U_0p5__Delta_0p245__w1_0p45__typ,ok,
0.02,0.5,0.245,typ,0.4,0.6,0.4063221890680579,0.5986106703755871,-0.001389329624412849,0.5404112958501646,0.5401616617607913,0.9995380664851193,50,True,0.001904721330706936,0.1946635246276855,/home/2/kj405942/Byczuk_Freericks/filling_variantB_freericks/pbs_variantB_T002_typ_21x21_mu20/chunks/T_0p02__Didx_2_2__typ/dmft_solutions/T_0p02/U_0p5__Delta_0p245__w1_0p4__typ,ok,
0.02,0.7000000000000001,0.245,typ,0.5,0.5,0.39394769372207,0.5003403780339446,0.0003403780339445994,0.4639144431002752,0.4638087608460852,0.9997721945161187,83,True,0.001983781010456404,0.3555543422698975,/home/2/kj405942/Byczuk_Freericks/filling_variantB_freericks/pbs_variantB_T002_typ_21x21_mu20/chunks/T_0p02__Didx_2_2__typ/dmft_solutions/T_0p02/U_0p7__Delta_0p245__w1_0p5__typ,ok,
0.02,0.7000000000000001,0.245,typ,0.45,0.55,0.4601017371623949,0.5542482302957954,0.004248230295795352,0.4603377591882736,0.4602712069668474,0.9998554274115086,31,True,0.001866599768974299,0.1439766883850098,/home/2/kj405942/Byczuk_Freericks/filling_variantB_freericks/pbs_variantB_T002_typ_21x21_mu20/chunks/T_0p02__Didx_2_2__typ/dmft_solutions/T_0p02/U_0p7__Delta_0p245__w1_0p45__typ,ok,
0.02,0.7000000000000001,0.245,typ,0.4,0.6,0.5039819888006496,0.5970839992468727,-0.002916000753127257,0.4523134825550708,0.4522690309444548,0.9999017238876788,118,True,0.001908567560146793,0.6289553642272949,/home/2/kj405942/Byczuk_Freericks/filling_variantB_freericks/pbs_variantB_T002_typ_21x21_mu20/chunks/T_0p02__Didx_2_2__typ/dmft_solutions/T_0p02/U_0p7__Delta_0p245__w1_0p4__typ,ok,
0.02,0.8,0.245,typ,0.5,0.5,0.4550060587387581,0.5013783652554384,0.001378365255438441,0.4057836290018684,0.405324258846611,0.9988679431045866,152,True,0.001974196928353854,0.7906043529510498,/home/2/kj405942/Byczuk_Freericks/filling_variantB_freericks/pbs_variantB_T002_typ_21x21_mu20/chunks/T_0p02__Didx_2_2__typ/dmft_solutions/T_0p02/U_0p8__Delta_0p245__w1_0p5__typ,ok,
0.02,0.8,0.245,typ,0.45,0.55,0.5091942234745057,0.5474967982996308,-0.002503201700369218,0.4017446304772732,0.4013645603509449,0.9990539509491967,131,True,0.001994970055183314,0.5249040126800537,/home/2/kj405942/Byczuk_Freericks/filling_variantB_freericks/pbs_variantB_T002_typ_21x21_mu20/chunks/T_0p02__Didx_2_2__typ/dmft_solutions/T_0p02/U_0p8__Delta_0p245__w1_0p45__typ,ok,
0.02,0.8,0.245,typ,0.4,0.6,0.5707921623653818,0.6002150362911471,0.0002150362911471637,0.3950114652415072,0.394648907453955,0.9990821588246038,84,True,0.001983566038015783,0.3343343734741211,/home/2/kj405942/Byczuk_Freericks/filling_variantB_freericks/pbs_variantB_T002_typ_21x21_mu20/chunks/T_0p02__Didx_2_2__typ/dmft_solutions/T_0p02/U_0p8__Delta_0p245__w1_0p4__typ,ok,
0.02,1,0.245,typ,0.5,0.5,0.6079159227442236,0.4961819858328467,-0.003818014167153327,0.3318038775943516,0.3278088531781649,0.9879596813480559,75,True,0.00196699048868357,0.416285514831543,/home/2/kj405942/Byczuk_Freericks/filling_variantB_freericks/pbs_variantB_T002_typ_21x21_mu20/chunks/T_0p02__Didx_2_2__typ/dmft_solutions/T_0p02/U_1__Delta_0p245__w1_0p5__typ,ok,
0.02,1,0.245,typ,0.45,0.55,0.6734242018980416,0.549116935979756,-0.0008830640202440732,0.338730771798952,0.3347004560132815,0.9881017134514645,82,True,0.001949935119874876,0.4174060821533203,/home/2/kj405942/Byczuk_Freericks/filling_variantB_freericks/pbs_variantB_T002_typ_21x21_mu20/chunks/T_0p02__Didx_2_2__typ/dmft_solutions/T_0p02/U_1__Delta_0p245__w1_0p45__typ,ok,
0.02,1,0.245,typ,0.4,0.6,0.7486056310956893,0.6045344573389699,0.004534457338969955,0.3460676913523433,0.3421262047601611,0.988610648463658,90,True,0.001941116254367789,0.4668641090393066,/home/2/kj405942/Byczuk_Freericks/filling_variantB_freericks/pbs_variantB_T002_typ_21x21_mu20/chunks/T_0p02__Didx_2_2__typ/dmft_solutions/T_0p02/U_1__Delta_0p245__w1_0p4__typ,ok,
0.02,0.9,0.245,typ,0.5,0.5,0.5186871966725128,0.4969436247668969,-0.003056375233103148,0.3484945571346272,0.3468705860434992,0.9953400388675208,29,True,0.00189746949936114,0.1574916839599609,/home/2/kj405942/Byczuk_Freericks/filling_variantB_freericks/pbs_variantB_T002_typ_21x21_mu20/chunks/T_0p02__Didx_2_2__typ/dmft_solutions/T_0p02/U_0p9__Delta_0p245__w1_0p5__typ,ok,
0.02,0.9,0.245,typ,0.45,0.55,0.5750090586599169,0.548312609682471,-0.001687390317529069,0.347013849265629,0.3453938062853537,0.9953314745687996,32,True,0.00185992467060484,0.1775679588317871,/home/2/kj405942/Byczuk_Freericks/filling_variantB_freericks/pbs_variantB_T002_typ_21x21_mu20/chunks/T_0p02__Didx_2_2__typ/dmft_solutions/T_0p02/U_0p9__Delta_0p245__w1_0p45__typ,ok,
0.02,0.9,0.245,typ,0.4,0.6,0.6363605376154646,0.6001050690762293,0.0001050690762293138,0.3445151597949631,0.3428051951594515,0.995036605540002,42,True,0.001895451014366689,0.2131457328796387,/home/2/kj405942/Byczuk_Freericks/filling_variantB_freericks/pbs_variantB_T002_typ_21x21_mu20/chunks/T_0p02__Didx_2_2__typ/dmft_solutions/T_0p02/U_0p9__Delta_0p245__w1_0p4__typ,ok,
0.02,1.1,0.245,typ,0.5,0.5,0.722624687706655,0.4993828908659688,-0.0006171091340311796,0.3469388875650026,0.3410615191172082,0.9830593552396363,249,True,0.001962844138723361,1.135274887084961,/home/2/kj405942/Byczuk_Freericks/filling_variantB_freericks/pbs_variantB_T002_typ_21x21_mu20/chunks/T_0p02__Didx_2_2__typ/dmft_solutions/T_0p02/U_1p1__Delta_0p245__w1_0p5__typ,ok,
0.02,1.1,0.245,typ,0.45,0.55,0.7735746518483252,0.5487435305282727,-0.001256469471727306,0.3413133457202087,0.3355804555931021,0.9832034398918402,230,True,0.001981294495840576,0.9900734424591064,/home/2/kj405942/Byczuk_Freericks/filling_variantB_freericks/pbs_variantB_T002_typ_21x21_mu20/chunks/T_0p02__Didx_2_2__typ/dmft_solutions/T_0p02/U_1p1__Delta_0p245__w1_0p45__typ,ok,
0.02,1.1,0.245,typ,0.4,0.6,0.8409606025980934,0.602456105592024,0.002456105592024027,0.3421533151790689,0.336749316436031,0.9842059144152681,221,True,0.001983727604910161,0.9772489070892334,/home/2/kj405942/Byczuk_Freericks/filling_variantB_freericks/pbs_variantB_T002_typ_21x21_mu20/chunks/T_0p02__Didx_2_2__typ/dmft_solutions/T_0p02/U_1p1__Delta_0p245__w1_0p4__typ,ok,
0.02,1.2,0.245,typ,0.5,0.5,0.8070948906493303,0.4997378918705204,-0.0002621081294795768,0.3379592984168736,0.3307659683540959,0.9787153953257868,246,True,0.001963779733345486,1.196918964385986,/home/2/kj405942/Byczuk_Freericks/filling_variantB_freericks/pbs_variantB_T002_typ_21x21_mu20/chunks/T_0p02__Didx_2_2__typ/dmft_solutions/T_0p02/U_1p2__Delta_0p245__w1_0p5__typ,ok,
0.02,1.2,0.245,typ,0.45,0.55,0.8617818468113911,0.5500457707787992,4.577077879919234e-05,0.335085757991094,0.3280587881123422,0.9790293388746815,58,True,0.001985995570893979,0.2504656314849854,/home/2/kj405942/Byczuk_Freericks/filling_variantB_freericks/pbs_variantB_T002_typ_21x21_mu20/chunks/T_0p02__Didx_2_2__typ/dmft_solutions/T_0p02/U_1p2__Delta_0p245__w1_0p45__typ,ok,
0.02,1.2,0.245,typ,0.4,0.6,0.9196523183668849,0.5992043746734331,-0.0007956253265668511,0.3306959795220661,0.3239107976565753,0.9794821156419954,248,True,0.001966711742472713,1.049713373184204,/home/2/kj405942/Byczuk_Freericks/filling_variantB_freericks/pbs_variantB_T002_typ_21x21_mu20/chunks/T_0p02__Didx_2_2__typ/dmft_solutions/T_0p02/U_1p2__Delta_0p245__w1_0p4__typ,ok,
0.02,1.3,0.245,typ,0.5,0.5,0.8882099156993623,0.5000842000026789,8.420000267894689e-05,0.3260431713367394,0.3177240838343718,0.9744847056042907,246,True,0.001975233745230728,1.339831352233887,/home/2/kj405942/Byczuk_Freericks/filling_variantB_freericks/pbs_variantB_T002_typ_21x21_mu20/chunks/T_0p02__Didx_2_2__typ/dmft_solutions/T_0p02/U_1p3__Delta_0p245__w1_0p5__typ,ok,
0.02,1.3,0.245,typ,0.45,0.55,0.9456873169672273,0.5506772363253851,0.0006772363253850777,0.3257833901527971,0.3176204290856808,0.9749435934616317,229,True,0.001984925824460372,1.171883821487427,/home/2/kj405942/Byczuk_Freericks/filling_variantB_freericks/pbs_variantB_T002_typ_21x21_mu20/chunks/T_0p02__Didx_2_2__typ/dmft_solutions/T_0p02/U_1p3__Delta_0p245__w1_0p45__typ,ok,
0.02,1.3,0.245,typ,0.4,0.6,0.998796223159051,0.601659867841956,0.001659867841956042,0.3189046329409515,0.3108479095701063,0.9747362611306527,224,True,0.001992396151467899,1.099924564361572,/home/2/kj405942/Byczuk_Freericks/filling_variantB_freericks/pbs_variantB_T002_typ_21x21_mu20/chunks/T_0p02__Didx_2_2__typ/dmft_solutions/T_0p02/U_1p3__Delta_0p245__w1_0p4__typ,ok,
0.02,1.4,0.245,typ,0.5,0.5,0.9587087890946515,0.4963811147160704,-0.003618885283929618,0.3046873128088664,0.2953116331477382,0.9692285196429898,232,True,0.001999349832145483,1.243419885635376,/home/2/kj405942/Byczuk_Freericks/filling_variantB_freericks/pbs_variantB_T002_typ_21x21_mu20/chunks/T_0p02__Didx_2_2__typ/dmft_solutions/T_0p02/U_1p4__Delta_0p245__w1_0p5__typ,ok,
0.02,1.4,0.245,typ,0.45,0.55,1.007037528559104,0.5486585515796554,-0.001341448420344671,0.2991254901590382,0.2896236531257188,0.9682346127430748,183,True,0.00199845532709542,0.9334416389465332,/home/2/kj405942/Byczuk_Freericks/filling_variantB_freericks/pbs_variantB_T002_typ_21x21_mu20/chunks/T_0p02__Didx_2_2__typ/dmft_solutions/T_0p02/U_1p4__Delta_0p245__w1_0p45__typ,ok,
0.02,1.4,0.245,typ,0.4,0.6,1.059855560903998,0.6010573894689881,0.001057389468988146,0.2947405266402254,0.2851591139982341,0.9674920420642157,169,True,0.001981206208895799,0.7963864803314209,/home/2/kj405942/Byczuk_Freericks/filling_variantB_freericks/pbs_variantB_T002_typ_21x21_mu20/chunks/T_0p02__Didx_2_2__typ/dmft_solutions/T_0p02/U_1p4__Delta_0p245__w1_0p4__typ,ok,
0.02,1.5,0.245,typ,0.5,0.5,1.034432816034437,0.5011575004271528,0.001157500427152791,0.2792543771596616,0.2690716113719008,0.9635358776061768,217,True,0.00196875082879833,0.7122509479522705,/home/2/kj405942/Byczuk_Freericks/filling_variantB_freericks/pbs_variantB_T002_typ_21x21_mu20/chunks/T_0p02__Didx_2_2__typ/dmft_solutions/T_0p02/U_1p5__Delta_0p245__w1_0p5__typ,ok,
0.02,1.5,0.245,typ,0.45,0.55,1.064819385618694,0.545315794212734,-0.004684205787266027,0.2656414028029938,0.2551420993999428,0.9604756514147852,193,True,0.001990849047135258,0.5822310447692871,/home/2/kj405942/Byczuk_Freericks/filling_variantB_freericks/pbs_variantB_T002_typ_21x21_mu20/chunks/T_0p02__Didx_2_2__typ/dmft_solutions/T_0p02/U_1p5__Delta_0p245__w1_0p45__typ,ok,
0.02,1.5,0.245,typ,0.4,0.6,1.127819809584977,0.5994926970130874,-0.0005073029869125945,0.2724658617666161,0.2617119492855315,0.9605311564121896,173,True,0.001983185074230987,0.4428040981292725,/home/2/kj405942/Byczuk_Freericks/filling_variantB_freericks/pbs_variantB_T002_typ_21x21_mu20/chunks/T_0p02__Didx_2_2__typ/dmft_solutions/T_0p02/U_1p5__Delta_0p245__w1_0p4__typ,ok,
0.02,1.6,0.245,typ,0.5,0.5,1.104847944027628,0.5000123270643506,1.232706435061459e-05,0.2508994053242202,0.2402839619931302,0.9576904404481454,173,True,0.001977972115619877,0.77193284034729,/home/2/kj405942/Byczuk_Freericks/filling_variantB_freericks/pbs_variantB_T002_typ_21x21_mu20/chunks/T_0p02__Didx_2_2__typ/dmft_solutions/T_0p02/U_1p6__Delta_0p245__w1_0p5__typ,ok,
0.02,1.6,0.245,typ,0.45,0.55,1.178370078102297,0.5530391923133406,0.0030391923133406,0.2814387015378026,0.2704437361718254,0.960933001375078,163,True,0.001978587515543999,0.6126067638397217,/home/2/kj405942/Byczuk_Freericks/filling_variantB_freericks/pbs_variantB_T002_typ_21x21_mu20/chunks/T_0p02__Didx_2_2__typ/dmft_solutions/T_0p02/U_1p6__Delta_0p245__w1_0p45__typ,ok,
0.02,1.6,0.245,typ,0.4,0.6,1.203682612868418,0.5956338955669822,-0.00436610443301777,0.2560017688075206,0.2444479547124799,0.9548682255249276,198,True,0.001983290709782061,0.3159732818603516,/home/2/kj405942/Byczuk_Freericks/filling_variantB_freericks/pbs_variantB_T002_typ_21x21_mu20/chunks/T_0p02__Didx_2_2__typ/dmft_solutions/T_0p02/U_1p6__Delta_0p245__w1_0p4__typ,ok,
0.02,1.7,0.245,typ,0.5,0.5,1.204666601545098,0.501165854102646,0.001165854102646025,0.2559530503422696,0.2448284529821315,0.9565365704950112,168,True,0.001991185331025712,0.3707094192504883,/home/2/kj405942/Byczuk_Freericks/filling_variantB_freericks/pbs_variantB_T002_typ_21x21_mu20/chunks/T_0p02__Didx_2_2__typ/dmft_solutions/T_0p02/U_1p7__Delta_0p245__w1_0p5__typ,ok,
0.02,1.7,0.245,typ,0.45,0.55,1.274678195303355,0.5536571147708145,0.003657114770814429,0.2819772015095171,0.2705403083647661,0.9594403622579218,148,True,0.001970360754293756,0.2598156929016113,/home/2/kj405942/Byczuk_Freericks/filling_variantB_freericks/pbs_variantB_T002_typ_21x21_mu20/chunks/T_0p02__Didx_2_2__typ/dmft_solutions/T_0p02/U_1p7__Delta_0p245__w1_0p45__typ,ok,
0.02,1.7,0.245,typ,0.4,0.6,1.322504796081637,0.5996194761395029,-0.0003805238604970285,0.2766876130177756,0.2649427246465778,0.9575518099885327,176,True,0.001992352917676947,0.3003878593444824,/home/2/kj405942/Byczuk_Freericks/filling_variantB_freericks/pbs_variantB_T002_typ_21x21_mu20/chunks/T_0p02__Didx_2_2__typ/dmft_solutions/T_0p02/U_1p7__Delta_0p245__w1_0p4__typ,ok,
0.02,1.8,0.245,typ,0.5,0.5,1.304617760593902,0.5020051784279841,0.002005178427984089,0.260367951632036,0.2488477680285033,0.9557542180928104,171,True,0.00195368033110489,0.2779481410980225,/home/2/kj405942/Byczuk_Freericks/filling_variantB_freericks/pbs_variantB_T002_typ_21x21_mu20/chunks/T_0p02__Didx_2_2__typ/dmft_solutions/T_0p02/U_1p8__Delta_0p245__w1_0p5__typ,ok,
0.02,1.8,0.245,typ,0.45,0.55,1.349284563524812,0.5483144377532095,-0.001685562246790506,0.2589278248036134,0.2469289545842929,0.9536594020807877,215,True,0.001992014702906915,0.4542558193206787,/home/2/kj405942/Byczuk_Freericks/filling_variantB_freericks/pbs_variantB_T002_typ_21x21_mu20/chunks/T_0p02__Didx_2_2__typ/dmft_solutions/T_0p02/U_1p8__Delta_0p245__w1_0p45__typ,ok,
0.02,1.8,0.245,typ,0.4,0.6,1.409665214075166,0.6014902947684865,0.0014902947684865,0.2692836182413202,0.2569896950988915,0.9543458186475666,182,True,0.001983701211845915,0.377436637878418,/home/2/kj405942/Byczuk_Freericks/filling_variantB_freericks/pbs_variantB_T002_typ_21x21_mu20/chunks/T_0p02__Didx_2_2__typ/dmft_solutions/T_0p02/U_1p8__Delta_0p245__w1_0p4__typ,ok,
0.02,1.9,0.245,typ,0.5,0.5,1.399966045080734,0.5000461147858748,4.611478587479567e-05,0.2597016668658051,0.2478865887957058,0.954505189694433,187,True,0.001996930705916083,0.2675392627716064,/home/2/kj405942/Byczuk_Freericks/filling_variantB_freericks/pbs_variantB_T002_typ_21x21_mu20/chunks/T_0p02__Didx_2_2__typ/dmft_solutions/T_0p02/U_1p9__Delta_0p245__w1_0p5__typ,ok,
0.02,1.9,0.245,typ,0.45,0.55,1.439798295469302,0.5477314646567836,-0.002268535343216471,0.2533125239558315,0.2409874645159663,0.9513444529019253,211,True,0.001970184431599019,0.2941176891326904,/home/2/kj405942/Byczuk_Freericks/filling_variantB_freericks/pbs_variantB_T002_typ_21x21_mu20/chunks/T_0p02__Didx_2_2__typ/dmft_solutions/T_0p02/U_1p9__Delta_0p245__w1_0p45__typ,ok,
0.02,1.9,0.245,typ,0.4,0.6,1.496897037384627,0.6023741043502359,0.002374104350235884,0.2617482556894265,0.2489855642598642,0.9512405865095596,145,True,0.001952338827853751,0.1879403591156006,/home/2/kj405942/Byczuk_Freericks/filling_variantB_freericks/pbs_variantB_T002_typ_21x21_mu20/chunks/T_0p02__Didx_2_2__typ/dmft_solutions/T_0p02/U_1p9__Delta_0p245__w1_0p4__typ,ok,
0.02,2,0.245,typ,0.5,0.5,1.49966372586939,0.5000218555085274,2.185550852740192e-05,0.2628880264094213,0.2508167528708362,0.9540820717342777,195,True,0.001997714118990074,0.3029131889343262,/home/2/kj405942/Byczuk_Freericks/filling_variantB_freericks/pbs_variantB_T002_typ_21x21_mu20/chunks/T_0p02__Didx_2_2__typ/dmft_solutions/T_0p02/U_2__Delta_0p245__w1_0p5__typ,ok,
0.02,2,0.245,typ,0.45,0.55,1.558369247818899,0.5545469672082026,0.004546967208202579,0.2773581630351771,0.2649380612463002,0.9552199882889272,146,True,0.001945826618439975,0.2139322757720947,/home/2/kj405942/Byczuk_Freericks/filling_variantB_freericks/pbs_variantB_T002_typ_21x21_mu20/chunks/T_0p02__Didx_2_2__typ/dmft_solutions/T_0p02/U_2__Delta_0p245__w1_0p45__typ,ok,
0.02,2,0.245,typ,0.4,0.6,1.590118573373093,0.6023385600120206,0.002338560012020596,0.2592339908319561,0.2461527024895408,0.9495386839494556,147,True,0.00198754633711504,0.2003798484802246,/home/2/kj405942/Byczuk_Freericks/filling_variantB_freericks/pbs_variantB_T002_typ_21x21_mu20/chunks/T_0p02__Didx_2_2__typ/dmft_solutions/T_0p02/U_2__Delta_0p245__w1_0p4__typ,ok,
0.02,0,0.3425,typ,0.5,0.5,0.03489560752671619,0.4981367955702375,-0.001863204429762455,0.6236998246496065,0.6232799904978137,0.9993268650475753,70,True,0.001969662627939678,0.0958561897277832,/home/2/kj405942/Byczuk_Freericks/filling_variantB_freericks/pbs_variantB_T002_typ_21x21_mu20/chunks/T_0p02__Didx_3_3__typ/dmft_solutions/T_0p02/U_0__Delta_0p3425__w1_0p5__typ,ok,
0.02,0,0.3425,typ,0.45,0.55,0.1176522119939941,0.5504544428685256,0.0004544428685255841,0.6203657519361148,0.6193950247664008,0.9984352341071628,55,True,0.001913613992418334,0.07969379425048828,/home/2/kj405942/Byczuk_Freericks/filling_variantB_freericks/pbs_variantB_T002_typ_21x21_mu20/chunks/T_0p02__Didx_3_3__typ/dmft_solutions/T_0p02/U_0__Delta_0p3425__w1_0p45__typ,ok,
0.02,0,0.3425,typ,0.4,0.6,0.1961732010288994,0.5991289823498168,-0.000871017650183159,0.6135707055306695,0.6115073881035488,0.9966371969709079,40,True,0.001861533813377503,0.06632447242736816,/home/2/kj405942/Byczuk_Freericks/filling_variantB_freericks/pbs_variantB_T002_typ_21x21_mu20/chunks/T_0p02__Didx_3_3__typ/dmft_solutions/T_0p02/U_0__Delta_0p3425__w1_0p4__typ,ok,
0.02,0.1,0.3425,typ,0.5,0.5,0.08591036897014115,0.4980295133249337,-0.001970486675066274,0.6208797190085192,0.6204873181128938,0.9993679920866927,68,True,0.001954458639740244,0.1005427837371826,/home/2/kj405942/Byczuk_Freericks/filling_variantB_freericks/pbs_variantB_T002_typ_21x21_mu20/chunks/T_0p02__Didx_3_3__typ/dmft_solutions/T_0p02/U_0p1__Delta_0p3425__w1_0p5__typ,ok,
0.02,0.1,0.3425,typ,0.45,0.55,0.1646626334551791,0.5509676868021938,0.0009676868021937235,0.6174638834109717,0.616529519711621,0.9984867718996143,41,True,0.001921411678876735,0.0684659481048584,/home/2/kj405942/Byczuk_Freericks/filling_variantB_freericks/pbs_variantB_T002_typ_21x21_mu20/chunks/T_0p02__Didx_3_3__typ/dmft_solutions/T_0p02/U_0p1__Delta_0p3425__w1_0p45__typ,ok,
0.02,0.1,0.3425,typ,0.4,0.6,0.2370109202327556,0.5991945219216019,-0.0008054780783980364,0.6108200062725563,0.6088515855907596,0.9967774128850024,42,True,0.001947192858040335,0.07387804985046387,/home/2/kj405942/Byczuk_Freericks/filling_variantB_freericks/pbs_variantB_T002_typ_21x21_mu20/chunks/T_0p02__Didx_3_3__typ/dmft_solutions/T_0p02/U_0p1__Delta_0p3425__w1_0p4__typ,ok,
0.02,0.3,0.3425,typ,0.5,0.5,0.1868410624620966,0.5034860459614171,0.003486045961417106,0.5980738907707742,0.5978854712847093,0.9996849561751942,63,True,0.001823737732125022,0.09798550605773926,/home/2/kj405942/Byczuk_Freericks/filling_variantB_freericks/pbs_variantB_T002_typ_21x21_mu20/chunks/T_0p02__Didx_3_3__typ/dmft_solutions/T_0p02/U_0p3__Delta_0p3425__w1_0p5__typ,ok,
0.02,0.3,0.3425,typ,0.45,0.55,0.2524705691823096,0.5494648616221595,-0.0005351383778405827,0.5949795606412538,0.59444153484599,0.9990957239023742,53,True,0.001987822958917411,0.09147882461547852,/home/2/kj405942/Byczuk_Freericks/filling_variantB_freericks/pbs_variantB_T002_typ_21x21_mu20/chunks/T_0p02__Didx_3_3__typ/dmft_solutions/T_0p02/U_0p3__Delta_0p3425__w1_0p45__typ,ok,
0.02,0.3,0.3425,typ,0.4,0.6,0.3328963862415559,0.6017144333671326,0.001714433367132617,0.5868052768686074,0.5853427031963688,0.9975075655760232,99,True,0.001985465995045814,0.1677298545837402,/home/2/kj405942/Byczuk_Freericks/filling_variantB_freericks/pbs_variantB_T002_typ_21x21_mu20/chunks/T_0p02__Didx_3_3__typ/dmft_solutions/T_0p02/U_0p3__Delta_0p3425__w1_0p4__typ,ok,
0.02,0.2,0.3425,typ,0.5,0.5,0.1345642251008592,0.4990523327754378,-0.0009476672245621875,0.6124454869089196,0.6121427852663388,0.9995057492478088,138,True,0.001969471217457271,0.2298479080200195,/home/2/kj405942/Byczuk_Freericks/filling_variantB_freericks/pbs_variantB_T002_typ_21x21_mu20/chunks/T_0p02__Didx_3_3__typ/dmft_solutions/T_0p02/U_0p2__Delta_0p3425__w1_0p5__typ,ok,
0.02,0.2,0.3425,typ,0.45,0.55,0.2202353919087142,0.5541427698777922,0.004142769877792163,0.6083187294408597,0.6074429135024321,0.9985602680041881,87,True,0.001984019993831371,0.2266268730163574,/home/2/kj405942/Byczuk_Freericks/filling_variantB_freericks/pbs_variantB_T002_typ_21x21_mu20/chunks/T_0p02__Didx_3_3__typ/dmft_solutions/T_0p02/U_0p2__Delta_0p3425__w1_0p45__typ,ok,
0.02,0.2,0.3425,typ,0.4,0.6,0.2846829248894898,0.601487573517307,0.001487573517306995,0.6017822110264581,0.5999908553583372,0.9970232492165805,28,True,0.001913668163503568,0.09163713455200195,/home/2/kj405942/Byczuk_Freericks/filling_variantB_freericks/pbs_variantB_T002_typ_21x21_mu20/chunks/T_0p02__Didx_3_3__typ/dmft_solutions/T_0p02/U_0p2__Delta_0p3425__w1_0p4__typ,ok,
0.02,0.4,0.3425,typ,0.5,0.5,0.2338022273676328,0.5011624373856273,0.001162437385627269,0.5774869778640516,0.5774162979258982,0.9998776077368623,27,True,0.00187065976545942,0.05070900917053223,/home/2/kj405942/Byczuk_Freericks/filling_variantB_freericks/pbs_variantB_T002_typ_21x21_mu20/chunks/T_0p02__Didx_3_3__typ/dmft_solutions/T_0p02/U_0p4__Delta_0p3425__w1_0p5__typ,ok,
0.02,0.4,0.3425,typ,0.45,0.55,0.2983435838883784,0.5506358284964423,0.0006358284964422811,0.5743918728914822,0.5740738024753318,0.9994462484043355,44,True,0.001999954139547788,0.1096935272216797,/home/2/kj405942/Byczuk_Freericks/filling_variantB_freericks/pbs_variantB_T002_typ_21x21_mu20/chunks/T_0p02__Didx_3_3__typ/dmft_solutions/T_0p02/U_0p4__Delta_0p3425__w1_0p45__typ,ok,
0.02,0.4,0.3425,typ,0.4,0.6,0.3635761928945558,0.5986592061948073,-0.001340793805192697,0.5675820394160445,0.5666704679753805,0.998393938889254,78,True,0.001960053037663884,0.2605464458465576,/home/2/kj405942/Byczuk_Freericks/filling_variantB_freericks/pbs_variantB_T002_typ_21x21_mu20/chunks/T_0p02__Didx_3_3__typ/dmft_solutions/T_0p02/U_0p4__Delta_0p3425__w1_0p4__typ,ok,
0.02,0.5,0.3425,typ,0.5,0.5,0.2889935054733099,0.5004898821618468,0.0004898821618467553,0.5498249937411898,0.5498195532389906,0.9999901050293073,194,True,0.001968056954031002,0.5420472621917725,/home/2/kj405942/Byczuk_Freericks/filling_variantB_freericks/pbs_variantB_T002_typ_21x21_mu20/chunks/T_0p02__Didx_3_3__typ/dmft_solutions/T_0p02/U_0p5__Delta_0p3425__w1_0p5__typ,ok,
0.02,0.5,0.3425,typ,0.45,0.55,0.3555991011981389,0.5533866328329818,0.003386632832981795,0.5460210961375955,0.5458626670236264,0.9997098479983836,61,True,0.001889175196837381,0.2223978042602539,/home/2/kj405942/Byczuk_Freericks/filling_variantB_freericks/pbs_variantB_T002_typ_21x21_mu20/chunks/T_0p02__Didx_3_3__typ/dmft_solutions/T_0p02/U_0p5__Delta_0p3425__w1_0p45__typ,ok,
0.02,0.5,0.3425,typ,0.4,0.6,0.4058078517021879,0.5981677181645911,-0.001832281835408844,0.5400157624235816,0.539482969104601,0.9990133745048674,50,True,0.001838370085324222,0.1750123500823975,/home/2/kj405942/Byczuk_Freericks/filling_variantB_freericks/pbs_variantB_T002_typ_21x21_mu20/chunks/T_0p02__Didx_3_3__typ/dmft_solutions/T_0p02/U_0p5__Delta_0p3425__w1_0p4__typ,ok,
0.02,0.6000000000000001,0.3425,typ,0.5,0.5,0.3392578015692176,0.5030308817113487,0.003030881711348687,0.5142632964223609,0.5142328166284424,0.9999407311505011,93,True,0.001946531972816374,0.409625768661499,/home/2/kj405942/Byczuk_Freericks/filling_variantB_freericks/pbs_variantB_T002_typ_21x21_mu20/chunks/T_0p02__Didx_3_3__typ/dmft_solutions/T_0p02/U_0p6__Delta_0p3425__w1_0p5__typ,ok,
0.02,0.6000000000000001,0.3425,typ,0.45,0.55,0.3948871194460291,0.5483289251686964,-0.001671074831303687,0.5107956499753328,0.5107285183691267,0.9998685744363537,78,True,0.00195863412031767,0.33909010887146,/home/2/kj405942/Byczuk_Freericks/filling_variantB_freericks/pbs_variantB_T002_typ_21x21_mu20/chunks/T_0p02__Didx_3_3__typ/dmft_solutions/T_0p02/U_0p6__Delta_0p3425__w1_0p45__typ,ok,
0.02,0.6000000000000001,0.3425,typ,0.4,0.6,0.4633650426302274,0.6005988122552195,0.0005988122552195163,0.5028545397993698,0.5026141886753314,0.9995220265404499,72,True,0.001986663682020268,0.408097505569458,/home/2/kj405942/Byczuk_Freericks/filling_variantB_freericks/pbs_variantB_T002_typ_21x21_mu20/chunks/T_0p02__Didx_3_3__typ/dmft_solutions/T_0p02/U_0p6__Delta_0p3425__w1_0p4__typ,ok,
0.02,0.7000000000000001,0.3425,typ,0.5,0.5,0.3932372604478785,0.5006924611069712,0.0006924611069711872,0.4692727995254077,0.4690585128177451,0.999543364312018,84,True,0.001967383115825214,0.3656365871429443,/home/2/kj405942/Byczuk_Freericks/filling_variantB_freericks/pbs_variantB_T002_typ_21x21_mu20/chunks/T_0p02__Didx_3_3__typ/dmft_solutions/T_0p02/U_0p7__Delta_0p3425__w1_0p5__typ,ok,
0.02,0.7000000000000001,0.3425,typ,0.45,0.55,0.4590446357598236,0.5545705939572775,0.004570593957277436,0.4653930219002786,0.4652508621887839,0.9996945383690664,30,True,0.00198643425059624,0.1668834686279297,/home/2/kj405942/Byczuk_Freericks/filling_variantB_freericks/pbs_variantB_T002_typ_21x21_mu20/chunks/T_0p02__Didx_3_3__typ/dmft_solutions/T_0p02/U_0p7__Delta_0p3425__w1_0p45__typ,ok,
0.02,0.7000000000000001,0.3425,typ,0.4,0.6,0.5015050731493377,0.596805708929788,-0.003194291070211963,0.4579144993498573,0.45775201719661,0.9996451692325139,102,True,0.001941956174661951,0.586616039276123,/home/2/kj405942/Byczuk_Freericks/filling_variantB_freericks/pbs_variantB_T002_typ_21x21_mu20/chunks/T_0p02__Didx_3_3__typ/dmft_solutions/T_0p02/U_0p7__Delta_0p3425__w1_0p4__typ,ok,
0.02,0.9,0.3425,typ,0.5,0.5,0.4999999999999999,0.495155094824203,-0.004844905175796999,0.3456137693516687,0.3437468465903252,0.994598239633665,94,True,0.0019476310339366,0.4323174953460693,/home/2/kj405942/Byczuk_Freericks/filling_variantB_freericks/pbs_variantB_T002_typ_21x21_mu20/chunks/T_0p02__Didx_3_3__typ/dmft_solutions/T_0p02/U_0p9__Delta_0p3425__w1_0p5__typ,ok,
0.02,0.9,0.3425,typ,0.45,0.55,0.5712587570311197,0.5503856712448554,0.0003856712448553345,0.3524108988541984,0.3499974756158247,0.9931516782079655,61,True,0.001945754250042253,0.228825569152832,/home/2/kj405942/Byczuk_Freericks/filling_variantB_freericks/pbs_variantB_T002_typ_21x21_mu20/chunks/T_0p02__Didx_3_3__typ/dmft_solutions/T_0p02/U_0p9__Delta_0p3425__w1_0p45__typ,ok,
0.02,0.9,0.3425,typ,0.4,0.6,0.6316910531323003,0.6017611573273463,0.001761157327346274,0.3481595457310069,0.3456533461014764,0.9928015771497278,44,True,0.001944528101496562,0.1633586883544922,/home/2/kj405942/Byczuk_Freericks/filling_variantB_freericks/pbs_variantB_T002_typ_21x21_mu20/chunks/T_0p02__Didx_3_3__typ/dmft_solutions/T_0p02/U_0p9__Delta_0p3425__w1_0p4__typ,ok,
0.02,0.8,0.3425,typ,0.5,0.5,0.4520156678492321,0.5017952754416084,0.001795275441608402,0.4141353659017369,0.413366337622106,0.9981430509370857,142,True,0.001987204237047987,0.7582895755767822,/home/2/kj405942/Byczuk_Freericks/filling_variantB_freericks/pbs_variantB_T002_typ_21x21_mu20/chunks/T_0p02__Didx_3_3__typ/dmft_solutions/T_0p02/U_0p8__Delta_0p3425__w1_0p5__typ,ok,
0.02,0.8,0.3425,typ,0.45,0.55,0.507410839891171,0.5487633798157316,-0.0012366201842684,0.4100434048626378,0.409418878954692,0.9984769273190603,91,True,0.001982729110276023,0.3878598213195801,/home/2/kj405942/Byczuk_Freericks/filling_variantB_freericks/pbs_variantB_T002_typ_21x21_mu20/chunks/T_0p02__Didx_3_3__typ/dmft_solutions/T_0p02/U_0p8__Delta_0p3425__w1_0p45__typ,ok,
0.02,0.8,0.3425,typ,0.4,0.6,0.5650447663672716,0.5995911503618669,-0.0004088496381330353,0.4020501944038652,0.4015305289031111,0.9987074611379689,81,True,0.001944266832837634,0.3584144115447998,/home/2/kj405942/Byczuk_Freericks/filling_variantB_freericks/pbs_variantB_T002_typ_21x21_mu20/chunks/T_0p02__Didx_3_3__typ/dmft_solutions/T_0p02/U_0p8__Delta_0p3425__w1_0p4__typ,ok,
0.02,1,0.3425,typ,0.5,0.5,0.5942014058411123,0.4978424530974641,-0.002157546902535945,0.323233140037211,0.3167311615687545,0.9798845549447436,39,True,0.001966622213896907,0.2144513130187988,/home/2/kj405942/Byczuk_Freericks/filling_variantB_freericks/pbs_variantB_T002_typ_21x21_mu20/chunks/T_0p02__Didx_3_3__typ/dmft_solutions/T_0p02/U_1__Delta_0p3425__w1_0p5__typ,ok,
0.02,1,0.3425,typ,0.45,0.55,0.6590759241385337,0.5499990413680447,-9.586319553722689e-07,0.3301978774850866,0.3234781207533565,0.9796493036753893,55,True,0.001942074187093372,0.2852952480316162,/home/2/kj405942/Byczuk_Freericks/filling_variantB_freericks/pbs_variantB_T002_typ_21x21_mu20/chunks/T_0p02__Didx_3_3__typ/dmft_solutions/T_0p02/U_1__Delta_0p3425__w1_0p45__typ,ok,
0.02,1,0.3425,typ,0.4,0.6,0.7285341332315726,0.6033702870058992,0.003370287005899253,0.3345035805695779,0.3277150869518897,0.9797057669573251,65,True,0.001963817109680289,0.3378257751464844,/home/2/kj405942/Byczuk_Freericks/filling_variantB_freericks/pbs_variantB_T002_typ_21x21_mu20/chunks/T_0p02__Didx_3_3__typ/dmft_solutions/T_0p02/U_1__Delta_0p3425__w1_0p4__typ,ok,
0.02,1.1,0.3425,typ,0.5,0.5,0.7004653093703028,0.4977672335480273,-0.002232766451972679,0.3332490914936095,0.3224540084111026,0.9676065641045747,242,True,0.001985056921008222,1.356537580490112,/home/2/kj405942/Byczuk_Freericks/filling_variantB_freericks/pbs_variantB_T002_typ_21x21_mu20/chunks/T_0p02__Didx_3_3__typ/dmft_solutions/T_0p02/U_1p1__Delta_0p3425__w1_0p5__typ,ok,
0.02,1.1,0.3425,typ,0.45,0.55,0.7741740598876773,0.5535124519658016,0.003512451965801522,0.3433828725641793,0.3330366641762004,0.9698697599250667,218,True,0.001987573238485368,1.202777147293091,/home/2/kj405942/Byczuk_Freericks/filling_variantB_freericks/pbs_variantB_T002_typ_21x21_mu20/chunks/T_0p02__Didx_3_3__typ/dmft_solutions/T_0p02/U_1p1__Delta_0p3425__w1_0p45__typ,ok,
0.02,1.1,0.3425,typ,0.4,0.6,0.8307568934499424,0.6021955854919638,0.002195585491963858,0.3372325099287785,0.3273172342527046,0.9705981025430558,202,True,0.001967353968072657,1.101304531097412,/home/2/kj405942/Byczuk_Freericks/filling_variantB_freericks/pbs_variantB_T002_typ_21x21_mu20/chunks/T_0p02__Didx_3_3__typ/dmft_solutions/T_0p02/U_1p1__Delta_0p3425__w1_0p4__typ,ok,
0.02,1.3,0.3425,typ,0.5,0.5,0.88722125206129,0.5015457914714696,0.001545791471469604,0.3300768597697489,0.3144554076616613,0.9526732891273122,244,True,0.001977127764297654,1.276854753494263,/home/2/kj405942/Byczuk_Freericks/filling_variantB_freericks/pbs_variantB_T002_typ_21x21_mu20/chunks/T_0p02__Didx_3_3__typ/dmft_solutions/T_0p02/U_1p3__Delta_0p3425__w1_0p5__typ,ok,
0.02,1.3,0.3425,typ,0.45,0.55,0.9426120807355989,0.5504433340055275,0.0004433340055274293,0.327635074160303,0.3123712984902743,0.9534122660427968,208,True,0.001965420232363492,1.137759447097778,/home/2/kj405942/Byczuk_Freericks/filling_variantB_freericks/pbs_variantB_T002_typ_21x21_mu20/chunks/T_0p02__Didx_3_3__typ/dmft_solutions/T_0p02/U_1p3__Delta_0p3425__w1_0p45__typ,ok,
0.02,1.3,0.3425,typ,0.4,0.6,0.9980625571953228,0.6025305336014239,0.002530533601423968,0.3213154150097602,0.30645743938442,0.9537589081280496,221,True,0.001994518334345529,1.230977535247803,/home/2/kj405942/Byczuk_Freericks/filling_variantB_freericks/pbs_variantB_T002_typ_21x21_mu20/chunks/T_0p02__Didx_3_3__typ/dmft_solutions/T_0p02/U_1p3__Delta_0p3425__w1_0p4__typ,ok,
0.02,1.4,0.3425,typ,0.5,0.5,0.955817856203776,0.4958891293856219,-0.004110870614378093,0.3088215505296023,0.2909771796522613,0.9422178573783487,236,True,0.001966949542398623,1.256088018417358,/home/2/kj405942/Byczuk_Freericks/filling_variantB_freericks/pbs_variantB_T002_typ_21x21_mu20/chunks/T_0p02__Didx_3_3__typ/dmft_solutions/T_0p02/U_1p4__Delta_0p3425__w1_0p5__typ,ok,
0.02,1.4,0.3425,typ,0.45,0.55,1.005277870717979,0.5488287995363474,-0.0011712004636526,0.3036994317050754,0.2857443155615537,0.9408786640043567,248,True,0.001973190106610169,1.292124271392822,/home/2/kj405942/Byczuk_Freericks/filling_variantB_freericks/pbs_variantB_T002_typ_21x21_mu20/chunks/T_0p02__Didx_3_3__typ/dmft_solutions/T_0p02/U_1p4__Delta_0p3425__w1_0p45__typ,ok,
0.02,1.4,0.3425,typ,0.4,0.6,1.058505822351289,0.6015629550948551,0.001562955094855156,0.2990100987168111,0.2810772858819184,0.9400260629595772,250,True,0.001953380186098882,1.161457061767578,/home/2/kj405942/Byczuk_Freericks/filling_variantB_freericks/pbs_variantB_T002_typ_21x21_mu20/chunks/T_0p02__Didx_3_3__typ/dmft_solutions/T_0p02/U_1p4__Delta_0p3425__w1_0p4__typ,ok,
0.02,1.6,0.3425,typ,0.5,0.5,1.092088319124671,0.4966689034074448,-0.003331096592555205,0.2477252553888001,0.2272520065066004,0.9173550195757502,222,True,0.001977767389356209,1.000906944274902,/home/2/kj405942/Byczuk_Freericks/filling_variantB_freericks/pbs_variantB_T002_typ_21x21_mu20/chunks/T_0p02__Didx_3_3__typ/dmft_solutions/T_0p02/U_1p6__Delta_0p3425__w1_0p5__typ,ok,
0.02,1.6,0.3425,typ,0.45,0.55,1.1631891235273,0.5516190952177984,0.00161909521779835,0.2757905256806451,0.2544561106980003,0.9226426835004866,182,True,0.001972564925643906,0.8055901527404785,/home/2/kj405942/Byczuk_Freericks/filling_variantB_freericks/pbs_variantB_T002_typ_21x21_mu20/chunks/T_0p02__Didx_3_3__typ/dmft_solutions/T_0p02/U_1p6__Delta_0p3425__w1_0p45__typ,ok,
0.02,1.6,0.3425,typ,0.4,0.6,1.224065113047493,0.5996732387273357,-0.0003267612726642888,0.2810885447272747,0.2595890269307049,0.9235133618930305,165,True,0.001994113922786162,0.4577004909515381,/home/2/kj405942/Byczuk_Freericks/filling_variantB_freericks/pbs_variantB_T002_typ_21x21_mu20/chunks/T_0p02__Didx_3_3__typ/dmft_solutions/T_0p02/U_1p6__Delta_0p3425__w1_0p4__typ,ok,
0.02,1.5,0.3425,typ,0.5,0.5,1.029805617475393,0.5002546205809941,0.0002546205809941249,0.2844296198723748,0.2648337889919332,0.9311048164068343,243,True,0.001974085703056242,1.086250066757202,/home/2/kj405942/Byczuk_Freericks/filling_variantB_freericks/pbs_variantB_T002_typ_21x21_mu20/chunks/T_0p02__Didx_3_3__typ/dmft_solutions/T_0p02/U_1p5__Delta_0p3425__w1_0p5__typ,ok,
0.02,1.5,0.3425,typ,0.45,0.55,1.080264111495699,0.5532901143158033,0.003290114315803283,0.2862674832692984,0.2663420965864927,0.9303959134469303,160,True,0.001997855598152949,0.5558731555938721,/home/2/kj405942/Byczuk_Freericks/filling_variantB_freericks/pbs_variantB_T002_typ_21x21_mu20/chunks/T_0p02__Didx_3_3__typ/dmft_solutions/T_0p02/U_1p5__Delta_0p3425__w1_0p45__typ,ok,
0.02,1.5,0.3425,typ,0.4,0.6,1.122537529861811,0.5974511348366699,-0.002548865163330083,0.2756063854691407,0.2551029580695852,0.9256061235132333,170,True,0.001974238269002295,0.3490474224090576,/home/2/kj405942/Byczuk_Freericks/filling_variantB_freericks/pbs_variantB_T002_typ_21x21_mu20/chunks/T_0p02__Didx_3_3__typ/dmft_solutions/T_0p02/U_1p5__Delta_0p3425__w1_0p4__typ,ok,
0.02,1.7,0.3425,typ,0.5,0.5,1.202948546957561,0.5021800395121503,0.002180039512150289,0.2650742139061693,0.2433828997312035,0.9181689012472407,165,True,0.001983967226811647,0.4072384834289551,/home/2/kj405942/Byczuk_Freericks/filling_variantB_freericks/pbs_variantB_T002_typ_21x21_mu20/chunks/T_0p02__Didx_3_3__typ/dmft_solutions/T_0p02/U_1p7__Delta_0p3425__w1_0p5__typ,ok,
0.02,1.7,0.3425,typ,0.45,0.55,1.251163435771049,0.5499850295331703,-1.497046682974457e-05,0.2692720768342423,0.2468430843758241,0.9167050935169008,136,True,0.001977792343605497,0.2760708332061768,/home/2/kj405942/Byczuk_Freericks/filling_variantB_freericks/pbs_variantB_T002_typ_21x21_mu20/chunks/T_0p02__Didx_3_3__typ/dmft_solutions/T_0p02/U_1p7__Delta_0p3425__w1_0p45__typ,ok,
0.02,1.7,0.3425,typ,0.4,0.6,1.303037436214086,0.6005368090851858,0.0005368090851858298,0.2676806616986457,0.2446078270990389,0.9138046265531795,172,True,0.001934929064119947,0.3320865631103516,/home/2/kj405942/Byczuk_Freericks/filling_variantB_freericks/pbs_variantB_T002_typ_21x21_mu20/chunks/T_0p02__Didx_3_3__typ/dmft_solutions/T_0p02/U_1p7__Delta_0p3425__w1_0p4__typ,ok,
0.02,1.8,0.3425,typ,0.5,0.5,1.291135113338079,0.496072657223634,-0.003927342776366027,0.2577360291567373,0.2353502719863426,0.9131446338967951,211,True,0.001981078626888085,0.3081798553466797,/home/2/kj405942/Byczuk_Freericks/filling_variantB_freericks/pbs_variantB_T002_typ_21x21_mu20/chunks/T_0p02__Didx_3_3__typ/dmft_solutions/T_0p02/U_1p8__Delta_0p3425__w1_0p5__typ,ok,
0.02,1.8,0.3425,typ,0.45,0.55,1.343284171476172,0.5481333666275024,-0.001866633372497595,0.263523485202758,0.2402236424115295,0.9115834295630187,159,True,0.00194586020449206,0.2302482128143311,/home/2/kj405942/Byczuk_Freericks/filling_variantB_freericks/pbs_variantB_T002_typ_21x21_mu20/chunks/T_0p02__Didx_3_3__typ/dmft_solutions/T_0p02/U_1p8__Delta_0p3425__w1_0p45__typ,ok,
0.02,1.8,0.3425,typ,0.4,0.6,1.39999798268496,0.6025436403885183,0.002543640388518287,0.2689805658144509,0.2451184510699699,0.9112868445635524,141,True,0.001986037653136072,0.2067623138427734,/home/2/kj405942/Byczuk_Freericks/filling_variantB_freericks/pbs_variantB_T002_typ_21x21_mu20/chunks/T_0p02__Didx_3_3__typ/dmft_solutions/T_0p02/U_1p8__Delta_0p3425__w1_0p4__typ,ok,
0.02,1.2,0.3425,typ,0.5,0.5,0.698572762801696,0.4696314071996416,-0.03036859280035842,0.2289513718161703,0.2169934959049575,0.9477711104486676,216,True,0.001958913836477742,1.001887083053589,/home/2/kj405942/Byczuk_Freericks/filling_variantB_freericks/pbs_variantB_T002_typ_21x21_mu20/chunks/T_0p02__Didx_3_3__typ/dmft_solutions/T_0p02/U_1p2__Delta_0p3425__w1_0p5__typ,ok,
0.02,1.2,0.3425,typ,0.45,0.55,0.8593099484024129,0.5517417137299021,0.001741713729902061,0.3362611963967953,0.3232820076269434,0.9614014673446406,235,True,0.00198513866001018,0.8751943111419678,/home/2/kj405942/Byczuk_Freericks/filling_variantB_freericks/pbs_variantB_T002_typ_21x21_mu20/chunks/T_0p02__Didx_3_3__typ/dmft_solutions/T_0p02/U_1p2__Delta_0p3425__w1_0p45__typ,ok,
0.02,1.2,0.3425,typ,0.4,0.6,0.9558265209426087,0.6193850957394776,0.01938509573947766,0.3488873371603912,0.3379203198996286,0.9685657342853896,237,True,0.001970567133226078,0.9254443645477295,/home/2/kj405942/Byczuk_Freericks/filling_variantB_freericks/pbs_variantB_T002_typ_21x21_mu20/chunks/T_0p02__Didx_3_3__typ/dmft_solutions/T_0p02/U_1p2__Delta_0p3425__w1_0p4__typ,ok,
0.02,1.9,0.3425,typ,0.5,0.5,1.400845640369542,0.5020863055035639,0.002086305503563923,0.2712894469596062,0.2482267350446689,0.9149885401979118,191,True,0.00197663475332351,0.3024556636810303,/home/2/kj405942/Byczuk_Freericks/filling_variantB_freericks/pbs_variantB_T002_typ_21x21_mu20/chunks/T_0p02__Didx_3_3__typ/dmft_solutions/T_0p02/U_1p9__Delta_0p3425__w1_0p5__typ,ok,
0.02,1.9,0.3425,typ,0.45,0.55,1.442758923539513,0.5493225102640708,-0.0006774897359292931,0.2669805464168516,0.2430604733866063,0.9104051836312539,199,True,0.00197341433115206,0.300579309463501,/home/2/kj405942/Byczuk_Freericks/filling_variantB_freericks/pbs_variantB_T002_typ_21x21_mu20/chunks/T_0p02__Didx_3_3__typ/dmft_solutions/T_0p02/U_1p9__Delta_0p3425__w1_0p45__typ,ok,
0.02,1.9,0.3425,typ,0.4,0.6,1.488734146969787,0.6021299797443834,0.002129979744383448,0.2632763825409273,0.2384992697782743,0.9058893451682806,135,True,0.001941057122086395,0.182448148727417,/home/2/kj405942/Byczuk_Freericks/filling_variantB_freericks/pbs_variantB_T002_typ_21x21_mu20/chunks/T_0p02__Didx_3_3__typ/dmft_solutions/T_0p02/U_1p9__Delta_0p3425__w1_0p4__typ,ok,
0.02,2,0.3425,typ,0.5,0.5,1.501042533882631,0.5022286108649143,0.002228610864914327,0.2747946160872471,0.2512561730870397,0.9143416878563081,184,True,0.001980125348541217,0.2629311084747314,/home/2/kj405942/Byczuk_Freericks/filling_variantB_freericks/pbs_variantB_T002_typ_21x21_mu20/chunks/T_0p02__Didx_3_3__typ/dmft_solutions/T_0p02/U_2__Delta_0p3425__w1_0p5__typ,ok,
0.02,2,0.3425,typ,0.45,0.55,1.535102795431814,0.5485533588000351,-0.00144664119996496,0.2631981395124661,0.2386806794721225,0.9068478976114405,209,True,0.001981152759496038,0.2753210067749023,/home/2/kj405942/Byczuk_Freericks/filling_variantB_freericks/pbs_variantB_T002_typ_21x21_mu20/chunks/T_0p02__Didx_3_3__typ/dmft_solutions/T_0p02/U_2__Delta_0p3425__w1_0p45__typ,ok,
0.02,2,0.3425,typ,0.4,0.6,1.580851770113291,0.6011178183802298,0.00111781838022984,0.2601067016324567,0.2346373813234091,0.9020812606934021,145,True,0.001971065271456989,0.1898412704467773,/home/2/kj405942/Byczuk_Freericks/filling_variantB_freericks/pbs_variantB_T002_typ_21x21_mu20/chunks/T_0p02__Didx_3_3__typ/dmft_solutions/T_0p02/U_2__Delta_0p3425__w1_0p4__typ,ok,
0.02,0,0.44,typ,0.5,0.5,0.0356342048972039,0.4977290859290214,-0.002270914070978569,0.6163561928715919,0.6152950630863148,0.9982783822121858,70,True,0.001942152483672177,0.09828400611877441,/home/2/kj405942/Byczuk_Freericks/filling_variantB_freericks/pbs_variantB_T002_typ_21x21_mu20/chunks/T_0p02__Didx_4_4__typ/dmft_solutions/T_0p02/U_0__Delta_0p44__w1_0p5__typ,ok,
0.02,0,0.44,typ,0.45,0.55,0.1201238210122863,0.5506965666862658,0.0006965666862657205,0.6132437132148462,0.6112952374301963,0.9968226730373879,60,True,0.001962863738671571,0.0958259105682373,/home/2/kj405942/Byczuk_Freericks/filling_variantB_freericks/pbs_variantB_T002_typ_21x21_mu20/chunks/T_0p02__Didx_4_4__typ/dmft_solutions/T_0p02/U_0__Delta_0p44__w1_0p45__typ,ok,
0.02,0,0.44,typ,0.4,0.6,0.1978087181984918,0.5989117066628307,-0.00108829333716931,0.6071338226083225,0.6034896079244827,0.9939976747330863,45,True,0.001927284659711168,0.0787198543548584,/home/2/kj405942/Byczuk_Freericks/filling_variantB_freericks/pbs_variantB_T002_typ_21x21_mu20/chunks/T_0p02__Didx_4_4__typ/dmft_solutions/T_0p02/U_0__Delta_0p44__w1_0p4__typ,ok,
0.02,0.1,0.44,typ,0.5,0.5,0.08644587860911787,0.4973432790390118,-0.002656720960988235,0.6137443014351449,0.612753842746388,0.9983862030385604,59,True,0.001959486313809869,0.09587216377258301,/home/2/kj405942/Byczuk_Freericks/filling_variantB_freericks/pbs_variantB_T002_typ_21x21_mu20/chunks/T_0p02__Didx_4_4__typ/dmft_solutions/T_0p02/U_0p1__Delta_0p44__w1_0p5__typ,ok,
0.02,0.1,0.44,typ,0.45,0.55,0.1674304691245263,0.5512094611431375,0.001209461143137469,0.6105177186687258,0.6086439814992184,0.9969309045221599,43,True,0.001963185267909061,0.07257533073425293,/home/2/kj405942/Byczuk_Freericks/filling_variantB_freericks/pbs_variantB_T002_typ_21x21_mu20/chunks/T_0p02__Didx_4_4__typ/dmft_solutions/T_0p02/U_0p1__Delta_0p44__w1_0p45__typ,ok,
0.02,0.1,0.44,typ,0.4,0.6,0.2391547332481002,0.5991696035170806,-0.0008303964829193822,0.6044838907427014,0.6009888427058565,0.9942181287369781,47,True,0.001875099458760353,0.07528471946716309,/home/2/kj405942/Byczuk_Freericks/filling_variantB_freericks/pbs_variantB_T002_typ_21x21_mu20/chunks/T_0p02__Didx_4_4__typ/dmft_solutions/T_0p02/U_0p1__Delta_0p44__w1_0p4__typ,ok,
0.02,0.3,0.44,typ,0.5,0.5,0.1882867807663109,0.5042921212802712,0.004292121280271233,0.5926491392114085,0.5921529623701846,0.9991627814698522,60,True,0.001928284324096732,0.09443426132202148,/home/2/kj405942/Byczuk_Freericks/filling_variantB_freericks/pbs_variantB_T002_typ_21x21_mu20/chunks/T_0p02__Didx_4_4__typ/dmft_solutions/T_0p02/U_0p3__Delta_0p44__w1_0p5__typ,ok,
0.02,0.3,0.44,typ,0.45,0.55,0.2530014578884733,0.5493846039938765,-0.0006153960061235919,0.589773065775394,0.5887091485603274,0.9981960566244784,51,True,0.00195125841159974,0.09481048583984375,/home/2/kj405942/Byczuk_Freericks/filling_variantB_freericks/pbs_variantB_T002_typ_21x21_mu20/chunks/T_0p02__Didx_4_4__typ/dmft_solutions/T_0p02/U_0p3__Delta_0p44__w1_0p45__typ,ok,
0.02,0.3,0.44,typ,0.4,0.6,0.3332114982277518,0.6001645702846959,0.000164570284695964,0.5821797762232828,0.5796169905831048,0.9955979480139223,99,True,0.001999996215703507,0.2469427585601807,/home/2/kj405942/Byczuk_Freericks/filling_variantB_freericks/pbs_variantB_T002_typ_21x21_mu20/chunks/T_0p02__Didx_4_4__typ/dmft_solutions/T_0p02/U_0p3__Delta_0p44__w1_0p4__typ,ok,
0.02,0.2,0.44,typ,0.5,0.5,0.1350323260883555,0.499097784342991,-0.0009022156570089868,0.6059382332620596,0.6051635712895634,0.9987215496069198,133,True,0.001934444470163049,0.3608682155609131,/home/2/kj405942/Byczuk_Freericks/filling_variantB_freericks/pbs_variantB_T002_typ_21x21_mu20/chunks/T_0p02__Didx_4_4__typ/dmft_solutions/T_0p02/U_0p2__Delta_0p44__w1_0p5__typ,ok,
0.02,0.2,0.44,typ,0.45,0.55,0.2210743409925524,0.5531242459806774,0.003124245980677398,0.6021234815584975,0.6004321167869503,0.9971910001463996,90,True,0.001968635239629015,0.2774984836578369,/home/2/kj405942/Byczuk_Freericks/filling_variantB_freericks/pbs_variantB_T002_typ_21x21_mu20/chunks/T_0p02__Didx_4_4__typ/dmft_solutions/T_0p02/U_0p2__Delta_0p44__w1_0p45__typ,ok,
0.02,0.2,0.44,typ,0.4,0.6,0.2882205464221067,0.6017186412208891,0.001718641220889161,0.5958398019842556,0.5926301104956823,0.9946131636760679,28,True,0.001943081447103515,0.1034293174743652,/home/2/kj405942/Byczuk_Freericks/filling_variantB_freericks/pbs_variantB_T002_typ_21x21_mu20/chunks/T_0p02__Didx_4_4__typ/dmft_solutions/T_0p02/U_0p2__Delta_0p44__w1_0p4__typ,ok,
0.02,0.4,0.44,typ,0.5,0.5,0.2347980000638439,0.5013572408745115,0.001357240874511501,0.5737193125423693,0.5735143267963135,0.9996427072584547,25,True,0.001950666615356373,0.05026030540466309,/home/2/kj405942/Byczuk_Freericks/filling_variantB_freericks/pbs_variantB_T002_typ_21x21_mu20/chunks/T_0p02__Didx_4_4__typ/dmft_solutions/T_0p02/U_0p4__Delta_0p44__w1_0p5__typ,ok,
0.02,0.4,0.44,typ,0.45,0.55,0.2996510433073902,0.5510824876360495,0.001082487636049456,0.5707109368319957,0.5700782818361625,0.9988914615876383,75,True,0.001995897436932603,0.166501522064209,/home/2/kj405942/Byczuk_Freericks/filling_variantB_freericks/pbs_variantB_T002_typ_21x21_mu20/chunks/T_0p02__Didx_4_4__typ/dmft_solutions/T_0p02/U_0p4__Delta_0p44__w1_0p45__typ,ok,
0.02,0.4,0.44,typ,0.4,0.6,0.3637158180910052,0.598270178756826,-0.001729821243174001,0.5643595788174572,0.5627388876385194,0.9971282649577177,75,True,0.001999434412333316,0.2160532474517822,/home/2/kj405942/Byczuk_Freericks/filling_variantB_freericks/pbs_variantB_T002_typ_21x21_mu20/chunks/T_0p02__Didx_4_4__typ/dmft_solutions/T_0p02/U_0p4__Delta_0p44__w1_0p4__typ,ok,
0.02,0.5,0.44,typ,0.5,0.5,0.2906184074116958,0.5014123942766678,0.001412394276667839,0.5483555010353315,0.5483272480178846,0.9999484768231676,185,True,0.001949862290856611,0.7413551807403564,/home/2/kj405942/Byczuk_Freericks/filling_variantB_freericks/pbs_variantB_T002_typ_21x21_mu20/chunks/T_0p02__Didx_4_4__typ/dmft_solutions/T_0p02/U_0p5__Delta_0p44__w1_0p5__typ,ok,
0.02,0.5,0.44,typ,0.45,0.55,0.3578554650002334,0.5536093468284821,0.003609346828482018,0.5445304918118732,0.5442080750671893,0.999407899558368,55,True,0.001953390312910618,0.2376689910888672,/home/2/kj405942/Byczuk_Freericks/filling_variantB_freericks/pbs_variantB_T002_typ_21x21_mu20/chunks/T_0p02__Didx_4_4__typ/dmft_solutions/T_0p02/U_0p5__Delta_0p44__w1_0p45__typ,ok,
0.02,0.5,0.44,typ,0.4,0.6,0.4111001294927318,0.6002735152012539,0.0002735152012539599,0.5383929048103022,0.5373984327818428,0.9981528879382061,41,True,0.001880687666823346,0.1742992401123047,/home/2/kj405942/Byczuk_Freericks/filling_variantB_freericks/pbs_variantB_T002_typ_21x21_mu20/chunks/T_0p02__Didx_4_4__typ/dmft_solutions/T_0p02/U_0p5__Delta_0p44__w1_0p4__typ,ok,
0.02,0.6000000000000001,0.44,typ,0.5,0.5,0.3404966940646401,0.504449975672277,0.004449975672277007,0.5159455462318661,0.5159041769304524,0.9999198184736436,88,True,0.001950448601996709,0.3118336200714111,/home/2/kj405942/Byczuk_Freericks/filling_variantB_freericks/pbs_variantB_T002_typ_21x21_mu20/chunks/T_0p02__Didx_4_4__typ/dmft_solutions/T_0p02/U_0p6__Delta_0p44__w1_0p5__typ,ok,
0.02,0.6000000000000001,0.44,typ,0.45,0.55,0.3942725308696952,0.5485119741083215,-0.001488025891678513,0.5126051641629926,0.5124595422362132,0.9997159179482376,72,True,0.001978326293655691,0.2563877105712891,/home/2/kj405942/Byczuk_Freericks/filling_variantB_freericks/pbs_variantB_T002_typ_21x21_mu20/chunks/T_0p02__Didx_4_4__typ/dmft_solutions/T_0p02/U_0p6__Delta_0p44__w1_0p45__typ,ok,
0.02,0.6000000000000001,0.44,typ,0.4,0.6,0.4626218425242333,0.6000309587122475,3.095871224756408e-05,0.5048264608507746,0.5043111210300502,0.9989791743090171,73,True,0.001992203816235379,0.3141884803771973,/home/2/kj405942/Byczuk_Freericks/filling_variantB_freericks/pbs_variantB_T002_typ_21x21_mu20/chunks/T_0p02__Didx_4_4__typ/dmft_solutions/T_0p02/U_0p6__Delta_0p44__w1_0p4__typ,ok,
0.02,0.8,0.44,typ,0.5,0.5,0.4493902317418027,0.5025779521507419,0.002577952150741858,0.4243348470005132,0.423199834301277,0.9973251956391062,120,True,0.001998843843142447,0.5720105171203613,/home/2/kj405942/Byczuk_Freericks/filling_variantB_freericks/pbs_variantB_T002_typ_21x21_mu20/chunks/T_0p02__Didx_4_4__typ/dmft_solutions/T_0p02/U_0p8__Delta_0p44__w1_0p5__typ,ok,
0.02,0.8,0.44,typ,0.45,0.55,0.5031792213823377,0.5482824056878739,-0.001717594312126147,0.4199359862808379,0.4190341590121007,0.9978524649037006,91,True,0.001985162239222032,0.4250237941741943,/home/2/kj405942/Byczuk_Freericks/filling_variantB_freericks/pbs_variantB_T002_typ_21x21_mu20/chunks/T_0p02__Didx_4_4__typ/dmft_solutions/T_0p02/U_0p8__Delta_0p44__w1_0p45__typ,ok,
0.02,0.8,0.44,typ,0.4,0.6,0.5626180430419484,0.5999828453991189,-1.715460088103082e-05,0.4118718134288822,0.411105808448883,0.9981401859631468,77,True,0.001996098141600584,0.2891201972961426,/home/2/kj405942/Byczuk_Freericks/filling_variantB_freericks/pbs_variantB_T002_typ_21x21_mu20/chunks/T_0p02__Didx_4_4__typ/dmft_solutions/T_0p02/U_0p8__Delta_0p44__w1_0p4__typ,ok,
0.02,0.7000000000000001,0.44,typ,0.5,0.5,0.3930060769927184,0.5010769365021664,0.001076936502166448,0.4750548935929685,0.4747045374669719,0.9992624933860869,86,True,0.001941823564932195,0.4977195262908936,/home/2/kj405942/Byczuk_Freericks/filling_variantB_freericks/pbs_variantB_T002_typ_21x21_mu20/chunks/T_0p02__Didx_4_4__typ/dmft_solutions/T_0p02/U_0p7__Delta_0p44__w1_0p5__typ,ok,
0.02,0.7000000000000001,0.44,typ,0.45,0.55,0.4563893439961412,0.5541341555281053,0.004134155528105254,0.470988813241931,0.4707238351188995,0.9994374003891779,30,True,0.001999226036157828,0.1413118839263916,/home/2/kj405942/Byczuk_Freericks/filling_variantB_freericks/pbs_variantB_T002_typ_21x21_mu20/chunks/T_0p02__Didx_4_4__typ/dmft_solutions/T_0p02/U_0p7__Delta_0p44__w1_0p45__typ,ok,
0.02,0.7000000000000001,0.44,typ,0.4,0.6,0.5101071892890997,0.6021059368838485,0.002105936883848525,0.4632334706393727,0.4628884026143475,0.9992550883152962,60,True,0.001997852787805291,0.2735395431518555,/home/2/kj405942/Byczuk_Freericks/filling_variantB_freericks/pbs_variantB_T002_typ_21x21_mu20/chunks/T_0p02__Didx_4_4__typ/dmft_solutions/T_0p02/U_0p7__Delta_0p44__w1_0p4__typ,ok,
0.02,0.9,0.44,typ,0.5,0.5,0.4999999999999999,0.497030345912386,-0.00296965408761396,0.3612471881117549,0.3586045753574327,0.9926847520443407,89,True,0.001995202749148441,0.3936083316802979,/home/2/kj405942/Byczuk_Freericks/filling_variantB_freericks/pbs_variantB_T002_typ_21x21_mu20/chunks/T_0p02__Didx_4_4__typ/dmft_solutions/T_0p02/U_0p9__Delta_0p44__w1_0p5__typ,ok,
0.02,0.9,0.44,typ,0.45,0.55,0.5651967143929373,0.5516954668084505,0.001695466808450452,0.3614916085489366,0.3586305228699781,0.992085333071926,55,True,0.001997864112403379,0.2440905570983887,/home/2/kj405942/Byczuk_Freericks/filling_variantB_freericks/pbs_variantB_T002_typ_21x21_mu20/chunks/T_0p02__Didx_4_4__typ/dmft_solutions/T_0p02/U_0p9__Delta_0p44__w1_0p45__typ,ok,
0.02,0.9,0.44,typ,0.4,0.6,0.626241854839884,0.6032976228233782,0.003297622823378199,0.3558178845939329,0.3529268107601784,0.99187484958196,46,True,0.001949307527537472,0.2271034717559814,/home/2/kj405942/Byczuk_Freericks/filling_variantB_freericks/pbs_variantB_T002_typ_21x21_mu20/chunks/T_0p02__Didx_4_4__typ/dmft_solutions/T_0p02/U_0p9__Delta_0p44__w1_0p4__typ,ok,
0.02,1,0.44,typ,0.5,0.5,0.571249127234895,0.4961068284135248,-0.00389317158647523,0.3093468974922896,0.3019039033541778,0.9759396515741772,117,True,0.001990724013704695,0.4203133583068848,/home/2/kj405942/Byczuk_Freericks/filling_variantB_freericks/pbs_variantB_T002_typ_21x21_mu20/chunks/T_0p02__Didx_4_4__typ/dmft_solutions/T_0p02/U_1__Delta_0p44__w1_0p5__typ,ok,
0.02,1,0.44,typ,0.45,0.55,0.6359876887123079,0.5475572404822149,-0.002442759517785165,0.3173307069008952,0.3091594974818063,0.9742501773657826,68,True,0.001989839989090698,0.3047311305999756,/home/2/kj405942/Byczuk_Freericks/filling_variantB_freericks/pbs_variantB_T002_typ_21x21_mu20/chunks/T_0p02__Didx_4_4__typ/dmft_solutions/T_0p02/U_1__Delta_0p44__w1_0p45__typ,ok,
0.02,1,0.44,typ,0.4,0.6,0.7143684332691109,0.6024535599310904,0.002453559931090421,0.3284746384083417,0.3194747845581963,0.9726010693131283,123,True,0.00197238105520868,0.5599188804626465,/home/2/kj405942/Byczuk_Freericks/filling_variantB_freericks/pbs_variantB_T002_typ_21x21_mu20/chunks/T_0p02__Didx_4_4__typ/dmft_solutions/T_0p02/U_1__Delta_0p44__w1_0p4__typ,ok,
0.02,1.1,0.44,typ,0.5,0.5,0.6837478144604827,0.4991359393488269,-0.0008640606511730597,0.3233655783276941,0.3074565291329368,0.9508016614599736,125,True,0.001988367453586644,0.5833306312561035,/home/2/kj405942/Byczuk_Freericks/filling_variantB_freericks/pbs_variantB_T002_typ_21x21_mu20/chunks/T_0p02__Didx_4_4__typ/dmft_solutions/T_0p02/U_1p1__Delta_0p44__w1_0p5__typ,ok,
0.02,1.1,0.44,typ,0.45,0.55,0.7528859094654444,0.5522604862657162,0.002260486265716177,0.3315947032042092,0.3160200078461934,0.953030928396874,166,True,0.001999559954820484,0.7340841293334961,/home/2/kj405942/Byczuk_Freericks/filling_variantB_freericks/pbs_variantB_T002_typ_21x21_mu20/chunks/T_0p02__Didx_4_4__typ/dmft_solutions/T_0p02/U_1p1__Delta_0p44__w1_0p45__typ,ok,
0.02,1.1,0.44,typ,0.4,0.6,0.804862010794314,0.5960601351604621,-0.003939864839537899,0.3233571886589366,0.3082282493905719,0.9532129181011587,152,True,0.001991720752766782,0.6654868125915527,/home/2/kj405942/Byczuk_Freericks/filling_variantB_freericks/pbs_variantB_T002_typ_21x21_mu20/chunks/T_0p02__Didx_4_4__typ/dmft_solutions/T_0p02/U_1p1__Delta_0p44__w1_0p4__typ,ok,
0.02,1.3,0.44,typ,0.5,0.5,0.8813718556655981,0.5015120854936812,0.001512085493681203,0.3315673590547574,0.3070436736142209,0.9260370939092153,202,True,0.001973145363274994,0.8939583301544189,/home/2/kj405942/Byczuk_Freericks/filling_variantB_freericks/pbs_variantB_T002_typ_21x21_mu20/chunks/T_0p02__Didx_4_4__typ/dmft_solutions/T_0p02/U_1p3__Delta_0p44__w1_0p5__typ,ok,
0.02,1.3,0.44,typ,0.45,0.55,0.9366911483448851,0.549545008537936,-0.0004549914620640694,0.328192067641469,0.3044087954400998,0.9275324587450083,237,True,0.001998894471301841,1.226573944091797,/home/2/kj405942/Byczuk_Freericks/filling_variantB_freericks/pbs_variantB_T002_typ_21x21_mu20/chunks/T_0p02__Didx_4_4__typ/dmft_solutions/T_0p02/U_1p3__Delta_0p44__w1_0p45__typ,ok,
0.02,1.3,0.44,typ,0.4,0.6,0.9966860397916912,0.6038007888894227,0.003800788889422702,0.3231425786578992,0.3004825940942221,0.929876203074846,239,True,0.001998940662800461,1.225832462310791,/home/2/kj405942/Byczuk_Freericks/filling_variantB_freericks/pbs_variantB_T002_typ_21x21_mu20/chunks/T_0p02__Didx_4_4__typ/dmft_solutions/T_0p02/U_1p3__Delta_0p44__w1_0p4__typ,ok,
0.02,1.4,0.44,typ,0.5,0.5,0.9506357774577953,0.4952523692030099,-0.004747630796990143,0.3125663262256166,0.28418968370049,0.9092140126936009,236,True,0.001982299923946496,1.09327244758606,/home/2/kj405942/Byczuk_Freericks/filling_variantB_freericks/pbs_variantB_T002_typ_21x21_mu20/chunks/T_0p02__Didx_4_4__typ/dmft_solutions/T_0p02/U_1p4__Delta_0p44__w1_0p5__typ,ok,
0.02,1.4,0.44,typ,0.45,0.55,1.004085304761419,0.5497018451973972,-0.000298154802602868,0.3096487783662745,0.2815055198289414,0.9091123217542837,243,True,0.001972207623815301,1.111846923828125,/home/2/kj405942/Byczuk_Freericks/filling_variantB_freericks/pbs_variantB_T002_typ_21x21_mu20/chunks/T_0p02__Didx_4_4__typ/dmft_solutions/T_0p02/U_1p4__Delta_0p44__w1_0p45__typ,ok,
0.02,1.4,0.44,typ,0.4,0.6,1.056397171145249,0.6022600646921572,0.002260064692157226,0.3033065217066893,0.2754811105316216,0.9082597663297988,232,True,0.001987989259670318,1.058888673782349,/home/2/kj405942/Byczuk_Freericks/filling_variantB_freericks/pbs_variantB_T002_typ_21x21_mu20/chunks/T_0p02__Didx_4_4__typ/dmft_solutions/T_0p02/U_1p4__Delta_0p44__w1_0p4__typ,ok,
0.02,1.5,0.44,typ,0.5,0.5,1.030341491255635,0.5013503933396274,0.001350393339627387,0.2962919150726894,0.2648651354326102,0.8939330503420274,238,True,0.001942586551231674,1.017228364944458,/home/2/kj405942/Byczuk_Freericks/filling_variantB_freericks/pbs_variantB_T002_typ_21x21_mu20/chunks/T_0p02__Didx_4_4__typ/dmft_solutions/T_0p02/U_1p5__Delta_0p44__w1_0p5__typ,ok,
0.02,1.5,0.44,typ,0.45,0.55,1.080003025428512,0.5544186513779383,0.004418651377938287,0.2949285977213116,0.2633015719755548,0.8927637876078661,147,True,0.001987437770133232,0.6702451705932617,/home/2/kj405942/Byczuk_Freericks/filling_variantB_freericks/pbs_variantB_T002_typ_21x21_mu20/chunks/T_0p02__Didx_4_4__typ/dmft_solutions/T_0p02/U_1p5__Delta_0p44__w1_0p45__typ,ok,
0.02,1.5,0.44,typ,0.4,0.6,1.130679998825965,0.603403611194143,0.003403611194143008,0.289195394404489,0.2573979986603918,0.8900487478039738,158,True,0.001988524682020379,0.5205509662628174,/home/2/kj405942/Byczuk_Freericks/filling_variantB_freericks/pbs_variantB_T002_typ_21x21_mu20/chunks/T_0p02__Didx_4_4__typ/dmft_solutions/T_0p02/U_1p5__Delta_0p44__w1_0p4__typ,ok,
0.02,1.7,0.44,typ,0.5,0.5,1.200446926335726,0.5032707669445585,0.003270766944558523,0.276153197068539,0.2406787977865621,0.8715408705799901,158,True,0.001986851739812189,0.5115768909454346,/home/2/kj405942/Byczuk_Freericks/filling_variantB_freericks/pbs_variantB_T002_typ_21x21_mu20/chunks/T_0p02__Didx_4_4__typ/dmft_solutions/T_0p02/U_1p7__Delta_0p44__w1_0p5__typ,ok,
0.02,1.7,0.44,typ,0.45,0.55,1.258088575738068,0.5549342102208763,0.004934210220876256,0.2854323917124699,0.2495031080136489,0.8741233134639664,106,True,0.001994445394570982,0.324699878692627,/home/2/kj405942/Byczuk_Freericks/filling_variantB_freericks/pbs_variantB_T002_typ_21x21_mu20/chunks/T_0p02__Didx_4_4__typ/dmft_solutions/T_0p02/U_1p7__Delta_0p44__w1_0p45__typ,ok,
0.02,1.7,0.44,typ,0.4,0.6,1.299102320114628,0.6024473326283175,0.002447332628317533,0.2740685535095918,0.2369875964069026,0.86470189072096,135,True,0.001971508690641595,0.3518378734588623,/home/2/kj405942/Byczuk_Freericks/filling_variantB_freericks/pbs_variantB_T002_typ_21x21_mu20/chunks/T_0p02__Didx_4_4__typ/dmft_solutions/T_0p02/U_1p7__Delta_0p44__w1_0p4__typ,ok,
0.02,1.6,0.44,typ,0.5,0.5,1.093062440142887,0.4991180323336882,-0.0008819676663118226,0.2633431604556699,0.2296030920396818,0.8718779391968764,215,True,0.001957945008461985,0.7688124179840088,/home/2/kj405942/Byczuk_Freericks/filling_variantB_freericks/pbs_variantB_T002_typ_21x21_mu20/chunks/T_0p02__Didx_4_4__typ/dmft_solutions/T_0p02/U_1p6__Delta_0p44__w1_0p5__typ,ok,
0.02,1.6,0.44,typ,0.45,0.55,1.152535551090972,0.550926879480081,0.0009268794800809665,0.2763760347616392,0.2417647972287852,0.874767587708158,131,True,0.001995111640816876,0.3937869071960449,/home/2/kj405942/Byczuk_Freericks/filling_variantB_freericks/pbs_variantB_T002_typ_21x21_mu20/chunks/T_0p02__Didx_4_4__typ/dmft_solutions/T_0p02/U_1p6__Delta_0p44__w1_0p45__typ,ok,
0.02,1.6,0.44,typ,0.4,0.6,1.211112764430299,0.5996863178055951,-0.0003136821944048629,0.2794140718889279,0.2445874887838043,0.875358521245244,191,True,0.001977892169402415,0.4905128479003906,/home/2/kj405942/Byczuk_Freericks/filling_variantB_freericks/pbs_variantB_T002_typ_21x21_mu20/chunks/T_0p02__Didx_4_4__typ/dmft_solutions/T_0p02/U_1p6__Delta_0p44__w1_0p4__typ,ok,
0.02,1.2,0.44,typ,0.5,0.5,0.7903771400261905,0.5014858164623469,0.001485816462346912,0.3341901097280188,0.3133164278399258,0.9375394983858706,246,True,0.00196899068238062,1.3619384765625,/home/2/kj405942/Byczuk_Freericks/filling_variantB_freericks/pbs_variantB_T002_typ_21x21_mu20/chunks/T_0p02__Didx_4_4__typ/dmft_solutions/T_0p02/U_1p2__Delta_0p44__w1_0p5__typ,ok,
0.02,1.2,0.44,typ,0.45,0.55,0.8537986437293767,0.553487639976231,0.003487639976230916,0.3357119958610965,0.3158243669640778,0.9407598502817653,230,True,0.001988987627032656,1.279533624649048,/home/2/kj405942/Byczuk_Freericks/filling_variantB_freericks/pbs_variantB_T002_typ_21x21_mu20/chunks/T_0p02__Didx_4_4__typ/dmft_solutions/T_0p02/U_1p2__Delta_0p44__w1_0p45__typ,ok,
0.02,1.2,0.44,typ,0.4,0.6,0.9706195345230104,0.6275729450446814,0.02757294504468144,0.3532016702988691,0.3377127780624488,0.9561471716050661,247,True,0.001964667603911144,1.370915174484253,/home/2/kj405942/Byczuk_Freericks/filling_variantB_freericks/pbs_variantB_T002_typ_21x21_mu20/chunks/T_0p02__Didx_4_4__typ/dmft_solutions/T_0p02/U_1p2__Delta_0p44__w1_0p4__typ,ok,
0.02,1.8,0.44,typ,0.5,0.5,1.300137232254023,0.5035342610931925,0.003534261093192548,0.2801936265978116,0.2434551089888892,0.8688816799475005,219,True,0.00197660712451253,0.3411390781402588,/home/2/kj405942/Byczuk_Freericks/filling_variantB_freericks/pbs_variantB_T002_typ_21x21_mu20/chunks/T_0p02__Didx_4_4__typ/dmft_solutions/T_0p02/U_1p8__Delta_0p44__w1_0p5__typ,ok,
0.02,1.8,0.44,typ,0.45,0.55,1.340457054081875,0.548685249027663,-0.00131475097233702,0.273628857437675,0.2357249379640195,0.8614768930857777,209,True,0.001984614911253556,0.3042502403259277,/home/2/kj405942/Byczuk_Freericks/filling_variantB_freericks/pbs_variantB_T002_typ_21x21_mu20/chunks/T_0p02__Didx_4_4__typ/dmft_solutions/T_0p02/U_1p8__Delta_0p44__w1_0p45__typ,ok,
0.02,1.8,0.44,typ,0.4,0.6,1.390964791687984,0.6029930145419687,0.002993014541968764,0.271769907786461,0.2330027667246111,0.8573530771761876,122,True,0.001964995954422007,0.1822738647460938,/home/2/kj405942/Byczuk_Freericks/filling_variantB_freericks/pbs_variantB_T002_typ_21x21_mu20/chunks/T_0p02__Didx_4_4__typ/dmft_solutions/T_0p02/U_1p8__Delta_0p44__w1_0p4__typ,ok,
0.02,2,0.44,typ,0.5,0.5,1.50087233601497,0.5038218193266543,0.003821819326654263,0.2876746126207952,0.2492380386093397,0.8663887172340731,141,True,0.001944345397782649,0.213573694229126,/home/2/kj405942/Byczuk_Freericks/filling_variantB_freericks/pbs_variantB_T002_typ_21x21_mu20/chunks/T_0p02__Didx_4_4__typ/dmft_solutions/T_0p02/U_2__Delta_0p44__w1_0p5__typ,ok,
0.02,2,0.44,typ,0.45,0.55,1.526146591636197,0.54698373656127,-0.003016263438730071,0.2681436568802621,0.2278982970033692,0.849911199298426,196,True,0.001994631218742966,0.3404915332794189,/home/2/kj405942/Byczuk_Freericks/filling_variantB_freericks/pbs_variantB_T002_typ_21x21_mu20/chunks/T_0p02__Didx_4_4__typ/dmft_solutions/T_0p02/U_2__Delta_0p44__w1_0p45__typ,ok,
0.02,2,0.44,typ,0.4,0.6,1.581991738536543,0.6029932150205444,0.002993215020544393,0.2718437644834992,0.2308333023937123,0.8491395888086436,137,True,0.001962428507897204,0.2171366214752197,/home/2/kj405942/Byczuk_Freericks/filling_variantB_freericks/pbs_variantB_T002_typ_21x21_mu20/chunks/T_0p02__Didx_4_4__typ/dmft_solutions/T_0p02/U_2__Delta_0p44__w1_0p4__typ,ok,
0.02,1.9,0.44,typ,0.5,0.5,1.401899605785804,0.5047255981346909,0.004725598134690867,0.2853840110614727,0.2477217706322908,0.8680296058314586,174,True,0.001974898506048968,0.2544255256652832,/home/2/kj405942/Byczuk_Freericks/filling_variantB_freericks/pbs_variantB_T002_typ_21x21_mu20/chunks/T_0p02__Didx_4_4__typ/dmft_solutions/T_0p02/U_1p9__Delta_0p44__w1_0p5__typ,ok,
0.02,1.9,0.44,typ,0.45,0.55,1.452805334315886,0.5544875498861438,0.004487549886143749,0.2884049541726117,0.2502268163735151,0.8676231554044428,113,True,0.00197235212856093,0.1643862724304199,/home/2/kj405942/Byczuk_Freericks/filling_variantB_freericks/pbs_variantB_T002_typ_21x21_mu20/chunks/T_0p02__Didx_4_4__typ/dmft_solutions/T_0p02/U_1p9__Delta_0p44__w1_0p45__typ,ok,
0.02,1.9,0.44,typ,0.4,0.6,1.487962316695677,0.6036399014750149,0.003639901475014917,0.2730948161503681,0.2332168774612842,0.853977679799214,125,True,0.001989749512518934,0.1831092834472656,/home/2/kj405942/Byczuk_Freericks/filling_variantB_freericks/pbs_variantB_T002_typ_21x21_mu20/chunks/T_0p02__Didx_4_4__typ/dmft_solutions/T_0p02/U_1p9__Delta_0p44__w1_0p4__typ,ok,
0.02,0,0.5375,typ,0.5,0.5,0.03654585722353026,0.4971549379348539,-0.002845062065146065,0.6076255847533415,0.6054002042140045,0.9963375792672714,69,True,0.001964232560901656,0.1091005802154541,/home/2/kj405942/Byczuk_Freericks/filling_variantB_freericks/pbs_variantB_T002_typ_21x21_mu20/chunks/T_0p02__Didx_5_5__typ/dmft_solutions/T_0p02/U_0__Delta_0p5375__w1_0p5__typ,ok,
0.02,0,0.5375,typ,0.45,0.55,0.1235539600027525,0.5510145970204351,0.001014597020435049,0.6047483650661104,0.6012269083210989,0.9941769883997512,71,True,0.001964858192812531,0.1218037605285645,/home/2/kj405942/Byczuk_Freericks/filling_variantB_freericks/pbs_variantB_T002_typ_21x21_mu20/chunks/T_0p02__Didx_5_5__typ/dmft_solutions/T_0p02/U_0__Delta_0p5375__w1_0p45__typ,ok,
0.02,0,0.5375,typ,0.4,0.6,0.2004616359988714,0.59889819510422,-0.001101804895779934,0.5993531215901081,0.5934650816762007,0.990176008596925,52,True,0.001896999711254335,0.08511066436767578,/home/2/kj405942/Byczuk_Freericks/filling_variantB_freericks/pbs_variantB_T002_typ_21x21_mu20/chunks/T_0p02__Didx_5_5__typ/dmft_solutions/T_0p02/U_0__Delta_0p5375__w1_0p4__typ,ok,
0.02,0.1,0.5375,typ,0.5,0.5,0.08718714670156197,0.4964749561604654,-0.003525043839534558,0.6052331569810353,0.6031531327718952,0.9965632679155989,58,True,0.001929951526843694,0.08278727531433105,/home/2/kj405942/Byczuk_Freericks/filling_variantB_freericks/pbs_variantB_T002_typ_21x21_mu20/chunks/T_0p02__Didx_5_5__typ/dmft_solutions/T_0p02/U_0p1__Delta_0p5375__w1_0p5__typ,ok,
0.02,0.1,0.5375,typ,0.45,0.55,0.1712954216263922,0.5515288344787856,0.001528834478785601,0.6022068260388018,0.5988181549592262,0.9943729115429235,47,True,0.001928968685705973,0.1085777282714844,/home/2/kj405942/Byczuk_Freericks/filling_variantB_freericks/pbs_variantB_T002_typ_21x21_mu20/chunks/T_0p02__Didx_5_5__typ/dmft_solutions/T_0p02/U_0p1__Delta_0p5375__w1_0p45__typ,ok,
0.02,0.1,0.5375,typ,0.4,0.6,0.242225282606056,0.5992140723377267,-0.0007859276622732558,0.5968392267915199,0.5911707460714928,0.9905024997259317,53,True,0.001826422470758494,0.09378743171691895,/home/2/kj405942/Byczuk_Freericks/filling_variantB_freericks/pbs_variantB_T002_typ_21x21_mu20/chunks/T_0p02__Didx_5_5__typ/dmft_solutions/T_0p02/U_0p1__Delta_0p5375__w1_0p4__typ,ok,
0.02,0.3,0.5375,typ,0.5,0.5,0.1812094242998028,0.5000284197612838,2.841976128376e-05,0.5860834867458975,0.5850273014758255,0.9981978928020371,31,True,0.001930209725849745,0.05229926109313965,/home/2/kj405942/Byczuk_Freericks/filling_variantB_freericks/pbs_variantB_T002_typ_21x21_mu20/chunks/T_0p02__Didx_5_5__typ/dmft_solutions/T_0p02/U_0p3__Delta_0p5375__w1_0p5__typ,ok,
0.02,0.3,0.5375,typ,0.45,0.55,0.2536462877105221,0.5493746600240668,-0.0006253399759332812,0.5833447582854506,0.5814278472865486,0.9967139312187596,47,True,0.001996676294323813,0.07938528060913086,/home/2/kj405942/Byczuk_Freericks/filling_variantB_freericks/pbs_variantB_T002_typ_21x21_mu20/chunks/T_0p02__Didx_5_5__typ/dmft_solutions/T_0p02/U_0p3__Delta_0p5375__w1_0p45__typ,ok,
0.02,0.3,0.5375,typ,0.4,0.6,0.3345108837481389,0.5986746453872058,-0.00132535461279415,0.5763525402306057,0.572233413259231,0.9928531121425673,99,True,0.001970390755870045,0.1613602638244629,/home/2/kj405942/Byczuk_Freericks/filling_variantB_freericks/pbs_variantB_T002_typ_21x21_mu20/chunks/T_0p02__Didx_5_5__typ/dmft_solutions/T_0p02/U_0p3__Delta_0p5375__w1_0p4__typ,ok,
0.02,0.2,0.5375,typ,0.5,0.5,0.1355258453667025,0.4992426299175282,-0.0007573700824718421,0.598094078988622,0.5964437043619811,0.9972406103243295,126,True,0.001943323997092652,0.2156398296356201,/home/2/kj405942/Byczuk_Freericks/filling_variantB_freericks/pbs_variantB_T002_typ_21x21_mu20/chunks/T_0p02__Didx_5_5__typ/dmft_solutions/T_0p02/U_0p2__Delta_0p5375__w1_0p5__typ,ok,
0.02,0.2,0.5375,typ,0.45,0.55,0.2217682680844939,0.5515628929650819,0.00156289296508183,0.5946586477478798,0.5917001765020937,0.9950249252121524,86,True,0.001970263072217385,0.1751093864440918,/home/2/kj405942/Byczuk_Freericks/filling_variantB_freericks/pbs_variantB_T002_typ_21x21_mu20/chunks/T_0p02__Didx_5_5__typ/dmft_solutions/T_0p02/U_0p2__Delta_0p5375__w1_0p45__typ,ok,
0.02,0.2,0.5375,typ,0.4,0.6,0.2930910896320845,0.6019309605193318,0.001930960519331837,0.5886271774326552,0.5833696360089451,0.9910681300060908,28,True,0.001941635004696613,0.0639650821685791,/home/2/kj405942/Byczuk_Freericks/filling_variantB_freericks/pbs_variantB_T002_typ_21x21_mu20/chunks/T_0p02__Didx_5_5__typ/dmft_solutions/T_0p02/U_0p2__Delta_0p5375__w1_0p4__typ,ok,
0.02,0.4,0.5375,typ,0.5,0.5,0.2364968206805316,0.5015021954689254,0.001502195468925382,0.5687874301128578,0.5682895176049109,0.9991246070472265,23,True,0.001912169147575913,0.05323052406311035,/home/2/kj405942/Byczuk_Freericks/filling_variantB_freericks/pbs_variantB_T002_typ_21x21_mu20/chunks/T_0p02__Didx_5_5__typ/dmft_solutions/T_0p02/U_0p4__Delta_0p5375__w1_0p5__typ,ok,
0.02,0.4,0.5375,typ,0.45,0.55,0.3019905197485079,0.5517814523111506,0.001781452311150566,0.565883615518887,0.5647155097427244,0.9979357844190426,83,True,0.0019897421889754,0.2085943222045898,/home/2/kj405942/Byczuk_Freericks/filling_variantB_freericks/pbs_variantB_T002_typ_21x21_mu20/chunks/T_0p02__Didx_5_5__typ/dmft_solutions/T_0p02/U_0p4__Delta_0p5375__w1_0p45__typ,ok,
0.02,0.4,0.5375,typ,0.4,0.6,0.3640015245150245,0.5977977293860536,-0.0022022706139464,0.5601329310387968,0.5574989202680474,0.9952975255965321,75,True,0.001960509807801372,0.2610998153686523,/home/2/kj405942/Byczuk_Freericks/filling_variantB_freericks/pbs_variantB_T002_typ_21x21_mu20/chunks/T_0p02__Didx_5_5__typ/dmft_solutions/T_0p02/U_0p4__Delta_0p5375__w1_0p4__typ,ok,
0.02,0.6000000000000001,0.5375,typ,0.5,0.5,0.3308586935194832,0.5002586163042372,0.0002586163042371803,0.5169239282018454,0.516881793378679,0.9999184893156079,29,True,0.001907311628090736,0.1005570888519287,/home/2/kj405942/Byczuk_Freericks/filling_variantB_freericks/pbs_variantB_T002_typ_21x21_mu20/chunks/T_0p02__Didx_5_5__typ/dmft_solutions/T_0p02/U_0p6__Delta_0p5375__w1_0p5__typ,ok,
0.02,0.6000000000000001,0.5375,typ,0.45,0.55,0.3940076159291931,0.54895302604568,-0.001046973954320074,0.5137008176754666,0.5134366731100258,0.9994858007689456,65,True,0.001946913989502681,0.219876766204834,/home/2/kj405942/Byczuk_Freericks/filling_variantB_freericks/pbs_variantB_T002_typ_21x21_mu20/chunks/T_0p02__Didx_5_5__typ/dmft_solutions/T_0p02/U_0p6__Delta_0p5375__w1_0p45__typ,ok,
0.02,0.6000000000000001,0.5375,typ,0.4,0.6,0.4612805203057347,0.598883730334192,-0.001116269665808023,0.5063206043549843,0.5053679543447477,0.9981184846082846,76,True,0.00199949708608458,0.2636303901672363,/home/2/kj405942/Byczuk_Freericks/filling_variantB_freericks/pbs_variantB_T002_typ_21x21_mu20/chunks/T_0p02__Didx_5_5__typ/dmft_solutions/T_0p02/U_0p6__Delta_0p5375__w1_0p4__typ,ok,
0.02,0.5,0.5375,typ,0.5,0.5,0.2924666270322512,0.503078399628942,0.003078399628941964,0.5458928359186257,0.545788687859707,0.9998092151937781,172,True,0.001963420637007542,0.5873632431030273,/home/2/kj405942/Byczuk_Freericks/filling_variantB_freericks/pbs_variantB_T002_typ_21x21_mu20/chunks/T_0p02__Didx_5_5__typ/dmft_solutions/T_0p02/U_0p5__Delta_0p5375__w1_0p5__typ,ok,
0.02,0.5,0.5375,typ,0.45,0.55,0.3610688083466772,0.5536205414130176,0.003620541413017597,0.5420589072028964,0.5414442942831216,0.9988661510555258,48,True,0.001888210479578596,0.1638774871826172,/home/2/kj405942/Byczuk_Freericks/filling_variantB_freericks/pbs_variantB_T002_typ_21x21_mu20/chunks/T_0p02__Didx_5_5__typ/dmft_solutions/T_0p02/U_0p5__Delta_0p5375__w1_0p45__typ,ok,
0.02,0.5,0.5375,typ,0.4,0.6,0.41344284233345,0.6003570669615921,0.0003570669615921007,0.5362847696479586,0.5346051667923192,0.9968680765319106,47,True,0.001965497106440727,0.1641147136688232,/home/2/kj405942/Byczuk_Freericks/filling_variantB_freericks/pbs_variantB_T002_typ_21x21_mu20/chunks/T_0p02__Didx_5_5__typ/dmft_solutions/T_0p02/U_0p5__Delta_0p5375__w1_0p4__typ,ok,
0.02,0.7000000000000001,0.5375,typ,0.5,0.5,0.3935977802447472,0.5014746023647065,0.001474602364706534,0.4804042421593169,0.4799289969319301,0.9990107389034478,88,True,0.001978213263445936,0.3045995235443115,/home/2/kj405942/Byczuk_Freericks/filling_variantB_freericks/pbs_variantB_T002_typ_21x21_mu20/chunks/T_0p02__Didx_5_5__typ/dmft_solutions/T_0p02/U_0p7__Delta_0p5375__w1_0p5__typ,ok,
0.02,0.7000000000000001,0.5375,typ,0.45,0.55,0.4571794019257079,0.5546659386405967,0.004665938640596612,0.4762237779267382,0.4757994796290252,0.9991090358831721,29,True,0.001966457783056683,0.09686064720153809,/home/2/kj405942/Byczuk_Freericks/filling_variantB_freericks/pbs_variantB_T002_typ_21x21_mu20/chunks/T_0p02__Didx_5_5__typ/dmft_solutions/T_0p02/U_0p7__Delta_0p5375__w1_0p45__typ,ok,
0.02,0.7000000000000001,0.5375,typ,0.4,0.6,0.5101777429609688,0.6029578462156248,0.002957846215624782,0.4687488219153616,0.4680560203071107,0.998522019521201,77,True,0.0019852266288362,0.3446929454803467,/home/2/kj405942/Byczuk_Freericks/filling_variantB_freericks/pbs_variantB_T002_typ_21x21_mu20/chunks/T_0p02__Didx_5_5__typ/dmft_solutions/T_0p02/U_0p7__Delta_0p5375__w1_0p4__typ,ok,
0.02,0.8,0.5375,typ,0.5,0.5,0.4478453176767354,0.5039654636151634,0.003965463615163367,0.4350374725941619,0.433487392017816,0.9964369033152417,100,True,0.001898859033619233,0.5537106990814209,/home/2/kj405942/Byczuk_Freericks/filling_variantB_freericks/pbs_variantB_T002_typ_21x21_mu20/chunks/T_0p02__Didx_5_5__typ/dmft_solutions/T_0p02/U_0p8__Delta_0p5375__w1_0p5__typ,ok,
0.02,0.8,0.5375,typ,0.45,0.55,0.4992022978783529,0.5476911145266735,-0.002308885473326527,0.4306389258164167,0.4293589017783956,0.9970276164989164,89,True,0.001985673403624406,0.435678243637085,/home/2/kj405942/Byczuk_Freericks/filling_variantB_freericks/pbs_variantB_T002_typ_21x21_mu20/chunks/T_0p02__Didx_5_5__typ/dmft_solutions/T_0p02/U_0p8__Delta_0p5375__w1_0p45__typ,ok,
0.02,0.8,0.5375,typ,0.4,0.6,0.5608271398076278,0.5994180751165308,-0.0005819248834691981,0.4224604617166475,0.4212987886446889,0.9972502206070644,114,True,0.001995192218748291,0.5073971748352051,/home/2/kj405942/Byczuk_Freericks/filling_variantB_freericks/pbs_variantB_T002_typ_21x21_mu20/chunks/T_0p02__Didx_5_5__typ/dmft_solutions/T_0p02/U_0p8__Delta_0p5375__w1_0p4__typ,ok,
0.02,0.9,0.5375,typ,0.5,0.5,0.4999999999999999,0.498504247354236,-0.001495752645764015,0.3784710913297098,0.3749902013295893,0.9908027585729446,84,True,0.001939864179005007,0.3091244697570801,/home/2/kj405942/Byczuk_Freericks/filling_variantB_freericks/pbs_variantB_T002_typ_21x21_mu20/chunks/T_0p02__Didx_5_5__typ/dmft_solutions/T_0p02/U_0p9__Delta_0p5375__w1_0p5__typ,ok,
0.02,0.9,0.5375,typ,0.45,0.55,0.5585128960405241,0.5524458229872484,0.002445822987248381,0.3749319966187665,0.3716954337004588,0.9913676001315015,52,True,0.001906838705726089,0.1909275054931641,/home/2/kj405942/Byczuk_Freericks/filling_variantB_freericks/pbs_variantB_T002_typ_21x21_mu20/chunks/T_0p02__Didx_5_5__typ/dmft_solutions/T_0p02/U_0p9__Delta_0p5375__w1_0p45__typ,ok,
0.02,0.9,0.5375,typ,0.4,0.6,0.6210417896405209,0.6047260979041905,0.00472609790419054,0.3679134987474331,0.3647966700781233,0.9915283655535307,47,True,0.001966415877017427,0.1672089099884033,/home/2/kj405942/Byczuk_Freericks/filling_variantB_freericks/pbs_variantB_T002_typ_21x21_mu20/chunks/T_0p02__Didx_5_5__typ/dmft_solutions/T_0p02/U_0p9__Delta_0p5375__w1_0p4__typ,ok,
0.02,1,0.5375,typ,0.5,0.5,0.5656999834448948,0.4997131448316444,-0.000286855168355582,0.3194402004494316,0.311223080475671,0.974276500070437,108,True,0.001926361088084364,0.3646366596221924,/home/2/kj405942/Byczuk_Freericks/filling_variantB_freericks/pbs_variantB_T002_typ_21x21_mu20/chunks/T_0p02__Didx_5_5__typ/dmft_solutions/T_0p02/U_1__Delta_0p5375__w1_0p5__typ,ok,
0.02,1,0.5375,typ,0.45,0.55,0.6217661088473945,0.5459131291248839,-0.004086870875116166,0.31911347866575,0.3107322334795645,0.9737358471311569,138,True,0.001986587271825206,0.5682694911956787,/home/2/kj405942/Byczuk_Freericks/filling_variantB_freericks/pbs_variantB_T002_typ_21x21_mu20/chunks/T_0p02__Didx_5_5__typ/dmft_solutions/T_0p02/U_1__Delta_0p5375__w1_0p45__typ,ok,
0.02,1,0.5375,typ,0.4,0.6,0.6908796680814877,0.5987194722975997,-0.00128052770240028,0.3218627749312086,0.3125613478470671,0.9711012648600652,131,True,0.001976440188620629,0.55558180809021,/home/2/kj405942/Byczuk_Freericks/filling_variantB_freericks/pbs_variantB_T002_typ_21x21_mu20/chunks/T_0p02__Didx_5_5__typ/dmft_solutions/T_0p02/U_1__Delta_0p5375__w1_0p4__typ,ok,
0.02,1.1,0.5375,typ,0.5,0.5,0.6705743541110616,0.5021668276034416,0.002166827603441557,0.3170302421956036,0.2970134456379059,0.9368615548501915,71,True,0.001997058985940094,0.3182730674743652,/home/2/kj405942/Byczuk_Freericks/filling_variantB_freericks/pbs_variantB_T002_typ_21x21_mu20/chunks/T_0p02__Didx_5_5__typ/dmft_solutions/T_0p02/U_1p1__Delta_0p5375__w1_0p5__typ,ok,
0.02,1.1,0.5375,typ,0.45,0.55,0.7344705561636814,0.5527911562218912,0.002791156221891189,0.3217006078259241,0.3018764070750317,0.9383768626212248,44,True,0.001994278163858572,0.1938066482543945,/home/2/kj405942/Byczuk_Freericks/filling_variantB_freericks/pbs_variantB_T002_typ_21x21_mu20/chunks/T_0p02__Didx_5_5__typ/dmft_solutions/T_0p02/U_1p1__Delta_0p5375__w1_0p45__typ,ok,
0.02,1.1,0.5375,typ,0.4,0.6,0.7879450724678289,0.5987184173447735,-0.001281582655226488,0.3148316806096714,0.2955795100274489,0.9388493224540152,137,True,0.001983920999796895,0.5951800346374512,/home/2/kj405942/Byczuk_Freericks/filling_variantB_freericks/pbs_variantB_T002_typ_21x21_mu20/chunks/T_0p02__Didx_5_5__typ/dmft_solutions/T_0p02/U_1p1__Delta_0p5375__w1_0p4__typ,ok,
0.02,1.4,0.5375,typ,0.5,0.5,0.9527162930825228,0.4972994169109283,-0.002700583089071729,0.3220103712149195,0.2822840956123064,0.8766304468619164,156,True,0.001997166635393419,0.7057242393493652,/home/2/kj405942/Byczuk_Freericks/filling_variantB_freericks/pbs_variantB_T002_typ_21x21_mu20/chunks/T_0p02__Didx_5_5__typ/dmft_solutions/T_0p02/U_1p4__Delta_0p5375__w1_0p5__typ,ok,
0.02,1.4,0.5375,typ,0.45,0.55,0.9928852733777291,0.5484986599993807,-0.0015013400006193,0.309833742206622,0.2700241584443865,0.8715130783409403,180,True,0.001986209464841932,0.7570743560791016,/home/2/kj405942/Byczuk_Freericks/filling_variantB_freericks/pbs_variantB_T002_typ_21x21_mu20/chunks/T_0p02__Didx_5_5__typ/dmft_solutions/T_0p02/U_1p4__Delta_0p5375__w1_0p45__typ,ok,
0.02,1.4,0.5375,typ,0.4,0.6,1.056114638637773,0.6044085522055563,0.00440855220555636,0.3079478965209038,0.2699376674190935,0.8765692848327991,249,True,0.001974420215401675,1.041574001312256,/home/2/kj405942/Byczuk_Freericks/filling_variantB_freericks/pbs_variantB_T002_typ_21x21_mu20/chunks/T_0p02__Didx_5_5__typ/dmft_solutions/T_0p02/U_1p4__Delta_0p5375__w1_0p4__typ,ok,
0.02,1.5,0.5375,typ,0.5,0.5,1.024909574529892,0.5006024787297106,0.0006024787297106426,0.3038607272613895,0.2587766567775198,0.8516291628398325,210,True,0.001986464530795133,0.9342472553253174,/home/2/kj405942/Byczuk_Freericks/filling_variantB_freericks/pbs_variantB_T002_typ_21x21_mu20/chunks/T_0p02__Didx_5_5__typ/dmft_solutions/T_0p02/U_1p5__Delta_0p5375__w1_0p5__typ,ok,
0.02,1.5,0.5375,typ,0.45,0.55,1.076612695625938,0.554471824991565,0.004471824991564954,0.3019070166015722,0.2571453805239639,0.8517370129999982,241,True,0.001970697656233736,1.056577444076538,/home/2/kj405942/Byczuk_Freericks/filling_variantB_freericks/pbs_variantB_T002_typ_21x21_mu20/chunks/T_0p02__Didx_5_5__typ/dmft_solutions/T_0p02/U_1p5__Delta_0p5375__w1_0p45__typ,ok,
0.02,1.5,0.5375,typ,0.4,0.6,1.127530658545071,0.6030405417179385,0.00304054171793855,0.2947965436046466,0.2503694145645114,0.8492956243757164,151,True,0.001990667242539349,0.628366231918335,/home/2/kj405942/Byczuk_Freericks/filling_variantB_freericks/pbs_variantB_T002_typ_21x21_mu20/chunks/T_0p02__Didx_5_5__typ/dmft_solutions/T_0p02/U_1p5__Delta_0p5375__w1_0p4__typ,ok,
0.02,1.6,0.5375,typ,0.5,0.5,1.092746380146246,0.5014028338626105,0.001402833862610531,0.2789859566138847,0.2295215409001717,0.8226992630235809,207,True,0.001987523479173037,0.8225927352905273,/home/2/kj405942/Byczuk_Freericks/filling_variantB_freericks/pbs_variantB_T002_typ_21x21_mu20/chunks/T_0p02__Didx_5_5__typ/dmft_solutions/T_0p02/U_1p6__Delta_0p5375__w1_0p5__typ,ok,
0.02,1.6,0.5375,typ,0.45,0.55,1.13361257119751,0.5454930236468796,-0.004506976353120473,0.2715241392627423,0.2208334833337976,0.8133106836593504,208,True,0.001942091103061999,0.6399941444396973,/home/2/kj405942/Byczuk_Freericks/filling_variantB_freericks/pbs_variantB_T002_typ_21x21_mu20/chunks/T_0p02__Didx_5_5__typ/dmft_solutions/T_0p02/U_1p6__Delta_0p5375__w1_0p45__typ,ok,
0.02,1.6,0.5375,typ,0.4,0.6,1.19732395374935,0.6025274778527915,0.002527477852791504,0.2785590198264988,0.2280198085146373,0.8185691084663494,130,True,0.001942954122758979,0.3377442359924316,/home/2/kj405942/Byczuk_Freericks/filling_variantB_freericks/pbs_variantB_T002_typ_21x21_mu20/chunks/T_0p02__Didx_5_5__typ/dmft_solutions/T_0p02/U_1p6__Delta_0p5375__w1_0p4__typ,ok,
0.02,1.7,0.5375,typ,0.5,0.5,1.192255632354868,0.5014969958476572,0.001496995847657168,0.283868707233547,0.2317930714233694,0.8165502766483751,78,True,0.001996102111594879,0.2065951824188232,/home/2/kj405942/Byczuk_Freericks/filling_variantB_freericks/pbs_variantB_T002_typ_21x21_mu20/chunks/T_0p02__Didx_5_5__typ/dmft_solutions/T_0p02/U_1p7__Delta_0p5375__w1_0p5__typ,ok,
0.02,1.7,0.5375,typ,0.45,0.55,1.249224683376685,0.5505409304904473,0.0005409304904472334,0.2897274079513596,0.2374719710658517,0.819639304217015,118,True,0.001946150823185427,0.3159093856811523,/home/2/kj405942/Byczuk_Freericks/filling_variantB_freericks/pbs_variantB_T002_typ_21x21_mu20/chunks/T_0p02__Didx_5_5__typ/dmft_solutions/T_0p02/U_1p7__Delta_0p5375__w1_0p45__typ,ok,
0.02,1.7,0.5375,typ,0.4,0.6,1.274816244716343,0.5993684223967254,-0.0006315776032745912,0.2667084414159521,0.2116505130225446,0.7935651076467412,121,True,0.001976205885870574,0.2907507419586182,/home/2/kj405942/Byczuk_Freericks/filling_variantB_freericks/pbs_variantB_T002_typ_21x21_mu20/chunks/T_0p02__Didx_5_5__typ/dmft_solutions/T_0p02/U_1p7__Delta_0p5375__w1_0p4__typ,ok,
0.02,1.3,0.5375,typ,0.5,0.5,0.868063849720752,0.4971970867857773,-0.002802913214222713,0.3286881850303208,0.2941511839476667,0.8949247260607555,204,True,0.001967613410017909,1.053095817565918,/home/2/kj405942/Byczuk_Freericks/filling_variantB_freericks/pbs_variantB_T002_typ_21x21_mu20/chunks/T_0p02__Didx_5_5__typ/dmft_solutions/T_0p02/U_1p3__Delta_0p5375__w1_0p5__typ,ok,
0.02,1.3,0.5375,typ,0.45,0.55,0.9278391027617526,0.5492713326686423,-0.0007286673313577907,0.327007296740954,0.2939840805920116,0.8990138248349167,64,True,0.001964902342502387,0.3243939876556396,/home/2/kj405942/Byczuk_Freericks/filling_variantB_freericks/pbs_variantB_T002_typ_21x21_mu20/chunks/T_0p02__Didx_5_5__typ/dmft_solutions/T_0p02/U_1p3__Delta_0p5375__w1_0p45__typ,ok,
0.02,1.3,0.5375,typ,0.4,0.6,1.049038262328361,0.6326243965434526,0.03262439654345262,0.3429577477066212,0.3176148334293253,0.9261048498050694,228,True,0.001969949719201689,1.20206356048584,/home/2/kj405942/Byczuk_Freericks/filling_variantB_freericks/pbs_variantB_T002_typ_21x21_mu20/chunks/T_0p02__Didx_5_5__typ/dmft_solutions/T_0p02/U_1p3__Delta_0p5375__w1_0p4__typ,ok,
0.02,1.8,0.5375,typ,0.5,0.5,1.286699946992191,0.4959215677228119,-0.004078432277188071,0.2836467338455952,0.2293981739309494,0.8087460441403272,197,True,0.001991460751211541,0.3718934059143066,/home/2/kj405942/Byczuk_Freericks/filling_variantB_freericks/pbs_variantB_T002_typ_21x21_mu20/chunks/T_0p02__Didx_5_5__typ/dmft_solutions/T_0p02/U_1p8__Delta_0p5375__w1_0p5__typ,ok,
0.02,1.8,0.5375,typ,0.45,0.55,1.335884175309032,0.548549067931984,-0.001450932068016053,0.2834614258906867,0.2282565595523538,0.8052473412744986,172,True,0.001968077520839964,0.2461187839508057,/home/2/kj405942/Byczuk_Freericks/filling_variantB_freericks/pbs_variantB_T002_typ_21x21_mu20/chunks/T_0p02__Didx_5_5__typ/dmft_solutions/T_0p02/U_1p8__Delta_0p5375__w1_0p45__typ,ok,
0.02,1.8,0.5375,typ,0.4,0.6,1.383612959068481,0.6031785868315466,0.003178586831546593,0.2776941082120079,0.2215397114466391,0.7977832618526524,116,True,0.00195492987699339,0.1914677619934082,/home/2/kj405942/Byczuk_Freericks/filling_variantB_freericks/pbs_variantB_T002_typ_21x21_mu20/chunks/T_0p02__Didx_5_5__typ/dmft_solutions/T_0p02/U_1p8__Delta_0p5375__w1_0p4__typ,ok,
0.02,1.9,0.5375,typ,0.5,0.5,1.392362714052195,0.4996397402263621,-0.0003602597736379054,0.2922330291824372,0.2367329643453694,0.810082847266317,107,True,0.00198433824980634,0.1588411331176758,/home/2/kj405942/Byczuk_Freericks/filling_variantB_freericks/pbs_variantB_T002_typ_21x21_mu20/chunks/T_0p02__Didx_5_5__typ/dmft_solutions/T_0p02/U_1p9__Delta_0p5375__w1_0p5__typ,ok,
0.02,1.9,0.5375,typ,0.45,0.55,1.448998235451561,0.5544535092686866,0.004453509268686595,0.2968668842715983,0.2415862118526432,0.8137863286617724,76,True,0.001998550599459043,0.1133151054382324,/home/2/kj405942/Byczuk_Freericks/filling_variantB_freericks/pbs_variantB_T002_typ_21x21_mu20/chunks/T_0p02__Didx_5_5__typ/dmft_solutions/T_0p02/U_1p9__Delta_0p5375__w1_0p45__typ,ok,
0.02,1.9,0.5375,typ,0.4,0.6,1.480037507070682,0.6031798781909835,0.003179878190983532,0.2788670011389199,0.2208952184873529,0.792116735164775,187,True,0.001970566288653873,0.279987096786499,/home/2/kj405942/Byczuk_Freericks/filling_variantB_freericks/pbs_variantB_T002_typ_21x21_mu20/chunks/T_0p02__Didx_5_5__typ/dmft_solutions/T_0p02/U_1p9__Delta_0p5375__w1_0p4__typ,ok,
0.02,1.2,0.5375,typ,0.5,0.5,0.7702402238359298,0.4991579996658668,-0.0008420003341332305,0.3245784645097887,0.2958795592185776,0.911580993721949,240,True,0.0019798075202111,1.25896954536438,/home/2/kj405942/Byczuk_Freericks/filling_variantB_freericks/pbs_variantB_T002_typ_21x21_mu20/chunks/T_0p02__Didx_5_5__typ/dmft_solutions/T_0p02/U_1p2__Delta_0p5375__w1_0p5__typ,ok,
0.02,1.2,0.5375,typ,0.45,0.55,0.8985896235107047,0.5745847380674719,0.02458473806747186,0.3573770195964079,0.3336506705092782,0.933609751645687,212,True,0.001974227965180265,1.079189538955688,/home/2/kj405942/Byczuk_Freericks/filling_variantB_freericks/pbs_variantB_T002_typ_21x21_mu20/chunks/T_0p02__Didx_5_5__typ/dmft_solutions/T_0p02/U_1p2__Delta_0p5375__w1_0p45__typ,ok,
0.02,1.2,0.5375,typ,0.4,0.6,0.9627498373138415,0.6288905103457463,0.0288905103457463,0.3480374452591163,0.3269471294867933,0.9394021647394261,159,True,0.001987229171729074,0.351020336151123,/home/2/kj405942/Byczuk_Freericks/filling_variantB_freericks/pbs_variantB_T002_typ_21x21_mu20/chunks/T_0p02__Didx_5_5__typ/dmft_solutions/T_0p02/U_1p2__Delta_0p5375__w1_0p4__typ,ok,
0.02,2,0.5375,typ,0.5,0.5,1.487725745375627,0.4958549851702097,-0.004145014829790294,0.2916909017434046,0.2347319086728433,0.804728249218184,167,True,0.00198533978702608,0.226947546005249,/home/2/kj405942/Byczuk_Freericks/filling_variantB_freericks/pbs_variantB_T002_typ_21x21_mu20/chunks/T_0p02__Didx_5_5__typ/dmft_solutions/T_0p02/U_2__Delta_0p5375__w1_0p5__typ,ok,
0.02,2,0.5375,typ,0.45,0.55,1.514454325258717,0.5452290915948148,-0.004770908405185237,0.2729263021801077,0.2133007843214572,0.7815325332063349,205,True,0.001961817024207851,0.2667458057403564,/home/2/kj405942/Byczuk_Freericks/filling_variantB_freericks/pbs_variantB_T002_typ_21x21_mu20/chunks/T_0p02__Didx_5_5__typ/dmft_solutions/T_0p02/U_2__Delta_0p5375__w1_0p45__typ,ok,
0.02,2,0.5375,typ,0.4,0.6,1.576128963261663,0.6026949899347053,0.002694989934705294,0.2794093118003363,0.2198681817641259,0.7869035586088194,185,True,0.001962030001884481,0.2190368175506592,/home/2/kj405942/Byczuk_Freericks/filling_variantB_freericks/pbs_variantB_T002_typ_21x21_mu20/chunks/T_0p02__Didx_5_5__typ/dmft_solutions/T_0p02/U_2__Delta_0p5375__w1_0p4__typ,ok,
0.02,0.3,0.635,typ,0.5,0.5,0.1820063923490264,0.5003932807364732,0.0003932807364731561,0.5782274600286279,0.576168694043122,0.9964395222852197,31,True,0.001926025702401033,0.05100178718566895,/home/2/kj405942/Byczuk_Freericks/filling_variantB_freericks/pbs_variantB_T002_typ_21x21_mu20/chunks/T_0p02__Didx_6_6__typ/dmft_solutions/T_0p02/U_0p3__Delta_0p635__w1_0p5__typ,ok,
0.02,0.3,0.635,typ,0.45,0.55,0.2545423530796816,0.5495334180052478,-0.0004665819947522465,0.5757713969437568,0.5725443696323873,0.994395297632882,43,True,0.001961465627869591,0.07583355903625488,/home/2/kj405942/Byczuk_Freericks/filling_variantB_freericks/pbs_variantB_T002_typ_21x21_mu20/chunks/T_0p02__Didx_6_6__typ/dmft_solutions/T_0p02/U_0p3__Delta_0p635__w1_0p45__typ,ok,
0.02,0.3,0.635,typ,0.4,0.6,0.3373937880559603,0.6010406803358145,0.001040680335814503,0.5694069578649494,0.5631554307452015,0.9890209857231308,168,True,0.001985050418727495,0.2854106426239014,/home/2/kj405942/Byczuk_Freericks/filling_variantB_freericks/pbs_variantB_T002_typ_21x21_mu20/chunks/T_0p02__Didx_6_6__typ/dmft_solutions/T_0p02/U_0p3__Delta_0p635__w1_0p4__typ,ok,
0.02,0,0.635,typ,0.5,0.5,0.03766604861227865,0.4963780412197902,-0.003621958780209822,0.5977420202900737,0.5936428584308546,0.9931422558226208,68,True,0.001973130499636889,0.1015756130218506,/home/2/kj405942/Byczuk_Freericks/filling_variantB_freericks/pbs_variantB_T002_typ_21x21_mu20/chunks/T_0p02__Didx_6_6__typ/dmft_solutions/T_0p02/U_0__Delta_0p635__w1_0p5__typ,ok,
0.02,0,0.635,typ,0.45,0.55,0.1273519731149952,0.551015632234322,0.001015632234321995,0.5951374709425431,0.5892797595268885,0.9901573809385964,93,True,0.001941103839463623,0.2423934936523438,/home/2/kj405942/Byczuk_Freericks/filling_variantB_freericks/pbs_variantB_T002_typ_21x21_mu20/chunks/T_0p02__Didx_6_6__typ/dmft_solutions/T_0p02/U_0__Delta_0p635__w1_0p45__typ,ok,
0.02,0,0.635,typ,0.4,0.6,0.205959902310884,0.5998447401020127,-0.0001552598979872588,0.5902855934253071,0.5812394140192872,0.9846749107435832,59,True,0.001853646648327695,0.1879627704620361,/home/2/kj405942/Byczuk_Freericks/filling_variantB_freericks/pbs_variantB_T002_typ_21x21_mu20/chunks/T_0p02__Didx_6_6__typ/dmft_solutions/T_0p02/U_0__Delta_0p635__w1_0p4__typ,ok,
0.02,0.1,0.635,typ,0.5,0.5,0.08793071415740444,0.4952572733244329,-0.004742726675567133,0.5955678374655408,0.5917278249286262,0.9935523507225376,57,True,0.001896560755762905,0.09052705764770508,/home/2/kj405942/Byczuk_Freericks/filling_variantB_freericks/pbs_variantB_T002_typ_21x21_mu20/chunks/T_0p02__Didx_6_6__typ/dmft_solutions/T_0p02/U_0p1__Delta_0p635__w1_0p5__typ,ok,
0.02,0.1,0.635,typ,0.45,0.55,0.1764760653813512,0.5519689645743674,0.001968964574367349,0.592740898016323,0.5870702828978123,0.9904332312187533,54,True,0.001931497289717452,0.1009149551391602,/home/2/kj405942/Byczuk_Freericks/filling_variantB_freericks/pbs_variantB_T002_typ_21x21_mu20/chunks/T_0p02__Didx_6_6__typ/dmft_solutions/T_0p02/U_0p1__Delta_0p635__w1_0p45__typ,ok,
0.02,0.1,0.635,typ,0.4,0.6,0.2463000750779946,0.5991899179181204,-0.000810082081879604,0.5880711539623293,0.5794264476555296,0.9852998973873263,36,True,0.001899864225604348,0.09215402603149414,/home/2/kj405942/Byczuk_Freericks/filling_variantB_freericks/pbs_variantB_T002_typ_21x21_mu20/chunks/T_0p02__Didx_6_6__typ/dmft_solutions/T_0p02/U_0p1__Delta_0p635__w1_0p4__typ,ok,
0.02,0.2,0.635,typ,0.5,0.5,0.136194229304595,0.4997217131813667,-0.0002782868186332887,0.5890843705434975,0.5859903650673102,0.9947477719136687,118,True,0.001925435206641151,0.325096607208252,/home/2/kj405942/Byczuk_Freericks/filling_variantB_freericks/pbs_variantB_T002_typ_21x21_mu20/chunks/T_0p02__Didx_6_6__typ/dmft_solutions/T_0p02/U_0p2__Delta_0p635__w1_0p5__typ,ok,
0.02,0.2,0.635,typ,0.45,0.55,0.2216203332481952,0.5489520648233612,-0.001047935176638815,0.5861083890918313,0.5813113606972431,0.9918154585672778,71,True,0.001951189884242286,0.2141132354736328,/home/2/kj405942/Byczuk_Freericks/filling_variantB_freericks/pbs_variantB_T002_typ_21x21_mu20/chunks/T_0p02__Didx_6_6__typ/dmft_solutions/T_0p02/U_0p2__Delta_0p635__w1_0p45__typ,ok,
0.02,0.2,0.635,typ,0.4,0.6,0.2993933964469702,0.6020236095306486,0.002023609530648618,0.5803029797680389,0.5722019010723622,0.9860399153922752,27,True,0.001948256106236305,0.09449028968811035,/home/2/kj405942/Byczuk_Freericks/filling_variantB_freericks/pbs_variantB_T002_typ_21x21_mu20/chunks/T_0p02__Didx_6_6__typ/dmft_solutions/T_0p02/U_0p2__Delta_0p635__w1_0p4__typ,ok,
0.02,0.4,0.635,typ,0.5,0.5,0.2391490519212716,0.5014603777971572,0.001460377797157242,0.5626655553648455,0.5616047937093067,0.9981147563673931,20,True,0.001867765697563832,0.05016684532165527,/home/2/kj405942/Byczuk_Freericks/filling_variantB_freericks/pbs_variantB_T002_typ_21x21_mu20/chunks/T_0p02__Didx_6_6__typ/dmft_solutions/T_0p02/U_0p4__Delta_0p635__w1_0p5__typ,ok,
0.02,0.4,0.635,typ,0.45,0.55,0.3060693006626008,0.5527144742325819,0.002714474232581865,0.5598527602175927,0.5578008752276663,0.9963349560174913,82,True,0.001996117216058163,0.2500669956207275,/home/2/kj405942/Byczuk_Freericks/filling_variantB_freericks/pbs_variantB_T002_typ_21x21_mu20/chunks/T_0p02__Didx_6_6__typ/dmft_solutions/T_0p02/U_0p4__Delta_0p635__w1_0p45__typ,ok,
0.02,0.4,0.635,typ,0.4,0.6,0.3651110333031455,0.5976680947926628,-0.00233190520733717,0.5548010354685902,0.550749503887478,0.992697325127214,77,True,0.001897526624965586,0.2792010307312012,/home/2/kj405942/Byczuk_Freericks/filling_variantB_freericks/pbs_variantB_T002_typ_21x21_mu20/chunks/T_0p02__Didx_6_6__typ/dmft_solutions/T_0p02/U_0p4__Delta_0p635__w1_0p4__typ,ok,
0.02,0.6000000000000001,0.635,typ,0.5,0.5,0.3307532398026931,0.5007672923776971,0.0007672923776971263,0.5167265929796522,0.5166841905892119,0.9999179403750138,28,True,0.001968867213743612,0.1179401874542236,/home/2/kj405942/Byczuk_Freericks/filling_variantB_freericks/pbs_variantB_T002_typ_21x21_mu20/chunks/T_0p02__Didx_6_6__typ/dmft_solutions/T_0p02/U_0p6__Delta_0p635__w1_0p5__typ,ok,
0.02,0.6000000000000001,0.635,typ,0.45,0.55,0.3944635632950421,0.5499590069210414,-4.099307895866211e-05,0.5136550173487607,0.5132122647259354,0.9991380350471205,56,True,0.001946517986088613,0.2584230899810791,/home/2/kj405942/Byczuk_Freericks/filling_variantB_freericks/pbs_variantB_T002_typ_21x21_mu20/chunks/T_0p02__Didx_6_6__typ/dmft_solutions/T_0p02/U_0p6__Delta_0p635__w1_0p45__typ,ok,
0.02,0.6000000000000001,0.635,typ,0.4,0.6,0.4585963057446909,0.5967375091239517,-0.003262490876048241,0.5070188906759445,0.5054426278016011,0.9968911160839747,81,True,0.001998798368431336,0.4515936374664307,/home/2/kj405942/Byczuk_Freericks/filling_variantB_freericks/pbs_variantB_T002_typ_21x21_mu20/chunks/T_0p02__Didx_6_6__typ/dmft_solutions/T_0p02/U_0p6__Delta_0p635__w1_0p4__typ,ok,
0.02,0.5,0.635,typ,0.5,0.5,0.2831778707923467,0.4971625824285436,-0.002837417571456446,0.5424158741048465,0.5421387741260634,0.9994891374091136,128,True,0.001932879070992708,0.4334614276885986,/home/2/kj405942/Byczuk_Freericks/filling_variantB_freericks/pbs_variantB_T002_typ_21x21_mu20/chunks/T_0p02__Didx_6_6__typ/dmft_solutions/T_0p02/U_0p5__Delta_0p635__w1_0p5__typ,ok,
0.02,0.5,0.635,typ,0.45,0.55,0.3484408290056369,0.5478408423145553,-0.002159157685444724,0.5394980399286367,0.5385308954823923,0.9982073253753205,68,True,0.001965645711977514,0.3091928958892822,/home/2/kj405942/Byczuk_Freericks/filling_variantB_freericks/pbs_variantB_T002_typ_21x21_mu20/chunks/T_0p02__Didx_6_6__typ/dmft_solutions/T_0p02/U_0p5__Delta_0p635__w1_0p45__typ,ok,
0.02,0.5,0.635,typ,0.4,0.6,0.4248301141948899,0.6031282375819587,0.003128237581958682,0.5321931611310387,0.5293871714376108,0.994727497648665,28,True,0.001973047732327194,0.1300759315490723,/home/2/kj405942/Byczuk_Freericks/filling_variantB_freericks/pbs_variantB_T002_typ_21x21_mu20/chunks/T_0p02__Didx_6_6__typ/dmft_solutions/T_0p02/U_0p5__Delta_0p635__w1_0p4__typ,ok,
0.02,0.8,0.635,typ,0.5,0.5,0.4347787760223282,0.4995619168272272,-0.0004380831727727741,0.4445962512062742,0.4427094681466533,0.9957561876545253,39,True,0.001948996548741978,0.1841402053833008,/home/2/kj405942/Byczuk_Freericks/filling_variantB_freericks/pbs_variantB_T002_typ_21x21_mu20/chunks/T_0p02__Didx_6_6__typ/dmft_solutions/T_0p02/U_0p8__Delta_0p635__w1_0p5__typ,ok,
0.02,0.8,0.635,typ,0.45,0.55,0.4961501780984665,0.547359368827864,-0.002640631172136088,0.4407607647678399,0.4390411587900858,0.996098550244916,85,True,0.001979718878304257,0.3147475719451904,/home/2/kj405942/Byczuk_Freericks/filling_variantB_freericks/pbs_variantB_T002_typ_21x21_mu20/chunks/T_0p02__Didx_6_6__typ/dmft_solutions/T_0p02/U_0p8__Delta_0p635__w1_0p45__typ,ok,
0.02,0.8,0.635,typ,0.4,0.6,0.5584407355545929,0.5985180346452561,-0.001481965354743875,0.4326439622473499,0.4309014150952528,0.9959723298967459,111,True,0.001982494943810495,0.4073035717010498,/home/2/kj405942/Byczuk_Freericks/filling_variantB_freericks/pbs_variantB_T002_typ_21x21_mu20/chunks/T_0p02__Didx_6_6__typ/dmft_solutions/T_0p02/U_0p8__Delta_0p635__w1_0p4__typ,ok,
0.02,0.7000000000000001,0.635,typ,0.5,0.5,0.3953187597058037,0.5020543966463217,0.002054396646321677,0.4845961402048358,0.4840540983416693,0.9988814564991431,91,True,0.001982345036997165,0.4038586616516113,/home/2/kj405942/Byczuk_Freericks/filling_variantB_freericks/pbs_variantB_T002_typ_21x21_mu20/chunks/T_0p02__Didx_6_6__typ/dmft_solutions/T_0p02/U_0p7__Delta_0p635__w1_0p5__typ,ok,
0.02,0.7000000000000001,0.635,typ,0.45,0.55,0.4589669783051439,0.5546900236110937,0.004690023611093608,0.4803146236763082,0.4797173183202192,0.998756428960007,108,True,0.001985245832796221,0.5088417530059814,/home/2/kj405942/Byczuk_Freericks/filling_variantB_freericks/pbs_variantB_T002_typ_21x21_mu20/chunks/T_0p02__Didx_6_6__typ/dmft_solutions/T_0p02/U_0p7__Delta_0p635__w1_0p45__typ,ok,
0.02,0.7000000000000001,0.635,typ,0.4,0.6,0.5097804066676823,0.6031536218674753,0.003153621867475365,0.4734350471370496,0.4722336206990423,0.99746232044866,75,True,0.00194284291744786,0.3499019145965576,/home/2/kj405942/Byczuk_Freericks/filling_variantB_freericks/pbs_variantB_T002_typ_21x21_mu20/chunks/T_0p02__Didx_6_6__typ/dmft_solutions/T_0p02/U_0p7__Delta_0p635__w1_0p4__typ,ok,
0.02,0.9,0.635,typ,0.5,0.5,0.4999999999999999,0.4992490272738832,-0.0007509727261168497,0.3953775622574152,0.3910329842931412,0.9890115717759282,79,True,0.001945801871386027,0.3428518772125244,/home/2/kj405942/Byczuk_Freericks/filling_variantB_freericks/pbs_variantB_T002_typ_21x21_mu20/chunks/T_0p02__Didx_6_6__typ/dmft_solutions/T_0p02/U_0p9__Delta_0p635__w1_0p5__typ,ok,
0.02,0.9,0.635,typ,0.45,0.55,0.5502190869822357,0.5520098956197235,0.002009895619723423,0.3905498630390744,0.3867240326317695,0.9902039898886815,50,True,0.001911452862467885,0.2474849224090576,/home/2/kj405942/Byczuk_Freericks/filling_variantB_freericks/pbs_variantB_T002_typ_21x21_mu20/chunks/T_0p02__Didx_6_6__typ/dmft_solutions/T_0p02/U_0p9__Delta_0p635__w1_0p45__typ,ok,
0.02,0.9,0.635,typ,0.4,0.6,0.6017459384178511,0.5991833810488818,-0.0008166189511181754,0.3825074591610467,0.3789535688124122,0.9907089645874378,56,True,0.001959453590801342,0.3000166416168213,/home/2/kj405942/Byczuk_Freericks/filling_variantB_freericks/pbs_variantB_T002_typ_21x21_mu20/chunks/T_0p02__Didx_6_6__typ/dmft_solutions/T_0p02/U_0p9__Delta_0p635__w1_0p4__typ,ok,
0.02,1,0.635,typ,0.5,0.5,0.561018015904527,0.5031517740998456,0.003151774099845572,0.3369238530684197,0.3281539977673532,0.9739708090679898,86,True,0.001985021936912032,0.3907318115234375,/home/2/kj405942/Byczuk_Freericks/filling_variantB_freericks/pbs_variantB_T002_typ_21x21_mu20/chunks/T_0p02__Didx_6_6__typ/dmft_solutions/T_0p02/U_1__Delta_0p635__w1_0p5__typ,ok,
0.02,1,0.635,typ,0.45,0.55,0.6220844885997556,0.5523095402785699,0.002309540278569888,0.3362722520423885,0.3273353663401738,0.9734236600018721,90,True,0.001946676464669074,0.3941836357116699,/home/2/kj405942/Byczuk_Freericks/filling_variantB_freericks/pbs_variantB_T002_typ_21x21_mu20/chunks/T_0p02__Didx_6_6__typ/dmft_solutions/T_0p02/U_1__Delta_0p635__w1_0p45__typ,ok,
0.02,1,0.635,typ,0.4,0.6,0.6790231235311388,0.6003158040992443,0.0003158040992443656,0.3296995524046073,0.3209277677889367,0.9733946116951174,83,True,0.001960881086555074,0.3702559471130371,/home/2/kj405942/Byczuk_Freericks/filling_variantB_freericks/pbs_variantB_T002_typ_21x21_mu20/chunks/T_0p02__Didx_6_6__typ/dmft_solutions/T_0p02/U_1__Delta_0p635__w1_0p4__typ,ok,
0.02,1.1,0.635,typ,0.5,0.5,0.6513235023089574,0.4996977124132201,-0.0003022875867798591,0.3089234525965148,0.2875861293624147,0.930930063565071,147,True,0.001997806916392814,0.670764684677124,/home/2/kj405942/Byczuk_Freericks/filling_variantB_freericks/pbs_variantB_T002_typ_21x21_mu20/chunks/T_0p02__Didx_6_6__typ/dmft_solutions/T_0p02/U_1p1__Delta_0p635__w1_0p5__typ,ok,
0.02,1.1,0.635,typ,0.45,0.55,0.7106507786670622,0.5502966128774543,0.0002966128774543053,0.3109635950135489,0.289607800269455,0.931323810611453,122,True,0.001960358013950018,0.5345396995544434,/home/2/kj405942/Byczuk_Freericks/filling_variantB_freericks/pbs_variantB_T002_typ_21x21_mu20/chunks/T_0p02__Didx_6_6__typ/dmft_solutions/T_0p02/U_1p1__Delta_0p635__w1_0p45__typ,ok,
0.02,1.1,0.635,typ,0.4,0.6,0.7660923157726223,0.6025425346616744,0.002542534661674423,0.3055822487219327,0.2846447023933817,0.9314831067049211,79,True,0.001930718823624126,0.3629326820373535,/home/2/kj405942/Byczuk_Freericks/filling_variantB_freericks/pbs_variantB_T002_typ_21x21_mu20/chunks/T_0p02__Didx_6_6__typ/dmft_solutions/T_0p02/U_1p1__Delta_0p635__w1_0p4__typ,ok,
0.02,1.2,0.635,typ,0.5,0.5,0.7533426998632184,0.4974268942609518,-0.002573105739048176,0.3170655794170724,0.2817832914867209,0.8887224277223081,173,True,0.001967640755080323,0.9629063606262207,/home/2/kj405942/Byczuk_Freericks/filling_variantB_freericks/pbs_variantB_T002_typ_21x21_mu20/chunks/T_0p02__Didx_6_6__typ/dmft_solutions/T_0p02/U_1p2__Delta_0p635__w1_0p5__typ,ok,
0.02,1.2,0.635,typ,0.45,0.55,0.7893613947531319,0.5464837542480944,-0.003516245751905678,0.3016473213138713,0.2674023969222669,0.8864736333727566,199,True,0.001990028701810312,1.105575323104858,/home/2/kj405942/Byczuk_Freericks/filling_variantB_freericks/pbs_variantB_T002_typ_21x21_mu20/chunks/T_0p02__Didx_6_6__typ/dmft_solutions/T_0p02/U_1p2__Delta_0p635__w1_0p45__typ,ok,
0.02,1.2,0.635,typ,0.4,0.6,0.8628464636462498,0.6010465272482042,0.001046527248204199,0.3071334472984494,0.2743290694852502,0.893191776728497,193,True,0.001981955907329961,1.059282302856445,/home/2/kj405942/Byczuk_Freericks/filling_variantB_freericks/pbs_variantB_T002_typ_21x21_mu20/chunks/T_0p02__Didx_6_6__typ/dmft_solutions/T_0p02/U_1p2__Delta_0p635__w1_0p4__typ,ok,
0.02,1.4,0.635,typ,0.5,0.5,0.9285838839422851,0.495360881253409,-0.004639118746590953,0.3137934614147433,0.2606902379950609,0.8307701403965984,203,True,0.001988522971775511,0.9008631706237793,/home/2/kj405942/Byczuk_Freericks/filling_variantB_freericks/pbs_variantB_T002_typ_21x21_mu20/chunks/T_0p02__Didx_6_6__typ/dmft_solutions/T_0p02/U_1p4__Delta_0p635__w1_0p5__typ,ok,
0.02,1.4,0.635,typ,0.45,0.55,0.9830200801507307,0.5493194800216872,-0.0006805199783128657,0.3106412184360428,0.2590846929279066,0.8340319234913413,214,True,0.001988867763212382,0.9249939918518066,/home/2/kj405942/Byczuk_Freericks/filling_variantB_freericks/pbs_variantB_T002_typ_21x21_mu20/chunks/T_0p02__Didx_6_6__typ/dmft_solutions/T_0p02/U_1p4__Delta_0p635__w1_0p45__typ,ok,
0.02,1.4,0.635,typ,0.4,0.6,1.039894047750827,0.6013029946695717,0.001302994669571733,0.304014200834386,0.2545455908114648,0.8372819102293528,149,True,0.001971527284994005,0.6252799034118652,/home/2/kj405942/Byczuk_Freericks/filling_variantB_freericks/pbs_variantB_T002_typ_21x21_mu20/chunks/T_0p02__Didx_6_6__typ/dmft_solutions/T_0p02/U_1p4__Delta_0p635__w1_0p4__typ,ok,
0.02,1.5,0.635,typ,0.5,0.5,1.017044617871881,0.4999016537255746,-9.834627442539823e-05,0.3098546201558291,0.2501716616313455,0.8073839967450914,188,True,0.001966379117106975,0.9910829067230225,/home/2/kj405942/Byczuk_Freericks/filling_variantB_freericks/pbs_variantB_T002_typ_21x21_mu20/chunks/T_0p02__Didx_6_6__typ/dmft_solutions/T_0p02/U_1p5__Delta_0p635__w1_0p5__typ,ok,
0.02,1.5,0.635,typ,0.45,0.55,1.060976676153617,0.5488647210761286,-0.001135278923871441,0.3013429225522888,0.2418860045351144,0.8026934977812281,230,True,0.001962715418797035,1.134187936782837,/home/2/kj405942/Byczuk_Freericks/filling_variantB_freericks/pbs_variantB_T002_typ_21x21_mu20/chunks/T_0p02__Didx_6_6__typ/dmft_solutions/T_0p02/U_1p5__Delta_0p635__w1_0p45__typ,ok,
0.02,1.5,0.635,typ,0.4,0.6,1.123203455358936,0.599880480094886,-0.0001195199051139406,0.2988033123978019,0.241881593035761,0.8095010429929235,140,True,0.001977790171159749,0.6513707637786865,/home/2/kj405942/Byczuk_Freericks/filling_variantB_freericks/pbs_variantB_T002_typ_21x21_mu20/chunks/T_0p02__Didx_6_6__typ/dmft_solutions/T_0p02/U_1p5__Delta_0p635__w1_0p4__typ,ok,
0.02,1.6,0.635,typ,0.5,0.5,1.090585475428897,0.5029559623725833,0.002955962372583332,0.2929576601767852,0.2264184298184277,0.7728708294631912,203,True,0.001961968690674303,0.6689388751983643,/home/2/kj405942/Byczuk_Freericks/filling_variantB_freericks/pbs_variantB_T002_typ_21x21_mu20/chunks/T_0p02__Didx_6_6__typ/dmft_solutions/T_0p02/U_1p6__Delta_0p635__w1_0p5__typ,ok,
0.02,1.6,0.635,typ,0.45,0.55,1.142572286387048,0.54921671011149,-0.0007832898885100636,0.2922460814366351,0.2258905513252017,0.7729463820858089,159,True,0.001997329151803814,0.3782289028167725,/home/2/kj405942/Byczuk_Freericks/filling_variantB_freericks/pbs_variantB_T002_typ_21x21_mu20/chunks/T_0p02__Didx_6_6__typ/dmft_solutions/T_0p02/U_1p6__Delta_0p635__w1_0p45__typ,ok,
0.02,1.6,0.635,typ,0.4,0.6,1.191386006044429,0.6043126746919436,0.00431267469194363,0.2844656595921815,0.218108793814957,0.7667315419641314,96,True,0.001985798237961544,0.2175395488739014,/home/2/kj405942/Byczuk_Freericks/filling_variantB_freericks/pbs_variantB_T002_typ_21x21_mu20/chunks/T_0p02__Didx_6_6__typ/dmft_solutions/T_0p02/U_1p6__Delta_0p635__w1_0p4__typ,ok,
0.02,1.7,0.635,typ,0.5,0.5,1.188115467008192,0.500822097367692,0.0008220973676920096,0.2962664055103956,0.2258602143703397,0.7623551309546451,198,True,0.001995646554342046,0.5205974578857422,/home/2/kj405942/Byczuk_Freericks/filling_variantB_freericks/pbs_variantB_T002_typ_21x21_mu20/chunks/T_0p02__Didx_6_6__typ/dmft_solutions/T_0p02/U_1p7__Delta_0p635__w1_0p5__typ,ok,
0.02,1.7,0.635,typ,0.45,0.55,1.252987965392167,0.5546353278383298,0.004635327838329761,0.3033415894797059,0.2350810706165465,0.7749714472709118,150,True,0.001997718409503407,0.3662455081939697,/home/2/kj405942/Byczuk_Freericks/filling_variantB_freericks/pbs_variantB_T002_typ_21x21_mu20/chunks/T_0p02__Didx_6_6__typ/dmft_solutions/T_0p02/U_1p7__Delta_0p635__w1_0p45__typ,ok,
0.02,1.7,0.635,typ,0.4,0.6,1.264736485775263,0.5977236594054246,-0.002276340594575377,0.2727066211503096,0.1988375128567243,0.7291260916878494,203,True,0.001967672187203285,0.3811521530151367,/home/2/kj405942/Byczuk_Freericks/filling_variantB_freericks/pbs_variantB_T002_typ_21x21_mu20/chunks/T_0p02__Didx_6_6__typ/dmft_solutions/T_0p02/U_1p7__Delta_0p635__w1_0p4__typ,ok,
0.02,1.8,0.635,typ,0.5,0.5,1.288996458771463,0.5002670197964647,0.000267019796464707,0.3012620288325852,0.2281821590913902,0.7574209068949529,99,True,0.001986554942035633,0.2317852973937988,/home/2/kj405942/Byczuk_Freericks/filling_variantB_freericks/pbs_variantB_T002_typ_21x21_mu20/chunks/T_0p02__Didx_6_6__typ/dmft_solutions/T_0p02/U_1p8__Delta_0p635__w1_0p5__typ,ok,
0.02,1.8,0.635,typ,0.45,0.55,1.344655767057051,0.55179601378855,0.001796013788549988,0.3020091849365873,0.2300223860234188,0.7616403655793333,124,True,0.001993785375838754,0.2927384376525879,/home/2/kj405942/Byczuk_Freericks/filling_variantB_freericks/pbs_variantB_T002_typ_21x21_mu20/chunks/T_0p02__Didx_6_6__typ/dmft_solutions/T_0p02/U_1p8__Delta_0p635__w1_0p45__typ,ok,
0.02,1.8,0.635,typ,0.4,0.6,1.373438241831265,0.6017447960178728,0.001744796017872807,0.2826185191212821,0.2072116290031152,0.7331848940663118,88,True,0.001986554234729938,0.1911866664886475,/home/2/kj405942/Byczuk_Freericks/filling_variantB_freericks/pbs_variantB_T002_typ_21x21_mu20/chunks/T_0p02__Didx_6_6__typ/dmft_solutions/T_0p02/U_1p8__Delta_0p635__w1_0p4__typ,ok,
0.02,1.3,0.635,typ,0.5,0.5,0.8568113416658135,0.4974588398684281,-0.002541160131571851,0.3268652192483556,0.2825063562092462,0.8642900485370851,171,True,0.001981528585712339,0.7737138271331787,/home/2/kj405942/Byczuk_Freericks/filling_variantB_freericks/pbs_variantB_T002_typ_21x21_mu20/chunks/T_0p02__Didx_6_6__typ/dmft_solutions/T_0p02/U_1p3__Delta_0p635__w1_0p5__typ,ok,
0.02,1.3,0.635,typ,0.45,0.55,0.8949668522138884,0.5478808379514678,-0.002119162048532242,0.3126865863883143,0.2689442613519734,0.8601080860500396,245,True,0.001988932780152307,1.046538114547729,/home/2/kj405942/Byczuk_Freericks/filling_variantB_freericks/pbs_variantB_T002_typ_21x21_mu20/chunks/T_0p02__Didx_6_6__typ/dmft_solutions/T_0p02/U_1p3__Delta_0p635__w1_0p45__typ,ok,
0.02,1.3,0.635,typ,0.4,0.6,1.021269286373813,0.6210211566850659,0.02102115668506588,0.332142565955323,0.2977604870550303,0.8964839727741566,244,True,0.001996728991261183,1.055664300918579,/home/2/kj405942/Byczuk_Freericks/filling_variantB_freericks/pbs_variantB_T002_typ_21x21_mu20/chunks/T_0p02__Didx_6_6__typ/dmft_solutions/T_0p02/U_1p3__Delta_0p635__w1_0p4__typ,ok,
0.02,2,0.635,typ,0.5,0.5,1.466924741601879,0.495551333729559,-0.004448666270441048,0.2904551343964218,0.2110037881610017,0.7264591435075733,238,True,0.001984329681571642,0.3613569736480713,/home/2/kj405942/Byczuk_Freericks/filling_variantB_freericks/pbs_variantB_T002_typ_21x21_mu20/chunks/T_0p02__Didx_6_6__typ/dmft_solutions/T_0p02/U_2__Delta_0p635__w1_0p5__typ,ok,
0.02,2,0.635,typ,0.45,0.55,1.517184366606504,0.5460257296755557,-0.003974270324444307,0.2909140115799913,0.2108535390225688,0.7247967805929876,128,True,0.001986159129760762,0.2029268741607666,/home/2/kj405942/Byczuk_Freericks/filling_variantB_freericks/pbs_variantB_T002_typ_21x21_mu20/chunks/T_0p02__Didx_6_6__typ/dmft_solutions/T_0p02/U_2__Delta_0p635__w1_0p45__typ,ok,
0.02,2,0.635,typ,0.4,0.6,1.56494068453542,0.5997890546645952,-0.0002109453354047774,0.2844193241944094,0.2037156482738134,0.7162510805157789,130,True,0.001958983895470466,0.2007591724395752,/home/2/kj405942/Byczuk_Freericks/filling_variantB_freericks/pbs_variantB_T002_typ_21x21_mu20/chunks/T_0p02__Didx_6_6__typ/dmft_solutions/T_0p02/U_2__Delta_0p635__w1_0p4__typ,ok,
0.02,1.9,0.635,typ,0.5,0.5,1.389214007200045,0.4996742694865421,-0.0003257305134578559,0.3049298788126812,0.229786534707145,0.7535717247580817,194,True,0.001998180486616864,0.2739386558532715,/home/2/kj405942/Byczuk_Freericks/filling_variantB_freericks/pbs_variantB_T002_typ_21x21_mu20/chunks/T_0p02__Didx_6_6__typ/dmft_solutions/T_0p02/U_1p9__Delta_0p635__w1_0p5__typ,ok,
0.02,1.9,0.635,typ,0.45,0.55,1.445500871595622,0.5535779872603704,0.003577987260370397,0.3055055858266189,0.2318263482825098,0.7588285093224985,64,True,0.001974293959348738,0.09168672561645508,/home/2/kj405942/Byczuk_Freericks/filling_variantB_freericks/pbs_variantB_T002_typ_21x21_mu20/chunks/T_0p02__Didx_6_6__typ/dmft_solutions/T_0p02/U_1p9__Delta_0p635__w1_0p45__typ,ok,
0.02,1.9,0.635,typ,0.4,0.6,1.470855730493952,0.6016770986093526,0.001677098609352612,0.2846960265581687,0.2067660422201136,0.7262695047760613,129,True,0.001957315858408609,0.1708025932312012,/home/2/kj405942/Byczuk_Freericks/filling_variantB_freericks/pbs_variantB_T002_typ_21x21_mu20/chunks/T_0p02__Didx_6_6__typ/dmft_solutions/T_0p02/U_1p9__Delta_0p635__w1_0p4__typ,ok,
0.02,0.2,0.7325,typ,0.5,0.5,0.1369099056517176,0.5005705393024633,0.0005705393024633132,0.5791004040718627,0.5738257430915148,0.990891629597804,108,True,0.001990644341919083,0.1799304485321045,/home/2/kj405942/Byczuk_Freericks/filling_variantB_freericks/pbs_variantB_T002_typ_21x21_mu20/chunks/T_0p02__Didx_7_7__typ/dmft_solutions/T_0p02/U_0p2__Delta_0p7325__w1_0p5__typ,ok,
0.02,0.2,0.7325,typ,0.45,0.55,0.2205106315229927,0.5458332435787304,-0.004166756421269624,0.5766311759242588,0.569299690193509,0.9872856584297606,68,True,0.001956394305074881,0.1237287521362305,/home/2/kj405942/Byczuk_Freericks/filling_variantB_freericks/pbs_variantB_T002_typ_21x21_mu20/chunks/T_0p02__Didx_7_7__typ/dmft_solutions/T_0p02/U_0p2__Delta_0p7325__w1_0p45__typ,ok,
0.02,0.2,0.7325,typ,0.4,0.6,0.3121236107262304,0.6033137416069462,0.003313741606946197,0.5706369432782722,0.5584062604539771,0.9785666123296705,69,True,0.001974796660160435,0.1982362270355225,/home/2/kj405942/Byczuk_Freericks/filling_variantB_freericks/pbs_variantB_T002_typ_21x21_mu20/chunks/T_0p02__Didx_7_7__typ/dmft_solutions/T_0p02/U_0p2__Delta_0p7325__w1_0p4__typ,ok,
0.02,0.3,0.7325,typ,0.5,0.5,0.1838576937447931,0.5010484598458786,0.001048459845878646,0.5693177460409083,0.5656709610166026,0.9935944645153505,30,True,0.001867070237024176,0.0519554615020752,/home/2/kj405942/Byczuk_Freericks/filling_variantB_freericks/pbs_variantB_T002_typ_21x21_mu20/chunks/T_0p02__Didx_7_7__typ/dmft_solutions/T_0p02/U_0p3__Delta_0p7325__w1_0p5__typ,ok,
0.02,0.3,0.7325,typ,0.45,0.55,0.2558901693910963,0.5499983223583224,-1.67764167768869e-06,0.5671626166692281,0.5620177528351724,0.9909287677240262,39,True,0.001914833544047486,0.06893825531005859,/home/2/kj405942/Byczuk_Freericks/filling_variantB_freericks/pbs_variantB_T002_typ_21x21_mu20/chunks/T_0p02__Didx_7_7__typ/dmft_solutions/T_0p02/U_0p3__Delta_0p7325__w1_0p45__typ,ok,
0.02,0.3,0.7325,typ,0.4,0.6,0.3323224770250121,0.5993463264738358,-0.0006536735261641891,0.5621703712452569,0.5535012262406392,0.984579149937385,41,True,0.001948094302053149,0.09311890602111816,/home/2/kj405942/Byczuk_Freericks/filling_variantB_freericks/pbs_variantB_T002_typ_21x21_mu20/chunks/T_0p02__Didx_7_7__typ/dmft_solutions/T_0p02/U_0p3__Delta_0p7325__w1_0p4__typ,ok,
0.02,0,0.7325,typ,0.5,0.5,0.03909562303424924,0.4953655131825687,-0.004634486817431283,0.5869397130614152,0.5800740961882793,0.9883026881290319,67,True,0.001982138547555193,0.1642827987670898,/home/2/kj405942/Byczuk_Freericks/filling_variantB_freericks/pbs_variantB_T002_typ_21x21_mu20/chunks/T_0p02__Didx_7_7__typ/dmft_solutions/T_0p02/U_0__Delta_0p7325__w1_0p5__typ,ok,
0.02,0,0.7325,typ,0.45,0.55,0.1242267524721855,0.5474489018050863,-0.002551098194913726,0.5849051672283019,0.5760399882894292,0.984843390970741,40,True,0.001931943039282443,0.0892179012298584,/home/2/kj405942/Byczuk_Freericks/filling_variantB_freericks/pbs_variantB_T002_typ_21x21_mu20/chunks/T_0p02__Didx_7_7__typ/dmft_solutions/T_0p02/U_0__Delta_0p7325__w1_0p45__typ,ok,
0.02,0,0.7325,typ,0.4,0.6,0.2068191947940043,0.5978743945615244,-0.00212560543847562,0.5807084002585735,0.5678297025533758,0.977822436011838,83,True,0.001868829594889105,0.1943130493164062,/home/2/kj405942/Byczuk_Freericks/filling_variantB_freericks/pbs_variantB_T002_typ_21x21_mu20/chunks/T_0p02__Didx_7_7__typ/dmft_solutions/T_0p02/U_0__Delta_0p7325__w1_0p4__typ,ok,
0.02,0.1,0.7325,typ,0.5,0.5,0.09889740635632782,0.4988313236568002,-0.001168676343199782,0.5848403930914429,0.5782687162413463,0.9887632986234776,47,True,0.001947705577369003,0.139664888381958,/home/2/kj405942/Byczuk_Freericks/filling_variantB_freericks/pbs_variantB_T002_typ_21x21_mu20/chunks/T_0p02__Didx_7_7__typ/dmft_solutions/T_0p02/U_0p1__Delta_0p7325__w1_0p5__typ,ok,
0.02,0.1,0.7325,typ,0.45,0.55,0.1685009233573296,0.5473214900717279,-0.002678509928272121,0.5829388187023007,0.5745734612878982,0.9856496820146154,71,True,0.001941944637808718,0.2683525085449219,/home/2/kj405942/Byczuk_Freericks/filling_variantB_freericks/pbs_variantB_T002_typ_21x21_mu20/chunks/T_0p02__Didx_7_7__typ/dmft_solutions/T_0p02/U_0p1__Delta_0p7325__w1_0p45__typ,ok,
0.02,0.1,0.7325,typ,0.4,0.6,0.2574851824743006,0.6011375414077006,0.001137541407700615,0.5779364877487793,0.5649637984025659,0.9775534342938867,70,True,0.001985721409798096,0.3133475780487061,/home/2/kj405942/Byczuk_Freericks/filling_variantB_freericks/pbs_variantB_T002_typ_21x21_mu20/chunks/T_0p02__Didx_7_7__typ/dmft_solutions/T_0p02/U_0p1__Delta_0p7325__w1_0p4__typ,ok,
0.02,0.4,0.7325,typ,0.5,0.5,0.2499999999999999,0.503633181850257,0.003633181850256961,0.5552695911027246,0.5531779170421398,0.996233047704934,81,True,0.0019573555520873,0.3285529613494873,/home/2/kj405942/Byczuk_Freericks/filling_variantB_freericks/pbs_variantB_T002_typ_21x21_mu20/chunks/T_0p02__Didx_7_7__typ/dmft_solutions/T_0p02/U_0p4__Delta_0p7325__w1_0p5__typ,ok,
0.02,0.4,0.7325,typ,0.45,0.55,0.3133082016800853,0.5539016450323403,0.003901645032340251,0.5526020790778894,0.5491307055093326,0.9937181315453077,64,True,0.001992961041561353,0.2838351726531982,/home/2/kj405942/Byczuk_Freericks/filling_variantB_freericks/pbs_variantB_T002_typ_21x21_mu20/chunks/T_0p02__Didx_7_7__typ/dmft_solutions/T_0p02/U_0p4__Delta_0p7325__w1_0p45__typ,ok,
0.02,0.4,0.7325,typ,0.4,0.6,0.3673024854212056,0.597889813714625,-0.00211018628537496,0.5483630995290092,0.5423642839501949,0.9890605046474376,76,True,0.00192078400918298,0.3311200141906738,/home/2/kj405942/Byczuk_Freericks/filling_variantB_freericks/pbs_variantB_T002_typ_21x21_mu20/chunks/T_0p02__Didx_7_7__typ/dmft_solutions/T_0p02/U_0p4__Delta_0p7325__w1_0p4__typ,ok,
0.02,0.6000000000000001,0.7325,typ,0.5,0.5,0.3318729519029558,0.501319409175191,0.001319409175191022,0.515085178839232,0.5149908422945614,0.9998168525351803,25,True,0.001940045567870278,0.09215164184570312,/home/2/kj405942/Byczuk_Freericks/filling_variantB_freericks/pbs_variantB_T002_typ_21x21_mu20/chunks/T_0p02__Didx_7_7__typ/dmft_solutions/T_0p02/U_0p6__Delta_0p7325__w1_0p5__typ,ok,
0.02,0.6000000000000001,0.7325,typ,0.45,0.55,0.3964432063941811,0.5517983056855826,0.001798305685582591,0.512154869832917,0.5114141009816143,0.9985536233375183,47,True,0.001936661292628722,0.1623654365539551,/home/2/kj405942/Byczuk_Freericks/filling_variantB_freericks/pbs_variantB_T002_typ_21x21_mu20/chunks/T_0p02__Didx_7_7__typ/dmft_solutions/T_0p02/U_0p6__Delta_0p7325__w1_0p45__typ,ok,
0.02,0.6000000000000001,0.7325,typ,0.4,0.6,0.4662967741037178,0.5982314812312065,-0.00176851876879347,0.5052273033067967,0.5027197033303688,0.9950366895058615,30,True,0.001983342180847792,0.1452367305755615,/home/2/kj405942/Byczuk_Freericks/filling_variantB_freericks/pbs_variantB_T002_typ_21x21_mu20/chunks/T_0p02__Didx_7_7__typ/dmft_solutions/T_0p02/U_0p6__Delta_0p7325__w1_0p4__typ,ok,
0.02,0.5,0.7325,typ,0.5,0.5,0.2803951599148512,0.4962310590909169,-0.003768940909083141,0.5375955957660674,0.5369285062706685,0.9987591239573896,107,True,0.001875929747812263,0.4647750854492188,/home/2/kj405942/Byczuk_Freericks/filling_variantB_freericks/pbs_variantB_T002_typ_21x21_mu20/chunks/T_0p02__Didx_7_7__typ/dmft_solutions/T_0p02/U_0p5__Delta_0p7325__w1_0p5__typ,ok,
0.02,0.5,0.7325,typ,0.45,0.55,0.3463741796671584,0.5451363574297974,-0.004863642570202664,0.5350461235967774,0.5334299305460846,0.996979338828159,73,True,0.001949123192038536,0.3866782188415527,/home/2/kj405942/Byczuk_Freericks/filling_variantB_freericks/pbs_variantB_T002_typ_21x21_mu20/chunks/T_0p02__Didx_7_7__typ/dmft_solutions/T_0p02/U_0p5__Delta_0p7325__w1_0p45__typ,ok,
0.02,0.5,0.7325,typ,0.4,0.6,0.4322536427014526,0.6026354764770852,0.002635476477085175,0.5275408204519167,0.523153678756794,0.9916837872539143,64,True,0.001973913301719127,0.3500809669494629,/home/2/kj405942/Byczuk_Freericks/filling_variantB_freericks/pbs_variantB_T002_typ_21x21_mu20/chunks/T_0p02__Didx_7_7__typ/dmft_solutions/T_0p02/U_0p5__Delta_0p7325__w1_0p4__typ,ok,
0.02,0.7000000000000001,0.7325,typ,0.5,0.5,0.3979176322952286,0.5039628713598276,0.003962871359827647,0.4871311738500395,0.4865967398163701,0.9989028950263119,89,True,0.001975199384785169,0.5131895542144775,/home/2/kj405942/Byczuk_Freericks/filling_variantB_freericks/pbs_variantB_T002_typ_21x21_mu20/chunks/T_0p02__Didx_7_7__typ/dmft_solutions/T_0p02/U_0p7__Delta_0p7325__w1_0p5__typ,ok,
0.02,0.7000000000000001,0.7325,typ,0.45,0.55,0.4521347984201922,0.551319353064429,0.001319353064428985,0.4834808685841576,0.4826576780533132,0.9982973668983945,93,True,0.001948105231170733,0.4411740303039551,/home/2/kj405942/Byczuk_Freericks/filling_variantB_freericks/pbs_variantB_T002_typ_21x21_mu20/chunks/T_0p02__Didx_7_7__typ/dmft_solutions/T_0p02/U_0p7__Delta_0p7325__w1_0p45__typ,ok,
0.02,0.7000000000000001,0.7325,typ,0.4,0.6,0.5066049587412796,0.6015669388841393,0.00156693888413928,0.4771218108752134,0.4752332754763245,0.9960418170877064,28,True,0.001895169980002797,0.1054346561431885,/home/2/kj405942/Byczuk_Freericks/filling_variantB_freericks/pbs_variantB_T002_typ_21x21_mu20/chunks/T_0p02__Didx_7_7__typ/dmft_solutions/T_0p02/U_0p7__Delta_0p7325__w1_0p4__typ,ok,
0.02,0.8,0.7325,typ,0.5,0.5,0.4322579788914846,0.5004777369681133,0.0004777369681132626,0.4529162460827634,0.4507525685348204,0.995222786626321,39,True,0.001977658682226994,0.1787664890289307,/home/2/kj405942/Byczuk_Freericks/filling_variantB_freericks/pbs_variantB_T002_typ_21x21_mu20/chunks/T_0p02__Didx_7_7__typ/dmft_solutions/T_0p02/U_0p8__Delta_0p7325__w1_0p5__typ,ok,
0.02,0.8,0.7325,typ,0.45,0.55,0.4940048496704282,0.5478357869484523,-0.002164213051547792,0.4492348615416278,0.447116078561104,0.9952835740012411,77,True,0.001966300934444326,0.3335309028625488,/home/2/kj405942/Byczuk_Freericks/filling_variantB_freericks/pbs_variantB_T002_typ_21x21_mu20/chunks/T_0p02__Didx_7_7__typ/dmft_solutions/T_0p02/U_0p8__Delta_0p7325__w1_0p45__typ,ok,
0.02,0.8,0.7325,typ,0.4,0.6,0.554682974426592,0.5968005110027069,-0.003199488997293054,0.4416759371586377,0.4391768671218189,0.9943418469819848,94,True,0.001980200852632039,0.4046146869659424,/home/2/kj405942/Byczuk_Freericks/filling_variantB_freericks/pbs_variantB_T002_typ_21x21_mu20/chunks/T_0p02__Didx_7_7__typ/dmft_solutions/T_0p02/U_0p8__Delta_0p7325__w1_0p4__typ,ok,
0.02,0.9,0.7325,typ,0.5,0.5,0.4999999999999999,0.4991514463704126,-0.0008485536295873564,0.4104621580795428,0.4053675351400515,0.9875880812903001,76,True,0.001883968633629603,0.3118441104888916,/home/2/kj405942/Byczuk_Freericks/filling_variantB_freericks/pbs_variantB_T002_typ_21x21_mu20/chunks/T_0p02__Didx_7_7__typ/dmft_solutions/T_0p02/U_0p9__Delta_0p7325__w1_0p5__typ,ok,
0.02,0.9,0.7325,typ,0.45,0.55,0.5405095075000845,0.5502692627897584,0.0002692627897583622,0.4060552340899444,0.4013971993726347,0.9885285687112264,132,True,0.001965180977055939,0.5744979381561279,/home/2/kj405942/Byczuk_Freericks/filling_variantB_freericks/pbs_variantB_T002_typ_21x21_mu20/chunks/T_0p02__Didx_7_7__typ/dmft_solutions/T_0p02/U_0p9__Delta_0p7325__w1_0p45__typ,ok,
0.02,0.9,0.7325,typ,0.4,0.6,0.5959256566273339,0.5993887842037467,-0.0006112157962532283,0.3985107091597116,0.3939217875414937,0.9884848223328955,43,True,0.001935465872787849,0.2460730075836182,/home/2/kj405942/Byczuk_Freericks/filling_variantB_freericks/pbs_variantB_T002_typ_21x21_mu20/chunks/T_0p02__Didx_7_7__typ/dmft_solutions/T_0p02/U_0p9__Delta_0p7325__w1_0p4__typ,ok,
0.02,1,0.7325,typ,0.5,0.5,0.537049328084423,0.4953080437203421,-0.004691956279657905,0.3542837607726699,0.3455328161782467,0.9752996169642719,128,True,0.00189516544795544,0.6676619052886963,/home/2/kj405942/Byczuk_Freericks/filling_variantB_freericks/pbs_variantB_T002_typ_21x21_mu20/chunks/T_0p02__Didx_7_7__typ/dmft_solutions/T_0p02/U_1__Delta_0p7325__w1_0p5__typ,ok,
0.02,1,0.7325,typ,0.45,0.55,0.6132252067448529,0.553302307471301,0.003302307471301003,0.353603739584127,0.3445578581700213,0.974418026730304,78,True,0.001943271757905428,0.4007036685943604,/home/2/kj405942/Byczuk_Freericks/filling_variantB_freericks/pbs_variantB_T002_typ_21x21_mu20/chunks/T_0p02__Didx_7_7__typ/dmft_solutions/T_0p02/U_1__Delta_0p7325__w1_0p45__typ,ok,
0.02,1,0.7325,typ,0.4,0.6,0.6562820021341836,0.5980904378328572,-0.001909562167142775,0.3439518889097192,0.3357207205103601,0.9760688379254122,73,True,0.001983328640951564,0.3840491771697998,/home/2/kj405942/Byczuk_Freericks/filling_variantB_freericks/pbs_variantB_T002_typ_21x21_mu20/chunks/T_0p02__Didx_7_7__typ/dmft_solutions/T_0p02/U_1__Delta_0p7325__w1_0p4__typ,ok,
0.02,1.1,0.7325,typ,0.5,0.5,0.6203708635453399,0.495768712328335,-0.004231287671665029,0.3013402294914597,0.2830609229878822,0.9393399728458905,30,True,0.001949959556085778,0.1415021419525146,/home/2/kj405942/Byczuk_Freericks/filling_variantB_freericks/pbs_variantB_T002_typ_21x21_mu20/chunks/T_0p02__Didx_7_7__typ/dmft_solutions/T_0p02/U_1p1__Delta_0p7325__w1_0p5__typ,ok,
0.02,1.1,0.7325,typ,0.45,0.55,0.6595396478130078,0.5478464229370071,-0.002153577062992906,0.2907072757568803,0.2745181691066295,0.9443113124427274,116,True,0.001913673781699973,0.5279829502105713,/home/2/kj405942/Byczuk_Freericks/filling_variantB_freericks/pbs_variantB_T002_typ_21x21_mu20/chunks/T_0p02__Didx_7_7__typ/dmft_solutions/T_0p02/U_1p1__Delta_0p7325__w1_0p45__typ,ok,
0.02,1.1,0.7325,typ,0.4,0.6,0.7280806841623291,0.6015630925714376,0.001563092571437608,0.2937623683163328,0.2758490277903808,0.9390209827466318,36,True,0.001952505559708276,0.1661362648010254,/home/2/kj405942/Byczuk_Freericks/filling_variantB_freericks/pbs_variantB_T002_typ_21x21_mu20/chunks/T_0p02__Didx_7_7__typ/dmft_solutions/T_0p02/U_1p1__Delta_0p7325__w1_0p4__typ,ok,
0.02,1.2,0.7325,typ,0.5,0.5,0.6900926585207423,0.496822934880833,-0.003177065119166989,0.2680793098333806,0.2338981788842455,0.8724961990898152,60,True,0.001970599865645419,0.3391902446746826,/home/2/kj405942/Byczuk_Freericks/filling_variantB_freericks/pbs_variantB_T002_typ_21x21_mu20/chunks/T_0p02__Didx_7_7__typ/dmft_solutions/T_0p02/U_1p2__Delta_0p7325__w1_0p5__typ,ok,
0.02,1.2,0.7325,typ,0.45,0.55,0.7557695583258501,0.5491931901557761,-0.0008068098442239879,0.281326492368449,0.2453403093654503,0.8720839168041518,104,True,0.001919782917473734,0.5634262561798096,/home/2/kj405942/Byczuk_Freericks/filling_variantB_freericks/pbs_variantB_T002_typ_21x21_mu20/chunks/T_0p02__Didx_7_7__typ/dmft_solutions/T_0p02/U_1p2__Delta_0p7325__w1_0p45__typ,ok,
0.02,1.2,0.7325,typ,0.4,0.6,0.8234999073433131,0.6006199685264731,0.0006199685264731691,0.2868559133771058,0.2506477864192905,0.8737759088472565,98,True,0.001973300078968638,0.5383880138397217,/home/2/kj405942/Byczuk_Freericks/filling_variantB_freericks/pbs_variantB_T002_typ_21x21_mu20/chunks/T_0p02__Didx_7_7__typ/dmft_solutions/T_0p02/U_1p2__Delta_0p7325__w1_0p4__typ,ok,
0.02,1.5,0.7325,typ,0.5,0.5,1,0.4986678383083248,-0.001332161691675215,0.3094256795188076,0.2343689503491886,0.7574321262335409,174,True,0.001988479572245308,0.7996001243591309,/home/2/kj405942/Byczuk_Freericks/filling_variantB_freericks/pbs_variantB_T002_typ_21x21_mu20/chunks/T_0p02__Didx_7_7__typ/dmft_solutions/T_0p02/U_1p5__Delta_0p7325__w1_0p5__typ,ok,
0.02,1.5,0.7325,typ,0.45,0.55,1.059085242797003,0.5521434801285207,0.002143480128520614,0.3078563155284958,0.2358925647844811,0.7662424088312925,137,True,0.001978303690551285,0.6247246265411377,/home/2/kj405942/Byczuk_Freericks/filling_variantB_freericks/pbs_variantB_T002_typ_21x21_mu20/chunks/T_0p02__Didx_7_7__typ/dmft_solutions/T_0p02/U_1p5__Delta_0p7325__w1_0p45__typ,ok,
0.02,1.5,0.7325,typ,0.4,0.6,1.116795164908516,0.597647877342695,-0.002352122657305,0.299962039222407,0.2315334957130075,0.7718759890858617,110,True,0.001949156217445641,0.4723834991455078,/home/2/kj405942/Byczuk_Freericks/filling_variantB_freericks/pbs_variantB_T002_typ_21x21_mu20/chunks/T_0p02__Didx_7_7__typ/dmft_solutions/T_0p02/U_1p5__Delta_0p7325__w1_0p4__typ,ok,
0.02,1.3,0.7325,typ,0.5,0.5,0.8005468072401594,0.4968903759899138,-0.003109624010086243,0.2932135272483619,0.2391428183489308,0.815592720408048,194,True,0.001981728354960093,1.079427719116211,/home/2/kj405942/Byczuk_Freericks/filling_variantB_freericks/pbs_variantB_T002_typ_21x21_mu20/chunks/T_0p02__Didx_7_7__typ/dmft_solutions/T_0p02/U_1p3__Delta_0p7325__w1_0p5__typ,ok,
0.02,1.3,0.7325,typ,0.45,0.55,0.871440648166134,0.5511142850946087,0.001114285094608647,0.3030797379171491,0.2508492630498547,0.82766754641456,241,True,0.001967556780853393,1.328768730163574,/home/2/kj405942/Byczuk_Freericks/filling_variantB_freericks/pbs_variantB_T002_typ_21x21_mu20/chunks/T_0p02__Didx_7_7__typ/dmft_solutions/T_0p02/U_1p3__Delta_0p7325__w1_0p45__typ,ok,
0.02,1.3,0.7325,typ,0.4,0.6,0.9402651570570772,0.6044769136281973,0.004476913628197354,0.3021662909686033,0.253303048670274,0.8382902270743152,218,True,0.001992148159265959,1.119082450866699,/home/2/kj405942/Byczuk_Freericks/filling_variantB_freericks/pbs_variantB_T002_typ_21x21_mu20/chunks/T_0p02__Didx_7_7__typ/dmft_solutions/T_0p02/U_1p3__Delta_0p7325__w1_0p4__typ,ok,
0.02,1.4,0.7325,typ,0.5,0.5,0.9077826627026733,0.4975100097110677,-0.002489990288932264,0.3085416650827327,0.2427436436371557,0.7867451015799314,191,True,0.001995524390239174,1.007051467895508,/home/2/kj405942/Byczuk_Freericks/filling_variantB_freericks/pbs_variantB_T002_typ_21x21_mu20/chunks/T_0p02__Didx_7_7__typ/dmft_solutions/T_0p02/U_1p4__Delta_0p7325__w1_0p5__typ,ok,
0.02,1.4,0.7325,typ,0.45,0.55,0.9764291208817955,0.5531728404227644,0.003172840422764334,0.3121652961254904,0.2503012470524374,0.8018227847845595,196,True,0.001991600976565955,1.00949501991272,/home/2/kj405942/Byczuk_Freericks/filling_variantB_freericks/pbs_variantB_T002_typ_21x21_mu20/chunks/T_0p02__Didx_7_7__typ/dmft_solutions/T_0p02/U_1p4__Delta_0p7325__w1_0p45__typ,ok,
0.02,1.4,0.7325,typ,0.4,0.6,1.027577566914638,0.6009181995392501,0.0009181995392500975,0.3010741854327809,0.241637447237683,0.8025844091891832,168,True,0.001999233418143155,0.8413152694702148,/home/2/kj405942/Byczuk_Freericks/filling_variantB_freericks/pbs_variantB_T002_typ_21x21_mu20/chunks/T_0p02__Didx_7_7__typ/dmft_solutions/T_0p02/U_1p4__Delta_0p7325__w1_0p4__typ,ok,
0.02,1.6,0.7325,typ,0.5,0.5,1.08335720022619,0.5013993279395388,0.001399327939538786,0.3022053402101978,0.218194772996838,0.7220083299821025,117,True,0.001996018765807281,0.5753726959228516,/home/2/kj405942/Byczuk_Freericks/filling_variantB_freericks/pbs_variantB_T002_typ_21x21_mu20/chunks/T_0p02__Didx_7_7__typ/dmft_solutions/T_0p02/U_1p6__Delta_0p7325__w1_0p5__typ,ok,
0.02,1.6,0.7325,typ,0.45,0.55,1.133139367791591,0.5462535585772686,-0.003746441422731395,0.297366274656434,0.2144587224813472,0.7211938298286344,95,True,0.001980143232339077,0.4593110084533691,/home/2/kj405942/Byczuk_Freericks/filling_variantB_freericks/pbs_variantB_T002_typ_21x21_mu20/chunks/T_0p02__Didx_7_7__typ/dmft_solutions/T_0p02/U_1p6__Delta_0p7325__w1_0p45__typ,ok,
0.02,1.6,0.7325,typ,0.4,0.6,1.182990219534406,0.6038086502417624,0.003808650241762468,0.2882329387572839,0.2065760222526118,0.7166981787135924,44,True,0.001981123904094681,0.215385913848877,/home/2/kj405942/Byczuk_Freericks/filling_variantB_freericks/pbs_variantB_T002_typ_21x21_mu20/chunks/T_0p02__Didx_7_7__typ/dmft_solutions/T_0p02/U_1p6__Delta_0p7325__w1_0p4__typ,ok,
0.02,1.7,0.7325,typ,0.5,0.5,1.176858277064747,0.4963032026684235,-0.003696797331576462,0.3029170345131869,0.2127300223095097,0.7022715729783394,148,True,0.001973771732222864,0.4723281860351562,/home/2/kj405942/Byczuk_Freericks/filling_variantB_freericks/pbs_variantB_T002_typ_21x21_mu20/chunks/T_0p02__Didx_7_7__typ/dmft_solutions/T_0p02/U_1p7__Delta_0p7325__w1_0p5__typ,ok,
0.02,1.7,0.7325,typ,0.45,0.55,1.192123869265906,0.5491271552768339,-0.0008728447231661773,0.2734060654115337,0.1784411651313809,0.6526598627678188,170,True,0.001989184461671129,0.3990733623504639,/home/2/kj405942/Byczuk_Freericks/filling_variantB_freericks/pbs_variantB_T002_typ_21x21_mu20/chunks/T_0p02__Didx_7_7__typ/dmft_solutions/T_0p02/U_1p7__Delta_0p7325__w1_0p45__typ,ok,
0.02,1.7,0.7325,typ,0.4,0.6,1.262054016049914,0.5986358800580799,-0.001364119941920094,0.282804760469569,0.1916781962958352,0.6777757063833463,116,True,0.001999284020908932,0.2646028995513916,/home/2/kj405942/Byczuk_Freericks/filling_variantB_freericks/pbs_variantB_T002_typ_21x21_mu20/chunks/T_0p02__Didx_7_7__typ/dmft_solutions/T_0p02/U_1p7__Delta_0p7325__w1_0p4__typ,ok,
0.02,1.9,0.7325,typ,0.5,0.5,1.3463931685757,0.4971488902927845,-0.002851109707215527,0.2872705661014577,0.1848911439901574,0.6436132545680224,182,True,0.001957008868894765,0.4478802680969238,/home/2/kj405942/Byczuk_Freericks/filling_variantB_freericks/pbs_variantB_T002_typ_21x21_mu20/chunks/T_0p02__Didx_7_7__typ/dmft_solutions/T_0p02/U_1p9__Delta_0p7325__w1_0p5__typ,ok,
0.02,1.9,0.7325,typ,0.45,0.55,1.417527813383186,0.547128941211359,-0.002871058788641023,0.3011712690257903,0.2031204297889848,0.6744349500735108,125,True,0.001983288909278261,0.3048141002655029,/home/2/kj405942/Byczuk_Freericks/filling_variantB_freericks/pbs_variantB_T002_typ_21x21_mu20/chunks/T_0p02__Didx_7_7__typ/dmft_solutions/T_0p02/U_1p9__Delta_0p7325__w1_0p45__typ,ok,
0.02,1.9,0.7325,typ,0.4,0.6,1.45849829096002,0.5988967022149836,-0.001103297785016388,0.2887988039336511,0.1897098410089701,0.6568927517184393,111,True,0.001956037928041398,0.2480192184448242,/home/2/kj405942/Byczuk_Freericks/filling_variantB_freericks/pbs_variantB_T002_typ_21x21_mu20/chunks/T_0p02__Didx_7_7__typ/dmft_solutions/T_0p02/U_1p9__Delta_0p7325__w1_0p4__typ,ok,
0.02,1.8,0.7325,typ,0.5,0.5,1.247633980511908,0.4958926922431415,-0.004107307756858469,0.2832900404819497,0.1849156111717495,0.6527430715783732,197,True,0.001977940799382375,0.7215244770050049,/home/2/kj405942/Byczuk_Freericks/filling_variantB_freericks/pbs_variantB_T002_typ_21x21_mu20/chunks/T_0p02__Didx_7_7__typ/dmft_solutions/T_0p02/U_1p8__Delta_0p7325__w1_0p5__typ,ok,
0.02,1.8,0.7325,typ,0.45,0.55,1.320955941075991,0.5460176537520107,-0.003982346247989321,0.2995406455235554,0.2053015505283892,0.6853879551790063,128,True,0.001995464134528269,0.2751636505126953,/home/2/kj405942/Byczuk_Freericks/filling_variantB_freericks/pbs_variantB_T002_typ_21x21_mu20/chunks/T_0p02__Didx_7_7__typ/dmft_solutions/T_0p02/U_1p8__Delta_0p7325__w1_0p45__typ,ok,
0.02,1.8,0.7325,typ,0.4,0.6,1.364555183644517,0.6002994306525323,0.0002994306525323509,0.2881067824282609,0.1935911901241498,0.671942494697619,118,True,0.00198844012535126,0.2575321197509766,/home/2/kj405942/Byczuk_Freericks/filling_variantB_freericks/pbs_variantB_T002_typ_21x21_mu20/chunks/T_0p02__Didx_7_7__typ/dmft_solutions/T_0p02/U_1p8__Delta_0p7325__w1_0p4__typ,ok,
0.02,2,0.7325,typ,0.5,0.5,1.45869256736573,0.4999884425183993,-1.155748160069914e-05,0.3014160452508681,0.1980217088216276,0.6569713588300002,224,True,0.001995626729347186,0.4873950481414795,/home/2/kj405942/Byczuk_Freericks/filling_variantB_freericks/pbs_variantB_T002_typ_21x21_mu20/chunks/T_0p02__Didx_7_7__typ/dmft_solutions/T_0p02/U_2__Delta_0p7325__w1_0p5__typ,ok,
0.02,2,0.7325,typ,0.45,0.55,1.496704287755246,0.5541488549627958,0.004148854962795712,0.2913455107537095,0.1855383373135258,0.6368326624753508,127,True,0.001959493171002388,0.2307813167572021,/home/2/kj405942/Byczuk_Freericks/filling_variantB_freericks/pbs_variantB_T002_typ_21x21_mu20/chunks/T_0p02__Didx_7_7__typ/dmft_solutions/T_0p02/U_2__Delta_0p7325__w1_0p45__typ,ok,
0.02,2,0.7325,typ,0.4,0.6,1.541894702976898,0.6008043773301598,0.0008043773301598112,0.2837984762277032,0.1774628531290681,0.6253129174191984,153,True,0.001965265153508121,0.2569167613983154,/home/2/kj405942/Byczuk_Freericks/filling_variantB_freericks/pbs_variantB_T002_typ_21x21_mu20/chunks/T_0p02__Didx_7_7__typ/dmft_solutions/T_0p02/U_2__Delta_0p7325__w1_0p4__typ,ok,
0.02,0.3,0.8300000000000001,typ,0.5,0.5,0.1871996843729229,0.5017212733866063,0.001721273386606326,0.5595090766160489,0.5535157665458329,0.989288270162722,26,True,0.001999533735714308,0.0715484619140625,/home/2/kj405942/Byczuk_Freericks/filling_variantB_freericks/pbs_variantB_T002_typ_21x21_mu20/chunks/T_0p02__Didx_8_8__typ/dmft_solutions/T_0p02/U_0p3__Delta_0p83__w1_0p5__typ,ok,
0.02,0.3,0.8300000000000001,typ,0.45,0.55,0.258620917990394,0.5510074819309596,0.001007481930959564,0.5576303852407324,0.5497734641010346,0.9859101631696309,34,True,0.001976386015870264,0.1125509738922119,/home/2/kj405942/Byczuk_Freericks/filling_variantB_freericks/pbs_variantB_T002_typ_21x21_mu20/chunks/T_0p02__Didx_8_8__typ/dmft_solutions/T_0p02/U_0p3__Delta_0p83__w1_0p45__typ,ok,
0.02,0.3,0.8300000000000001,typ,0.4,0.6,0.3303647442383951,0.5972670899807796,-0.00273291001922038,0.5536633473180835,0.5417473828592712,0.9784779604491923,60,True,0.001945514009158188,0.2245502471923828,/home/2/kj405942/Byczuk_Freericks/filling_variantB_freericks/pbs_variantB_T002_typ_21x21_mu20/chunks/T_0p02__Didx_8_8__typ/dmft_solutions/T_0p02/U_0p3__Delta_0p83__w1_0p4__typ,ok,
0.02,0,0.8300000000000001,typ,0.5,0.5,0.05151466627867041,0.4994762034978525,-0.0005237965021475111,0.5753306246231903,0.5644781952189757,0.9811370559122898,58,True,0.00196336050475019,0.09827661514282227,/home/2/kj405942/Byczuk_Freericks/filling_variantB_freericks/pbs_variantB_T002_typ_21x21_mu20/chunks/T_0p02__Didx_8_8__typ/dmft_solutions/T_0p02/U_0__Delta_0p83__w1_0p5__typ,ok,
0.02,0,0.8300000000000001,typ,0.45,0.55,0.1414574672229749,0.5518432703334625,0.001843270333462432,0.5732603655173072,0.5595262528219376,0.9760421031672475,18,True,0.001898877247958015,0.05874371528625488,/home/2/kj405942/Byczuk_Freericks/filling_variantB_freericks/pbs_variantB_T002_typ_21x21_mu20/chunks/T_0p02__Didx_8_8__typ/dmft_solutions/T_0p02/U_0__Delta_0p83__w1_0p45__typ,ok,
0.02,0,0.8300000000000001,typ,0.4,0.6,0.2149433069157262,0.5982297995503125,-0.001770200449687453,0.5699716488235901,0.5517403667061714,0.9680137035674535,49,True,0.001890827687170138,0.1800773143768311,/home/2/kj405942/Byczuk_Freericks/filling_variantB_freericks/pbs_variantB_T002_typ_21x21_mu20/chunks/T_0p02__Didx_8_8__typ/dmft_solutions/T_0p02/U_0__Delta_0p83__w1_0p4__typ,ok,
0.02,0.2,0.8300000000000001,typ,0.5,0.5,0.1377659964831084,0.5018440320173299,0.001844032017329855,0.56833571912518,0.5599777210331034,0.9852939067336085,98,True,0.001925391994692307,0.2161052227020264,/home/2/kj405942/Byczuk_Freericks/filling_variantB_freericks/pbs_variantB_T002_typ_21x21_mu20/chunks/T_0p02__Didx_8_8__typ/dmft_solutions/T_0p02/U_0p2__Delta_0p83__w1_0p5__typ,ok,
0.02,0.2,0.8300000000000001,typ,0.45,0.55,0.2240188715484599,0.5536587162676142,0.003658716267614159,0.5662029264453166,0.5553159134553283,0.980771888520008,112,True,0.0019680100446544,0.302908182144165,/home/2/kj405942/Byczuk_Freericks/filling_variantB_freericks/pbs_variantB_T002_typ_21x21_mu20/chunks/T_0p02__Didx_8_8__typ/dmft_solutions/T_0p02/U_0p2__Delta_0p83__w1_0p45__typ,ok,
0.02,0.2,0.8300000000000001,typ,0.4,0.6,0.3085753698274981,0.598224935394869,-0.001775064605130994,0.5616060407591176,0.5453037676654082,0.9709720481786953,21,True,0.001888810179870677,0.07361721992492676,/home/2/kj405942/Byczuk_Freericks/filling_variantB_freericks/pbs_variantB_T002_typ_21x21_mu20/chunks/T_0p02__Didx_8_8__typ/dmft_solutions/T_0p02/U_0p2__Delta_0p83__w1_0p4__typ,ok,
0.02,0.1,0.8300000000000001,typ,0.5,0.5,0.09665588942297429,0.5036233575671097,0.003623357567109742,0.5735977842419002,0.5634470055130792,0.982303316003501,26,True,0.0019773576926492,0.05764198303222656,/home/2/kj405942/Byczuk_Freericks/filling_variantB_freericks/pbs_variantB_T002_typ_21x21_mu20/chunks/T_0p02__Didx_8_8__typ/dmft_solutions/T_0p02/U_0p1__Delta_0p83__w1_0p5__typ,ok,
0.02,0.1,0.8300000000000001,typ,0.45,0.55,0.1822517876512967,0.5481930187774451,-0.00180698122255496,0.5715419240242672,0.5586280443989944,0.9774051927208677,35,True,0.001966566737316237,0.1447663307189941,/home/2/kj405942/Byczuk_Freericks/filling_variantB_freericks/pbs_variantB_T002_typ_21x21_mu20/chunks/T_0p02__Didx_8_8__typ/dmft_solutions/T_0p02/U_0p1__Delta_0p83__w1_0p45__typ,ok,
0.02,0.1,0.8300000000000001,typ,0.4,0.6,0.2519583850917351,0.5957765040880405,-0.004223495911959474,0.5682669117932641,0.5510215837716623,0.9696527676278368,36,True,0.00185210164372272,0.1541223526000977,/home/2/kj405942/Byczuk_Freericks/filling_variantB_freericks/pbs_variantB_T002_typ_21x21_mu20/chunks/T_0p02__Didx_8_8__typ/dmft_solutions/T_0p02/U_0p1__Delta_0p83__w1_0p4__typ,ok,
0.02,0.4,0.8300000000000001,typ,0.5,0.5,0.2499999999999999,0.5010333062124775,0.001033306212477547,0.5470362395090822,0.5434159038040784,0.9933819088324886,78,True,0.001970474952159046,0.3497235774993896,/home/2/kj405942/Byczuk_Freericks/filling_variantB_freericks/pbs_variantB_T002_typ_21x21_mu20/chunks/T_0p02__Didx_8_8__typ/dmft_solutions/T_0p02/U_0p4__Delta_0p83__w1_0p5__typ,ok,
0.02,0.4,0.8300000000000001,typ,0.45,0.55,0.3201163798015972,0.5536989732722203,0.003698973272220241,0.5444151690007205,0.5388725796237971,0.9898191863626855,54,True,0.00199929005374045,0.2446863651275635,/home/2/kj405942/Byczuk_Freericks/filling_variantB_freericks/pbs_variantB_T002_typ_21x21_mu20/chunks/T_0p02__Didx_8_8__typ/dmft_solutions/T_0p02/U_0p4__Delta_0p83__w1_0p45__typ,ok,
0.02,0.4,0.8300000000000001,typ,0.4,0.6,0.3762853309125327,0.6004388483739281,0.0004388483739281579,0.5404533865439596,0.5315722780414808,0.9835672997457359,45,True,0.00191435439291013,0.2483947277069092,/home/2/kj405942/Byczuk_Freericks/filling_variantB_freericks/pbs_variantB_T002_typ_21x21_mu20/chunks/T_0p02__Didx_8_8__typ/dmft_solutions/T_0p02/U_0p4__Delta_0p83__w1_0p4__typ,ok,
0.02,0.5,0.8300000000000001,typ,0.5,0.5,0.2782209524766264,0.4971862803453219,-0.002813719654678137,0.5315166692607285,0.5301111566172776,0.9973556565113831,92,True,0.001898257847528316,0.5719573497772217,/home/2/kj405942/Byczuk_Freericks/filling_variantB_freericks/pbs_variantB_T002_typ_21x21_mu20/chunks/T_0p02__Didx_8_8__typ/dmft_solutions/T_0p02/U_0p5__Delta_0p83__w1_0p5__typ,ok,
0.02,0.5,0.8300000000000001,typ,0.45,0.55,0.3555699942704604,0.5467710741907787,-0.003228925809221295,0.5287902458810768,0.5259486259652981,0.9946261869656011,18,True,0.001991612677034482,0.0704190731048584,/home/2/kj405942/Byczuk_Freericks/filling_variantB_freericks/pbs_variantB_T002_typ_21x21_mu20/chunks/T_0p02__Didx_8_8__typ/dmft_solutions/T_0p02/U_0p5__Delta_0p83__w1_0p45__typ,ok,
0.02,0.5,0.8300000000000001,typ,0.4,0.6,0.4203354327925934,0.5951454000124032,-0.004854599987596742,0.5238056298904327,0.5179071644899003,0.9887392096152799,72,True,0.001977059347766716,0.2422914505004883,/home/2/kj405942/Byczuk_Freericks/filling_variantB_freericks/pbs_variantB_T002_typ_21x21_mu20/chunks/T_0p02__Didx_8_8__typ/dmft_solutions/T_0p02/U_0p5__Delta_0p83__w1_0p4__typ,ok,
0.02,0.6000000000000001,0.8300000000000001,typ,0.5,0.5,0.328702063327454,0.499799166399115,-0.0002008336008849643,0.5119583222550707,0.5116668506507257,0.9994306731785098,62,True,0.001951127327038109,0.2753753662109375,/home/2/kj405942/Byczuk_Freericks/filling_variantB_freericks/pbs_variantB_T002_typ_21x21_mu20/chunks/T_0p02__Didx_8_8__typ/dmft_solutions/T_0p02/U_0p6__Delta_0p83__w1_0p5__typ,ok,
0.02,0.6000000000000001,0.8300000000000001,typ,0.45,0.55,0.4009320358515704,0.5539128027150344,0.003912802715034358,0.5090403143085821,0.5077584820404167,0.9974818649287013,38,True,0.001988901063041836,0.1289231777191162,/home/2/kj405942/Byczuk_Freericks/filling_variantB_freericks/pbs_variantB_T002_typ_21x21_mu20/chunks/T_0p02__Didx_8_8__typ/dmft_solutions/T_0p02/U_0p6__Delta_0p83__w1_0p45__typ,ok,
0.02,0.6000000000000001,0.8300000000000001,typ,0.4,0.6,0.4687412222208793,0.603270970134543,0.003270970134543028,0.5028684228625144,0.4990987969007063,0.9925037528895729,54,True,0.001953084897879252,0.1836440563201904,/home/2/kj405942/Byczuk_Freericks/filling_variantB_freericks/pbs_variantB_T002_typ_21x21_mu20/chunks/T_0p02__Didx_8_8__typ/dmft_solutions/T_0p02/U_0p6__Delta_0p83__w1_0p4__typ,ok,
0.02,0.7000000000000001,0.8300000000000001,typ,0.5,0.5,0.3891295573626256,0.4965264237032951,-0.003473576296704917,0.4879375557336963,0.487442203396946,0.9989848038321103,12,True,0.001983775155313434,0.05200529098510742,/home/2/kj405942/Byczuk_Freericks/filling_variantB_freericks/pbs_variantB_T002_typ_21x21_mu20/chunks/T_0p02__Didx_8_8__typ/dmft_solutions/T_0p02/U_0p7__Delta_0p83__w1_0p5__typ,ok,
0.02,0.7000000000000001,0.8300000000000001,typ,0.45,0.55,0.4436553049612725,0.5466437360189551,-0.003356263981044938,0.4850343033549542,0.4839731512785195,0.9978122123134492,37,True,0.001845346032240999,0.1534500122070312,/home/2/kj405942/Byczuk_Freericks/filling_variantB_freericks/pbs_variantB_T002_typ_21x21_mu20/chunks/T_0p02__Didx_8_8__typ/dmft_solutions/T_0p02/U_0p7__Delta_0p83__w1_0p45__typ,ok,
0.02,0.7000000000000001,0.8300000000000001,typ,0.4,0.6,0.5135396747108927,0.6024473165135381,0.002447316513538134,0.4779445724028623,0.4752175924927303,0.9942943594977506,27,True,0.001864209660810233,0.1111629009246826,/home/2/kj405942/Byczuk_Freericks/filling_variantB_freericks/pbs_variantB_T002_typ_21x21_mu20/chunks/T_0p02__Didx_8_8__typ/dmft_solutions/T_0p02/U_0p7__Delta_0p83__w1_0p4__typ,ok,
0.02,0.8,0.8300000000000001,typ,0.5,0.5,0.4329779054359667,0.502433877181268,0.002433877181267974,0.4588480917599109,0.4566185512012387,0.9951410050543725,35,True,0.001916841410599297,0.1515433788299561,/home/2/kj405942/Byczuk_Freericks/filling_variantB_freericks/pbs_variantB_T002_typ_21x21_mu20/chunks/T_0p02__Didx_8_8__typ/dmft_solutions/T_0p02/U_0p8__Delta_0p83__w1_0p5__typ,ok,
0.02,0.8,0.8300000000000001,typ,0.45,0.55,0.4936376555815328,0.5507536280715343,0.0007536280715342292,0.4553851878412953,0.4529898710793571,0.9947400204796011,64,True,0.001943441190032344,0.2735483646392822,/home/2/kj405942/Byczuk_Freericks/filling_variantB_freericks/pbs_variantB_T002_typ_21x21_mu20/chunks/T_0p02__Didx_8_8__typ/dmft_solutions/T_0p02/U_0p8__Delta_0p83__w1_0p45__typ,ok,
0.02,0.8,0.8300000000000001,typ,0.4,0.6,0.5584783411854396,0.5954512368193624,-0.004548763180637572,0.4477415356605477,0.4445277670773117,0.9928222683685247,20,True,0.001803995966179726,0.1034345626831055,/home/2/kj405942/Byczuk_Freericks/filling_variantB_freericks/pbs_variantB_T002_typ_21x21_mu20/chunks/T_0p02__Didx_8_8__typ/dmft_solutions/T_0p02/U_0p8__Delta_0p83__w1_0p4__typ,ok,
0.02,0.9,0.8300000000000001,typ,0.5,0.5,0.4999999999999999,0.4985692541764107,-0.001430745823589263,0.4227939372944386,0.4172228007779468,0.9868230454009279,76,True,0.001839472404154675,0.2547972202301025,/home/2/kj405942/Byczuk_Freericks/filling_variantB_freericks/pbs_variantB_T002_typ_21x21_mu20/chunks/T_0p02__Didx_8_8__typ/dmft_solutions/T_0p02/U_0p9__Delta_0p83__w1_0p5__typ,ok,
0.02,0.9,0.8300000000000001,typ,0.45,0.55,0.5324606185963434,0.5486539584744291,-0.00134604152557094,0.4194162580034325,0.4139728824229011,0.9870215436892129,91,True,0.001964881307507679,0.3105556964874268,/home/2/kj405942/Byczuk_Freericks/filling_variantB_freericks/pbs_variantB_T002_typ_21x21_mu20/chunks/T_0p02__Didx_8_8__typ/dmft_solutions/T_0p02/U_0p9__Delta_0p83__w1_0p45__typ,ok,
0.02,0.9,0.8300000000000001,typ,0.4,0.6,0.5921360753902057,0.6002065483709076,0.000206548370907611,0.4122327278360794,0.4065265637787349,0.9861579062698448,41,True,0.001977249990552095,0.2410671710968018,/home/2/kj405942/Byczuk_Freericks/filling_variantB_freericks/pbs_variantB_T002_typ_21x21_mu20/chunks/T_0p02__Didx_8_8__typ/dmft_solutions/T_0p02/U_0p9__Delta_0p83__w1_0p4__typ,ok,
0.02,1,0.8300000000000001,typ,0.5,0.5,0.5307502922755688,0.4989453168424357,-0.001054683157564296,0.3761959130648119,0.3660599275249183,0.9730566303676262,38,True,0.001991160443306609,0.1757316589355469,/home/2/kj405942/Byczuk_Freericks/filling_variantB_freericks/pbs_variantB_T002_typ_21x21_mu20/chunks/T_0p02__Didx_8_8__typ/dmft_solutions/T_0p02/U_1__Delta_0p83__w1_0p5__typ,ok,
0.02,1,0.8300000000000001,typ,0.45,0.55,0.5996309471637971,0.5499434699151595,-5.653008484052258e-05,0.372621981583197,0.3628802789099303,0.9738563392533202,77,True,0.00199052740334001,0.3335659503936768,/home/2/kj405942/Byczuk_Freericks/filling_variantB_freericks/pbs_variantB_T002_typ_21x21_mu20/chunks/T_0p02__Didx_8_8__typ/dmft_solutions/T_0p02/U_1__Delta_0p83__w1_0p45__typ,ok,
0.02,1,0.8300000000000001,typ,0.4,0.6,0.6524971702424689,0.5985603908606821,-0.001439609139317843,0.3644140040231698,0.3551009272511458,0.9744436913257818,68,True,0.001934191108954807,0.297466516494751,/home/2/kj405942/Byczuk_Freericks/filling_variantB_freericks/pbs_variantB_T002_typ_21x21_mu20/chunks/T_0p02__Didx_8_8__typ/dmft_solutions/T_0p02/U_1__Delta_0p83__w1_0p4__typ,ok,
0.02,1.1,0.8300000000000001,typ,0.5,0.5,0.5950457679746184,0.4960239829804935,-0.003976017019506506,0.3168904188894585,0.3005895128408186,0.9485598015056235,80,True,0.001964457867784659,0.4227974414825439,/home/2/kj405942/Byczuk_Freericks/filling_variantB_freericks/pbs_variantB_T002_typ_21x21_mu20/chunks/T_0p02__Didx_8_8__typ/dmft_solutions/T_0p02/U_1p1__Delta_0p83__w1_0p5__typ,ok,
0.02,1.1,0.8300000000000001,typ,0.45,0.55,0.65724721170228,0.5514383324457244,0.001438332445724333,0.3160107452163064,0.2994593273174828,0.9476238762466942,86,True,0.001982416468339117,0.4677586555480957,/home/2/kj405942/Byczuk_Freericks/filling_variantB_freericks/pbs_variantB_T002_typ_21x21_mu20/chunks/T_0p02__Didx_8_8__typ/dmft_solutions/T_0p02/U_1p1__Delta_0p83__w1_0p45__typ,ok,
0.02,1.1,0.8300000000000001,typ,0.4,0.6,0.7091761113399486,0.6017631712233478,0.001763171223347793,0.3082835616506193,0.2922524047376926,0.9479986645181719,84,True,0.001976732223741509,0.4626467227935791,/home/2/kj405942/Byczuk_Freericks/filling_variantB_freericks/pbs_variantB_T002_typ_21x21_mu20/chunks/T_0p02__Didx_8_8__typ/dmft_solutions/T_0p02/U_1p1__Delta_0p83__w1_0p4__typ,ok,
0.02,1.2,0.8300000000000001,typ,0.5,0.5,0.6600382380009109,0.4988672860162308,-0.001132713983769185,0.2524652619192696,0.2246754957594507,0.889926376608972,66,True,0.001764631036194285,0.3723962306976318,/home/2/kj405942/Byczuk_Freericks/filling_variantB_freericks/pbs_variantB_T002_typ_21x21_mu20/chunks/T_0p02__Didx_8_8__typ/dmft_solutions/T_0p02/U_1p2__Delta_0p83__w1_0p5__typ,ok,
0.02,1.2,0.8300000000000001,typ,0.45,0.55,0.7328269935303913,0.5505298186757787,0.000529818675778615,0.2744928034082643,0.2415514594863418,0.8799919578476981,44,True,0.001963057653578488,0.2429766654968262,/home/2/kj405942/Byczuk_Freericks/filling_variantB_freericks/pbs_variantB_T002_typ_21x21_mu20/chunks/T_0p02__Didx_8_8__typ/dmft_solutions/T_0p02/U_1p2__Delta_0p83__w1_0p45__typ,ok,
0.02,1.2,0.8300000000000001,typ,0.4,0.6,0.804492664507408,0.5974094627356703,-0.002590537264329673,0.2822946575828957,0.2475517426340888,0.8769267713165818,40,True,0.001935185113507235,0.2309865951538086,/home/2/kj405942/Byczuk_Freericks/filling_variantB_freericks/pbs_variantB_T002_typ_21x21_mu20/chunks/T_0p02__Didx_8_8__typ/dmft_solutions/T_0p02/U_1p2__Delta_0p83__w1_0p4__typ,ok,
0.02,1.4,0.8300000000000001,typ,0.5,0.5,0.8659388050190068,0.4957492713297136,-0.004250728670286363,0.28681529585392,0.209328709669087,0.7298380271033442,250,True,0.001986472681193475,1.105272769927979,/home/2/kj405942/Byczuk_Freericks/filling_variantB_freericks/pbs_variantB_T002_typ_21x21_mu20/chunks/T_0p02__Didx_8_8__typ/dmft_solutions/T_0p02/U_1p4__Delta_0p83__w1_0p5__typ,ok,
0.02,1.4,0.8300000000000001,typ,0.45,0.55,0.9464376944759725,0.5523426542483171,0.002342654248317033,0.3010473349672469,0.2280796064465564,0.7576204136514636,211,True,0.001971622221690695,0.8991556167602539,/home/2/kj405942/Byczuk_Freericks/filling_variantB_freericks/pbs_variantB_T002_typ_21x21_mu20/chunks/T_0p02__Didx_8_8__typ/dmft_solutions/T_0p02/U_1p4__Delta_0p83__w1_0p45__typ,ok,
0.02,1.4,0.8300000000000001,typ,0.4,0.6,1.018284151955368,0.6026428027724001,0.002642802772400143,0.2980261959711151,0.2312935593416251,0.7760846612424709,73,True,0.001966065544912647,0.3310153484344482,/home/2/kj405942/Byczuk_Freericks/filling_variantB_freericks/pbs_variantB_T002_typ_21x21_mu20/chunks/T_0p02__Didx_8_8__typ/dmft_solutions/T_0p02/U_1p4__Delta_0p83__w1_0p4__typ,ok,
0.02,1.5,0.8300000000000001,typ,0.5,0.5,1,0.5046962168551915,0.004696216855191504,0.3177531622648626,0.2309219502902935,0.7267337597660444,174,True,0.001991957463200106,0.8942363262176514,/home/2/kj405942/Byczuk_Freericks/filling_variantB_freericks/pbs_variantB_T002_typ_21x21_mu20/chunks/T_0p02__Didx_8_8__typ/dmft_solutions/T_0p02/U_1p5__Delta_0p83__w1_0p5__typ,ok,
0.02,1.5,0.8300000000000001,typ,0.45,0.55,1.043635131385613,0.5499507226373088,-4.927736269122462e-05,0.3058538511766438,0.2212508844278052,0.7233876035127094,95,True,0.001970546828707345,0.521465539932251,/home/2/kj405942/Byczuk_Freericks/filling_variantB_freericks/pbs_variantB_T002_typ_21x21_mu20/chunks/T_0p02__Didx_8_8__typ/dmft_solutions/T_0p02/U_1p5__Delta_0p83__w1_0p45__typ,ok,
0.02,1.5,0.8300000000000001,typ,0.4,0.6,1.11164505273315,0.6004345289418245,0.0004345289418244969,0.2992688606291173,0.2217551739669529,0.7409898026168954,122,True,0.001983360624317708,0.6246159076690674,/home/2/kj405942/Byczuk_Freericks/filling_variantB_freericks/pbs_variantB_T002_typ_21x21_mu20/chunks/T_0p02__Didx_8_8__typ/dmft_solutions/T_0p02/U_1p5__Delta_0p83__w1_0p4__typ,ok,
0.02,1.3,0.8300000000000001,typ,0.5,0.5,0.7638974021943652,0.4990692399379937,-0.0009307600620062639,0.2688661757768742,0.2120237130781725,0.7885845531351852,137,True,0.001986666883934407,0.7749669551849365,/home/2/kj405942/Byczuk_Freericks/filling_variantB_freericks/pbs_variantB_T002_typ_21x21_mu20/chunks/T_0p02__Didx_8_8__typ/dmft_solutions/T_0p02/U_1p3__Delta_0p83__w1_0p5__typ,ok,
0.02,1.3,0.8300000000000001,typ,0.45,0.55,0.8389778903586969,0.5519117263107657,0.001911726310765638,0.2869521661122328,0.2296552767714819,0.8003259912025165,158,True,0.001990600544581525,0.8900799751281738,/home/2/kj405942/Byczuk_Freericks/filling_variantB_freericks/pbs_variantB_T002_typ_21x21_mu20/chunks/T_0p02__Didx_8_8__typ/dmft_solutions/T_0p02/U_1p3__Delta_0p83__w1_0p45__typ,ok,
0.02,1.3,0.8300000000000001,typ,0.4,0.6,0.9069495654288533,0.5971512864117319,-0.002848713588268104,0.2879882367359488,0.2332819756612945,0.8100399457467651,221,True,0.001999859657868684,1.161320447921753,/home/2/kj405942/Byczuk_Freericks/filling_variantB_freericks/pbs_variantB_T002_typ_21x21_mu20/chunks/T_0p02__Didx_8_8__typ/dmft_solutions/T_0p02/U_1p3__Delta_0p83__w1_0p4__typ,ok,
0.02,1.6,0.8300000000000001,typ,0.5,0.5,1.078863500862032,0.5040566898803999,0.004056689880399866,0.3113553098608279,0.2116535639295684,0.6797814497661049,121,True,0.001984293694347514,0.6364748477935791,/home/2/kj405942/Byczuk_Freericks/filling_variantB_freericks/pbs_variantB_T002_typ_21x21_mu20/chunks/T_0p02__Didx_8_8__typ/dmft_solutions/T_0p02/U_1p6__Delta_0p83__w1_0p5__typ,ok,
0.02,1.6,0.8300000000000001,typ,0.45,0.55,1.135796340458524,0.5479704722414674,-0.002029527758532601,0.306504561303783,0.2113711873716773,0.6896184072190136,97,True,0.001975342286352434,0.489238977432251,/home/2/kj405942/Byczuk_Freericks/filling_variantB_freericks/pbs_variantB_T002_typ_21x21_mu20/chunks/T_0p02__Didx_8_8__typ/dmft_solutions/T_0p02/U_1p6__Delta_0p83__w1_0p45__typ,ok,
0.02,1.6,0.8300000000000001,typ,0.4,0.6,1.166911794997277,0.6005110422274276,0.0005110422274275939,0.287346256152956,0.1908621262927237,0.6642234663086293,130,True,0.001992715509164647,0.5968122482299805,/home/2/kj405942/Byczuk_Freericks/filling_variantB_freericks/pbs_variantB_T002_typ_21x21_mu20/chunks/T_0p02__Didx_8_8__typ/dmft_solutions/T_0p02/U_1p6__Delta_0p83__w1_0p4__typ,ok,
0.02,1.7,0.8300000000000001,typ,0.5,0.5,1.145203522720705,0.4958425074430485,-0.004157492556951525,0.2943058002694525,0.1802938240383774,0.6126071041525817,193,True,0.001970513568164602,0.7884728908538818,/home/2/kj405942/Byczuk_Freericks/filling_variantB_freericks/pbs_variantB_T002_typ_21x21_mu20/chunks/T_0p02__Didx_8_8__typ/dmft_solutions/T_0p02/U_1p7__Delta_0p83__w1_0p5__typ,ok,
0.02,1.7,0.8300000000000001,typ,0.45,0.55,1.219272880112109,0.5475576678276153,-0.002442332172384765,0.3039638079018083,0.1980225951465658,0.651467674765196,103,True,0.001975592652877259,0.3915126323699951,/home/2/kj405942/Byczuk_Freericks/filling_variantB_freericks/pbs_variantB_T002_typ_21x21_mu20/chunks/T_0p02__Didx_8_8__typ/dmft_solutions/T_0p02/U_1p7__Delta_0p83__w1_0p45__typ,ok,
0.02,1.7,0.8300000000000001,typ,0.4,0.6,1.264533005386702,0.6019957877147547,0.001995787714754726,0.2909109359290756,0.1868836756188674,0.642408560620182,105,True,0.001975851555671111,0.3586611747741699,/home/2/kj405942/Byczuk_Freericks/filling_variantB_freericks/pbs_variantB_T002_typ_21x21_mu20/chunks/T_0p02__Didx_8_8__typ/dmft_solutions/T_0p02/U_1p7__Delta_0p83__w1_0p4__typ,ok,
0.02,1.8,0.8300000000000001,typ,0.5,0.5,1.248470692536257,0.4979254780793099,-0.002074521920690076,0.3026327710652841,0.1827724036539323,0.6039412156540855,140,True,0.001993097478800285,0.5172901153564453,/home/2/kj405942/Byczuk_Freericks/filling_variantB_freericks/pbs_variantB_T002_typ_21x21_mu20/chunks/T_0p02__Didx_8_8__typ/dmft_solutions/T_0p02/U_1p8__Delta_0p83__w1_0p5__typ,ok,
0.02,1.8,0.8300000000000001,typ,0.45,0.55,1.286528915472627,0.5539326523446282,0.00393265234462814,0.2916667067436327,0.1704315652253652,0.5843367147665914,65,True,0.001988908998682112,0.1984817981719971,/home/2/kj405942/Byczuk_Freericks/filling_variantB_freericks/pbs_variantB_T002_typ_21x21_mu20/chunks/T_0p02__Didx_8_8__typ/dmft_solutions/T_0p02/U_1p8__Delta_0p83__w1_0p45__typ,ok,
0.02,1.8,0.8300000000000001,typ,0.4,0.6,1.3248918369075,0.5985872357690945,-0.001412764230905528,0.2787662604871035,0.1558799017670599,0.5591777910808948,62,True,0.001987881145250382,0.1506047248840332,/home/2/kj405942/Byczuk_Freericks/filling_variantB_freericks/pbs_variantB_T002_typ_21x21_mu20/chunks/T_0p02__Didx_8_8__typ/dmft_solutions/T_0p02/U_1p8__Delta_0p83__w1_0p4__typ,ok,
0.02,1.9,0.8300000000000001,typ,0.5,0.5,1.340458623788634,0.4972086787058313,-0.002791321294168703,0.3020501824991255,0.1753339351767167,0.5804794876335637,162,True,0.001971491284781031,0.4351146221160889,/home/2/kj405942/Byczuk_Freericks/filling_variantB_freericks/pbs_variantB_T002_typ_21x21_mu20/chunks/T_0p02__Didx_8_8__typ/dmft_solutions/T_0p02/U_1p9__Delta_0p83__w1_0p5__typ,ok,
0.02,1.9,0.8300000000000001,typ,0.45,0.55,1.369097430684255,0.5477827060436078,-0.002217293956392252,0.2862145069233764,0.1550188347331861,0.5416176713037357,179,True,0.001948181064971977,0.5710997581481934,/home/2/kj405942/Byczuk_Freericks/filling_variantB_freericks/pbs_variantB_T002_typ_21x21_mu20/chunks/T_0p02__Didx_8_8__typ/dmft_solutions/T_0p02/U_1p9__Delta_0p83__w1_0p45__typ,ok,
0.02,1.9,0.8300000000000001,typ,0.4,0.6,1.428033501594925,0.6011448900362106,0.001144890036210655,0.284792852002744,0.158039357846916,0.5549274033232874,63,True,0.001952442892414846,0.09307861328125,/home/2/kj405942/Byczuk_Freericks/filling_variantB_freericks/pbs_variantB_T002_typ_21x21_mu20/chunks/T_0p02__Didx_8_8__typ/dmft_solutions/T_0p02/U_1p9__Delta_0p83__w1_0p4__typ,ok,
0.02,2,0.8300000000000001,typ,0.5,0.5,1.443054545686353,0.4987728923234555,-0.001227107676544492,0.3078628668614716,0.177904824243858,0.5778703552575877,129,True,0.001956478462163025,0.2166929244995117,/home/2/kj405942/Byczuk_Freericks/filling_variantB_freericks/pbs_variantB_T002_typ_21x21_mu20/chunks/T_0p02__Didx_8_8__typ/dmft_solutions/T_0p02/U_2__Delta_0p83__w1_0p5__typ,ok,
0.02,2,0.8300000000000001,typ,0.45,0.55,1.48233060435401,0.5542719901972384,0.00427199019723834,0.2980892634914925,0.1665627911249372,0.5587681661996222,120,True,0.001991963973732663,0.1609506607055664,/home/2/kj405942/Byczuk_Freericks/filling_variantB_freericks/pbs_variantB_T002_typ_21x21_mu20/chunks/T_0p02__Didx_8_8__typ/dmft_solutions/T_0p02/U_2__Delta_0p83__w1_0p45__typ,ok,
0.02,2,0.8300000000000001,typ,0.4,0.6,1.524858557678767,0.5983170427624649,-0.001682957237535088,0.2872193484759734,0.155463603013509,0.5412713448394789,60,True,0.001997285345520412,0.08852171897888184,/home/2/kj405942/Byczuk_Freericks/filling_variantB_freericks/pbs_variantB_T002_typ_21x21_mu20/chunks/T_0p02__Didx_8_8__typ/dmft_solutions/T_0p02/U_2__Delta_0p83__w1_0p4__typ,ok,
0.02,0.3,0.9275000000000001,typ,0.5,0.5,0.1838715273024578,0.4994814647220818,-0.0005185352779181751,0.549050401129534,0.5398740980582155,0.9832869568031632,46,True,0.001963206469067209,0.1452209949493408,/home/2/kj405942/Byczuk_Freericks/filling_variantB_freericks/pbs_variantB_T002_typ_21x21_mu20/chunks/T_0p02__Didx_9_9__typ/dmft_solutions/T_0p02/U_0p3__Delta_0p9275__w1_0p5__typ,ok,
0.02,0.3,0.9275000000000001,typ,0.45,0.55,0.2630374373884487,0.5517288363974614,0.001728836397461353,0.5473417196600088,0.5357960665298157,0.9789059508612556,26,True,0.0019481159851232,0.08929610252380371,/home/2/kj405942/Byczuk_Freericks/filling_variantB_freericks/pbs_variantB_T002_typ_21x21_mu20/chunks/T_0p02__Didx_9_9__typ/dmft_solutions/T_0p02/U_0p3__Delta_0p9275__w1_0p45__typ,ok,
0.02,0.3,0.9275000000000001,typ,0.4,0.6,0.3345851078333479,0.5996178129752054,-0.0003821870247945336,0.5439997290938224,0.5276126908288815,0.9698767528942746,85,True,0.001998737918533432,0.361445426940918,/home/2/kj405942/Byczuk_Freericks/filling_variantB_freericks/pbs_variantB_T002_typ_21x21_mu20/chunks/T_0p02__Didx_9_9__typ/dmft_solutions/T_0p02/U_0p3__Delta_0p9275__w1_0p4__typ,ok,
0.02,0,0.9275000000000001,typ,0.5,0.5,0.05020439401150023,0.5033361231191116,0.003336123119111578,0.563404074718355,0.5475785827813351,0.9719109380866103,13,True,0.00186915221700376,0.0269324779510498,/home/2/kj405942/Byczuk_Freericks/filling_variantB_freericks/pbs_variantB_T002_typ_21x21_mu20/chunks/T_0p02__Didx_9_9__typ/dmft_solutions/T_0p02/U_0__Delta_0p9275__w1_0p5__typ,ok,
0.02,0,0.9275000000000001,typ,0.45,0.55,0.1417615611238725,0.5475397492447964,-0.002460250755203619,0.561733074000979,0.5425663060925859,0.9658792248569652,47,True,0.001967940109575899,0.1400542259216309,/home/2/kj405942/Byczuk_Freericks/filling_variantB_freericks/pbs_variantB_T002_typ_21x21_mu20/chunks/T_0p02__Didx_9_9__typ/dmft_solutions/T_0p02/U_0__Delta_0p9275__w1_0p45__typ,ok,
0.02,0,0.9275000000000001,typ,0.4,0.6,0.2240294418083834,0.5974153951145641,-0.002584604885435882,0.5587598290487994,0.533826685037058,0.9553777084258435,28,True,0.001997744159758405,0.09686541557312012,/home/2/kj405942/Byczuk_Freericks/filling_variantB_freericks/pbs_variantB_T002_typ_21x21_mu20/chunks/T_0p02__Didx_9_9__typ/dmft_solutions/T_0p02/U_0__Delta_0p9275__w1_0p4__typ,ok,
0.02,0.2,0.9275000000000001,typ,0.5,0.5,0.1387396806838186,0.5031303117821813,0.003130311782181261,0.5569803823954461,0.5444861326266318,0.9775678818074716,89,True,0.001865358828664852,0.3056883811950684,/home/2/kj405942/Byczuk_Freericks/filling_variantB_freericks/pbs_variantB_T002_typ_21x21_mu20/chunks/T_0p02__Didx_9_9__typ/dmft_solutions/T_0p02/U_0p2__Delta_0p9275__w1_0p5__typ,ok,
0.02,0.2,0.9275000000000001,typ,0.45,0.55,0.2170101553593549,0.5479807438276757,-0.002019256172324346,0.5554748757943678,0.5404329286286677,0.9729205625291528,145,True,0.001983492226291038,0.5205867290496826,/home/2/kj405942/Byczuk_Freericks/filling_variantB_freericks/pbs_variantB_T002_typ_21x21_mu20/chunks/T_0p02__Didx_9_9__typ/dmft_solutions/T_0p02/U_0p2__Delta_0p9275__w1_0p45__typ,ok,
0.02,0.2,0.9275000000000001,typ,0.4,0.6,0.3085955302825329,0.6026121322592773,0.002612132259277367,0.5516054945639736,0.5301207094438478,0.9610504512158481,90,True,0.001982873905582773,0.3066048622131348,/home/2/kj405942/Byczuk_Freericks/filling_variantB_freericks/pbs_variantB_T002_typ_21x21_mu20/chunks/T_0p02__Didx_9_9__typ/dmft_solutions/T_0p02/U_0p2__Delta_0p9275__w1_0p4__typ,ok,
0.02,0.1,0.9275000000000001,typ,0.5,0.5,0.09786507968118424,0.5032147712134076,0.00321477121340763,0.5617765711759316,0.546819914680261,0.9733761476304312,123,True,0.001974746751711333,0.3916349411010742,/home/2/kj405942/Byczuk_Freericks/filling_variantB_freericks/pbs_variantB_T002_typ_21x21_mu20/chunks/T_0p02__Didx_9_9__typ/dmft_solutions/T_0p02/U_0p1__Delta_0p9275__w1_0p5__typ,ok,
0.02,0.1,0.9275000000000001,typ,0.45,0.55,0.1902243281904529,0.5492322462619773,-0.0007677537380227362,0.5599340559572515,0.5414693088583815,0.9670233540853251,42,True,0.001996428230744286,0.1847562789916992,/home/2/kj405942/Byczuk_Freericks/filling_variantB_freericks/pbs_variantB_T002_typ_21x21_mu20/chunks/T_0p02__Didx_9_9__typ/dmft_solutions/T_0p02/U_0p1__Delta_0p9275__w1_0p45__typ,ok,
0.02,0.1,0.9275000000000001,typ,0.4,0.6,0.2557913915104928,0.5950190163090346,-0.004980983690965335,0.5574030965597854,0.5341843770281585,0.9583448321781317,65,True,0.00198727894441767,0.3276221752166748,/home/2/kj405942/Byczuk_Freericks/filling_variantB_freericks/pbs_variantB_T002_typ_21x21_mu20/chunks/T_0p02__Didx_9_9__typ/dmft_solutions/T_0p02/U_0p1__Delta_0p9275__w1_0p4__typ,ok,
0.02,0.4,0.9275000000000001,typ,0.5,0.5,0.2499999999999999,0.4989625397279142,-0.001037460272085788,0.5379065774145151,0.5320427229152396,0.9890987492150393,69,True,0.001969095302674139,0.305145263671875,/home/2/kj405942/Byczuk_Freericks/filling_variantB_freericks/pbs_variantB_T002_typ_21x21_mu20/chunks/T_0p02__Didx_9_9__typ/dmft_solutions/T_0p02/U_0p4__Delta_0p9275__w1_0p5__typ,ok,
0.02,0.4,0.9275000000000001,typ,0.45,0.55,0.3101611944252883,0.5469581509504552,-0.003041849049544854,0.5360856912890388,0.5282413373050815,0.9853673505720787,21,True,0.00193440264089417,0.1317093372344971,/home/2/kj405942/Byczuk_Freericks/filling_variantB_freericks/pbs_variantB_T002_typ_21x21_mu20/chunks/T_0p02__Didx_9_9__typ/dmft_solutions/T_0p02/U_0p4__Delta_0p9275__w1_0p45__typ,ok,
0.02,0.4,0.9275000000000001,typ,0.4,0.6,0.3886473856840015,0.6014741883840816,0.001474188384081643,0.5315777145152687,0.5187286842421565,0.9758285008527324,69,True,0.001993179522647008,0.4011826515197754,/home/2/kj405942/Byczuk_Freericks/filling_variantB_freericks/pbs_variantB_T002_typ_21x21_mu20/chunks/T_0p02__Didx_9_9__typ/dmft_solutions/T_0p02/U_0p4__Delta_0p9275__w1_0p4__typ,ok,
0.02,0.5,0.9275000000000001,typ,0.5,0.5,0.2782702732678249,0.5011914514718417,0.001191451471841742,0.5242597105510836,0.521596338802667,0.9949197474175215,87,True,0.001864253104749785,0.388023853302002,/home/2/kj405942/Byczuk_Freericks/filling_variantB_freericks/pbs_variantB_T002_typ_21x21_mu20/chunks/T_0p02__Didx_9_9__typ/dmft_solutions/T_0p02/U_0p5__Delta_0p9275__w1_0p5__typ,ok,
0.02,0.5,0.9275000000000001,typ,0.45,0.55,0.3539775026946706,0.5486322690159171,-0.001367730984082938,0.5220054663362196,0.5175840855134199,0.9915300104923578,14,True,0.001969572663824565,0.05478310585021973,/home/2/kj405942/Byczuk_Freericks/filling_variantB_freericks/pbs_variantB_T002_typ_21x21_mu20/chunks/T_0p02__Didx_9_9__typ/dmft_solutions/T_0p02/U_0p5__Delta_0p9275__w1_0p45__typ,ok,
0.02,0.5,0.9275000000000001,typ,0.4,0.6,0.4358734247340396,0.595858335631419,-0.004141664368580988,0.5163852706670929,0.5074236460300847,0.9826454681299659,22,True,0.001966098636474738,0.0808258056640625,/home/2/kj405942/Byczuk_Freericks/filling_variantB_freericks/pbs_variantB_T002_typ_21x21_mu20/chunks/T_0p02__Didx_9_9__typ/dmft_solutions/T_0p02/U_0p5__Delta_0p9275__w1_0p4__typ,ok,
0.02,0.6000000000000001,0.9275000000000001,typ,0.5,0.5,0.3236661849348782,0.4967597444228753,-0.003240255577124707,0.5073442145337274,0.506570599255306,0.9984751668467683,59,True,0.001985584411953267,0.3141460418701172,/home/2/kj405942/Byczuk_Freericks/filling_variantB_freericks/pbs_variantB_T002_typ_21x21_mu20/chunks/T_0p02__Didx_9_9__typ/dmft_solutions/T_0p02/U_0p6__Delta_0p9275__w1_0p5__typ,ok,
0.02,0.6000000000000001,0.9275000000000001,typ,0.45,0.55,0.4090671512585133,0.5549128676856283,0.004912867685628264,0.5042989126735606,0.5020316329792559,0.9955040956120951,31,True,0.001878503879623739,0.1278500556945801,/home/2/kj405942/Byczuk_Freericks/filling_variantB_freericks/pbs_variantB_T002_typ_21x21_mu20/chunks/T_0p02__Didx_9_9__typ/dmft_solutions/T_0p02/U_0p6__Delta_0p9275__w1_0p45__typ,ok,
0.02,0.6000000000000001,0.9275000000000001,typ,0.4,0.6,0.4609425425522443,0.5996083270472387,-0.0003916729527613239,0.5001191221350562,0.4949205772580452,0.9896053867030362,132,True,0.001988080507159848,0.5313315391540527,/home/2/kj405942/Byczuk_Freericks/filling_variantB_freericks/pbs_variantB_T002_typ_21x21_mu20/chunks/T_0p02__Didx_9_9__typ/dmft_solutions/T_0p02/U_0p6__Delta_0p9275__w1_0p4__typ,ok,
0.02,0.7000000000000001,0.9275000000000001,typ,0.5,0.5,0.3893559927011682,0.5020509749490434,0.002050974949043383,0.4867195278287326,0.4861981591071221,0.9989288107589676,32,True,0.001957693645856895,0.1504247188568115,/home/2/kj405942/Byczuk_Freericks/filling_variantB_freericks/pbs_variantB_T002_typ_21x21_mu20/chunks/T_0p02__Didx_9_9__typ/dmft_solutions/T_0p02/U_0p7__Delta_0p9275__w1_0p5__typ,ok,
0.02,0.7000000000000001,0.9275000000000001,typ,0.45,0.55,0.4608341278510435,0.5477093559616049,-0.002290644038395184,0.4830655700808171,0.4815573358607393,0.9968777857220801,50,True,0.001786393206631269,0.2257957458496094,/home/2/kj405942/Byczuk_Freericks/filling_variantB_freericks/pbs_variantB_T002_typ_21x21_mu20/chunks/T_0p02__Didx_9_9__typ/dmft_solutions/T_0p02/U_0p7__Delta_0p9275__w1_0p45__typ,ok,
0.02,0.7000000000000001,0.9275000000000001,typ,0.4,0.6,0.5309349382920777,0.6034058347486481,0.003405834748648084,0.4758393176373945,0.4718043951726825,0.9915204096947139,16,True,0.001952690935058621,0.07505631446838379,/home/2/kj405942/Byczuk_Freericks/filling_variantB_freericks/pbs_variantB_T002_typ_21x21_mu20/chunks/T_0p02__Didx_9_9__typ/dmft_solutions/T_0p02/U_0p7__Delta_0p9275__w1_0p4__typ,ok,
0.02,0.8,0.9275000000000001,typ,0.5,0.5,0.4424427654132081,0.5049754930696343,0.004975493069634296,0.4620664528924425,0.4599627774441817,0.9954472447954352,51,True,0.001895492397121643,0.2311124801635742,/home/2/kj405942/Byczuk_Freericks/filling_variantB_freericks/pbs_variantB_T002_typ_21x21_mu20/chunks/T_0p02__Didx_9_9__typ/dmft_solutions/T_0p02/U_0p8__Delta_0p9275__w1_0p5__typ,ok,
0.02,0.8,0.9275000000000001,typ,0.45,0.55,0.4844954623828539,0.5484787017984019,-0.001521298201598187,0.4596396521067962,0.4570352973258577,0.9943339205636389,43,True,0.001991466438004678,0.1943273544311523,/home/2/kj405942/Byczuk_Freericks/filling_variantB_freericks/pbs_variantB_T002_typ_21x21_mu20/chunks/T_0p02__Didx_9_9__typ/dmft_solutions/T_0p02/U_0p8__Delta_0p9275__w1_0p45__typ,ok,
0.02,0.8,0.9275000000000001,typ,0.4,0.6,0.5529992145489218,0.596562226084105,-0.003437773915894948,0.4528312046761072,0.44869399368058,0.9908636795503386,50,True,0.001979858465860003,0.2784643173217773,/home/2/kj405942/Byczuk_Freericks/filling_variantB_freericks/pbs_variantB_T002_typ_21x21_mu20/chunks/T_0p02__Didx_9_9__typ/dmft_solutions/T_0p02/U_0p8__Delta_0p9275__w1_0p4__typ,ok,
0.02,0.9,0.9275000000000001,typ,0.5,0.5,0.4999999999999999,0.4989755860199949,-0.001024413980005079,0.4319372092597025,0.4262505893260502,0.9868346143565667,78,True,0.001903085679261887,0.2688779830932617,/home/2/kj405942/Byczuk_Freericks/filling_variantB_freericks/pbs_variantB_T002_typ_21x21_mu20/chunks/T_0p02__Didx_9_9__typ/dmft_solutions/T_0p02/U_0p9__Delta_0p9275__w1_0p5__typ,ok,
0.02,0.9,0.9275000000000001,typ,0.45,0.55,0.5283201172693195,0.5474538073216564,-0.002546192678343662,0.4294251629880335,0.4235351647191097,0.9862839936347934,79,True,0.001935769900584862,0.3407638072967529,/home/2/kj405942/Byczuk_Freericks/filling_variantB_freericks/pbs_variantB_T002_typ_21x21_mu20/chunks/T_0p02__Didx_9_9__typ/dmft_solutions/T_0p02/U_0p9__Delta_0p9275__w1_0p45__typ,ok,
0.02,0.9,0.9275000000000001,typ,0.4,0.6,0.5934994284378236,0.6026218159889617,0.002621815988961718,0.4223338225899766,0.4157335278076821,0.9843718536634883,36,True,0.001958228294857721,0.1598124504089355,/home/2/kj405942/Byczuk_Freericks/filling_variantB_freericks/pbs_variantB_T002_typ_21x21_mu20/chunks/T_0p02__Didx_9_9__typ/dmft_solutions/T_0p02/U_0p9__Delta_0p9275__w1_0p4__typ,ok,
0.02,1,0.9275000000000001,typ,0.5,0.5,0.526679120884692,0.502324513444437,0.00232451344443696,0.3940959060687491,0.3829664974213468,0.9717596440967321,42,True,0.001968662743824755,0.223414421081543,/home/2/kj405942/Byczuk_Freericks/filling_variantB_freericks/pbs_variantB_T002_typ_21x21_mu20/chunks/T_0p02__Didx_9_9__typ/dmft_solutions/T_0p02/U_1__Delta_0p9275__w1_0p5__typ,ok,
0.02,1,0.9275000000000001,typ,0.45,0.55,0.590240007810788,0.5494779205323528,-0.0005220794676472629,0.390314266489627,0.3795533401506431,0.9724300973270475,71,True,0.001953675241319476,0.3626480102539062,/home/2/kj405942/Byczuk_Freericks/filling_variantB_freericks/pbs_variantB_T002_typ_21x21_mu20/chunks/T_0p02__Didx_9_9__typ/dmft_solutions/T_0p02/U_1__Delta_0p9275__w1_0p45__typ,ok,
0.02,1,0.9275000000000001,typ,0.4,0.6,0.6444172495469803,0.5968133130758407,-0.003186686924159243,0.3828858939839025,0.3721134841809616,0.9718652215393607,61,True,0.001965507580830988,0.3044891357421875,/home/2/kj405942/Byczuk_Freericks/filling_variantB_freericks/pbs_variantB_T002_typ_21x21_mu20/chunks/T_0p02__Didx_9_9__typ/dmft_solutions/T_0p02/U_1__Delta_0p9275__w1_0p4__typ,ok,
0.02,1.1,0.9275000000000001,typ,0.5,0.5,0.60094151550929,0.4978167692069648,-0.002183230793035174,0.3459411971850624,0.327550566745018,0.9468388541472085,85,True,0.001874168897029084,0.4800574779510498,/home/2/kj405942/Byczuk_Freericks/filling_variantB_freericks/pbs_variantB_T002_typ_21x21_mu20/chunks/T_0p02__Didx_9_9__typ/dmft_solutions/T_0p02/U_1p1__Delta_0p9275__w1_0p5__typ,ok,
0.02,1.1,0.9275000000000001,typ,0.45,0.55,0.6449633447911545,0.5517189619000294,0.001718961900029403,0.3407738525184681,0.3234351226638382,0.9491195415185492,86,True,0.001989596421418023,0.4828953742980957,/home/2/kj405942/Byczuk_Freericks/filling_variantB_freericks/pbs_variantB_T002_typ_21x21_mu20/chunks/T_0p02__Didx_9_9__typ/dmft_solutions/T_0p02/U_1p1__Delta_0p9275__w1_0p45__typ,ok,
0.02,1.1,0.9275000000000001,typ,0.4,0.6,0.6957910715669995,0.602440477134297,0.00244047713429707,0.3327283603084799,0.3159924413585555,0.9497009544530315,62,True,0.001927265118434948,0.3524491786956787,/home/2/kj405942/Byczuk_Freericks/filling_variantB_freericks/pbs_variantB_T002_typ_21x21_mu20/chunks/T_0p02__Didx_9_9__typ/dmft_solutions/T_0p02/U_1p1__Delta_0p9275__w1_0p4__typ,ok,
0.02,1.3,0.9275000000000001,typ,0.5,0.5,0.7393490838445751,0.5006679218123429,0.0006679218123428754,0.2559803137041914,0.2031300654635018,0.7935378409538053,43,True,0.001961456187683235,0.1929235458374023,/home/2/kj405942/Byczuk_Freericks/filling_variantB_freericks/pbs_variantB_T002_typ_21x21_mu20/chunks/T_0p02__Didx_9_9__typ/dmft_solutions/T_0p02/U_1p3__Delta_0p9275__w1_0p5__typ,ok,
0.02,1.3,0.9275000000000001,typ,0.45,0.55,0.8239380006199726,0.5535078477876354,0.003507847787635354,0.2828333202226425,0.2260766078908414,0.7993280555235749,60,True,0.001992413986825405,0.2663881778717041,/home/2/kj405942/Byczuk_Freericks/filling_variantB_freericks/pbs_variantB_T002_typ_21x21_mu20/chunks/T_0p02__Didx_9_9__typ/dmft_solutions/T_0p02/U_1p3__Delta_0p9275__w1_0p45__typ,ok,
0.02,1.3,0.9275000000000001,typ,0.4,0.6,0.8802445629366815,0.5990941992339247,-0.0009058007660752709,0.2771712135559009,0.2223515710505671,0.8022174027308303,84,True,0.001976342594607349,0.35860276222229,/home/2/kj405942/Byczuk_Freericks/filling_variantB_freericks/pbs_variantB_T002_typ_21x21_mu20/chunks/T_0p02__Didx_9_9__typ/dmft_solutions/T_0p02/U_1p3__Delta_0p9275__w1_0p4__typ,ok,
0.02,1.2,0.9275000000000001,typ,0.5,0.5,0.6440566352652675,0.5020744839449215,0.00207448394492149,0.277910862911569,0.2520843063265276,0.9070689201765412,77,True,0.001959065059147514,0.4435267448425293,/home/2/kj405942/Byczuk_Freericks/filling_variantB_freericks/pbs_variantB_T002_typ_21x21_mu20/chunks/T_0p02__Didx_9_9__typ/dmft_solutions/T_0p02/U_1p2__Delta_0p9275__w1_0p5__typ,ok,
0.02,1.2,0.9275000000000001,typ,0.45,0.55,0.7150524739015405,0.5537882902642665,0.003788290264266414,0.2851970897710113,0.2565255812465994,0.8994677380914625,78,True,0.001958963356137277,0.4289522171020508,/home/2/kj405942/Byczuk_Freericks/filling_variantB_freericks/pbs_variantB_T002_typ_21x21_mu20/chunks/T_0p02__Didx_9_9__typ/dmft_solutions/T_0p02/U_1p2__Delta_0p9275__w1_0p45__typ,ok,
0.02,1.2,0.9275000000000001,typ,0.4,0.6,0.7912883146626372,0.5963834570398139,-0.003616542960186098,0.2884585578084651,0.257601465748745,0.8930276421883483,14,True,0.0019286430433904,0.08524513244628906,/home/2/kj405942/Byczuk_Freericks/filling_variantB_freericks/pbs_variantB_T002_typ_21x21_mu20/chunks/T_0p02__Didx_9_9__typ/dmft_solutions/T_0p02/U_1p2__Delta_0p9275__w1_0p4__typ,ok,
0.02,1.4,0.9275000000000001,typ,0.5,0.5,0.8479261643010539,0.5002789182566322,0.0002789182566321768,0.2823376508862515,0.1985801792176279,0.7033428896014726,208,True,0.001975852003266376,1.070161104202271,/home/2/kj405942/Byczuk_Freericks/filling_variantB_freericks/pbs_variantB_T002_typ_21x21_mu20/chunks/T_0p02__Didx_9_9__typ/dmft_solutions/T_0p02/U_1p4__Delta_0p9275__w1_0p5__typ,ok,
0.02,1.4,0.9275000000000001,typ,0.45,0.55,0.9190120674654381,0.5458829426926544,-0.004117057307345684,0.2904677738058768,0.2104824659371648,0.7246327645208339,248,True,0.001981363843965639,1.31255030632019,/home/2/kj405942/Byczuk_Freericks/filling_variantB_freericks/pbs_variantB_T002_typ_21x21_mu20/chunks/T_0p02__Didx_9_9__typ/dmft_solutions/T_0p02/U_1p4__Delta_0p9275__w1_0p45__typ,ok,
0.02,1.4,0.9275000000000001,typ,0.4,0.6,0.9443408735652858,0.5975083303882504,-0.002491669611749625,0.2676151979788506,0.1886582175390985,0.7049607756357992,233,True,0.001956684093862762,1.182499885559082,/home/2/kj405942/Byczuk_Freericks/filling_variantB_freericks/pbs_variantB_T002_typ_21x21_mu20/chunks/T_0p02__Didx_9_9__typ/dmft_solutions/T_0p02/U_1p4__Delta_0p9275__w1_0p4__typ,ok,
0.02,1.5,0.9275000000000001,typ,0.5,0.5,0.9520860941218268,0.4966501132527785,-0.003349886747221476,0.298196223332069,0.1949026136272609,0.6536052383541385,202,True,0.00198152009535531,1.142637014389038,/home/2/kj405942/Byczuk_Freericks/filling_variantB_freericks/pbs_variantB_T002_typ_21x21_mu20/chunks/T_0p02__Didx_9_9__typ/dmft_solutions/T_0p02/U_1p5__Delta_0p9275__w1_0p5__typ,ok,
0.02,1.5,0.9275000000000001,typ,0.45,0.55,1.028570149630684,0.5496597229448703,-0.0003402770551297341,0.3025763507951055,0.208013192890428,0.687473400825326,86,True,0.001993945245485533,0.4495217800140381,/home/2/kj405942/Byczuk_Freericks/filling_variantB_freericks/pbs_variantB_T002_typ_21x21_mu20/chunks/T_0p02__Didx_9_9__typ/dmft_solutions/T_0p02/U_1p5__Delta_0p9275__w1_0p45__typ,ok,
0.02,1.5,0.9275000000000001,typ,0.4,0.6,1.084682687614254,0.5978053597452385,-0.00219464025476146,0.290524132195972,0.2019622373603697,0.6951650998277031,72,True,0.00196281732141153,0.3821029663085938,/home/2/kj405942/Byczuk_Freericks/filling_variantB_freericks/pbs_variantB_T002_typ_21x21_mu20/chunks/T_0p02__Didx_9_9__typ/dmft_solutions/T_0p02/U_1p5__Delta_0p9275__w1_0p4__typ,ok,
0.02,1.7,0.9275000000000001,typ,0.5,0.5,1.145992980622596,0.4972684262809186,-0.002731573719081393,0.3088782581815362,0.1786470068499081,0.5783735245778041,219,True,0.001991397716103736,1.142285108566284,/home/2/kj405942/Byczuk_Freericks/filling_variantB_freericks/pbs_variantB_T002_typ_21x21_mu20/chunks/T_0p02__Didx_9_9__typ/dmft_solutions/T_0p02/U_1p7__Delta_0p9275__w1_0p5__typ,ok,
0.02,1.7,0.9275000000000001,typ,0.45,0.55,1.183466625117262,0.5543483768709399,0.004348376870939807,0.2953035595240519,0.1656225053391658,0.5608550929968599,98,True,0.001938994474989573,0.5005817413330078,/home/2/kj405942/Byczuk_Freericks/filling_variantB_freericks/pbs_variantB_T002_typ_21x21_mu20/chunks/T_0p02__Didx_9_9__typ/dmft_solutions/T_0p02/U_1p7__Delta_0p9275__w1_0p45__typ,ok,
0.02,1.7,0.9275000000000001,typ,0.4,0.6,1.218692391908614,0.6008997489852077,0.0008997489852077267,0.2788962273372405,0.1483350196870875,0.5318645616088641,59,True,0.001963987430671136,0.274705171585083,/home/2/kj405942/Byczuk_Freericks/filling_variantB_freericks/pbs_variantB_T002_typ_21x21_mu20/chunks/T_0p02__Didx_9_9__typ/dmft_solutions/T_0p02/U_1p7__Delta_0p9275__w1_0p4__typ,ok,
0.02,1.6,0.9275000000000001,typ,0.5,0.5,1.06038889475163,0.5010487711483479,0.001048771148347893,0.310768213837957,0.1952568545592833,0.6283038157213064,53,True,0.001988808006774327,0.2245519161224365,/home/2/kj405942/Byczuk_Freericks/filling_variantB_freericks/pbs_variantB_T002_typ_21x21_mu20/chunks/T_0p02__Didx_9_9__typ/dmft_solutions/T_0p02/U_1p6__Delta_0p9275__w1_0p5__typ,ok,
0.02,1.6,0.9275000000000001,typ,0.45,0.55,1.122561046035147,0.545932092164087,-0.004067907835913043,0.3054744178972226,0.1976924699206172,0.6471653871426026,128,True,0.001957291657486346,0.5173046588897705,/home/2/kj405942/Byczuk_Freericks/filling_variantB_freericks/pbs_variantB_T002_typ_21x21_mu20/chunks/T_0p02__Didx_9_9__typ/dmft_solutions/T_0p02/U_1p6__Delta_0p9275__w1_0p45__typ,ok,
0.02,1.6,0.9275000000000001,typ,0.4,0.6,1.134964585341903,0.5963427265673209,-0.003657273432679076,0.279518036031315,0.1663493797775473,0.5951293238154793,172,True,0.001988390425848261,0.6502866744995117,/home/2/kj405942/Byczuk_Freericks/filling_variantB_freericks/pbs_variantB_T002_typ_21x21_mu20/chunks/T_0p02__Didx_9_9__typ/dmft_solutions/T_0p02/U_1p6__Delta_0p9275__w1_0p4__typ,ok,
0.02,1.8,0.9275000000000001,typ,0.5,0.5,1.175522645698575,0.4967390758992216,-0.003260924100778384,0.2551233186534829,0.1021666770349008,0.4004599719622925,208,True,0.001952376679062828,0.8072993755340576,/home/2/kj405942/Byczuk_Freericks/filling_variantB_freericks/pbs_variantB_T002_typ_21x21_mu20/chunks/T_0p02__Didx_9_9__typ/dmft_solutions/T_0p02/U_1p8__Delta_0p9275__w1_0p5__typ,ok,
0.02,1.8,0.9275000000000001,typ,0.45,0.55,1.271235920364162,0.5517805243103846,0.001780524310384557,0.296108742090341,0.1536274886129117,0.5188211855158292,85,True,0.001915243240822969,0.2802183628082275,/home/2/kj405942/Byczuk_Freericks/filling_variantB_freericks/pbs_variantB_T002_typ_21x21_mu20/chunks/T_0p02__Didx_9_9__typ/dmft_solutions/T_0p02/U_1p8__Delta_0p9275__w1_0p45__typ,ok,
0.02,1.8,0.9275000000000001,typ,0.4,0.6,1.31484914550736,0.5958993927552692,-0.004100607244730825,0.2833559557700316,0.1423273922535132,0.5022918677206999,51,True,0.001962897496770018,0.2004666328430176,/home/2/kj405942/Byczuk_Freericks/filling_variantB_freericks/pbs_variantB_T002_typ_21x21_mu20/chunks/T_0p02__Didx_9_9__typ/dmft_solutions/T_0p02/U_1p8__Delta_0p9275__w1_0p4__typ,ok,
0.02,1.9,0.9275000000000001,typ,0.5,0.5,1.342024522539238,0.4977490196984576,-0.00225098030154236,0.3173654007791964,0.1713276082710765,0.5398433724988058,122,True,0.001979742459413284,0.4000320434570312,/home/2/kj405942/Byczuk_Freericks/filling_variantB_freericks/pbs_variantB_T002_typ_21x21_mu20/chunks/T_0p02__Didx_9_9__typ/dmft_solutions/T_0p02/U_1p9__Delta_0p9275__w1_0p5__typ,ok,
0.02,1.9,0.9275000000000001,typ,0.45,0.55,1.371869040504338,0.552737265948297,0.00273726594829693,0.3013376646229907,0.1521652883732668,0.504966043868574,120,True,0.001985527829968073,0.31005859375,/home/2/kj405942/Byczuk_Freericks/filling_variantB_freericks/pbs_variantB_T002_typ_21x21_mu20/chunks/T_0p02__Didx_9_9__typ/dmft_solutions/T_0p02/U_1p9__Delta_0p9275__w1_0p45__typ,ok,
0.02,1.9,0.9275000000000001,typ,0.4,0.6,1.419240886381352,0.5965823521918268,-0.003417647808173219,0.2888239189116334,0.1438520943150175,0.4980615693364007,46,True,0.001988748929948314,0.1047301292419434,/home/2/kj405942/Byczuk_Freericks/filling_variantB_freericks/pbs_variantB_T002_typ_21x21_mu20/chunks/T_0p02__Didx_9_9__typ/dmft_solutions/T_0p02/U_1p9__Delta_0p9275__w1_0p4__typ,ok,
0.02,2,0.9275000000000001,typ,0.5,0.5,1.415842918795187,0.4951960116098089,-0.004803988390191138,0.3091245520106416,0.1478363400291925,0.4782419871460202,200,True,0.001990890776443233,0.4631798267364502,/home/2/kj405942/Byczuk_Freericks/filling_variantB_freericks/pbs_variantB_T002_typ_21x21_mu20/chunks/T_0p02__Didx_9_9__typ/dmft_solutions/T_0p02/U_2__Delta_0p9275__w1_0p5__typ,ok,
0.02,2,0.9275000000000001,typ,0.45,0.55,1.468965056265532,0.5519598281381992,0.001959828138199171,0.3046137881719371,0.1484424916190242,0.4873137637986266,50,True,0.001964184684460744,0.11037278175354,/home/2/kj405942/Byczuk_Freericks/filling_variantB_freericks/pbs_variantB_T002_typ_21x21_mu20/chunks/T_0p02__Didx_9_9__typ/dmft_solutions/T_0p02/U_2__Delta_0p9275__w1_0p45__typ,ok,
0.02,2,0.9275000000000001,typ,0.4,0.6,1.523172617785536,0.5979226906313447,-0.002077309368655245,0.2931528539020411,0.1451392257452432,0.4950974340292195,40,True,0.001971486716044049,0.1652088165283203,/home/2/kj405942/Byczuk_Freericks/filling_variantB_freericks/pbs_variantB_T002_typ_21x21_mu20/chunks/T_0p02__Didx_9_9__typ/dmft_solutions/T_0p02/U_2__Delta_0p9275__w1_0p4__typ,ok,
