T,U,Delta,kind,w1_nf,ne_target,mu,ne_actual,dne,A_arith_0,A_typ_0,R0_typ_over_arith,iterations,converged,diff,sigma,kappa,kappa_bare,thermoelectric_correction,lorenz,L11,L12,L22,tau_min,tau_max,max_ImSigma_raw,max_ImSigma_thermal,n_causality_bad,n_causality_bad_thermal,solution_dir,status,error
0.02,0,0.05,typ,0.5,0.5,0.03376553691139006,0.4986670903237789,-0.001332909676221128,0.6354094950887158,0.635408286525458,0.9999980979773404,73,True,0.001985135853039514,16.64320687469065,1.153665830699531,1.154173296265513,0.0005074655659821945,3.465876015919481,16.64320687469065,-0.01299681068295114,0.02308346592531026,2.938375146581618e-11,141.7810935798988,0.2103754181773163,0.001468502392489579,105,31,/home/2/kj405942/Byczuk_Freericks/filling_variantB_freericks/pbs_variantB_T002_typ_21x21_mu20/chunks/T_0p02__Didx_0_0__typ/dmft_solutions/T_0p02/U_0__Delta_0p05__w1_0p5__typ,ok,
0.02,0.1,0.05,typ,0.5,0.5,0.08503880070918149,0.4989181583545322,-0.001081841645467763,0.6322086621699922,0.6322074389383434,0.9999980651456996,83,True,0.001992796841832168,24.2291851790945,1.643520436835609,1.643808744965749,0.0002883081301404025,3.39161309942374,24.2291851790945,-0.01181987400424411,0.03287617489931498,2.937178924468615e-11,403.4576974845945,0.2070058352812009,-0.003537814424223129,27,0,/home/2/kj405942/Byczuk_Freericks/filling_variantB_freericks/pbs_variantB_T002_typ_21x21_mu20/chunks/T_0p02__Didx_0_0__typ/dmft_solutions/T_0p02/U_0p1__Delta_0p05__w1_0p5__typ,ok,
0.02,0.1,0.05,typ,0.45,0.55,0.1688765995360494,0.5547816628255382,0.004781662825538158,0.6278405165622201,0.6278254917740173,0.9999760691006609,72,True,0.001836846693944527,23.25339918359057,1.559650825177474,1.559831527086295,0.000180701908821005,3.353597495281651,23.25339918359057,-0.009167260898492652,0.0311966305417259,2.809364098033096e-11,173.4286471911407,0.2010980575787279,-0.003591930885500638,18,0,/home/2/kj405942/Byczuk_Freericks/filling_variantB_freericks/pbs_variantB_T002_typ_21x21_mu20/chunks/T_0p02__Didx_0_0__typ/dmft_solutions/T_0p02/U_0p1__Delta_0p05__w1_0p45__typ,ok,
0.02,0.1,0.05,typ,0.4,0.6,0.2430909530754028,0.6043952157046637,0.004395215704663724,0.6195631188237918,0.6195225187671168,0.9999344698620021,96,True,0.001913799558552861,19.86451595844593,1.332556160553037,1.332802766114997,0.0002466055619605308,3.354111832728712,19.86451595844593,-0.009898181773443537,0.02665605532229995,2.701239666629327e-11,115.2176884126748,0.1909168385611799,-0.004344283440866514,4,0,/home/2/kj405942/Byczuk_Freericks/filling_variantB_freericks/pbs_variantB_T002_typ_21x21_mu20/chunks/T_0p02__Didx_0_0__typ/dmft_solutions/T_0p02/U_0p1__Delta_0p05__w1_0p4__typ,ok,
0.02,0,0.05,typ,0.45,0.55,0.1144599908815729,0.5502129557071005,0.0002129557071004484,0.6316648768987069,0.6316513119076432,0.999978525019263,47,True,0.00198387346414826,22.42794848154226,1.465124083851186,1.486946641459306,0.02182255760811963,3.266290907206589,22.42794848154226,-0.09893787927486572,0.02973893282918611,2.821988046801422e-11,152.5243566541264,0.2056191103814239,0.001316293398819834,92,20,/home/2/kj405942/Byczuk_Freericks/filling_variantB_freericks/pbs_variantB_T002_typ_21x21_mu20/chunks/T_0p02__Didx_0_0__typ/dmft_solutions/T_0p02/U_0__Delta_0p05__w1_0p45__typ,ok,
0.02,0.3,0.05,typ,0.5,0.5,0.1849852090026257,0.5023411166565461,0.002341116656546127,0.6062816656314955,0.6062810831135996,0.9999990391959234,67,True,0.001843664565416566,3.275084983191105,0.215688504578455,0.2156885624431839,5.786472895130644e-08,3.292868821503025,3.275084983191105,-6.156490962307137e-05,0.004313771248863679,2.943177304675464e-11,59.50081131755795,0.1793769635895466,-0.0436029997911942,4,0,/home/2/kj405942/Byczuk_Freericks/filling_variantB_freericks/pbs_variantB_T002_typ_21x21_mu20/chunks/T_0p02__Didx_0_0__typ/dmft_solutions/T_0p02/U_0p3__Delta_0p05__w1_0p5__typ,ok,
0.02,0.3,0.05,typ,0.45,0.55,0.2515663050515295,0.5495631036576063,-0.0004368963423937444,0.6028719330838465,0.6028638360732547,0.9999865692692802,58,True,0.001974333899515769,3.232069974927509,0.2129012358671718,0.2129136512254344,1.241535826261385e-05,3.293574048809801,3.232069974927509,-0.0008958493921252877,0.004258273024508688,2.824837888928271e-11,46.50838205841787,0.1706080221274295,-0.042792125957544,4,0,/home/2/kj405942/Byczuk_Freericks/filling_variantB_freericks/pbs_variantB_T002_typ_21x21_mu20/chunks/T_0p02__Didx_0_0__typ/dmft_solutions/T_0p02/U_0p3__Delta_0p05__w1_0p45__typ,ok,
0.02,0,0.05,typ,0.4,0.6,0.1938686547108645,0.5994814586637833,-0.0005185413362166491,0.6236879957702949,0.6236488330090705,0.999937207768163,33,True,0.001912064619059653,39.75741422918104,2.923938428901999,2.974337316601595,0.05039888769959621,3.6772240921492,39.75741422918104,0.2001863858988829,0.0594867463320319,2.712967475781808e-11,295.8633284010895,0.1962930485472798,0.0003294638747985412,71,3,/home/2/kj405942/Byczuk_Freericks/filling_variantB_freericks/pbs_variantB_T002_typ_21x21_mu20/chunks/T_0p02__Didx_0_0__typ/dmft_solutions/T_0p02/U_0__Delta_0p05__w1_0p4__typ,ok,
0.02,0.3,0.05,typ,0.4,0.6,0.3323928158314893,0.6039010375483029,0.003901037548302955,0.5938042184157023,0.593776070057671,0.9999525965677603,98,True,0.001992729561121214,3.099578095105431,0.2041139750014657,0.2041754827089714,6.150770750568054e-05,3.292609005783461,3.099578095105431,-0.001952679916754199,0.004083509654179428,2.693390525099372e-11,13.23211311078772,0.1593302538530503,-0.04238260228550628,5,0,/home/2/kj405942/Byczuk_Freericks/filling_variantB_freericks/pbs_variantB_T002_typ_21x21_mu20/chunks/T_0p02__Didx_0_0__typ/dmft_solutions/T_0p02/U_0p3__Delta_0p05__w1_0p4__typ,ok,
0.02,0.2,0.05,typ,0.4,0.6,0.2765937630236097,0.5993042692644911,-0.0006957307355088815,0.6114459839560366,0.6114139115755207,0.9999475466658423,36,True,0.001946792494485469,6.881668592214128,0.4543803653996075,0.4544580646210371,7.769922142962922e-05,3.301382210658112,6.881668592214128,-0.003270169083554458,0.009089161292420742,2.711632116658012e-11,25.06974411288987,0.1806878360151815,-0.01772884013464893,4,0,/home/2/kj405942/Byczuk_Freericks/filling_variantB_freericks/pbs_variantB_T002_typ_21x21_mu20/chunks/T_0p02__Didx_0_0__typ/dmft_solutions/T_0p02/U_0p2__Delta_0p05__w1_0p4__typ,ok,
0.02,0.2,0.05,typ,0.5,0.5,0.1336671753022461,0.4990051699811325,-0.0009948300188675208,0.6226304655795153,0.6226295639411015,0.9999985518883774,148,True,0.001952543156704246,7.295507124145736,0.4821583912823875,0.4821612467749005,2.855492513002186e-06,3.304488523399568,7.295507124145736,-0.0006454806886584952,0.00964322493549801,2.941445518529138e-11,31.02863738597787,0.1961282511926728,-0.01848656627648121,5,0,/home/2/kj405942/Byczuk_Freericks/filling_variantB_freericks/pbs_variantB_T002_typ_21x21_mu20/chunks/T_0p02__Didx_0_0__typ/dmft_solutions/T_0p02/U_0p2__Delta_0p05__w1_0p5__typ,ok,
0.02,0.2,0.05,typ,0.45,0.55,0.2096496462587578,0.5510716398938541,0.001071639893854059,0.6187285210580229,0.6187167826360191,0.9999810281543452,32,True,0.001897191332489723,7.102522177395141,0.4692900775259582,0.4693215875902976,3.151006433930954e-05,3.303686111812121,7.102522177395141,-0.002115660326144506,0.009386431751805951,2.817237497467726e-11,24.91463637939567,0.1879906740968539,-0.01820350317225417,5,0,/home/2/kj405942/Byczuk_Freericks/filling_variantB_freericks/pbs_variantB_T002_typ_21x21_mu20/chunks/T_0p02__Didx_0_0__typ/dmft_solutions/T_0p02/U_0p2__Delta_0p05__w1_0p45__typ,ok,
0.02,0.4,0.05,typ,0.45,0.55,0.2971318025382,0.5501655257271614,0.0001655257271613308,0.5794547142079614,0.5794496932671044,0.9999913350590929,42,True,0.001910271598464687,1.764740904548485,0.1163600558622785,0.1163664305040381,6.374641759560981e-06,3.296802821376478,1.764740904548485,-0.0004743330278388844,0.002327328610080761,2.828632837682418e-11,14.04038642554231,0.152782674049589,-0.07903592333681075,4,0,/home/2/kj405942/Byczuk_Freericks/filling_variantB_freericks/pbs_variantB_T002_typ_21x21_mu20/chunks/T_0p02__Didx_0_0__typ/dmft_solutions/T_0p02/U_0p4__Delta_0p05__w1_0p45__typ,ok,
0.02,0.4,0.05,typ,0.4,0.6,0.3632624205616025,0.5990864905627182,-0.0009135094372817454,0.5720809735651857,0.5720638664163515,0.9999700966303291,85,True,0.00195677027629409,1.715529546473765,0.1131098333121013,0.1131450241950431,3.519088294177118e-05,3.296644862357405,1.715529546473765,-0.001098826641951387,0.002262900483900862,2.709977616072733e-11,81.40693827862988,0.1355140339972721,-0.07854031571537584,4,0,/home/2/kj405942/Byczuk_Freericks/filling_variantB_freericks/pbs_variantB_T002_typ_21x21_mu20/chunks/T_0p02__Didx_0_0__typ/dmft_solutions/T_0p02/U_0p4__Delta_0p05__w1_0p4__typ,ok,
0.02,0.4,0.05,typ,0.5,0.5,0.2329270522858246,0.500798806270399,0.0007988062703989662,0.5827000814993225,0.5826999051621441,0.9999996973791767,29,True,0.001889245223104922,1.784796968046215,0.1176713092952288,0.1176714828619009,1.735666721381764e-07,3.296490060268352,1.784796968046215,7.871229512421661e-05,0.002353429657238019,2.951006080364884e-11,42.5409122611711,0.1550940173594154,-0.07977426498739659,4,0,/home/2/kj405942/Byczuk_Freericks/filling_variantB_freericks/pbs_variantB_T002_typ_21x21_mu20/chunks/T_0p02__Didx_0_0__typ/dmft_solutions/T_0p02/U_0p4__Delta_0p05__w1_0p5__typ,ok,
0.02,0.6000000000000001,0.05,typ,0.4,0.6,0.4641832417858148,0.6008074903299592,0.0008074903299591929,0.4982137181664842,0.4982114497773801,0.9999954469557514,75,True,0.00198841652374538,0.6398122038562574,0.04279495618810943,0.04279868697730526,3.730789195826741e-06,3.344337286017438,0.6398122038562574,-0.0002184950552074358,0.0008559737395461052,2.693865892896355e-11,14.21601320776317,0.08594243081161512,-0.1877638208679899,4,0,/home/2/kj405942/Byczuk_Freericks/filling_variantB_freericks/pbs_variantB_T002_typ_21x21_mu20/chunks/T_0p02__Didx_0_0__typ/dmft_solutions/T_0p02/U_0p6__Delta_0p05__w1_0p4__typ,ok,
0.02,0.5,0.05,typ,0.5,0.5,0.2866692211807956,0.4994495200138925,-0.0005504799861075216,0.55089652387358,0.5508965236722919,0.9999999996346173,206,True,0.001972915570033542,1.072503793959598,0.07100554920386422,0.07100659691518649,1.047711322268569e-06,3.31027030411321,1.072503793959598,0.0001499115984910752,0.00142013193830373,2.951627481957083e-11,63.15884345839079,0.1220251158241361,-0.1278304002445692,4,0,/home/2/kj405942/Byczuk_Freericks/filling_variantB_freericks/pbs_variantB_T002_typ_21x21_mu20/chunks/T_0p02__Didx_0_0__typ/dmft_solutions/T_0p02/U_0p5__Delta_0p05__w1_0p5__typ,ok,
0.02,0.6000000000000001,0.05,typ,0.45,0.55,0.3966793632117363,0.5482980348897978,-0.001701965110202264,0.5061015341814832,0.5061012655672028,0.9999994692482392,84,True,0.001996729424036599,0.6620392955831137,0.04426000778396076,0.04426001264233707,4.858376303566506e-09,3.342702470929407,0.6620392955831137,-8.02051871850052e-06,0.0008852002528467414,2.828262733781978e-11,57.4862542242569,0.08721820755263443,-0.1893220207276436,4,0,/home/2/kj405942/Byczuk_Freericks/filling_variantB_freericks/pbs_variantB_T002_typ_21x21_mu20/chunks/T_0p02__Didx_0_0__typ/dmft_solutions/T_0p02/U_0p6__Delta_0p05__w1_0p45__typ,ok,
0.02,0.6000000000000001,0.05,typ,0.5,0.5,0.3381098464671526,0.5007754891019035,0.0007754891019035037,0.5096545880967401,0.5096541203428547,0.9999990822139223,102,True,0.001977759374082495,0.6746452330096501,0.04507941021572685,0.04508479998613174,5.389770404890583e-06,3.340971521774767,0.6746452330096501,0.0002696732434141706,0.0009016959997226349,2.957329724444964e-11,63.0865335764622,0.08199979854449407,-0.1863252637933894,4,0,/home/2/kj405942/Byczuk_Freericks/filling_variantB_freericks/pbs_variantB_T002_typ_21x21_mu20/chunks/T_0p02__Didx_0_0__typ/dmft_solutions/T_0p02/U_0p6__Delta_0p05__w1_0p5__typ,ok,
0.02,0.5,0.05,typ,0.4,0.6,0.4064444682450118,0.5987221728593561,-0.001277827140643839,0.5405218854343339,0.5405125517273616,0.9999827320461505,51,True,0.001821631806851488,1.028358404277828,0.0681141502160037,0.0681343484626076,2.019824660390299e-05,3.311790419208822,1.028358404277828,-0.0006445314057018439,0.001362686969252152,2.711230048848182e-11,49.48364483054952,0.1140011628371912,-0.1281734668518875,4,0,/home/2/kj405942/Byczuk_Freericks/filling_variantB_freericks/pbs_variantB_T002_typ_21x21_mu20/chunks/T_0p02__Didx_0_0__typ/dmft_solutions/T_0p02/U_0p5__Delta_0p05__w1_0p4__typ,ok,
0.02,0.7000000000000001,0.05,typ,0.5,0.5,0.3952465729723196,0.49993071002114,-6.928997885996546e-05,0.4575794074148967,0.4575752412768955,0.9999908952677203,83,True,0.001962836609927732,0.4287428076584043,0.02916262646882579,0.02919067786499715,2.805139617135613e-05,3.400946435474757,0.4287428076584043,0.0004904453966191433,0.000583813557299943,2.955357119074926e-11,14.16426458302785,0.03853005042137547,-0.2503167653857415,3,0,/home/2/kj405942/Byczuk_Freericks/filling_variantB_freericks/pbs_variantB_T002_typ_21x21_mu20/chunks/T_0p02__Didx_0_0__typ/dmft_solutions/T_0p02/U_0p7__Delta_0p05__w1_0p5__typ,ok,
0.02,0.7000000000000001,0.05,typ,0.45,0.55,0.4618997180311469,0.5539299458948431,0.003929945894843079,0.4545159970749303,0.45451317289253,0.9999937863960379,31,True,0.001920992587020801,0.4214532759967793,0.02861654147195027,0.0286342236576008,1.768218565052614e-05,3.394983869121586,0.4214532759967793,0.0003860625614896499,0.000572684473152016,2.808033389601326e-11,11.38971958909595,0.0519267981696932,-0.2528092321707918,3,0,/home/2/kj405942/Byczuk_Freericks/filling_variantB_freericks/pbs_variantB_T002_typ_21x21_mu20/chunks/T_0p02__Didx_0_0__typ/dmft_solutions/T_0p02/U_0p7__Delta_0p05__w1_0p45__typ,ok,
0.02,0.7000000000000001,0.05,typ,0.4,0.6,0.5069840660679628,0.5973415048729213,-0.002658495127078719,0.445888353151483,0.4458880332063984,0.9999992824547169,139,True,0.001957980564232545,0.4022114529484124,0.02746064787854977,0.02746188685225508,1.238973705310045e-06,3.413707849098951,0.4022114529484124,9.983280164130737e-05,0.0005492377370451017,2.698021058602097e-11,18.58026254994282,0.05025833337526453,-0.2614029099812209,3,0,/home/2/kj405942/Byczuk_Freericks/filling_variantB_freericks/pbs_variantB_T002_typ_21x21_mu20/chunks/T_0p02__Didx_0_0__typ/dmft_solutions/T_0p02/U_0p7__Delta_0p05__w1_0p4__typ,ok,
0.02,0.5,0.05,typ,0.45,0.55,0.3530935015315489,0.5528171860033415,0.002817186003341465,0.5471612878254198,0.5471589224151659,0.9999956769415043,70,True,0.001923059701507546,1.053616778824956,0.06976048994906735,0.06976286082673755,2.370877670195818e-06,3.310524820365312,1.053616778824956,-0.0002235171802730043,0.001395257216534751,2.819234126633761e-11,74.57859179903957,0.1224668327137738,-0.1282752706760561,4,0,/home/2/kj405942/Byczuk_Freericks/filling_variantB_freericks/pbs_variantB_T002_typ_21x21_mu20/chunks/T_0p02__Didx_0_0__typ/dmft_solutions/T_0p02/U_0p5__Delta_0p05__w1_0p45__typ,ok,
0.02,0.8,0.05,typ,0.5,0.5,0.4590321220934208,0.5012035299147515,0.001203529914751478,0.3972434456761685,0.3972189466457274,0.9999383274143155,51,True,0.001939949082567759,0.2726962027349595,0.01888124458837051,0.01903038834789193,0.0001491437595214243,3.461955905326939,0.2726962027349595,0.0009018972988440355,0.0003806077669578386,2.944803886239978e-11,9.492766494043774,0.0008855816182679875,-0.3112348361441911,2,0,/home/2/kj405942/Byczuk_Freericks/filling_variantB_freericks/pbs_variantB_T002_typ_21x21_mu20/chunks/T_0p02__Didx_0_0__typ/dmft_solutions/T_0p02/U_0p8__Delta_0p05__w1_0p5__typ,ok,
0.02,0.8,0.05,typ,0.4,0.6,0.5742454622680843,0.5995706803958541,-0.000429319604145828,0.3879900442871526,0.3879676940976617,0.9999423949407467,88,True,0.001969428804732519,0.2557298285055114,0.01760826369259444,0.01770578871771325,9.752502511881469e-05,3.442747331333496,0.2557298285055114,0.000706258563822488,0.0003541157743542651,2.670681363910978e-11,8.516344589111041,0.01714716471424982,-0.3289619630700726,2,0,/home/2/kj405942/Byczuk_Freericks/filling_variantB_freericks/pbs_variantB_T002_typ_21x21_mu20/chunks/T_0p02__Didx_0_0__typ/dmft_solutions/T_0p02/U_0p8__Delta_0p05__w1_0p4__typ,ok,
0.02,0.8,0.05,typ,0.45,0.55,0.5198520005495253,0.5506178920407887,0.000617892040788659,0.3962484155395898,0.3962229390012439,0.999935705639829,142,True,0.001979641691254666,0.2694946175437298,0.01851024941654695,0.0186401197540112,0.0001298703374642557,3.43425215413502,0.2694946175437298,0.0008366523402848366,0.0003728023950802241,2.799516527484819e-11,15.6860588677234,0.01074772663703921,-0.3198817814050605,2,0,/home/2/kj405942/Byczuk_Freericks/filling_variantB_freericks/pbs_variantB_T002_typ_21x21_mu20/chunks/T_0p02__Didx_0_0__typ/dmft_solutions/T_0p02/U_0p8__Delta_0p05__w1_0p45__typ,ok,
0.02,0.9,0.05,typ,0.5,0.5,0.5278906405086532,0.4956945975706969,-0.004305402429303107,0.3486643404943818,0.3485725852376305,0.9997368378520692,39,True,0.001988895554795134,0.1897314285179522,0.01245053031720604,0.0129502735670314,0.0004997432498253523,3.281093283927914,0.1897314285179522,0.00137707661864958,0.0002590054713406279,2.928320639896271e-11,1.171956183341639,0.0006731619254403372,-0.3592621063074671,1,0,/home/2/kj405942/Byczuk_Freericks/filling_variantB_freericks/pbs_variantB_T002_typ_21x21_mu20/chunks/T_0p02__Didx_0_0__typ/dmft_solutions/T_0p02/U_0p9__Delta_0p05__w1_0p5__typ,ok,
0.02,0.9,0.05,typ,0.4,0.6,0.6443041923389033,0.5987440572859511,-0.00125594271404883,0.3450645732689637,0.344969121851654,0.9997233809996618,43,True,0.001929750027357729,0.1814818351994542,0.01175628361979324,0.01211786473423545,0.0003615811144422129,3.238969786390113,0.1814818351994542,0.001145603807801254,0.000242357294684709,2.64106357182897e-11,3.158591603335264,0.0007290017395735651,-0.3890378338322817,1,0,/home/2/kj405942/Byczuk_Freericks/filling_variantB_freericks/pbs_variantB_T002_typ_21x21_mu20/chunks/T_0p02__Didx_0_0__typ/dmft_solutions/T_0p02/U_0p9__Delta_0p05__w1_0p4__typ,ok,
0.02,0.9,0.05,typ,0.45,0.55,0.5839138610576183,0.5471304207575372,-0.002869579242462894,0.3474726515637431,0.3473808202134967,0.9997357163223261,33,True,0.001870681534789747,0.1854924616429695,0.01210514497046225,0.01253431380194129,0.0004291688314790419,3.262974911013334,0.1854924616429695,0.001261804921622072,0.0002506862760388259,2.783646259683889e-11,1.782211334658005,0.0007122589164107483,-0.3782009982658245,1,0,/home/2/kj405942/Byczuk_Freericks/filling_variantB_freericks/pbs_variantB_T002_typ_21x21_mu20/chunks/T_0p02__Didx_0_0__typ/dmft_solutions/T_0p02/U_0p9__Delta_0p05__w1_0p45__typ,ok,
0.02,1,0.05,typ,0.5,0.5,0.6362737417956086,0.4970632049364744,-0.002936795063525566,0.3524882977598487,0.3522937851847445,0.999448172956832,115,True,0.001994935708564124,0.1969525316391802,0.01231320426698896,0.01278908727078066,0.0004758830037917019,3.125931960485514,0.1969525316391802,0.001369133757971319,0.0002557817454156131,2.855113926963649e-11,0.9510541317771994,0.0006404998991631789,-0.3675281801335842,1,0,/home/2/kj405942/Byczuk_Freericks/filling_variantB_freericks/pbs_variantB_T002_typ_21x21_mu20/chunks/T_0p02__Didx_0_0__typ/dmft_solutions/T_0p02/U_1__Delta_0p05__w1_0p5__typ,ok,
0.02,1,0.05,typ,0.45,0.55,0.6921070337143791,0.5481065646609784,-0.001893435339021643,0.3506532006957658,0.3504636048650286,0.9994593067156924,128,True,0.001967727460071009,0.190525807175801,0.01195178779343127,0.01234180848841431,0.0003900206949830432,3.136527269086223,0.190525807175801,0.001219089887800823,0.0002468361697682862,2.708535405933588e-11,1.281094251577794,0.0007096021573276518,-0.392113962910863,1,0,/home/2/kj405942/Byczuk_Freericks/filling_variantB_freericks/pbs_variantB_T002_typ_21x21_mu20/chunks/T_0p02__Didx_0_0__typ/dmft_solutions/T_0p02/U_1__Delta_0p05__w1_0p45__typ,ok,
0.02,1,0.05,typ,0.4,0.6,0.7696430495774267,0.604778281865417,0.004778281865417067,0.3580665876166224,0.3578884922292629,0.9995026193632172,130,True,0.001951894709019215,0.1990450143102003,0.01262544071059011,0.01289037420624697,0.0002649334956568574,3.171503881758646,0.1990450143102003,0.001026973139222936,0.0002578074841249393,2.542807561531285e-11,2.421080966331469,0.0007880005584889983,-0.3969458152285706,1,0,/home/2/kj405942/Byczuk_Freericks/filling_variantB_freericks/pbs_variantB_T002_typ_21x21_mu20/chunks/T_0p02__Didx_0_0__typ/dmft_solutions/T_0p02/U_1__Delta_0p05__w1_0p4__typ,ok,
0.02,1.4,0.05,typ,0.5,0.5,0.960948078798706,0.4968757546439354,-0.003124245356064592,0.2994803001576757,0.2990800826824981,0.9986636267061078,217,True,0.001961591775121437,0.140016827157613,0.008672231185228512,0.009136436546135874,0.0004642053609073626,3.096853200175156,0.140016827157613,0.001140145269549486,0.0001827287309227175,2.741079759846595e-11,0.4677640198514647,-0.000139997183191346,-0.02859776354890632,0,0,/home/2/kj405942/Byczuk_Freericks/filling_variantB_freericks/pbs_variantB_T002_typ_21x21_mu20/chunks/T_0p02__Didx_0_0__typ/dmft_solutions/T_0p02/U_1p4__Delta_0p05__w1_0p5__typ,ok,
0.02,1.4,0.05,typ,0.45,0.55,1.009606069899489,0.5488857717332426,-0.001114228266757444,0.2944420907536799,0.2940342674146725,0.9986149285315715,192,True,0.001962618158704968,0.1297062560408012,0.008040808750625383,0.008444414101705197,0.0004036053510798141,3.099622561033608,0.1297062560408012,0.0010232315378896,0.0001688882820341039,2.585587519663933e-11,0.5606207101977697,-0.0001319306070201945,-0.04430240847126375,0,0,/home/2/kj405942/Byczuk_Freericks/filling_variantB_freericks/pbs_variantB_T002_typ_21x21_mu20/chunks/T_0p02__Didx_0_0__typ/dmft_solutions/T_0p02/U_1p4__Delta_0p05__w1_0p45__typ,ok,
0.02,1.4,0.05,typ,0.4,0.6,1.061389667689443,0.6007103996780138,0.0007103996780137845,0.2897183142925014,0.289303088299553,0.9985667941153034,191,True,0.00198306987944439,0.1214029692928248,0.0075393873568433,0.007882859365969762,0.0003434720091264623,3.105108302029354,0.1214029692928248,0.0009132198177539156,0.0001576571873193953,2.435339023888093e-11,0.6698250861855527,0.0001821395044700517,-0.07105544977395896,1,0,/home/2/kj405942/Byczuk_Freericks/filling_variantB_freericks/pbs_variantB_T002_typ_21x21_mu20/chunks/T_0p02__Didx_0_0__typ/dmft_solutions/T_0p02/U_1p4__Delta_0p05__w1_0p4__typ,ok,
0.02,1.2,0.05,typ,0.5,0.5,0.7020022119556703,0.4622404025208328,-0.03775959747916718,0.2123621022190059,0.2120938491860625,0.9987368130653238,250,True,0.001990097679636445,0.06513377824753658,0.003488594870792147,0.004598875634673343,0.001110280763881196,2.678022805259335,0.06513377824753658,0.00120263694494343,9.197751269346687e-05,2.93325688709034e-11,0.4780738657857702,-0.0002058169335774631,-0.09738617309719837,0,0,/home/2/kj405942/Byczuk_Freericks/filling_variantB_freericks/pbs_variantB_T002_typ_21x21_mu20/chunks/T_0p02__Didx_0_0__typ/dmft_solutions/T_0p02/U_1p2__Delta_0p05__w1_0p5__typ,ok,
0.02,1.2,0.05,typ,0.45,0.55,0.8775214069140047,0.5545243488625453,0.004524348862545269,0.3417332853357294,0.3414324833321335,0.999119775519378,237,True,0.00199642224078154,0.1814446059937425,0.0115106042344333,0.01180974674746976,0.0002991425130364581,3.171933431526279,0.1814446059937425,0.001041900143141156,0.0002361949349493952,2.609283975878102e-11,0.7447771402331906,0.0006250901055613956,-0.4233728667385082,1,0,/home/2/kj405942/Byczuk_Freericks/filling_variantB_freericks/pbs_variantB_T002_typ_21x21_mu20/chunks/T_0p02__Didx_0_0__typ/dmft_solutions/T_0p02/U_1p2__Delta_0p05__w1_0p45__typ,ok,
0.02,1.2,0.05,typ,0.4,0.6,0.9250075205269264,0.6001320422575136,0.0001320422575136204,0.3314515738900514,0.3311529795870541,0.9990991314372326,248,True,0.001993484675384182,0.1647698958515597,0.01044090019517053,0.01069961794200012,0.000258717746829595,3.168327606572222,0.1647698958515597,0.0009233514628792499,0.0002139923588400024,2.474559372676775e-11,0.781556693290084,0.0006558531323424319,-0.4603761626187264,1,0,/home/2/kj405942/Byczuk_Freericks/filling_variantB_freericks/pbs_variantB_T002_typ_21x21_mu20/chunks/T_0p02__Didx_0_0__typ/dmft_solutions/T_0p02/U_1p2__Delta_0p05__w1_0p4__typ,ok,
0.02,1.1,0.05,typ,0.5,0.5,0.7242150655242789,0.4955628490607112,-0.004437150939288814,0.3450735135160157,0.3448122392774219,0.9992428447030557,238,True,0.001966774213601678,0.1894991800996219,0.01191633530621613,0.01233366380721973,0.0004173285010036043,3.144165399541986,0.1894991800996219,0.001257643898505354,0.0002466732761443947,2.814455650735755e-11,0.6990961465703395,0.000522044759180501,-0.211760671312443,1,0,/home/2/kj405942/Byczuk_Freericks/filling_variantB_freericks/pbs_variantB_T002_typ_21x21_mu20/chunks/T_0p02__Didx_0_0__typ/dmft_solutions/T_0p02/U_1p1__Delta_0p05__w1_0p5__typ,ok,
0.02,1.1,0.05,typ,0.45,0.55,0.7540085294441292,0.536260424987146,-0.01373957501285406,0.3245606173682794,0.324298306752168,0.9991917977657353,213,True,0.001997841620174042,0.1588130235126164,0.00987645870937876,0.01029778646076495,0.0004213277513861846,3.109461205048512,0.1588130235126164,0.001156826124250416,0.0002059557292152989,2.698332733372897e-11,0.667381614856332,0.000470816428964436,-0.3260927794754341,1,0,/home/2/kj405942/Byczuk_Freericks/filling_variantB_freericks/pbs_variantB_T002_typ_21x21_mu20/chunks/T_0p02__Didx_0_0__typ/dmft_solutions/T_0p02/U_1p1__Delta_0p05__w1_0p45__typ,ok,
0.02,1.1,0.05,typ,0.4,0.6,0.8454979232988018,0.6006491618774368,0.0006491618774367991,0.3436322877136072,0.3433900469977235,0.9992950583383899,238,True,0.001998233476958037,0.1794970079296994,0.01138420583630853,0.01164347440633051,0.0002592685700219783,3.171140836165689,0.1794970079296994,0.0009647583383330448,0.0002328694881266101,2.510039183340631e-11,1.136808594735212,0.0007271188136875623,-0.4325646891552731,1,0,/home/2/kj405942/Byczuk_Freericks/filling_variantB_freericks/pbs_variantB_T002_typ_21x21_mu20/chunks/T_0p02__Didx_0_0__typ/dmft_solutions/T_0p02/U_1p1__Delta_0p05__w1_0p4__typ,ok,
0.02,1.3,0.05,typ,0.5,0.5,1,0.5520281628556452,0.05202816285564515,0.386016954966964,0.3857392455938538,0.9992805772660065,197,True,0.001985962324076274,0.2543538777966031,0.01638887486850051,0.01660869868568005,0.0002198238171795442,3.221667978973384,0.2543538777966031,0.001057478513556362,0.000332173973713601,2.607567994088427e-11,1.399428400061571,0.0008488846461511217,-0.3562028930672321,1,0,/home/2/kj405942/Byczuk_Freericks/filling_variantB_freericks/pbs_variantB_T002_typ_21x21_mu20/chunks/T_0p02__Didx_0_0__typ/dmft_solutions/T_0p02/U_1p3__Delta_0p05__w1_0p5__typ,ok,
0.02,1.3,0.05,typ,0.45,0.55,0.9419300422222765,0.5469595386943403,-0.003040461305659714,0.3187375302919054,0.3183786600034946,0.9988740883821174,238,True,0.001968471252896145,0.1546837760390607,0.009725534869430799,0.01006784088118411,0.0003423060117533073,3.143682911831331,0.1546837760390607,0.001029069351004806,0.0002013568176236821,2.598802848950276e-11,0.5723626197317769,0.0003483958732114368,-0.06333850082535644,1,0,/home/2/kj405942/Byczuk_Freericks/filling_variantB_freericks/pbs_variantB_T002_typ_21x21_mu20/chunks/T_0p02__Didx_0_0__typ/dmft_solutions/T_0p02/U_1p3__Delta_0p05__w1_0p45__typ,ok,
0.02,1.3,0.05,typ,0.4,0.6,0.9950579074049798,0.5994217499829124,-0.000578250017087556,0.3126976229838686,0.312339010685064,0.9988531658943151,241,True,0.00196735401919348,0.1439737108584715,0.009061199330823408,0.009349817624212107,0.0002886182933887003,3.146824262844317,0.1439737108584715,0.0009116298231278991,0.0001869963524842422,2.451995005268403e-11,0.6863691665995821,0.0004904560789820525,-0.1135682258650557,1,0,/home/2/kj405942/Byczuk_Freericks/filling_variantB_freericks/pbs_variantB_T002_typ_21x21_mu20/chunks/T_0p02__Didx_0_0__typ/dmft_solutions/T_0p02/U_1p3__Delta_0p05__w1_0p4__typ,ok,
0.02,1.6,0.05,typ,0.5,0.5,1.108622847077474,0.4992956428020449,-0.0007043571979551411,0.2436928274048036,0.2432501595741,0.9981835007808075,200,True,0.001959060983435497,0.0897721290661727,0.005258214262249128,0.005920529939406066,0.0006623156771569375,2.928645180272599,0.0897721290661727,0.001090481439111021,0.0001184105987881213,2.711891001075121e-11,0.4515869826940963,-0.0001492485283748673,-0.02066307008773866,0,0,/home/2/kj405942/Byczuk_Freericks/filling_variantB_freericks/pbs_variantB_T002_typ_21x21_mu20/chunks/T_0p02__Didx_0_0__typ/dmft_solutions/T_0p02/U_1p6__Delta_0p05__w1_0p5__typ,ok,
0.02,1.6,0.05,typ,0.45,0.55,1.184882167665381,0.5544941568038988,0.004494156803898752,0.2784750474324677,0.2780105128710519,0.9983318628879003,165,True,0.001973022660750691,0.1161402712882685,0.007136816281849618,0.007562035276519954,0.0004252189946703355,3.072498541068295,0.1161402712882685,0.0009938314685894942,0.0001512407055303991,2.512603504804871e-11,0.539570163878847,-0.0001179042716803376,-0.02621203670768758,0,0,/home/2/kj405942/Byczuk_Freericks/filling_variantB_freericks/pbs_variantB_T002_typ_21x21_mu20/chunks/T_0p02__Didx_0_0__typ/dmft_solutions/T_0p02/U_1p6__Delta_0p05__w1_0p45__typ,ok,
0.02,1.6,0.05,typ,0.4,0.6,1.217322012934446,0.5956248599698336,-0.004375140030166369,0.2605959883314696,0.2601099584809353,0.9981349296524239,172,True,0.001950040369751903,0.09737808642485324,0.005913470283405749,0.006330276318628622,0.0004168060352228731,3.036345496462995,0.09737808642485324,0.0009009747401601596,0.0001266055263725724,2.377957186169502e-11,0.6522401592453806,-0.000117432676901452,-0.0388054082782719,0,0,/home/2/kj405942/Byczuk_Freericks/filling_variantB_freericks/pbs_variantB_T002_typ_21x21_mu20/chunks/T_0p02__Didx_0_0__typ/dmft_solutions/T_0p02/U_1p6__Delta_0p05__w1_0p4__typ,ok,
0.02,1.5,0.05,typ,0.5,0.5,1.035269264741331,0.5006328544174624,0.000632854417462414,0.26975056518331,0.2693213555805735,0.9984088648620818,207,True,0.001996369575932851,0.110712282502491,0.006689625795719379,0.007241555810532672,0.0005519300148132941,3.021175990825074,0.110712282502491,0.001105490223580593,0.0001448311162106535,2.724962663429334e-11,0.4597349755334585,-0.0001518733354440006,-0.02501580995124586,0,0,/home/2/kj405942/Byczuk_Freericks/filling_variantB_freericks/pbs_variantB_T002_typ_21x21_mu20/chunks/T_0p02__Didx_0_0__typ/dmft_solutions/T_0p02/U_1p5__Delta_0p05__w1_0p5__typ,ok,
0.02,1.5,0.05,typ,0.4,0.6,1.134453901956431,0.6015489979088356,0.00154899790883567,0.2700039287547167,0.2695463497093774,0.9983052874547058,185,True,0.001988970977960014,0.1043506269096484,0.00637950733810705,0.006779716163137788,0.0004002088250307383,3.056765218876319,0.1043506269096484,0.0009139151140749487,0.0001355943232627558,2.411943449802968e-11,0.663791518954708,-0.000105897536220456,-0.0528266973337972,0,0,/home/2/kj405942/Byczuk_Freericks/filling_variantB_freericks/pbs_variantB_T002_typ_21x21_mu20/chunks/T_0p02__Didx_0_0__typ/dmft_solutions/T_0p02/U_1p5__Delta_0p05__w1_0p4__typ,ok,
0.02,1.7,0.05,typ,0.5,0.5,1.207043384796306,0.5003030665296906,0.0003030665296905877,0.2471116715284461,0.2466488549274642,0.9981270953406641,191,True,0.001983521195697778,0.09330272991630417,0.005508770488356031,0.006130423311767796,0.000621652823411765,2.952095020851797,0.09330272991630417,0.001077050653260986,0.0001226084662353559,2.666236967824257e-11,0.4445626533982566,-0.000151850639092092,-0.01683652496804756,0,0,/home/2/kj405942/Byczuk_Freericks/filling_variantB_freericks/pbs_variantB_T002_typ_21x21_mu20/chunks/T_0p02__Didx_0_0__typ/dmft_solutions/T_0p02/U_1p7__Delta_0p05__w1_0p5__typ,ok,
0.02,1.5,0.05,typ,0.45,0.55,1.07068372668811,0.5473480122378463,-0.002651987762153696,0.2621399788192275,0.2616960353268366,0.9983064639953408,191,True,0.001996904956692515,0.1011877292330844,0.006088315145592985,0.006609489658138804,0.0005211745125458183,3.008425622225718,0.1011877292330844,0.001027000150522589,0.0001321897931627761,2.582145328474563e-11,0.5487623220689188,-0.0001141623485873264,-0.03365150996861955,0,0,/home/2/kj405942/Byczuk_Freericks/filling_variantB_freericks/pbs_variantB_T002_typ_21x21_mu20/chunks/T_0p02__Didx_0_0__typ/dmft_solutions/T_0p02/U_1p5__Delta_0p05__w1_0p45__typ,ok,
0.02,1.7,0.05,typ,0.45,0.55,1.277811091822076,0.5529301300298026,0.00293013002980258,0.2764600320222345,0.27597684674801,0.9982522418496083,157,True,0.00199516203567672,0.1152490213020118,0.007084219041040297,0.00750087998252688,0.0004166609414865826,3.07344000018707,0.1152490213020118,0.0009799976093960989,0.0001500175996505376,2.471870954902833e-11,0.5314801812324816,-0.0001226400277290105,-0.02088288876257021,0,0,/home/2/kj405942/Byczuk_Freericks/filling_variantB_freericks/pbs_variantB_T002_typ_21x21_mu20/chunks/T_0p02__Didx_0_0__typ/dmft_solutions/T_0p02/U_1p7__Delta_0p05__w1_0p45__typ,ok,
0.02,1.8,0.05,typ,0.5,0.5,1.30585768685865,0.5008898317107588,0.0008898317107588483,0.250402412114668,0.2499234993556304,0.9980874275331727,177,True,0.00199552651802949,0.09677206758052731,0.005754284683871283,0.006341501494052092,0.0005872168101808089,2.973112400994713,0.09677206758052731,0.001066078654126786,0.0001268300298810418,2.621924068035335e-11,0.4385558169501633,-0.0001551977393607999,-0.01416715750499962,0,0,/home/2/kj405942/Byczuk_Freericks/filling_variantB_freericks/pbs_variantB_T002_typ_21x21_mu20/chunks/T_0p02__Didx_0_0__typ/dmft_solutions/T_0p02/U_1p8__Delta_0p05__w1_0p5__typ,ok,
0.02,1.7,0.05,typ,0.4,0.6,1.332236906541734,0.6028414566325482,0.0028414566325482,0.2763741004026581,0.2758793126097283,0.9982097172194901,184,True,0.001997727580594272,0.1112018325089415,0.006878769227582439,0.007217782994035814,0.0003390137664533751,3.092920805522395,0.1112018325089415,0.0008683196655077396,0.0001443556598807163,2.309703231473729e-11,0.6427838797496137,-5.396648604623789e-05,-0.03032772945674393,0,0,/home/2/kj405942/Byczuk_Freericks/filling_variantB_freericks/pbs_variantB_T002_typ_21x21_mu20/chunks/T_0p02__Didx_0_0__typ/dmft_solutions/T_0p02/U_1p7__Delta_0p05__w1_0p4__typ,ok,
0.02,1.8,0.05,typ,0.45,0.55,1.374111269005949,0.5540763823990938,0.004076382399093803,0.2763743948323419,0.2758768509293069,0.9981997467481137,163,True,0.001998673867354776,0.1159335374153284,0.007136892702739196,0.007541452659990892,0.0004045599572516965,3.078010410900986,0.1159335374153284,0.0009685253423714138,0.0001508290531998178,2.428912298608221e-11,0.5261471647779361,-0.000122989485782593,-0.01751568731786107,0,0,/home/2/kj405942/Byczuk_Freericks/filling_variantB_freericks/pbs_variantB_T002_typ_21x21_mu20/chunks/T_0p02__Didx_0_0__typ/dmft_solutions/T_0p02/U_1p8__Delta_0p05__w1_0p45__typ,ok,
0.02,1.9,0.05,typ,0.5,0.5,1.397525514431515,0.4974256716885145,-0.002574328311485463,0.2458864869077895,0.2453975409172217,0.9980114971069913,197,True,0.001991969800667843,0.09395773646430289,0.005562240026318706,0.006159864693454833,0.0005976246671361267,2.95996914976339,0.09395773646430289,0.001059730729754903,0.0001231972938690967,2.588512164099041e-11,0.4333820865273893,-0.0001644025908940556,-0.01220310984252859,0,0,/home/2/kj405942/Byczuk_Freericks/filling_variantB_freericks/pbs_variantB_T002_typ_21x21_mu20/chunks/T_0p02__Didx_0_0__typ/dmft_solutions/T_0p02/U_1p9__Delta_0p05__w1_0p5__typ,ok,
0.02,1.8,0.05,typ,0.4,0.6,1.419867064525372,0.5997934410853956,-0.0002065589146044156,0.270118114479116,0.26960294908043,0.9980928143242841,179,True,0.001991765966143826,0.1064535605593015,0.006558459383880349,0.006908188223125043,0.0003497288392446945,3.080432138400322,0.1064535605593015,0.0008629006914804197,0.0001381637644625009,2.274070870444835e-11,0.6341905431111479,-0.0001205817238567302,-0.02466653652860579,0,0,/home/2/kj405942/Byczuk_Freericks/filling_variantB_freericks/pbs_variantB_T002_typ_21x21_mu20/chunks/T_0p02__Didx_0_0__typ/dmft_solutions/T_0p02/U_1p8__Delta_0p05__w1_0p4__typ,ok,
0.02,1.9,0.05,typ,0.4,0.6,1.504327972979733,0.6017875996279782,0.001787599627978254,0.2595479634505768,0.2590127067145363,0.9979377347873413,160,True,0.001983676753435218,0.09815701582590855,0.005989861363121905,0.006371160584200685,0.0003812992210787798,3.051163135269685,0.09815701582590855,0.0008651843003411052,0.0001274232116840137,2.243546652950309e-11,0.6263678721473894,-0.000111708336137806,-0.02154505360661409,0,0,/home/2/kj405942/Byczuk_Freericks/filling_variantB_freericks/pbs_variantB_T002_typ_21x21_mu20/chunks/T_0p02__Didx_0_0__typ/dmft_solutions/T_0p02/U_1p9__Delta_0p05__w1_0p4__typ,ok,
0.02,1.9,0.05,typ,0.45,0.55,1.446065576688729,0.5490182903798917,-0.0009817096201083508,0.254527211233992,0.2540121682486093,0.9979764718165666,169,True,0.001973434526332491,0.09796057413253607,0.005897670954862658,0.006386713971058365,0.0004890430161957064,3.01022682190663,0.09796057413253607,0.0009788455919299891,0.0001277342794211673,2.416379812150795e-11,0.5234148796122443,-0.0001201321161178554,-0.01516976307304011,0,0,/home/2/kj405942/Byczuk_Freericks/filling_variantB_freericks/pbs_variantB_T002_typ_21x21_mu20/chunks/T_0p02__Didx_0_0__typ/dmft_solutions/T_0p02/U_1p9__Delta_0p05__w1_0p45__typ,ok,
0.02,2,0.05,typ,0.5,0.5,1.49775345487176,0.4977892821674579,-0.00221071783254212,0.2497933149442029,0.2492928711028834,0.9979965683171654,202,True,0.0019972041548871,0.09781968583828352,0.005828596320073931,0.006395895811275958,0.0005672994912020275,2.979255284927936,0.09781968583828352,0.001053499482729825,0.0001279179162255192,2.545710365164029e-11,0.4299074731196262,-0.0001689520275489033,-0.01075741200062752,0,0,/home/2/kj405942/Byczuk_Freericks/filling_variantB_freericks/pbs_variantB_T002_typ_21x21_mu20/chunks/T_0p02__Didx_0_0__typ/dmft_solutions/T_0p02/U_2__Delta_0p05__w1_0p5__typ,ok,
0.02,2,0.05,typ,0.45,0.55,1.538845260056521,0.5486633317304431,-0.001336668269556918,0.2510350577508645,0.2505096143776395,0.997906892455848,168,True,0.001995577018942526,0.09579652416920161,0.005750405642983166,0.006245985811481882,0.0004955801684987153,3.001364450774045,0.09579652416920161,0.0009744214446466599,0.0001249197162296376,2.380341682974106e-11,0.5180011514610736,-0.0001214699022512599,-0.01325369140171649,0,0,/home/2/kj405942/Byczuk_Freericks/filling_variantB_freericks/pbs_variantB_T002_typ_21x21_mu20/chunks/T_0p02__Didx_0_0__typ/dmft_solutions/T_0p02/U_2__Delta_0p05__w1_0p45__typ,ok,
0.02,2,0.05,typ,0.4,0.6,1.594625169971815,0.6019364372397613,0.001936437239761335,0.2541457002116791,0.2535966898997145,0.9978397812297931,147,True,0.001991372852212276,0.09435347801896525,0.005730804118868995,0.006125145775395607,0.0003943416565266119,3.036880165518165,0.09435347801896525,0.0008626413718463313,0.0001225029155079122,2.208027171454988e-11,0.6190389513329746,-0.0001108035300618469,-0.0187614874329537,0,0,/home/2/kj405942/Byczuk_Freericks/filling_variantB_freericks/pbs_variantB_T002_typ_21x21_mu20/chunks/T_0p02__Didx_0_0__typ/dmft_solutions/T_0p02/U_2__Delta_0p05__w1_0p4__typ,ok,
0.02,0.3,1.025,typ,0.45,0.55,0.278602842779205,0.5543785470162659,0.004378547016265832,0.5362134551546234,0.5193700784098626,0.9685882989640687,79,True,0.00195212728493736,0.7632004201051992,0.04998618796416723,0.049993437643052,7.249678884766402e-06,3.274774662550445,0.7632004201051992,-0.0003326547149968421,0.0009998687528610401,2.786529120042695e-11,63.97354438695549,0.06279480611105387,-0.1839355278399903,4,0,/home/2/kj405942/Byczuk_Freericks/filling_variantB_freericks/pbs_variantB_T002_typ_21x21_mu20/chunks/T_0p02__Didx_10_10__typ/dmft_solutions/T_0p02/U_0p3__Delta_1p025__w1_0p45__typ,ok,
0.02,0.3,1.025,typ,0.5,0.5,0.1816730907117159,0.4968701683419883,-0.003129831658011728,0.5380260149568019,0.5246247516344004,0.9750917930548814,49,True,0.001968175396630296,0.781676794643734,0.05120725216286859,0.05120754992708385,2.977642152638285e-07,3.275474755919254,0.781676794643734,-6.822834855791781e-05,0.001024150998541677,2.947290921129177e-11,56.62720396342652,0.0705982271646915,-0.1881161523578017,4,0,/home/2/kj405942/Byczuk_Freericks/filling_variantB_freericks/pbs_variantB_T002_typ_21x21_mu20/chunks/T_0p02__Didx_10_10__typ/dmft_solutions/T_0p02/U_0p3__Delta_1p025__w1_0p5__typ,ok,
0.02,0.3,1.025,typ,0.4,0.6,0.3463273799341113,0.6030573908070307,0.003057390807030713,0.5334618191834143,0.5110182540820201,0.9579284509325349,29,True,0.00197784208099981,0.7356204965466963,0.04816370953902306,0.04818195277693356,1.824323791049797e-05,3.273679143330238,0.7356204965466963,-0.0005180752788995057,0.0009636390555386712,2.6745674519373e-11,59.03784247502568,0.04808503254563878,-0.1790743751744293,4,0,/home/2/kj405942/Byczuk_Freericks/filling_variantB_freericks/pbs_variantB_T002_typ_21x21_mu20/chunks/T_0p02__Didx_10_10__typ/dmft_solutions/T_0p02/U_0p3__Delta_1p025__w1_0p4__typ,ok,
0.02,0.2,1.025,typ,0.5,0.5,0.1386580358820678,0.5031610558792132,0.003161055879213226,0.5452183643678844,0.5274230409574067,0.9673611078175819,83,True,0.001930884846112858,0.8064798070710063,0.05283926997498731,0.05283977967642787,5.097014405528366e-07,3.275920209762617,0.8064798070710063,-9.067126550797288e-05,0.001056795593528557,2.933069127732249e-11,29.80351257531924,0.07500655022144564,-0.1820643559703577,4,0,/home/2/kj405942/Byczuk_Freericks/filling_variantB_freericks/pbs_variantB_T002_typ_21x21_mu20/chunks/T_0p02__Didx_10_10__typ/dmft_solutions/T_0p02/U_0p2__Delta_1p025__w1_0p5__typ,ok,
0.02,0.2,1.025,typ,0.45,0.55,0.2194730304135438,0.5527888612418792,0.002788861241879159,0.5439985016964874,0.5232768773581385,0.9619086738773591,123,True,0.00199560486103918,0.7916451355835723,0.05186011368313322,0.0518659526510488,5.838967915577808e-06,3.275464684369203,0.7916451355835723,-0.0003040523161298306,0.001037319053020976,2.802507391960445e-11,31.29822689568182,0.06895515711754358,-0.1781191124268646,4,0,/home/2/kj405942/Byczuk_Freericks/filling_variantB_freericks/pbs_variantB_T002_typ_21x21_mu20/chunks/T_0p02__Didx_10_10__typ/dmft_solutions/T_0p02/U_0p2__Delta_1p025__w1_0p45__typ,ok,
0.02,0.2,1.025,typ,0.4,0.6,0.3068177577273153,0.6038835740294394,0.003883574029439396,0.5411220639440235,0.5135444207902173,0.9490361879669003,81,True,0.001989204392720107,0.7580068599275787,0.04963778257167192,0.0496562585906669,1.847601899498465e-05,3.274230432189914,0.7580068599275787,-0.0005292437839474473,0.0009931251718133379,2.670519915437212e-11,14.20904834962132,0.05043752346408542,-0.1725821721303208,4,0,/home/2/kj405942/Byczuk_Freericks/filling_variantB_freericks/pbs_variantB_T002_typ_21x21_mu20/chunks/T_0p02__Didx_10_10__typ/dmft_solutions/T_0p02/U_0p2__Delta_1p025__w1_0p4__typ,ok,
0.02,0.1,1.025,typ,0.45,0.55,0.1862559797169713,0.5451363051446,-0.004863694855400058,0.5483084151741983,0.5236814542585815,0.9550855682056371,27,True,0.001948851755357252,0.7998009837449895,0.05239990181812389,0.05240718687153055,7.285053406656165e-06,3.275808787629048,0.7998009837449895,-0.0003413676282625049,0.001048143737430611,2.783730993661368e-11,12.60169574355632,0.06802726949801152,-0.1748605833298774,4,0,/home/2/kj405942/Byczuk_Freericks/filling_variantB_freericks/pbs_variantB_T002_typ_21x21_mu20/chunks/T_0p02__Didx_10_10__typ/dmft_solutions/T_0p02/U_0p1__Delta_1p025__w1_0p45__typ,ok,
0.02,0.1,1.025,typ,0.5,0.5,0.09514048556167733,0.5042857770432859,0.004285777043285921,0.5496567411885013,0.5287042029946507,0.9618806854828239,7,True,0.001995347312954076,0.8186758960948908,0.05364469613932504,0.05364538736680682,6.912274817865464e-07,3.276308512026059,0.8186758960948908,-0.0001063852694743982,0.001072907747336136,2.921001409656089e-11,27.48855372855929,0.07752785287558228,-0.1787126372096551,4,0,/home/2/kj405942/Byczuk_Freericks/filling_variantB_freericks/pbs_variantB_T002_typ_21x21_mu20/chunks/T_0p02__Didx_10_10__typ/dmft_solutions/T_0p02/U_0p1__Delta_1p025__w1_0p5__typ,ok,
0.02,0.1,1.025,typ,0.4,0.6,0.2779295125687855,0.5966732931642102,-0.003326706835789728,0.5454525709411816,0.5132130752715576,0.9408940439789392,28,True,0.001938982536574531,0.7631958422515881,0.04998063349559265,0.05000134062158049,2.070712598783814e-05,3.2744304101644,0.7631958422515881,-0.0005622026762458158,0.00100002681243161,2.653852878853127e-11,48.00360253957264,0.04672716869134241,-0.1689191502019267,4,0,/home/2/kj405942/Byczuk_Freericks/filling_variantB_freericks/pbs_variantB_T002_typ_21x21_mu20/chunks/T_0p02__Didx_10_10__typ/dmft_solutions/T_0p02/U_0p1__Delta_1p025__w1_0p4__typ,ok,
0.02,0,1.025,typ,0.5,0.5,0.05126242796627944,0.5009191979327609,0.0009191979327608513,0.5511261853942829,0.5289347944551405,0.9597344645795292,64,True,0.00199856948519882,0.8217010075765061,0.05384663806778865,0.053847568221525,9.30153736348888e-07,3.276534747511257,0.8217010075765061,-0.0001236372324471017,0.0010769513644305,2.911051916930816e-11,57.25580390474827,0.07814631952399032,-0.1776342749320748,4,0,/home/2/kj405942/Byczuk_Freericks/filling_variantB_freericks/pbs_variantB_T002_typ_21x21_mu20/chunks/T_0p02__Didx_10_10__typ/dmft_solutions/T_0p02/U_0__Delta_1p025__w1_0p5__typ,ok,
0.02,0,1.025,typ,0.45,0.55,0.1450430130516032,0.5524145584333974,0.002414558433397329,0.5498072853664798,0.5238709162639006,0.9528264361115348,13,True,0.001917202846697608,0.8039925494863462,0.05267764285231952,0.05268461751956589,6.974667246364602e-06,3.276003172291469,0.8039925494863462,-0.0003348904448091522,0.001053692350391318,2.777715526863362e-11,27.06527434288004,0.06897349851030954,-0.172440530005697,4,0,/home/2/kj405942/Byczuk_Freericks/filling_variantB_freericks/pbs_variantB_T002_typ_21x21_mu20/chunks/T_0p02__Didx_10_10__typ/dmft_solutions/T_0p02/U_0__Delta_1p025__w1_0p45__typ,ok,
0.02,0,1.025,typ,0.4,0.6,0.2394320353124509,0.5974091676527815,-0.002590832347218464,0.5470426879181938,0.5134003334022437,0.9385014090143893,41,True,0.00196926961276923,0.7665845787516946,0.05020488434432977,0.0502254614961168,2.057715178702996e-05,3.274582201097976,0.7665845787516946,-0.0005616783284865109,0.001004509229922336,2.651204403515345e-11,65.63180390127617,0.04693588322145142,-0.1672892218568136,4,0,/home/2/kj405942/Byczuk_Freericks/filling_variantB_freericks/pbs_variantB_T002_typ_21x21_mu20/chunks/T_0p02__Didx_10_10__typ/dmft_solutions/T_0p02/U_0__Delta_1p025__w1_0p4__typ,ok,
0.02,0.5,1.025,typ,0.5,0.5,0.2817366566880907,0.5038951342826175,0.003895134282617452,0.515972875174991,0.5113455905916207,0.9910319227889625,88,True,0.001917459147083618,0.6810301879616609,0.04459253280282529,0.04459288588581101,3.530829857222066e-07,3.273902801305459,0.6810301879616609,-6.934842062115889e-05,0.0008918577177162204,2.959529185336865e-11,27.3986509966257,0.04661180922082259,-0.2159896030984756,4,0,/home/2/kj405942/Byczuk_Freericks/filling_variantB_freericks/pbs_variantB_T002_typ_21x21_mu20/chunks/T_0p02__Didx_10_10__typ/dmft_solutions/T_0p02/U_0p5__Delta_1p025__w1_0p5__typ,ok,
0.02,0.5,1.025,typ,0.4,0.6,0.4276946503145871,0.5976438778165298,-0.002356122183470144,0.5100909509613256,0.4984412411213601,0.9771615045944055,16,True,0.001961742398396872,0.6415890410958351,0.0419882892269092,0.0420064187046647,1.812947775549564e-05,3.272210600355107,0.6415890410958351,-0.0004823209356583378,0.000840128374093294,2.683025616402806e-11,14.55003189830542,0.02569569097185315,-0.2085058709784909,4,0,/home/2/kj405942/Byczuk_Freericks/filling_variantB_freericks/pbs_variantB_T002_typ_21x21_mu20/chunks/T_0p02__Didx_10_10__typ/dmft_solutions/T_0p02/U_0p5__Delta_1p025__w1_0p4__typ,ok,
0.02,0.5,1.025,typ,0.45,0.55,0.3466728283477613,0.5498900829173619,-0.000109917082638189,0.5144131225240552,0.5079445406085024,0.9874253170607047,48,True,0.001953545216205951,0.6704176544454558,0.04389219254039051,0.04389717569491506,4.98315452455245e-06,3.273496174313643,0.6704176544454558,-0.0002584877083379291,0.0008779435138983013,2.828532533876761e-11,26.78255894169754,0.04298711365403063,-0.2130061920583033,4,0,/home/2/kj405942/Byczuk_Freericks/filling_variantB_freericks/pbs_variantB_T002_typ_21x21_mu20/chunks/T_0p02__Didx_10_10__typ/dmft_solutions/T_0p02/U_0p5__Delta_1p025__w1_0p45__typ,ok,
0.02,0.4,1.025,typ,0.5,0.5,0.2388802117006819,0.4975232733265483,-0.002476726673451723,0.5281603019568307,0.5193291055780684,0.9832793257159943,14,True,0.001980269115320591,0.7392705048873349,0.04841814620355231,0.04841876246680252,6.162632502141447e-07,3.274724602392412,0.7392705048873349,-9.545525068107262e-05,0.0009683752493360506,2.942037031488966e-11,34.30417110952848,0.06030025161168162,-0.1993369989453533,4,0,/home/2/kj405942/Byczuk_Freericks/filling_variantB_freericks/pbs_variantB_T002_typ_21x21_mu20/chunks/T_0p02__Didx_10_10__typ/dmft_solutions/T_0p02/U_0p4__Delta_1p025__w1_0p5__typ,ok,
0.02,0.4,1.025,typ,0.45,0.55,0.3252277314689105,0.5494342755860768,-0.0005657244139232187,0.5260468505946009,0.5141662779412418,0.9774153715777782,32,True,0.001942594409414661,0.7214299235658045,0.0472399134073087,0.04724766407361268,7.75066630398608e-06,3.274047268085059,0.7214299235658045,-0.0003344118000091724,0.0009449532814722536,2.78923175338274e-11,49.65700336754294,0.0530331521687683,-0.1957437571168895,4,0,/home/2/kj405942/Byczuk_Freericks/filling_variantB_freericks/pbs_variantB_T002_typ_21x21_mu20/chunks/T_0p02__Didx_10_10__typ/dmft_solutions/T_0p02/U_0p4__Delta_1p025__w1_0p45__typ,ok,
0.02,0.4,1.025,typ,0.4,0.6,0.385696917365087,0.5961971231079126,-0.003802876892087359,0.5230967134249846,0.506273278697525,0.9678387680601014,24,True,0.001869989231093482,0.6962936128518361,0.04557785023121677,0.04559647338567856,1.862315446178532e-05,3.272890156534816,0.6962936128518361,-0.0005092579602302607,0.0009119294677135711,2.680040197189603e-11,84.90601312016194,0.03842051515059103,-0.1915131946847291,4,0,/home/2/kj405942/Byczuk_Freericks/filling_variantB_freericks/pbs_variantB_T002_typ_21x21_mu20/chunks/T_0p02__Didx_10_10__typ/dmft_solutions/T_0p02/U_0p4__Delta_1p025__w1_0p4__typ,ok,
0.02,0.8,1.025,typ,0.5,0.5,0.4181880129992321,0.4985191785989445,-0.001480821401055543,0.4631946009732962,0.4612670995427232,0.995838678977426,14,True,0.001874277557806539,0.4346920266297188,0.02846055179553609,0.02846061877046463,6.697492854819853e-08,3.273645483700057,0.4346920266297188,-2.413025794474524e-05,0.0005692123754092927,3.00796668099324e-11,1.59181222291133,0.001203599147081333,-0.3249377500423474,2,0,/home/2/kj405942/Byczuk_Freericks/filling_variantB_freericks/pbs_variantB_T002_typ_21x21_mu20/chunks/T_0p02__Didx_10_10__typ/dmft_solutions/T_0p02/U_0p8__Delta_1p025__w1_0p5__typ,ok,
0.02,0.8,1.025,typ,0.45,0.55,0.4854461912440631,0.5527710564700893,0.002771056470089239,0.4607743962056585,0.4580448611808974,0.994076200745445,40,True,0.001929696453134458,0.4279753185999323,0.02801768658032769,0.02802141828183214,3.731701504448552e-06,3.273282986503059,0.4279753185999323,-0.0001787219147327051,0.0005604283656366428,2.849306808477932e-11,1.380745815718253,0.004723062407366379,-0.3219991779454885,2,0,/home/2/kj405942/Byczuk_Freericks/filling_variantB_freericks/pbs_variantB_T002_typ_21x21_mu20/chunks/T_0p02__Didx_10_10__typ/dmft_solutions/T_0p02/U_0p8__Delta_1p025__w1_0p45__typ,ok,
0.02,0.8,1.025,typ,0.4,0.6,0.5467617120678899,0.5969459020001372,-0.003054097999862782,0.4555496958941982,0.4504826677998857,0.9888771123326808,87,True,0.001998196983782869,0.4132554837297555,0.02704572473717353,0.0270585643725197,1.2839635346161e-05,3.272276570062387,0.4132554837297555,-0.0003257621744736927,0.0005411712874503939,2.708185402483346e-11,1.360843159674297,0.0203779923476082,-0.3163828004037481,2,0,/home/2/kj405942/Byczuk_Freericks/filling_variantB_freericks/pbs_variantB_T002_typ_21x21_mu20/chunks/T_0p02__Didx_10_10__typ/dmft_solutions/T_0p02/U_0p8__Delta_1p025__w1_0p4__typ,ok,
0.02,0.7000000000000001,1.025,typ,0.5,0.5,0.3674522405147083,0.4953688356395592,-0.004631164360440754,0.4839056328331413,0.4831865658810617,0.9985140347553516,83,True,0.00189252468898911,0.523396569101181,0.03426110512808091,0.03426119920185635,9.407377544045633e-08,3.272958512788577,0.523396569101181,-3.138085126567786e-05,0.0006852239840371271,2.998536755839572e-11,22.83630549904335,0.001136277459611896,-0.2764769727884217,2,0,/home/2/kj405942/Byczuk_Freericks/filling_variantB_freericks/pbs_variantB_T002_typ_21x21_mu20/chunks/T_0p02__Didx_10_10__typ/dmft_solutions/T_0p02/U_0p7__Delta_1p025__w1_0p5__typ,ok,
0.02,0.7000000000000001,1.025,typ,0.4,0.6,0.5172684920257359,0.5959769069933011,-0.004023093006698897,0.4756933524889369,0.4703240554517533,0.9887126927271735,62,True,0.001910797832212809,0.4926147189331807,0.03222987827104305,0.03224631579803923,1.643752699618354e-05,3.271306868463138,0.4926147189331807,-0.0004024268316397783,0.0006449263159607846,2.685166613571894e-11,2.22715549291641,0.00236024276351541,-0.2683203335312181,2,0,/home/2/kj405942/Byczuk_Freericks/filling_variantB_freericks/pbs_variantB_T002_typ_21x21_mu20/chunks/T_0p02__Didx_10_10__typ/dmft_solutions/T_0p02/U_0p7__Delta_1p025__w1_0p4__typ,ok,
0.02,0.6000000000000001,1.025,typ,0.5,0.5,0.335299825367144,0.4965887728253174,-0.003411227174682563,0.5012045753467864,0.4994130692810854,0.9964255991389116,23,True,0.001905028484194599,0.6069273517328069,0.03973273174034395,0.0397331272182674,3.954779234525325e-07,3.273269166969085,0.6069273517328069,-6.928583819942359e-05,0.0007946625443653481,2.962129141230569e-11,52.54838399862425,0.02657597744328621,-0.2406387962827468,4,0,/home/2/kj405942/Byczuk_Freericks/filling_variantB_freericks/pbs_variantB_T002_typ_21x21_mu20/chunks/T_0p02__Didx_10_10__typ/dmft_solutions/T_0p02/U_0p6__Delta_1p025__w1_0p5__typ,ok,
0.02,0.7000000000000001,1.025,typ,0.45,0.55,0.455445323161008,0.5502300485956028,0.0002300485956027165,0.4808099412575134,0.4786738524584974,0.9955573114952048,15,True,0.001908353799153805,0.5117855020069185,0.03349588851630819,0.03350164572021416,5.757203905970935e-06,3.27245382928563,0.5117855020069185,-0.0002427531046628869,0.0006700329144042831,2.818227214589356e-11,7.102701413304791,0.001402277666100803,-0.2738783260355421,2,0,/home/2/kj405942/Byczuk_Freericks/filling_variantB_freericks/pbs_variantB_T002_typ_21x21_mu20/chunks/T_0p02__Didx_10_10__typ/dmft_solutions/T_0p02/U_0p7__Delta_1p025__w1_0p45__typ,ok,
0.02,0.6000000000000001,1.025,typ,0.45,0.55,0.4029542341038043,0.5500862184649019,8.621846490186602e-05,0.4989985705858744,0.4954865241392069,0.9929618106069039,112,True,0.0019962301526672,0.5958212408651299,0.03899922756983474,0.03900480990304404,5.582333209307678e-06,3.27272887361384,0.5958212408651299,-0.000257917533319948,0.0007800961980608809,2.820168942041212e-11,46.1769407814737,0.02190426333600293,-0.2377808270240621,4,0,/home/2/kj405942/Byczuk_Freericks/filling_variantB_freericks/pbs_variantB_T002_typ_21x21_mu20/chunks/T_0p02__Didx_10_10__typ/dmft_solutions/T_0p02/U_0p6__Delta_1p025__w1_0p45__typ,ok,
0.02,0.6000000000000001,1.025,typ,0.4,0.6,0.4658061490137818,0.6019596226881744,0.001959622688174401,0.4948780887427665,0.4874587883016829,0.985007821906336,32,True,0.001986115619952135,0.5744318707937481,0.03758602075882064,0.03760253635720506,1.651559838442032e-05,3.271582120511907,0.5744318707937481,-0.000435593527895922,0.0007520507271441012,2.692533215410478e-11,48.53252023625125,0.007673757016468552,-0.2334281654529009,3,0,/home/2/kj405942/Byczuk_Freericks/filling_variantB_freericks/pbs_variantB_T002_typ_21x21_mu20/chunks/T_0p02__Didx_10_10__typ/dmft_solutions/T_0p02/U_0p6__Delta_1p025__w1_0p4__typ,ok,
0.02,0.9,1.025,typ,0.5,0.5,0.4855113449488487,0.5024183498098372,0.002418349809837239,0.4380729597813822,0.4325702364259639,0.9874387970484086,20,True,0.001974866349635883,0.3461368312024994,0.02268294185739667,0.02268308895944769,1.471020510210098e-07,3.276585993260933,0.3461368312024994,-3.191157714805106e-05,0.0004536617791889538,2.993315936322455e-11,0.8562075799766128,-0.0002378581502536416,-0.3915330489057298,0,0,/home/2/kj405942/Byczuk_Freericks/filling_variantB_freericks/pbs_variantB_T002_typ_21x21_mu20/chunks/T_0p02__Didx_10_10__typ/dmft_solutions/T_0p02/U_0p9__Delta_1p025__w1_0p5__typ,ok,
0.02,0.9,1.025,typ,0.45,0.55,0.5337668319701543,0.5463864300465744,-0.003613569953425655,0.4354337407936762,0.4295198277607368,0.9864183399702561,30,True,0.001969157323521072,0.340874629270971,0.02233583726516109,0.0223389738870328,3.136621871711409e-06,3.276253987122887,0.340874629270971,-0.0001462323368946038,0.0004467794777406561,2.855696100069214e-11,0.9144115576757641,0.01110613398967353,-0.3894169542352541,1,0,/home/2/kj405942/Byczuk_Freericks/filling_variantB_freericks/pbs_variantB_T002_typ_21x21_mu20/chunks/T_0p02__Didx_10_10__typ/dmft_solutions/T_0p02/U_0p9__Delta_1p025__w1_0p45__typ,ok,
0.02,0.9,1.025,typ,0.4,0.6,0.6046135765628348,0.604546752805016,0.004546752805016041,0.4279889476478555,0.4207779036409983,0.9831513312516883,100,True,0.001894018209241183,0.3266423076677053,0.02139856858094681,0.02141045504520748,1.188646426066654e-05,3.275535360642209,0.3266423076677053,-0.0002786618781288113,0.0004282091009041495,2.694404289802019e-11,0.8613712493856797,0.03672538038643614,-0.3815372252935154,1,0,/home/2/kj405942/Byczuk_Freericks/filling_variantB_freericks/pbs_variantB_T002_typ_21x21_mu20/chunks/T_0p02__Didx_10_10__typ/dmft_solutions/T_0p02/U_0p9__Delta_1p025__w1_0p4__typ,ok,
0.02,1,1.025,typ,0.5,0.5,0.4959650821985414,0.4964226026608728,-0.003577397339127208,0.4073771686204398,0.3959295800150884,0.9718992877187547,4,True,0.001936192292983693,0.2622291113891759,0.01722949364293036,0.01722949371746668,7.45363250155592e-11,3.2851984952502,0.2622291113891759,6.252294662769005e-07,0.0003445898743493337,3.054902409781207e-11,0.5459001913232641,-0.0004850501797850745,-0.484282577682378,0,0,/home/2/kj405942/Byczuk_Freericks/filling_variantB_freericks/pbs_variantB_T002_typ_21x21_mu20/chunks/T_0p02__Didx_10_10__typ/dmft_solutions/T_0p02/U_1__Delta_1p025__w1_0p5__typ,ok,
0.02,1,1.025,typ,0.45,0.55,0.5780733708804193,0.5456756022619548,-0.004324397738045271,0.4044893272120885,0.3930013299914264,0.971598763062941,8,True,0.001983310164252959,0.2580223294101622,0.01695306567403436,0.0169552409124009,2.175238366550327e-06,3.285193516543507,0.2580223294101622,-0.0001059490509971346,0.0003391048182480181,2.868749404195278e-11,2.444596901934497,0.006753876249224328,-0.4801360618067512,1,0,/home/2/kj405942/Byczuk_Freericks/filling_variantB_freericks/pbs_variantB_T002_typ_21x21_mu20/chunks/T_0p02__Didx_10_10__typ/dmft_solutions/T_0p02/U_1__Delta_1p025__w1_0p45__typ,ok,
0.02,1.1,1.025,typ,0.5,0.5,0.5864091502647464,0.4952849458255834,-0.004715054174416589,0.3676016942180348,0.348318660810156,0.9475436764542182,82,True,0.001958774227333701,0.1841213087692401,0.01219200344510036,0.01219221821107074,2.147659703797829e-07,3.310861607110517,0.1841213087692401,2.812223019087266e-05,0.0002438443642214148,3.018816994763404e-11,0.3550157303809574,-0.0005400385316539425,-0.6004074450090868,0,0,/home/2/kj405942/Byczuk_Freericks/filling_variantB_freericks/pbs_variantB_T002_typ_21x21_mu20/chunks/T_0p02__Didx_10_10__typ/dmft_solutions/T_0p02/U_1p1__Delta_1p025__w1_0p5__typ,ok,
0.02,1,1.025,typ,0.4,0.6,0.655949033580755,0.5956937252961663,-0.004306274703833712,0.3950708552495686,0.3836327775006747,0.9710480345565647,32,True,0.001948349094898229,0.2454558250189985,0.01612735261020953,0.01613620375665371,8.851146444183278e-06,3.285184331836748,0.2454558250189985,-0.0002084497758608045,0.0003227240751330743,2.690208775193691e-11,5.542619793228247,0.03516973207714533,-0.4692012573799332,1,0,/home/2/kj405942/Byczuk_Freericks/filling_variantB_freericks/pbs_variantB_T002_typ_21x21_mu20/chunks/T_0p02__Didx_10_10__typ/dmft_solutions/T_0p02/U_1__Delta_1p025__w1_0p4__typ,ok,
0.02,1.2,1.025,typ,0.5,0.5,0.6218955158489261,0.5012751736131984,0.001275173613198399,0.3115586216932298,0.2842263975175532,0.9122726117250936,35,True,0.001955435062801486,0.1125278249654194,0.007664271613925826,0.007665820318253472,1.548704327645472e-06,3.405500646742757,0.1125278249654194,5.903767094059134e-05,0.0001533164063650694,3.056875171206912e-11,0.2439186548743426,-0.0006138706092394682,-0.7573296870737617,0,0,/home/2/kj405942/Byczuk_Freericks/filling_variantB_freericks/pbs_variantB_T002_typ_21x21_mu20/chunks/T_0p02__Didx_10_10__typ/dmft_solutions/T_0p02/U_1p2__Delta_1p025__w1_0p5__typ,ok,
0.02,1.1,1.025,typ,0.45,0.55,0.6346131346306945,0.55051850298056,0.0005185029805599983,0.3637630796448989,0.3450226784124901,0.9484818490906144,94,True,0.001998431459117401,0.1803458030879009,0.01194430994337413,0.01194502953181596,7.195884418237758e-07,3.311502052962235,0.1803458030879009,-5.094600189091978e-05,0.0002389005906363192,2.865459524571025e-11,0.88083859152655,-0.0005318900463011631,-0.6035016618106979,0,0,/home/2/kj405942/Byczuk_Freericks/filling_variantB_freericks/pbs_variantB_T002_typ_21x21_mu20/chunks/T_0p02__Didx_10_10__typ/dmft_solutions/T_0p02/U_1p1__Delta_1p025__w1_0p45__typ,ok,
0.02,1.1,1.025,typ,0.4,0.6,0.6828513408121547,0.6026925769709938,0.002692576970993787,0.3569011191447945,0.3381742576701515,0.9475292721986519,46,True,0.001978604124054986,0.1733344697267848,0.0114839816913986,0.01148874007626893,4.758384870335051e-06,3.312665308146732,0.1733344697267848,-0.0001284361411951855,0.0002297748015253787,2.719961839378082e-11,3.371365488977862,0.007776805706865897,-0.5777511991752864,1,0,/home/2/kj405942/Byczuk_Freericks/filling_variantB_freericks/pbs_variantB_T002_typ_21x21_mu20/chunks/T_0p02__Didx_10_10__typ/dmft_solutions/T_0p02/U_1p1__Delta_1p025__w1_0p4__typ,ok,
0.02,1.2,1.025,typ,0.45,0.55,0.6925240882070995,0.5514146550076919,0.00141465500769189,0.3100056934880784,0.2825406890410234,0.9114048386078717,65,True,0.001952266183248516,0.1110212535137511,0.007524491390032708,0.007526148852052435,1.657462019727011e-06,3.388761679357513,0.1110212535137511,6.066523074736078e-05,0.0001505229770410487,2.861052649901985e-11,0.4601868498011227,-0.0006158463169502239,-0.7668786321234464,0,0,/home/2/kj405942/Byczuk_Freericks/filling_variantB_freericks/pbs_variantB_T002_typ_21x21_mu20/chunks/T_0p02__Didx_10_10__typ/dmft_solutions/T_0p02/U_1p2__Delta_1p025__w1_0p45__typ,ok,
0.02,1.2,1.025,typ,0.4,0.6,0.7427796812264221,0.5956322024484205,-0.004367797551579455,0.3021238819573931,0.2754272196334747,0.9116367029611934,72,True,0.001972036869846857,0.1054163269676266,0.00714563102577069,0.007145716671316506,8.564554581586367e-08,3.389243028722257,0.1054163269676266,1.343758822188411e-05,0.0001429143334263301,2.706128995078057e-11,0.8637458512642711,-0.0006183175497939395,-0.7180292169469278,0,0,/home/2/kj405942/Byczuk_Freericks/filling_variantB_freericks/pbs_variantB_T002_typ_21x21_mu20/chunks/T_0p02__Didx_10_10__typ/dmft_solutions/T_0p02/U_1p2__Delta_1p025__w1_0p4__typ,ok,
0.02,1.3,1.025,typ,0.45,0.55,0.7934110336688428,0.548060742308667,-0.001939257691333074,0.2741051649436973,0.2246418951887489,0.8195463782482596,65,True,0.00184480153389169,0.06594046227117208,0.00431215973538784,0.004398494240539686,8.633450515184611e-05,3.269737265151866,0.06594046227117208,0.0003374296127984507,8.796988481079374e-05,2.796489077088011e-11,0.3086991220419518,-0.0007259118535112865,-0.8911450962273406,0,0,/home/2/kj405942/Byczuk_Freericks/filling_variantB_freericks/pbs_variantB_T002_typ_21x21_mu20/chunks/T_0p02__Didx_10_10__typ/dmft_solutions/T_0p02/U_1p3__Delta_1p025__w1_0p45__typ,ok,
0.02,1.3,1.025,typ,0.5,0.5,0.7177097080790523,0.4982852685674744,-0.001714731432525596,0.2574163412152089,0.2121008049814333,0.8239601416916643,18,True,0.001979898518952638,0.05961794615071506,0.004113978012448031,0.004219800880294279,0.0001058228678462481,3.450284920959734,0.05961794615071506,0.0003552166110071953,8.439601760588559e-05,3.002088315453809e-11,0.2392049282524908,-0.0007231171026237497,-0.8596984568094532,0,0,/home/2/kj405942/Byczuk_Freericks/filling_variantB_freericks/pbs_variantB_T002_typ_21x21_mu20/chunks/T_0p02__Didx_10_10__typ/dmft_solutions/T_0p02/U_1p3__Delta_1p025__w1_0p5__typ,ok,
0.02,1.3,1.025,typ,0.4,0.6,0.8694410264478579,0.6034201920023832,0.003420192002383193,0.2775111120692831,0.2276002032501104,0.8201480710195417,65,True,0.001995026489123922,0.06751451954307297,0.004352414036531605,0.004408878968489022,5.646493195741762e-05,3.223317047938739,0.06751451954307297,0.0002761232605970514,8.817757936978044e-05,2.605763517865373e-11,0.3532586086311701,-0.0007276137354905914,-0.9033249325322243,0,0,/home/2/kj405942/Byczuk_Freericks/filling_variantB_freericks/pbs_variantB_T002_typ_21x21_mu20/chunks/T_0p02__Didx_10_10__typ/dmft_solutions/T_0p02/U_1p3__Delta_1p025__w1_0p4__typ,ok,
0.02,1.5,1.025,typ,0.4,0.6,1.009012674751103,0.6024037814686508,0.002403781468650834,0.2639702520505263,0.158642324021011,0.6009856140556528,234,True,0.001986537321532213,0.03166587386664786,0.001880125628891206,0.002044632973111387,0.000164507344220181,2.968693737631937,0.03166587386664786,0.0003227775956355544,4.089265946222775e-05,2.559684845331699e-11,0.2291598425392473,-0.0009785944452110919,-0.200349161549453,0,0,/home/2/kj405942/Byczuk_Freericks/filling_variantB_freericks/pbs_variantB_T002_typ_21x21_mu20/chunks/T_0p02__Didx_10_10__typ/dmft_solutions/T_0p02/U_1p5__Delta_1p025__w1_0p4__typ,ok,
0.02,1.5,1.025,typ,0.45,0.55,0.9209356145727572,0.5470282525774512,-0.002971747422548798,0.2430036728615438,0.1324103961663311,0.5448905138227048,208,True,0.001999685254034291,0.02260795023055074,0.001218792295680457,0.001554279686928487,0.0003354873912480299,2.695494910532556,0.02260795023055074,0.0003894786834812084,3.108559373856973e-05,2.777190007489576e-11,0.1923517450868162,-0.000983784567781756,-0.144993177314118,0,0,/home/2/kj405942/Byczuk_Freericks/filling_variantB_freericks/pbs_variantB_T002_typ_21x21_mu20/chunks/T_0p02__Didx_10_10__typ/dmft_solutions/T_0p02/U_1p5__Delta_1p025__w1_0p45__typ,ok,
0.02,1.5,1.025,typ,0.5,0.5,0.9245287103519596,0.4952533979412554,-0.004746602058744553,0.2889294626404481,0.1767768971629068,0.6118340980092188,221,True,0.001996891097570831,0.04098904948347894,0.002429876452243739,0.002669642460506389,0.0002397660082626497,2.964055623225815,0.04098904948347894,0.0004433459321372865,5.339284921012778e-05,2.877287701116028e-11,0.1738502209489304,-0.000979374143574798,-0.2454191884919186,0,0,/home/2/kj405942/Byczuk_Freericks/filling_variantB_freericks/pbs_variantB_T002_typ_21x21_mu20/chunks/T_0p02__Didx_10_10__typ/dmft_solutions/T_0p02/U_1p5__Delta_1p025__w1_0p5__typ,ok,
0.02,1.4,1.025,typ,0.5,0.5,0.7844833525968085,0.4955094638584376,-0.004490536141562418,0.2299124845533934,0.1553161561940892,0.6755446816896084,182,True,0.001990185958221075,0.0310691442711864,0.001749581698309125,0.002130700140417425,0.0003811184421082993,2.815625823225025,0.0310691442711864,0.0004866420422091078,4.261400280834849e-05,2.993665674456976e-11,0.1990476518317562,-0.0008558841009826427,-0.9288333189223807,0,0,/home/2/kj405942/Byczuk_Freericks/filling_variantB_freericks/pbs_variantB_T002_typ_21x21_mu20/chunks/T_0p02__Didx_10_10__typ/dmft_solutions/T_0p02/U_1p4__Delta_1p025__w1_0p5__typ,ok,
0.02,1.4,1.025,typ,0.45,0.55,0.8793535751189296,0.5500151683776729,1.51683776729028e-05,0.2718345567702054,0.1907456257868626,0.701697488550394,175,True,0.001992662997837898,0.04651234823020925,0.002812104484720259,0.002985008741388285,0.000172904256668026,3.022965504560172,0.04651234823020925,0.000401053188408438,5.97001748277657e-05,2.75526494149374e-11,0.1978470879147416,-0.0008540212736178382,-0.9438194304701362,0,0,/home/2/kj405942/Byczuk_Freericks/filling_variantB_freericks/pbs_variantB_T002_typ_21x21_mu20/chunks/T_0p02__Didx_10_10__typ/dmft_solutions/T_0p02/U_1p4__Delta_1p025__w1_0p45__typ,ok,
0.02,1.6,1.025,typ,0.5,0.5,0.9763057729977842,0.496088855579333,-0.003911144420667034,0.2652420533948484,0.1253614540096726,0.4726303857369679,188,True,0.00196832373084972,0.02128473373484211,0.001139651997644888,0.00153287735274698,0.0003932253551020912,2.677158220164463,0.02128473373484211,0.0004091380447021946,3.065754705493959e-05,2.894212464988187e-11,0.1900373337993752,-0.001076672102388552,-0.1027747532584491,0,0,/home/2/kj405942/Byczuk_Freericks/filling_variantB_freericks/pbs_variantB_T002_typ_21x21_mu20/chunks/T_0p02__Didx_10_10__typ/dmft_solutions/T_0p02/U_1p6__Delta_1p025__w1_0p5__typ,ok,
0.02,1.4,1.025,typ,0.4,0.6,0.9075266822841611,0.604645720449397,0.004645720449397039,0.2507847596017748,0.1726803955801298,0.6885601655153679,139,True,0.001985283359413498,0.0374091741064373,0.00222288634026609,0.002389840143538973,0.0001669538032728826,2.971044394005453,0.0374091741064373,0.0003534290280768445,4.779680287077945e-05,2.622664968138684e-11,0.2355656621553004,-0.0008598223529595987,-0.3409241964937875,0,0,/home/2/kj405942/Byczuk_Freericks/filling_variantB_freericks/pbs_variantB_T002_typ_21x21_mu20/chunks/T_0p02__Didx_10_10__typ/dmft_solutions/T_0p02/U_1p4__Delta_1p025__w1_0p4__typ,ok,
0.02,1.6,1.025,typ,0.45,0.55,1.057230541454361,0.5499457142546063,-5.42857453937895e-05,0.2839100417466701,0.1526617586757002,0.5377117263499916,209,True,0.00199306579879986,0.0300691446455583,0.001757292144267476,0.001979167967871625,0.000221875823604149,2.922085355239822,0.0300691446455583,0.0003652838959851785,3.958335935743251e-05,2.671161955055896e-11,0.1876459797357493,-0.001059900208411449,-0.2165502291174165,0,0,/home/2/kj405942/Byczuk_Freericks/filling_variantB_freericks/pbs_variantB_T002_typ_21x21_mu20/chunks/T_0p02__Didx_10_10__typ/dmft_solutions/T_0p02/U_1p6__Delta_1p025__w1_0p45__typ,ok,
0.02,1.7,1.025,typ,0.5,0.5,1.13611627382123,0.4961901763252933,-0.003809823674706669,0.3129010944839678,0.1684849270366248,0.538460651006951,51,True,0.001977692189605345,0.03777358597627149,0.002259611775712113,0.002484728765590923,0.0002251169898788106,2.990994523437025,0.03777358597627149,0.0004123948586465813,4.969457531181846e-05,2.757751035646207e-11,0.161697863140752,-0.001121422357266136,-0.06735740513053305,0,0,/home/2/kj405942/Byczuk_Freericks/filling_variantB_freericks/pbs_variantB_T002_typ_21x21_mu20/chunks/T_0p02__Didx_10_10__typ/dmft_solutions/T_0p02/U_1p7__Delta_1p025__w1_0p5__typ,ok,
0.02,1.6,1.025,typ,0.4,0.6,1.126393015823989,0.6044905819699963,0.004490581969996299,0.2781834612420775,0.158195630353813,0.5686737437498123,150,True,0.001978969525498572,0.03163840397406234,0.00191466238191427,0.002055857079960292,0.0001411946980460223,3.025851720402742,0.03163840397406234,0.0002989038272011854,4.111714159920584e-05,2.480611868963879e-11,0.2247960565040558,-0.001045070363361872,-0.5297262671302395,0,0,/home/2/kj405942/Byczuk_Freericks/filling_variantB_freericks/pbs_variantB_T002_typ_21x21_mu20/chunks/T_0p02__Didx_10_10__typ/dmft_solutions/T_0p02/U_1p6__Delta_1p025__w1_0p4__typ,ok,
0.02,1.7,1.025,typ,0.45,0.55,1.165871535435805,0.5516312206604361,0.001631220660436083,0.2949723642843025,0.1502549779179658,0.5093866277355593,190,True,0.001978169960742427,0.02926742872179649,0.001725103479358218,0.001935972272644348,0.0002108687932861299,2.947138772859592,0.02926742872179649,0.0003513285464391713,3.871944545288695e-05,2.606802272970315e-11,0.1840519955902053,-0.001097820178682728,-0.1334560355770205,0,0,/home/2/kj405942/Byczuk_Freericks/filling_variantB_freericks/pbs_variantB_T002_typ_21x21_mu20/chunks/T_0p02__Didx_10_10__typ/dmft_solutions/T_0p02/U_1p7__Delta_1p025__w1_0p45__typ,ok,
0.02,1.7,1.025,typ,0.4,0.6,1.207168096400262,0.5990326184362096,-0.0009673815637903926,0.2773679841941775,0.1375309091549908,0.4958427684238759,11,True,0.001963737426745368,0.02404756197275563,0.001423186687966587,0.00159490590611548,0.0001717192181488929,2.959108057563106,0.02404756197275563,0.0002873822729518522,3.189811812230959e-05,2.448911850483781e-11,0.2210655165905068,-0.001090284612337377,-0.3624306871620485,0,0,/home/2/kj405942/Byczuk_Freericks/filling_variantB_freericks/pbs_variantB_T002_typ_21x21_mu20/chunks/T_0p02__Didx_10_10__typ/dmft_solutions/T_0p02/U_1p7__Delta_1p025__w1_0p4__typ,ok,
0.02,1.8,1.025,typ,0.45,0.55,1.229510783321825,0.5546644437786941,0.004664443778694016,0.2880842049385722,0.1137912095371453,0.3949928791181342,55,True,0.001974166933959642,0.01731067347059118,0.0009407881377829113,0.001252340157065245,0.0003115520192823337,2.717364345706136,0.01731067347059118,0.0003284257990749145,2.50468031413049e-05,2.602573416661669e-11,0.1817533644688758,-0.001153055943578757,-0.1045212446601698,0,0,/home/2/kj405942/Byczuk_Freericks/filling_variantB_freericks/pbs_variantB_T002_typ_21x21_mu20/chunks/T_0p02__Didx_10_10__typ/dmft_solutions/T_0p02/U_1p8__Delta_1p025__w1_0p45__typ,ok,
0.02,1.8,1.025,typ,0.5,0.5,1.224443767126014,0.5022032635509636,0.002203263550963563,0.3148430703208251,0.154797667160004,0.4916661084592559,204,True,0.001973759603384293,0.03208187740667085,0.001882428617780787,0.002137317479250025,0.0002548888614692382,2.933788122682262,0.03208187740667085,0.0004044085361607,4.27463495850005e-05,2.725716458616929e-11,0.1658929144923948,-0.001173400721124349,-0.05057640397699816,0,0,/home/2/kj405942/Byczuk_Freericks/filling_variantB_freericks/pbs_variantB_T002_typ_21x21_mu20/chunks/T_0p02__Didx_10_10__typ/dmft_solutions/T_0p02/U_1p8__Delta_1p025__w1_0p5__typ,ok,
0.02,1.8,1.025,typ,0.4,0.6,1.311124958255164,0.6009110591024802,0.0009110591024802384,0.2850215748184426,0.13400475107774,0.4701565176709881,102,True,0.001992548659338032,0.02289103282792028,0.001350462732991988,0.001523102712988664,0.000172639979996676,2.94976365449274,0.02289103282792028,0.0002811372422684483,3.046205425977328e-05,2.391482613031178e-11,0.2182292748991475,-0.001141784849018874,-0.2299904781854091,0,0,/home/2/kj405942/Byczuk_Freericks/filling_variantB_freericks/pbs_variantB_T002_typ_21x21_mu20/chunks/T_0p02__Didx_10_10__typ/dmft_solutions/T_0p02/U_1p8__Delta_1p025__w1_0p4__typ,ok,
0.02,1.9,1.025,typ,0.5,0.5,1.259666987002876,0.4997130308124081,-0.0002869691875919123,0.2796544181672204,0.08718478303602559,0.3117590045864861,165,True,0.001985255648616981,0.01170036191141127,0.0005851113664837058,0.001027103282533324,0.0004419919160496181,2.500398581316752,0.01170036191141127,0.0003216042717284283,2.054206565066648e-05,2.768229491776032e-11,0.1832854380115723,-0.001230143778464186,-0.04122479303568594,0,0,/home/2/kj405942/Byczuk_Freericks/filling_variantB_freericks/pbs_variantB_T002_typ_21x21_mu20/chunks/T_0p02__Didx_10_10__typ/dmft_solutions/T_0p02/U_1p9__Delta_1p025__w1_0p5__typ,ok,
0.02,1.9,1.025,typ,0.45,0.55,1.327364967083739,0.5469726110748238,-0.003027388925176289,0.2917837511200997,0.1088178542972685,0.3729400759279376,15,True,0.001952847744841501,0.01606054207828412,0.000885694468329492,0.001178715878706307,0.0002930214103768153,2.757361688081072,0.01606054207828412,0.0003067925256975796,2.357431757412615e-05,2.555685025071566e-11,0.1794748822743108,-0.001200254061753817,-0.07742369481577147,0,0,/home/2/kj405942/Byczuk_Freericks/filling_variantB_freericks/pbs_variantB_T002_typ_21x21_mu20/chunks/T_0p02__Didx_10_10__typ/dmft_solutions/T_0p02/U_1p9__Delta_1p025__w1_0p45__typ,ok,
0.02,1.9,1.025,typ,0.4,0.6,1.358516939801349,0.5978304503278911,-0.002169549672108917,0.2788087458076868,0.08679932369515971,0.3113220980342957,77,True,0.001936556921754701,0.0104303798153239,0.0005524034068463884,0.0008317420681320022,0.0002793386612856138,2.648050294557919,0.0104303798153239,0.0002413962855684845,1.663484136264004e-05,2.401886788151796e-11,0.2159155293676278,-0.001161065365826338,-0.1855502498357068,0,0,/home/2/kj405942/Byczuk_Freericks/filling_variantB_freericks/pbs_variantB_T002_typ_21x21_mu20/chunks/T_0p02__Didx_10_10__typ/dmft_solutions/T_0p02/U_1p9__Delta_1p025__w1_0p4__typ,ok,
0.02,2,1.025,typ,0.5,0.5,1.362591754864597,0.5012003086360249,0.001200308636024938,0.2926715837713477,0.08759254509842847,0.2992861280542389,136,True,0.001984436139601257,0.01189457080712538,0.0006015308209007256,0.001030162113217559,0.000428631292316833,2.528594056291555,0.01189457080712538,0.0003193238248741308,2.060324226435117e-05,2.718159947617822e-11,0.1810949571354902,-0.001268321009504578,-0.03433954014765408,0,0,/home/2/kj405942/Byczuk_Freericks/filling_variantB_freericks/pbs_variantB_T002_typ_21x21_mu20/chunks/T_0p02__Didx_10_10__typ/dmft_solutions/T_0p02/U_2__Delta_1p025__w1_0p5__typ,ok,
0.02,2,1.025,typ,0.4,0.6,1.513227864765907,0.5974755859476452,-0.002524414052354818,0.2926972007074364,0.1282072289743132,0.4380200038279899,41,True,0.001979036054582126,0.02108090418481876,0.001241123060908937,0.001411702859076291,0.000170579798167354,2.943714012520206,0.02108090418481876,0.0002681781639519412,2.823405718152582e-05,2.29049188770543e-11,0.2138666602526054,-0.001219873297474563,-0.133401391356837,0,0,/home/2/kj405942/Byczuk_Freericks/filling_variantB_freericks/pbs_variantB_T002_typ_21x21_mu20/chunks/T_0p02__Didx_10_10__typ/dmft_solutions/T_0p02/U_2__Delta_1p025__w1_0p4__typ,ok,
0.02,0.1,1.1225,typ,0.5,0.5,0.0903951232124145,0.5028490747608042,0.002849074760804204,0.5373335632219304,0.5090322355483692,0.947330057880877,119,True,0.001987040400354984,0.6662889075634173,0.04364942493424657,0.04364993331637904,5.083821324751562e-07,3.275562930641466,0.6662889075634173,-8.230788245017998e-05,0.0008729986663275808,2.927746993434833e-11,66.51529020901805,0.04946459188912733,-0.2171018629020417,4,0,/home/2/kj405942/Byczuk_Freericks/filling_variantB_freericks/pbs_variantB_T002_typ_21x21_mu20/chunks/T_0p02__Didx_11_11__typ/dmft_solutions/T_0p02/U_0p1__Delta_1p1225__w1_0p5__typ,ok,
0.02,2,1.025,typ,0.45,0.55,1.342332658855583,0.5456647451062752,-0.004335254893724882,0.006668262149235278,0.002469797074410322,0.3703809207161359,147,True,0.0019688061564054,0.001294371596099956,5.404605676845206e-05,0.0003393019907110196,0.0002852559339425676,2.087733419494722,0.001294371596099956,8.593336703681811e-05,6.786039814220393e-06,2.616383459091999e-11,0.1775948613764678,-0.001247878288156944,-0.06321903873437584,0,0,/home/2/kj405942/Byczuk_Freericks/filling_variantB_freericks/pbs_variantB_T002_typ_21x21_mu20/chunks/T_0p02__Didx_10_10__typ/dmft_solutions/T_0p02/U_2__Delta_1p025__w1_0p45__typ,ok,
0.02,0.1,1.1225,typ,0.45,0.55,0.1798219568662468,0.546688224261407,-0.003311775738593092,0.5364298402869644,0.5045158312594188,0.940506648529334,53,True,0.00197104769082186,0.6523644061536074,0.04273082572337847,0.04273641778770717,5.592064328701524e-06,3.27507335779728,0.6523644061536074,-0.0002701134474611044,0.0008547283557541434,2.79244517599568e-11,52.16158009104292,0.04247720064628407,-0.2121707859608425,4,0,/home/2/kj405942/Byczuk_Freericks/filling_variantB_freericks/pbs_variantB_T002_typ_21x21_mu20/chunks/T_0p02__Didx_11_11__typ/dmft_solutions/T_0p02/U_0p1__Delta_1p1225__w1_0p45__typ,ok,
0.02,0.1,1.1225,typ,0.4,0.6,0.2626791802315412,0.5955104891872487,-0.004489510812751285,0.5346660557690165,0.4958220223176485,0.9273489816077849,39,True,0.001959727988790369,0.6276923017885498,0.0410996106150477,0.0411146304378953,1.501982284759083e-05,3.273866072432165,0.6276923017885498,-0.0004342309794489688,0.0008222926087579059,2.6737144981922e-11,19.0634291173138,0.02537991052199473,-0.2050674386236501,4,0,/home/2/kj405942/Byczuk_Freericks/filling_variantB_freericks/pbs_variantB_T002_typ_21x21_mu20/chunks/T_0p02__Didx_11_11__typ/dmft_solutions/T_0p02/U_0p1__Delta_1p1225__w1_0p4__typ,ok,
0.02,0.2,1.1225,typ,0.5,0.5,0.1352873501502693,0.5009176420951743,0.0009176420951743092,0.5332120769334037,0.5088843051128641,0.9543750547428467,81,True,0.001878350040956918,0.6650131759985176,0.04356322674095082,0.04356358224307691,3.555021260878519e-07,3.275365685464849,0.6650131759985176,-6.876243130429695e-05,0.0008712716448615382,2.937856205748044e-11,65.5947669485235,0.04881614608938345,-0.2179323222863446,4,0,/home/2/kj405942/Byczuk_Freericks/filling_variantB_freericks/pbs_variantB_T002_typ_21x21_mu20/chunks/T_0p02__Didx_11_11__typ/dmft_solutions/T_0p02/U_0p2__Delta_1p1225__w1_0p5__typ,ok,
0.02,0.2,1.1225,typ,0.45,0.55,0.2175620222731386,0.5512940982040569,0.001294098204056904,0.5323153944546138,0.5048969408007469,0.9484920895779114,25,True,0.001954656738212609,0.6531583155018648,0.04278044505707961,0.04278517468216112,4.72962508151075e-06,3.27489094464093,0.6531583155018648,-0.000248563631740242,0.0008557034936432224,2.805030219418855e-11,49.49025013260811,0.04390971788029319,-0.2129114529114699,4,0,/home/2/kj405942/Byczuk_Freericks/filling_variantB_freericks/pbs_variantB_T002_typ_21x21_mu20/chunks/T_0p02__Didx_11_11__typ/dmft_solutions/T_0p02/U_0p2__Delta_1p1225__w1_0p45__typ,ok,
0.02,0.2,1.1225,typ,0.4,0.6,0.2997458567746105,0.6007994893892162,0.0007994893892162569,0.5303627867848248,0.4961002017369242,0.9353978335176796,55,True,0.001974643767484349,0.6277009407383751,0.04109886234504646,0.04111336618555379,1.45038405073373e-05,3.273761410704688,0.6277009407383751,-0.0004267100732529049,0.0008222673237110759,2.679699430400183e-11,16.82621872141414,0.02828026580431109,-0.2064201219476055,4,0,/home/2/kj405942/Byczuk_Freericks/filling_variantB_freericks/pbs_variantB_T002_typ_21x21_mu20/chunks/T_0p02__Didx_11_11__typ/dmft_solutions/T_0p02/U_0p2__Delta_1p1225__w1_0p4__typ,ok,
0.02,0.3,1.1225,typ,0.45,0.55,0.2610653253632323,0.5457125164887311,-0.004287483511268952,0.525580882961346,0.5039013815061466,0.9587513508234017,29,True,0.001924383147456683,0.6459160597931904,0.0423017262321461,0.04230648629430841,4.760062162307576e-06,3.274552907516363,0.6459160597931904,-0.0002479758293160187,0.0008461297258861682,2.81094717974442e-11,32.87993660661422,0.04115027815963596,-0.216571715903121,4,0,/home/2/kj405942/Byczuk_Freericks/filling_variantB_freericks/pbs_variantB_T002_typ_21x21_mu20/chunks/T_0p02__Didx_11_11__typ/dmft_solutions/T_0p02/U_0p3__Delta_1p1225__w1_0p45__typ,ok,
0.02,0.3,1.1225,typ,0.5,0.5,0.1900467825407186,0.4967157928831312,-0.003284207116868776,0.5265591347801736,0.5076483252946825,0.9640860670029285,21,True,0.001946020512259755,0.657259603230986,0.04305155379047201,0.04305201772829945,4.63937827443276e-07,3.275079860289394,0.657259603230986,-7.809322536420343e-05,0.000861040354565989,2.934792971882485e-11,16.48660482482574,0.04623484346192896,-0.2204926818990061,4,0,/home/2/kj405942/Byczuk_Freericks/filling_variantB_freericks/pbs_variantB_T002_typ_21x21_mu20/chunks/T_0p02__Didx_11_11__typ/dmft_solutions/T_0p02/U_0p3__Delta_1p1225__w1_0p5__typ,ok,
0.02,0.3,1.1225,typ,0.4,0.6,0.3465912922227705,0.599748022811079,-0.0002519771889210043,0.5230876972227841,0.4943010039031302,0.9449677492464641,90,True,0.001906205049991518,0.617990182659631,0.04045681511074543,0.04047262446582497,1.580935507954351e-05,3.273257103909994,0.617990182659631,-0.0004420413155653679,0.0008094524893164995,2.674185934173194e-11,40.99338136647336,0.02430923936251889,-0.2102464994584205,4,0,/home/2/kj405942/Byczuk_Freericks/filling_variantB_freericks/pbs_variantB_T002_typ_21x21_mu20/chunks/T_0p02__Didx_11_11__typ/dmft_solutions/T_0p02/U_0p3__Delta_1p1225__w1_0p4__typ,ok,
0.02,0,1.1225,typ,0.5,0.5,0.04925672201315241,0.503424637573713,0.00342463757371303,0.5387096557158971,0.5088292534739195,0.944533382825171,66,True,0.001988549881722121,0.6656873995454425,0.04361120392408734,0.04361193641318515,7.324890978071178e-07,3.275651901618296,0.6656873995454425,-9.87531025046411e-05,0.000872238728263703,2.913784773258348e-11,24.88734823049716,0.04989328078201788,-0.2164118609225233,4,0,/home/2/kj405942/Byczuk_Freericks/filling_variantB_freericks/pbs_variantB_T002_typ_21x21_mu20/chunks/T_0p02__Didx_11_11__typ/dmft_solutions/T_0p02/U_0__Delta_1p1225__w1_0p5__typ,ok,
0.02,0,1.1225,typ,0.45,0.55,0.1471955218314781,0.5465036803188172,-0.003496319681182802,0.5376918621214865,0.5035323012250094,0.9364700057730109,9,True,0.001987081580184771,0.6495859813109287,0.04254841429291008,0.04255501044347684,6.59615056676706e-06,3.275040988957549,0.6495859813109287,-0.0002927376620384886,0.0008511002088695369,2.774505457081829e-11,28.39423621233203,0.0407108404442309,-0.2109918866929103,4,0,/home/2/kj405942/Byczuk_Freericks/filling_variantB_freericks/pbs_variantB_T002_typ_21x21_mu20/chunks/T_0p02__Didx_11_11__typ/dmft_solutions/T_0p02/U_0__Delta_1p1225__w1_0p45__typ,ok,
0.02,0.4,1.1225,typ,0.5,0.5,0.2197017187771975,0.4964443924881776,-0.003555607511822378,0.5178154810182152,0.5050730694414692,0.9753919841259097,48,True,0.001930002095149212,0.6400549236770441,0.0419182489994933,0.04191837611051059,1.271110172939368e-07,3.27458218418801,0.6400549236770441,-4.033807939716073e-05,0.0008383675222102118,2.970746859418835e-11,35.05384142564696,0.03956840202411366,-0.2279452974583947,4,0,/home/2/kj405942/Byczuk_Freericks/filling_variantB_freericks/pbs_variantB_T002_typ_21x21_mu20/chunks/T_0p02__Didx_11_11__typ/dmft_solutions/T_0p02/U_0p4__Delta_1p1225__w1_0p5__typ,ok,
0.02,0,1.1225,typ,0.4,0.6,0.2441943128820002,0.5972999868841619,-0.002700013115838118,0.5356026340575653,0.4928717848513521,0.9202191205026439,19,True,0.001939321066841619,0.6188991168390864,0.0405207426009416,0.04053910910946116,1.836650851955912e-05,3.273614511513108,0.6188991168390864,-0.0004768021791513267,0.0008107821821892233,2.644770961422777e-11,52.85699517366609,0.01878380322857359,-0.2032312123667108,4,0,/home/2/kj405942/Byczuk_Freericks/filling_variantB_freericks/pbs_variantB_T002_typ_21x21_mu20/chunks/T_0p02__Didx_11_11__typ/dmft_solutions/T_0p02/U_0__Delta_1p1225__w1_0p4__typ,ok,
0.02,0.4,1.1225,typ,0.45,0.55,0.3110053297615684,0.545534468218778,-0.004465531781221999,0.5164221330483368,0.5007382564039317,0.9696297357515907,8,True,0.001949374825805338,0.6268869268583737,0.04104876625279387,0.04105406526268685,5.299009892974347e-06,3.274016771932748,0.6268869268583737,-0.0002577549234136492,0.000821081305253737,2.809113668433392e-11,11.67284494912131,0.03423684411945349,-0.2236951345638456,4,0,/home/2/kj405942/Byczuk_Freericks/filling_variantB_freericks/pbs_variantB_T002_typ_21x21_mu20/chunks/T_0p02__Didx_11_11__typ/dmft_solutions/T_0p02/U_0p4__Delta_1p1225__w1_0p45__typ,ok,
0.02,0.4,1.1225,typ,0.4,0.6,0.3998780483090043,0.5969318280580161,-0.003068171941983833,0.5130455054278189,0.4900479163574487,0.9551743679126611,30,True,0.001965531586972177,0.596082504772901,0.03901405723438631,0.03903206646671091,1.800923232459673e-05,3.272538358532274,0.596082504772901,-0.0004633570613054843,0.0007806413293342182,2.661332817882261e-11,39.57093901026807,0.01505914303374195,-0.2174424734113352,3,0,/home/2/kj405942/Byczuk_Freericks/filling_variantB_freericks/pbs_variantB_T002_typ_21x21_mu20/chunks/T_0p02__Didx_11_11__typ/dmft_solutions/T_0p02/U_0p4__Delta_1p1225__w1_0p4__typ,ok,
0.02,0.6000000000000001,1.1225,typ,0.5,0.5,0.3328702231578344,0.4964908758539799,-0.003509124146020115,0.4940096700940209,0.4905963472325902,0.9930905748043736,1,True,0.00189647985805618,0.5597022868934135,0.03663937157289752,0.03663969942789814,3.278550006190944e-07,3.273112548481949,0.5597022868934135,-6.058072195277119e-05,0.0007327939885579627,2.965939385005989e-11,28.75015867375528,0.01324273279176785,-0.2584843729189892,4,0,/home/2/kj405942/Byczuk_Freericks/filling_variantB_freericks/pbs_variantB_T002_typ_21x21_mu20/chunks/T_0p02__Didx_11_11__typ/dmft_solutions/T_0p02/U_0p6__Delta_1p1225__w1_0p5__typ,ok,
0.02,0.6000000000000001,1.1225,typ,0.45,0.55,0.4025725064947708,0.5455921122454732,-0.004407887754526829,0.492212184748093,0.486722246362141,0.98884639885792,77,True,0.001883750052343383,0.5492223656943623,0.03594713015432273,0.03595209643293653,4.966278613803962e-06,3.272547914984858,0.5492223656943623,-0.0002335633228471769,0.0007190419286587306,2.82087457533991e-11,29.42431841303299,0.008277837841152935,-0.2549675728188067,3,0,/home/2/kj405942/Byczuk_Freericks/filling_variantB_freericks/pbs_variantB_T002_typ_21x21_mu20/chunks/T_0p02__Didx_11_11__typ/dmft_solutions/T_0p02/U_0p6__Delta_1p1225__w1_0p45__typ,ok,
0.02,0.6000000000000001,1.1225,typ,0.4,0.6,0.4734455411137148,0.6007760285630576,0.0007760285630575847,0.4883181832238506,0.4778057447181053,0.9784721542901748,90,True,0.001896325590132167,0.526706479405549,0.0344602331772112,0.034475708969958,1.547579274680456e-05,3.271293834860705,0.526706479405549,-0.0004037623140829109,0.00068951417939916,2.682494098331206e-11,5.519880502325933,0.001880449039674009,-0.2492803458241069,2,0,/home/2/kj405942/Byczuk_Freericks/filling_variantB_freericks/pbs_variantB_T002_typ_21x21_mu20/chunks/T_0p02__Didx_11_11__typ/dmft_solutions/T_0p02/U_0p6__Delta_1p1225__w1_0p4__typ,ok,
0.02,0.5,1.1225,typ,0.5,0.5,0.2881950904602173,0.50288481937711,0.002884819377110048,0.5068465952171857,0.4993701551132991,0.9852491065848378,94,True,0.001869024105063611,0.6068891073731757,0.0397373903991391,0.03973784149202776,4.510928886625874e-07,3.273859253392779,0.6068891073731757,-7.399504855634936e-05,0.0007947568298405552,2.949947288158422e-11,35.98745840937839,0.02944340855874245,-0.2391098524434381,4,0,/home/2/kj405942/Byczuk_Freericks/filling_variantB_freericks/pbs_variantB_T002_typ_21x21_mu20/chunks/T_0p02__Didx_11_11__typ/dmft_solutions/T_0p02/U_0p5__Delta_1p1225__w1_0p5__typ,ok,
0.02,0.5,1.1225,typ,0.45,0.55,0.3565141052773049,0.5547515942288274,0.004751594228827316,0.5053469825394737,0.4954733581754595,0.9804616932421418,37,True,0.001933480681682405,0.5958783808119534,0.03901048913969098,0.03901550254232045,5.013402629475707e-06,3.27336000062082,0.5958783808119534,-0.0002444331500108107,0.0007803100508464091,2.814772173526873e-11,78.14727825022456,0.02503158950025053,-0.2351970971936544,4,0,/home/2/kj405942/Byczuk_Freericks/filling_variantB_freericks/pbs_variantB_T002_typ_21x21_mu20/chunks/T_0p02__Didx_11_11__typ/dmft_solutions/T_0p02/U_0p5__Delta_1p1225__w1_0p45__typ,ok,
0.02,0.5,1.1225,typ,0.4,0.6,0.4182899952582084,0.6012350083455048,0.001235008345504829,0.5027860603663512,0.4879404294655729,0.9704732647321982,7,True,0.001912519695875902,0.5750038533508981,0.03763218607412207,0.03764624930038096,1.406322625888291e-05,3.272342076910996,0.5750038533508981,-0.0004021544302728296,0.0007529249860076192,2.695599095284044e-11,14.67662222335665,0.01167730014357254,-0.2304576769991208,3,0,/home/2/kj405942/Byczuk_Freericks/filling_variantB_freericks/pbs_variantB_T002_typ_21x21_mu20/chunks/T_0p02__Didx_11_11__typ/dmft_solutions/T_0p02/U_0p5__Delta_1p1225__w1_0p4__typ,ok,
0.02,0.9,1.1225,typ,0.5,0.5,0.4626428160215518,0.4972132570588914,-0.002786742941108589,0.4411943163520345,0.4360952844903552,0.9884426619457837,30,True,0.001993342164175368,0.3554879359667709,0.0232646029922659,0.02326463804008753,3.504782163218711e-08,3.272207104440325,0.3554879359667709,-1.578548559415119e-05,0.0004652927608017507,3.028708305038543e-11,0.8784730349444534,-0.0005298147633135562,-0.3858245678235434,0,0,/home/2/kj405942/Byczuk_Freericks/filling_variantB_freericks/pbs_variantB_T002_typ_21x21_mu20/chunks/T_0p02__Didx_11_11__typ/dmft_solutions/T_0p02/U_0p9__Delta_1p1225__w1_0p5__typ,ok,
0.02,0.9,1.1225,typ,0.45,0.55,0.5421262319614514,0.5453356491021373,-0.004664350897862768,0.4381611171859969,0.4323390266002696,0.9867124435341993,76,True,0.001970434158505614,0.3487250134428991,0.02281934641612523,0.02282303862317207,3.692207046839967e-06,3.271825297364525,0.3487250134428991,-0.0001604721129694025,0.0004564607724634414,2.843902264803392e-11,0.9824914374939332,0.01532065146366568,-0.3814850094251131,1,0,/home/2/kj405942/Byczuk_Freericks/filling_variantB_freericks/pbs_variantB_T002_typ_21x21_mu20/chunks/T_0p02__Didx_11_11__typ/dmft_solutions/T_0p02/U_0p9__Delta_1p1225__w1_0p45__typ,ok,
0.02,0.9,1.1225,typ,0.4,0.6,0.6244368481770952,0.6037068186269028,0.003706818626902808,0.4296472809044161,0.4216708794819944,0.981435000808963,75,True,0.001938839270933037,0.3306024256961884,0.02162584234873808,0.02163995448709086,1.411213835278809e-05,3.270672062250904,0.3306024256961884,-0.0003054670905741552,0.0004327990897418173,2.668257877687252e-11,0.8781837178351553,0.04132917922045323,-0.3720852622603233,1,0,/home/2/kj405942/Byczuk_Freericks/filling_variantB_freericks/pbs_variantB_T002_typ_21x21_mu20/chunks/T_0p02__Didx_11_11__typ/dmft_solutions/T_0p02/U_0p9__Delta_1p1225__w1_0p4__typ,ok,
0.02,0.7000000000000001,1.1225,typ,0.5,0.5,0.359864392178413,0.4981107501585398,-0.001889249841460161,0.4792350594273918,0.4778841477008264,0.9971811083100233,21,True,0.001989073156478665,0.4997375046759736,0.03270619854897003,0.03270622607303119,2.752406116147945e-08,3.272337801640134,0.4997375046759736,-1.658602161061333e-05,0.0006541245214606239,3.010299351561831e-11,5.334679809043815,0.001132857314964112,-0.2875762699024678,2,0,/home/2/kj405942/Byczuk_Freericks/filling_variantB_freericks/pbs_variantB_T002_typ_21x21_mu20/chunks/T_0p02__Didx_11_11__typ/dmft_solutions/T_0p02/U_0p7__Delta_1p1225__w1_0p5__typ,ok,
0.02,0.7000000000000001,1.1225,typ,0.4,0.6,0.5242041715262773,0.6029641891945038,0.002964189194503808,0.4717264060874035,0.4642039019448133,0.9840532477183471,52,True,0.001979568253835357,0.4679095095737715,0.0306055791179112,0.03062133173696149,1.575261905029202e-05,3.270459190473651,0.4679095095737715,-0.000383947919757995,0.0006124266347392298,2.676114499533009e-11,1.768477156187856,0.007678719451828363,-0.27732351433325,2,0,/home/2/kj405942/Byczuk_Freericks/filling_variantB_freericks/pbs_variantB_T002_typ_21x21_mu20/chunks/T_0p02__Didx_11_11__typ/dmft_solutions/T_0p02/U_0p7__Delta_1p1225__w1_0p4__typ,ok,
0.02,0.7000000000000001,1.1225,typ,0.45,0.55,0.4360999507333023,0.5475305847123229,-0.00246941528767719,0.4775018415021524,0.4746518645844682,0.9940314849703648,10,True,0.001891377200066437,0.4919074069623166,0.03218953500693481,0.0321933177524423,3.782745507493288e-06,3.271909972418929,0.4919074069623166,-0.0001929124430299599,0.0006438663550488459,2.845836375249936e-11,3.760755812106916,0.001447999669562437,-0.284069408282242,2,0,/home/2/kj405942/Byczuk_Freericks/filling_variantB_freericks/pbs_variantB_T002_typ_21x21_mu20/chunks/T_0p02__Didx_11_11__typ/dmft_solutions/T_0p02/U_0p7__Delta_1p1225__w1_0p45__typ,ok,
0.02,0.8,1.1225,typ,0.5,0.5,0.421692863258696,0.4976330027677423,-0.002366997232257695,0.461743661358801,0.4598688532212719,0.9959397209005273,16,True,0.001942631764479545,0.4296870872443131,0.0281176077061835,0.02811773087185556,1.231656720553465e-07,3.271870221480066,0.4296870872443131,-3.253388967644358e-05,0.0005623546174371111,3.002865279566274e-11,1.460510089818194,0.001406082570179464,-0.3284197466393907,2,0,/home/2/kj405942/Byczuk_Freericks/filling_variantB_freericks/pbs_variantB_T002_typ_21x21_mu20/chunks/T_0p02__Didx_11_11__typ/dmft_solutions/T_0p02/U_0p8__Delta_1p1225__w1_0p5__typ,ok,
0.02,0.8,1.1225,typ,0.45,0.55,0.4819946344138669,0.5523934492129502,0.002393449212950149,0.4599022506410742,0.4569198338828968,0.9935151072776442,11,True,0.001881370263171121,0.4235648430511643,0.02771331626506595,0.02771666481490976,3.348549843817833e-06,3.271437268663766,0.4235648430511643,-0.0001684237506437676,0.0005543332962981952,2.85452751350739e-11,1.443300881554774,0.006041789777964039,-0.3243840193809358,2,0,/home/2/kj405942/Byczuk_Freericks/filling_variantB_freericks/pbs_variantB_T002_typ_21x21_mu20/chunks/T_0p02__Didx_11_11__typ/dmft_solutions/T_0p02/U_0p8__Delta_1p1225__w1_0p45__typ,ok,
0.02,0.8,1.1225,typ,0.4,0.6,0.5407494263569144,0.6023850566317431,0.002385056631743154,0.4559075473191585,0.4498484626353166,0.9867098390463798,54,True,0.001946425906155985,0.409967293064865,0.0268151326488234,0.02682625634523523,1.112369641183048e-05,3.270399017487074,0.409967293064865,-0.0003020050233633041,0.0005365251269047047,2.716469247452187e-11,1.418845236675353,0.02260401347514158,-0.3174669015568283,2,0,/home/2/kj405942/Byczuk_Freericks/filling_variantB_freericks/pbs_variantB_T002_typ_21x21_mu20/chunks/T_0p02__Didx_11_11__typ/dmft_solutions/T_0p02/U_0p8__Delta_1p1225__w1_0p4__typ,ok,
0.02,1,1.1225,typ,0.45,0.55,0.5591732242657633,0.5477536778280313,-0.00224632217196874,0.4147409991179197,0.4030771408903529,0.9718767658553803,2,True,0.001933469601234728,0.2777652742936708,0.01819215139726505,0.0181941475191598,1.996121894739922e-06,3.274734655641507,0.2777652742936708,-0.0001053046386078065,0.0003638829503831959,2.896576697661533e-11,0.6700070987635736,0.004194484456565922,-0.4623601835300673,1,0,/home/2/kj405942/Byczuk_Freericks/filling_variantB_freericks/pbs_variantB_T002_typ_21x21_mu20/chunks/T_0p02__Didx_11_11__typ/dmft_solutions/T_0p02/U_1__Delta_1p1225__w1_0p45__typ,ok,
0.02,1,1.1225,typ,0.5,0.5,0.4956783638148469,0.4980752326975187,-0.001924767302481312,0.416217931369889,0.4051004899529091,0.9732893741978166,3,True,0.001881195839302913,0.2806372789699295,0.01838164543203345,0.01838164711442782,1.682394366257866e-09,3.274982835406385,0.2806372789699295,3.07292231304648e-06,0.0003676329422885564,3.054720673755763e-11,0.5729196613968681,-0.0005728120310831133,-0.4652834912434012,0,0,/home/2/kj405942/Byczuk_Freericks/filling_variantB_freericks/pbs_variantB_T002_typ_21x21_mu20/chunks/T_0p02__Didx_11_11__typ/dmft_solutions/T_0p02/U_1__Delta_1p1225__w1_0p5__typ,ok,
0.02,1,1.1225,typ,0.4,0.6,0.6424339902055322,0.6007248191630933,0.0007248191630933043,0.4069285004332788,0.3942377223050872,0.9688132482372724,19,True,0.001931813077796256,0.2653209959567168,0.01737326485401233,0.01738291543783392,9.650583821590724e-06,3.274008676050372,0.2653209959567168,-0.0002262963769532438,0.0003476583087566785,2.708503915746687e-11,6.53191272207665,0.03405308756727835,-0.4505445732057522,1,0,/home/2/kj405942/Byczuk_Freericks/filling_variantB_freericks/pbs_variantB_T002_typ_21x21_mu20/chunks/T_0p02__Didx_11_11__typ/dmft_solutions/T_0p02/U_1__Delta_1p1225__w1_0p4__typ,ok,
0.02,1.2,1.1225,typ,0.5,0.5,0.6116499899911283,0.5032789337557211,0.003278933755721081,0.3421069557126901,0.3123348171813791,0.9129741794659257,29,True,0.001938522701306175,0.1396758937493896,0.009275850217543595,0.009275883665062244,3.344751864965425e-08,3.320490733421253,0.1396758937493896,9.666242352734424e-06,0.0001855176733012449,3.073158756641513e-11,0.2328796429188388,-0.0007262937067174201,-0.7284369109564846,0,0,/home/2/kj405942/Byczuk_Freericks/filling_variantB_freericks/pbs_variantB_T002_typ_21x21_mu20/chunks/T_0p02__Didx_11_11__typ/dmft_solutions/T_0p02/U_1p2__Delta_1p1225__w1_0p5__typ,ok,
0.02,1.2,1.1225,typ,0.45,0.55,0.672442005188961,0.5531150545727871,0.003115054572787046,0.3391472995944677,0.3097205346322699,0.9132330848649406,15,True,0.001951700358812761,0.1372454111182471,0.009113822630137769,0.009114452823349956,6.30193212186688e-07,3.320264974938045,0.1372454111182471,-4.159113523107797e-05,0.0001822890564669991,2.890376319318364e-11,0.4277265128845063,-0.0007273539900726842,-0.7182889425605017,0,0,/home/2/kj405942/Byczuk_Freericks/filling_variantB_freericks/pbs_variantB_T002_typ_21x21_mu20/chunks/T_0p02__Didx_11_11__typ/dmft_solutions/T_0p02/U_1p2__Delta_1p1225__w1_0p45__typ,ok,
0.02,1.2,1.1225,typ,0.4,0.6,0.7532267781680257,0.5972395691835061,-0.002760430816493908,0.3290543788454318,0.3010983710064726,0.9150413742037116,64,True,0.001875817424904513,0.1296081085815823,0.008599826743688905,0.008602064424171973,2.237680483067385e-06,3.317626820499318,0.1296081085815823,-7.616055869284115e-05,0.0001720412884834394,2.692272583229355e-11,1.385798211151279,-0.0007306789601650124,-0.6951920599208126,0,0,/home/2/kj405942/Byczuk_Freericks/filling_variantB_freericks/pbs_variantB_T002_typ_21x21_mu20/chunks/T_0p02__Didx_11_11__typ/dmft_solutions/T_0p02/U_1p2__Delta_1p1225__w1_0p4__typ,ok,
0.02,1.1,1.1225,typ,0.5,0.5,0.5746367283928643,0.4951150663749222,-0.004884933625077803,0.3846000000546468,0.364955152236608,0.9489213525344579,118,True,0.001987092415391304,0.2080301869071113,0.01366769750540143,0.01366770260334513,5.097943698577819e-09,3.285027454093542,0.2080301869071113,-4.605488422430512e-06,0.0002733540520669026,3.037343813417396e-11,0.3640735296514431,-0.0006358811411297921,-0.5747669128896251,0,0,/home/2/kj405942/Byczuk_Freericks/filling_variantB_freericks/pbs_variantB_T002_typ_21x21_mu20/chunks/T_0p02__Didx_11_11__typ/dmft_solutions/T_0p02/U_1p1__Delta_1p1225__w1_0p5__typ,ok,
0.02,1.1,1.1225,typ,0.45,0.55,0.6273599908257455,0.5477084591955086,-0.002291540804491454,0.3815636864213399,0.362029298318713,0.9488043836512886,93,True,0.001939829253895905,0.2045161965283294,0.01343671966479312,0.01343855793788105,1.838273087932972e-06,3.285001357565311,0.2045161965283294,-8.671293099929661e-05,0.0002687711587576211,2.8761518850351e-11,1.070012901707,-0.0006320887265113943,-0.5710916202548335,0,0,/home/2/kj405942/Byczuk_Freericks/filling_variantB_freericks/pbs_variantB_T002_typ_21x21_mu20/chunks/T_0p02__Didx_11_11__typ/dmft_solutions/T_0p02/U_1p1__Delta_1p1225__w1_0p45__typ,ok,
0.02,1.1,1.1225,typ,0.4,0.6,0.6637941492212311,0.5998039667726289,-0.0001960332273710508,0.3776489063633562,0.3568089015435283,0.9448164565852692,68,True,0.001985125493546493,0.1990550999371634,0.01307641642756897,0.01308329373388126,6.877306312281886e-06,3.284622306008956,0.1990550999371634,-0.0001654667879237254,0.0002616658746776251,2.746050828492997e-11,12.79449628022139,0.01274437427288741,-0.5526620400358637,1,0,/home/2/kj405942/Byczuk_Freericks/filling_variantB_freericks/pbs_variantB_T002_typ_21x21_mu20/chunks/T_0p02__Didx_11_11__typ/dmft_solutions/T_0p02/U_1p1__Delta_1p1225__w1_0p4__typ,ok,
0.02,1.3,1.1225,typ,0.5,0.5,0.6233880856064263,0.499044096107397,-0.0009559038926029717,0.2810718812552438,0.2414156784413926,0.8589108144267229,26,True,0.001980989895588189,0.0775665360263781,0.005369486331873379,0.005373679144088274,4.192812214895621e-06,3.461213177063479,0.0775665360263781,-8.065009853912633e-05,0.0001074735828817655,3.066128138299421e-11,0.2024913075803673,-0.0008539712920527819,-0.9076550874285421,0,0,/home/2/kj405942/Byczuk_Freericks/filling_variantB_freericks/pbs_variantB_T002_typ_21x21_mu20/chunks/T_0p02__Didx_11_11__typ/dmft_solutions/T_0p02/U_1p3__Delta_1p1225__w1_0p5__typ,ok,
0.02,1.3,1.1225,typ,0.4,0.6,0.7673338050631424,0.5985750878145299,-0.001424912185470029,0.269820011827766,0.2316705272632664,0.8586113598243724,1,True,0.001988957829989321,0.0717877537621891,0.004987705174259009,0.004987706135374833,9.611158238984289e-10,3.473924808109857,0.0717877537621891,-1.174702907998136e-06,9.975412270749666e-05,2.741491402821098e-11,0.459939721668421,-0.000853967175415312,-0.8189229485238516,0,0,/home/2/kj405942/Byczuk_Freericks/filling_variantB_freericks/pbs_variantB_T002_typ_21x21_mu20/chunks/T_0p02__Didx_11_11__typ/dmft_solutions/T_0p02/U_1p3__Delta_1p1225__w1_0p4__typ,ok,
0.02,1.3,1.1225,typ,0.45,0.55,0.7287527830327312,0.5523125062166654,0.002312506216665344,0.2774825136000387,0.238454422811906,0.8593493684276357,76,True,0.001986035453704184,0.07594425498616006,0.005247227776552938,0.005249401268744014,2.173492191076366e-06,3.454657483643221,0.07594425498616006,5.745680902548126e-05,0.0001049880253748803,2.889392732123408e-11,0.3092518782634255,-0.0008509003633753534,-0.9070996286745032,0,0,/home/2/kj405942/Byczuk_Freericks/filling_variantB_freericks/pbs_variantB_T002_typ_21x21_mu20/chunks/T_0p02__Didx_11_11__typ/dmft_solutions/T_0p02/U_1p3__Delta_1p1225__w1_0p45__typ,ok,
0.02,1.4,1.1225,typ,0.5,0.5,0.8007107156625631,0.5042971432420094,0.00429714324200936,0.2630175461546922,0.1881895794530911,0.7155019967466679,97,True,0.001976105714728293,0.04532686568823516,0.002843499893206645,0.003001982305453093,0.0001584824122464485,3.136660620618084,0.04532686568823516,0.0003790385472176223,6.003964610906186e-05,2.968875250016382e-11,0.1761287303460782,-0.001017762841699089,-0.9791686919159474,0,0,/home/2/kj405942/Byczuk_Freericks/filling_variantB_freericks/pbs_variantB_T002_typ_21x21_mu20/chunks/T_0p02__Didx_11_11__typ/dmft_solutions/T_0p02/U_1p4__Delta_1p1225__w1_0p5__typ,ok,
0.02,1.4,1.1225,typ,0.45,0.55,0.788323224813881,0.5496709759310101,-0.000329024068989936,0.2010445414120062,0.1489863014858103,0.7410611620660145,37,True,0.001965167208033471,0.02904178191772997,0.002102447187508275,0.002226878815362341,0.0001244316278540657,3.619693849131092,0.02904178191772997,0.0002688388439123301,4.453757630724682e-05,2.884678474736773e-11,0.2410914942906525,-0.001013370048794061,-1.053654333574609,0,0,/home/2/kj405942/Byczuk_Freericks/filling_variantB_freericks/pbs_variantB_T002_typ_21x21_mu20/chunks/T_0p02__Didx_11_11__typ/dmft_solutions/T_0p02/U_1p4__Delta_1p1225__w1_0p45__typ,ok,
0.02,1.4,1.1225,typ,0.4,0.6,0.8721573428113071,0.5959296043806261,-0.004070395619373834,0.2363889260005346,0.1685317496237243,0.7129426596884795,6,True,0.001959903222858779,0.03531082831180179,0.002211192868075435,0.002333355552873102,0.0001221626847976673,3.131040779545233,0.03531082831180179,0.0002937231890402658,4.666711105746205e-05,2.669125478766188e-11,0.2701408990253516,-0.001016314632003119,-0.9583912429317035,0,0,/home/2/kj405942/Byczuk_Freericks/filling_variantB_freericks/pbs_variantB_T002_typ_21x21_mu20/chunks/T_0p02__Didx_11_11__typ/dmft_solutions/T_0p02/U_1p4__Delta_1p1225__w1_0p4__typ,ok,
0.02,1.5,1.1225,typ,0.5,0.5,0.8992465892138604,0.5012323397217509,0.001232339721750852,0.2795279193792479,0.1656214271371628,0.5925040600772936,227,True,0.001980723887486261,0.03524945493838101,0.002083886487733174,0.002284506197533343,0.0002006197098001693,2.955913065004808,0.03524945493838101,0.00037607806158701,4.569012395066686e-05,2.914116935336646e-11,0.1511674861633968,-0.001199949859538699,-0.670187096775509,0,0,/home/2/kj405942/Byczuk_Freericks/filling_variantB_freericks/pbs_variantB_T002_typ_21x21_mu20/chunks/T_0p02__Didx_11_11__typ/dmft_solutions/T_0p02/U_1p5__Delta_1p1225__w1_0p5__typ,ok,
0.02,1.5,1.1225,typ,0.45,0.55,0.8272285402079986,0.5484168021941307,-0.001583197805869352,0.02651533740781799,0.01678129295038431,0.632890039914649,166,True,0.001985806534117317,0.004007088810396184,0.0003444736199648207,0.0007106142608047227,0.000366140640839902,4.298302786191084,0.004007088810396184,0.0001712984567905303,1.421228521609445e-05,2.911765620538143e-11,0.1970016666691659,-0.001195790247804862,-0.3695256673758354,0,0,/home/2/kj405942/Byczuk_Freericks/filling_variantB_freericks/pbs_variantB_T002_typ_21x21_mu20/chunks/T_0p02__Didx_11_11__typ/dmft_solutions/T_0p02/U_1p5__Delta_1p1225__w1_0p45__typ,ok,
0.02,1.5,1.1225,typ,0.4,0.6,0.9799437556921541,0.6008236243447026,0.0008236243447026226,0.2531392069657297,0.1476216928072227,0.5831640802572632,139,True,0.001979428971334899,0.02707868037685889,0.001602668890704503,0.001737970764550379,0.0001353018738458762,2.959281745638766,0.02707868037685889,0.0002706952602563467,3.475941529100759e-05,2.596337937714386e-11,0.1935522448349945,-0.001197350232260116,-0.2074996496015232,0,0,/home/2/kj405942/Byczuk_Freericks/filling_variantB_freericks/pbs_variantB_T002_typ_21x21_mu20/chunks/T_0p02__Didx_11_11__typ/dmft_solutions/T_0p02/U_1p5__Delta_1p1225__w1_0p4__typ,ok,
0.02,1.6,1.1225,typ,0.5,0.5,1,0.5018754249547931,0.001875424954793092,0.2945717484640204,0.1522054821983828,0.5167008818463578,163,True,0.00199985747512428,0.03008739276587859,0.001768675150980721,0.001977227070834087,0.0002085519198533657,2.939229671283672,0.03008739276587859,0.0003542536809888148,3.954454141668173e-05,2.858894058418029e-11,0.1472120228531335,-0.001352845699989758,-0.2100801146717962,0,0,/home/2/kj405942/Byczuk_Freericks/filling_variantB_freericks/pbs_variantB_T002_typ_21x21_mu20/chunks/T_0p02__Didx_11_11__typ/dmft_solutions/T_0p02/U_1p6__Delta_1p1225__w1_0p5__typ,ok,
0.02,1.6,1.1225,typ,0.4,0.6,1.01264809306666,0.5977106456436685,-0.002289354356331486,0.2240580563238445,0.0778268521086581,0.3473512775464333,169,True,0.001983820511161735,0.008428884531401087,0.0004149962844838096,0.0007075728481546455,0.000292576563670836,2.46175091696758,0.008428884531401087,0.0002220853021600302,1.415145696309291e-05,2.622969618542973e-11,0.1884996223166001,-0.001336191734564248,-0.07127720761628786,0,0,/home/2/kj405942/Byczuk_Freericks/filling_variantB_freericks/pbs_variantB_T002_typ_21x21_mu20/chunks/T_0p02__Didx_11_11__typ/dmft_solutions/T_0p02/U_1p6__Delta_1p1225__w1_0p4__typ,ok,
0.02,1.6,1.1225,typ,0.45,0.55,1.001639130768989,0.5455583317985556,-0.004441668201444426,0.2599883398205479,0.1145069618616281,0.4404311437223083,163,True,0.001986007631757344,0.01701222795458135,0.0009281119794156533,0.001184040818463762,0.0002559288390481082,2.727779047792841,0.01701222795458135,0.0002950904861237575,2.368081636927523e-05,2.745818785615922e-11,0.1562404632348618,-0.001347564650696215,-0.2932292767803206,0,0,/home/2/kj405942/Byczuk_Freericks/filling_variantB_freericks/pbs_variantB_T002_typ_21x21_mu20/chunks/T_0p02__Didx_11_11__typ/dmft_solutions/T_0p02/U_1p6__Delta_1p1225__w1_0p45__typ,ok,
0.02,1.7,1.1225,typ,0.5,0.5,1.049565292792519,0.5044062936464568,0.004406293646456838,0.2777513110008838,0.0974767982617136,0.3509499123890847,105,True,0.001990140122789858,0.01319581264925629,0.0006791380460182217,0.001035969818030801,0.0003568317720125794,2.573308912719739,0.01319581264925629,0.0003068773439268573,2.071939636061602e-05,2.880127457773154e-11,0.1559001470615558,-0.001483866046507464,-0.1021546925987062,0,0,/home/2/kj405942/Byczuk_Freericks/filling_variantB_freericks/pbs_variantB_T002_typ_21x21_mu20/chunks/T_0p02__Didx_11_11__typ/dmft_solutions/T_0p02/U_1p7__Delta_1p1225__w1_0p5__typ,ok,
0.02,1.7,1.1225,typ,0.45,0.55,1.120124516734228,0.5501217863311483,0.0001217863311482326,0.2834850221801312,0.1173899392899715,0.4140957373592033,128,True,0.001977009841311463,0.01786418441390851,0.001010838931122087,0.001226953893047731,0.0002161149619256439,2.829233363531218,0.01786418441390851,0.0002778747032187176,2.453907786095462e-05,2.665751940933888e-11,0.1532938484807527,-0.001459668472906319,-0.2138228231987078,0,0,/home/2/kj405942/Byczuk_Freericks/filling_variantB_freericks/pbs_variantB_T002_typ_21x21_mu20/chunks/T_0p02__Didx_11_11__typ/dmft_solutions/T_0p02/U_1p7__Delta_1p1225__w1_0p45__typ,ok,
0.02,1.7,1.1225,typ,0.4,0.6,1.189520032837774,0.5975229082524508,-0.002477091747549176,0.2747306547994147,0.1240547267192928,0.4515503623353103,11,True,0.0019867056883878,0.0193267971746316,0.001137800886809231,0.001277788494124993,0.0001399876073157613,2.943583658814176,0.0193267971746316,0.0002326160825718503,2.555576988249985e-05,2.469240056222609e-11,0.1850439205913673,-0.001426223630593213,-0.6582705692681188,0,0,/home/2/kj405942/Byczuk_Freericks/filling_variantB_freericks/pbs_variantB_T002_typ_21x21_mu20/chunks/T_0p02__Didx_11_11__typ/dmft_solutions/T_0p02/U_1p7__Delta_1p1225__w1_0p4__typ,ok,
0.02,1.8,1.1225,typ,0.5,0.5,0.9649698711368022,0.5034678788313116,0.00346787883131161,0.001365919976785272,0.001200461044867378,0.8788663064235238,139,True,0.001980873604663899,5.647573006759973e-06,2.254157256375142e-06,6.580365037930394e-06,4.326207781555252e-06,19.95686690262334,5.647573006759973e-06,6.990361119247902e-07,1.316073007586079e-07,3.111094316007755e-11,0.1219044017328015,-0.001596804176537643,-0.07908712599012727,0,0,/home/2/kj405942/Byczuk_Freericks/filling_variantB_freericks/pbs_variantB_T002_typ_21x21_mu20/chunks/T_0p02__Didx_11_11__typ/dmft_solutions/T_0p02/U_1p8__Delta_1p1225__w1_0p5__typ,ok,
0.02,1.8,1.1225,typ,0.45,0.55,1.210025484154777,0.547265165220888,-0.002734834779112072,0.2892025411951313,0.09855986274456817,0.3407987438051855,3,True,0.00198082518205301,0.01298250000089736,0.0007035314201669495,0.0009508895604857612,0.0002473581403188117,2.709537531747818,0.01298250000089736,0.0002534295585329755,1.901779120971523e-05,2.626922771992694e-11,0.1504412978983883,-0.001514770103360398,-0.1570070757575537,0,0,/home/2/kj405942/Byczuk_Freericks/filling_variantB_freericks/pbs_variantB_T002_typ_21x21_mu20/chunks/T_0p02__Didx_11_11__typ/dmft_solutions/T_0p02/U_1p8__Delta_1p1225__w1_0p45__typ,ok,
0.02,1.8,1.1225,typ,0.4,0.6,1.247869236269585,0.5955563747206393,-0.004443625279360708,0.2751849897453862,0.08570323871028425,0.311438639111751,49,True,0.001952589653907364,0.009601130546383932,0.0005008375868378473,0.0007231819158430667,0.0002223443290052194,2.608221940209309,0.009601130546383932,0.0002066280198340608,1.446363831686133e-05,2.465688253671763e-11,0.1828542751610879,-0.00147668074206559,-0.4722318700338232,0,0,/home/2/kj405942/Byczuk_Freericks/filling_variantB_freericks/pbs_variantB_T002_typ_21x21_mu20/chunks/T_0p02__Didx_11_11__typ/dmft_solutions/T_0p02/U_1p8__Delta_1p1225__w1_0p4__typ,ok,
0.02,1.9,1.1225,typ,0.5,0.5,1.253969294166137,0.4993297639657379,-0.0006702360342621394,0.3032753617291171,0.08582599341947857,0.2829969204558648,107,True,0.00197486043737705,0.01065352169804533,0.000546873058425419,0.0008834392992584631,0.0003365662408330442,2.566630424781305,0.01065352169804533,0.0002677915513807106,1.766878598516926e-05,2.775049257116708e-11,0.1494398538198412,-0.001630214009667928,-0.05671562710389988,0,0,/home/2/kj405942/Byczuk_Freericks/filling_variantB_freericks/pbs_variantB_T002_typ_21x21_mu20/chunks/T_0p02__Didx_11_11__typ/dmft_solutions/T_0p02/U_1p9__Delta_1p1225__w1_0p5__typ,ok,
0.02,1.9,1.1225,typ,0.45,0.55,1.313081973093165,0.5472623144877719,-0.002737685512228194,0.3032342658422255,0.09236908459027324,0.304612951091528,4,True,0.001995077732237131,0.01154331868609436,0.0006087951132053971,0.000879587667773196,0.000270792554567799,2.637002103817775,0.01154331868609436,0.0002500337879246603,1.759175335546392e-05,2.572792905566894e-11,0.14831717861536,-0.001589504757516416,-0.1338361399484669,0,0,/home/2/kj405942/Byczuk_Freericks/filling_variantB_freericks/pbs_variantB_T002_typ_21x21_mu20/chunks/T_0p02__Didx_11_11__typ/dmft_solutions/T_0p02/U_1p9__Delta_1p1225__w1_0p45__typ,ok,
0.02,2,1.1225,typ,0.5,0.5,1.35886464133006,0.5030623119767886,0.003062311976788634,0.31365551051041,0.08689911252450176,0.2770527206204389,162,True,0.00197271507476931,0.01068979037159049,0.0005521874847150903,0.0008764372338346317,0.0003242497491195413,2.58277976237308,0.01068979037159049,0.0002632930628075379,1.752874467669263e-05,2.722065788721722e-11,0.1469400675867721,-0.001692987563659667,-0.04677055294388122,0,0,/home/2/kj405942/Byczuk_Freericks/filling_variantB_freericks/pbs_variantB_T002_typ_21x21_mu20/chunks/T_0p02__Didx_11_11__typ/dmft_solutions/T_0p02/U_2__Delta_1p1225__w1_0p5__typ,ok,
0.02,1.9,1.1225,typ,0.4,0.6,1.344365348623513,0.5972803090693718,-0.002719690930628182,0.2821669710051581,0.07501167884413888,0.2658414575487917,67,True,0.001935185321023623,0.007679308089421792,0.0003993501265643366,0.0006204418653973169,0.0002210917388329802,2.60016997569377,0.007679308089421792,0.0001842732524553922,1.240883730794634e-05,2.417494107289302e-11,0.180591353466926,-0.00154723962378095,-0.3427663373866503,0,0,/home/2/kj405942/Byczuk_Freericks/filling_variantB_freericks/pbs_variantB_T002_typ_21x21_mu20/chunks/T_0p02__Didx_11_11__typ/dmft_solutions/T_0p02/U_1p9__Delta_1p1225__w1_0p4__typ,ok,
0.02,2,1.1225,typ,0.45,0.55,1.41443339470294,0.5456706399498464,-0.004329360050153608,0.3106624017281265,0.08780379479478506,0.2826341208538837,22,True,0.001964508753410244,0.01064881988119305,0.0005600682244688629,0.0008329541631573427,0.0002728859386884798,2.629719681229669,0.01064881988119305,0.0002410772991886175,1.665908326314685e-05,2.523131774391177e-11,0.146564570154313,-0.001649706315622432,-0.1042796432761318,0,0,/home/2/kj405942/Byczuk_Freericks/filling_variantB_freericks/pbs_variantB_T002_typ_21x21_mu20/chunks/T_0p02__Didx_11_11__typ/dmft_solutions/T_0p02/U_2__Delta_1p1225__w1_0p45__typ,ok,
0.02,2,1.1225,typ,0.4,0.6,1.4492438797096,0.5990821692498367,-0.0009178307501632732,0.2877562771101381,0.07196482375100585,0.250089500996225,89,True,0.001981084441655893,0.007281565453550604,0.0003943915914589638,0.0005989495971730653,0.0002045580057141015,2.70815111101317,0.007281565453550604,0.0001725979436525829,1.197899194346131e-05,2.361744805300109e-11,0.178772164603013,-0.001601457853942088,-0.2669215602690412,0,0,/home/2/kj405942/Byczuk_Freericks/filling_variantB_freericks/pbs_variantB_T002_typ_21x21_mu20/chunks/T_0p02__Didx_11_11__typ/dmft_solutions/T_0p02/U_2__Delta_1p1225__w1_0p4__typ,ok,
0.02,0,0.1475,typ,0.5,0.5,0.03396006702112256,0.498583278343814,-0.001416721656186004,0.6333864737328934,0.6333641996186352,0.9999648332966019,72,True,0.001967696581729176,30.03236697847952,2.024787651355152,2.024962755575535,0.0001751042203820336,3.37100910628534,30.03236697847952,-0.0102555294412271,0.04049925511151069,2.938056299165701e-11,165.156808089996,0.2080496656674175,-0.001677008372618971,49,0,/home/2/kj405942/Byczuk_Freericks/filling_variantB_freericks/pbs_variantB_T002_typ_21x21_mu20/chunks/T_0p02__Didx_1_1__typ/dmft_solutions/T_0p02/U_0__Delta_0p1475__w1_0p5__typ,ok,
0.02,0,0.1475,typ,0.45,0.55,0.1149604147539995,0.5502443922870173,0.0002443922870172255,0.6297176026849121,0.629588832860269,0.999795511791168,49,True,0.001906980625533376,29.41129595919698,1.978503957386489,1.979447450242315,0.0009434928558253712,3.363510333123908,29.41129595919698,-0.02355816105644409,0.0395889490048463,2.821250291021329e-11,153.8230583427136,0.2029456694448127,-0.001734379254295038,41,0,/home/2/kj405942/Byczuk_Freericks/filling_variantB_freericks/pbs_variantB_T002_typ_21x21_mu20/chunks/T_0p02__Didx_1_1__typ/dmft_solutions/T_0p02/U_0__Delta_0p1475__w1_0p45__typ,ok,
0.02,0,0.1475,typ,0.4,0.6,0.1942515901222954,0.599424884875788,-0.0005751151242119334,0.6219525225308655,0.6216045361200498,0.9994404936097057,34,True,0.001868002257617538,25.23152947348839,1.71068966885398,1.710695235566374,5.566712393918266e-06,3.389984088462529,25.23152947348839,0.001676046943480891,0.03421390471132748,2.712425954463107e-11,159.2126379595078,0.1936176620548814,-0.002616093123703422,27,0,/home/2/kj405942/Byczuk_Freericks/filling_variantB_freericks/pbs_variantB_T002_typ_21x21_mu20/chunks/T_0p02__Didx_1_1__typ/dmft_solutions/T_0p02/U_0__Delta_0p1475__w1_0p4__typ,ok,
0.02,0.1,0.1475,typ,0.5,0.5,0.08521458406851803,0.4987933523661806,-0.001206647633819391,0.6302556668837361,0.6302342200020616,0.9999659711402826,81,True,0.00196162185365831,16.60715860377807,1.110546802159587,1.110565707155873,1.890499628645433e-05,3.343578599613485,16.60715860377807,-0.002505826297782759,0.02221131414311746,2.936889713858958e-11,62.07839512703484,0.2047483141249696,-0.006604652047297432,5,0,/home/2/kj405942/Byczuk_Freericks/filling_variantB_freericks/pbs_variantB_T002_typ_21x21_mu20/chunks/T_0p02__Didx_1_1__typ/dmft_solutions/T_0p02/U_0p1__Delta_0p1475__w1_0p5__typ,ok,
0.02,0.1,0.1475,typ,0.45,0.55,0.1696216537102267,0.5548697518410851,0.004869751841085068,0.6259509753257219,0.625809879038173,0.9997745889165275,71,True,0.001862151695184916,15.77252471046757,1.052111051872817,1.05213833574203,2.728386921243029e-05,3.335265187996741,15.77252471046757,-0.002933719486761549,0.02104276671484059,2.80828668386514e-11,70.79635125692957,0.1985100516921143,-0.006568590198916036,5,0,/home/2/kj405942/Byczuk_Freericks/filling_variantB_freericks/pbs_variantB_T002_typ_21x21_mu20/chunks/T_0p02__Didx_1_1__typ/dmft_solutions/T_0p02/U_0p1__Delta_0p1475__w1_0p45__typ,ok,
0.02,0.1,0.1475,typ,0.4,0.6,0.2440126200265076,0.6045953898909591,0.00459538989095909,0.6178291545414354,0.6174673295556433,0.9994143607773566,94,True,0.001941587528989403,14.21644840514176,0.9452747398160448,0.9454260004271089,0.0001512606110640368,3.324581192424124,14.21644840514176,-0.006558031218166158,0.01890852000854218,2.699983560114702e-11,76.89687499678102,0.1881620716896742,-0.007236844428848532,4,0,/home/2/kj405942/Byczuk_Freericks/filling_variantB_freericks/pbs_variantB_T002_typ_21x21_mu20/chunks/T_0p02__Didx_1_1__typ/dmft_solutions/T_0p02/U_0p1__Delta_0p1475__w1_0p4__typ,ok,
0.02,0.3,0.1475,typ,0.5,0.5,0.1852684768237563,0.502525294972485,0.002525294972484993,0.604905128389324,0.6048952073874924,0.9999835990779942,66,True,0.001907484317056585,3.126062013197177,0.2057623016254558,0.2057624297651567,1.281397008844553e-07,3.291078372034799,3.126062013197177,-8.950672056525638e-05,0.004115248595303134,2.942745529351239e-11,60.14230120681786,0.1775595027704865,-0.0459937838860448,4,0,/home/2/kj405942/Byczuk_Freericks/filling_variantB_freericks/pbs_variantB_T002_typ_21x21_mu20/chunks/T_0p02__Didx_1_1__typ/dmft_solutions/T_0p02/U_0p3__Delta_0p1475__w1_0p5__typ,ok,
0.02,0.3,0.1475,typ,0.45,0.55,0.2517351216294901,0.5495538972822861,-0.0004461027177139476,0.6015459225034564,0.6014705924430328,0.9998747725525092,57,True,0.001976854074478663,3.084661543857934,0.2030760186063474,0.2030887353296184,1.271672327104015e-05,3.29170665434438,3.084661543857934,-0.0008857402241973754,0.004061774706592369,2.824590702448196e-11,54.67434998275787,0.1689553250750127,-0.04516219230404694,4,0,/home/2/kj405942/Byczuk_Freericks/filling_variantB_freericks/pbs_variantB_T002_typ_21x21_mu20/chunks/T_0p02__Didx_1_1__typ/dmft_solutions/T_0p02/U_0p3__Delta_0p1475__w1_0p45__typ,ok,
0.02,0.3,0.1475,typ,0.4,0.6,0.3325308984740291,0.6035742277263315,0.003574227726331536,0.592621569287541,0.5923719763117358,0.9995788324476524,98,True,0.001997804784042409,2.958347854244946,0.1947065037457932,0.194767077468673,6.057372287983326e-05,3.29079799500941,2.958347854244946,-0.001893135722050496,0.003895341549373461,2.693190123004781e-11,15.01458319210487,0.1569555452406414,-0.04470777011537941,5,0,/home/2/kj405942/Byczuk_Freericks/filling_variantB_freericks/pbs_variantB_T002_typ_21x21_mu20/chunks/T_0p02__Didx_1_1__typ/dmft_solutions/T_0p02/U_0p3__Delta_0p1475__w1_0p4__typ,ok,
0.02,0.2,0.1475,typ,0.5,0.5,0.133829464933497,0.4990192672207892,-0.0009807327792108467,0.6208891812900843,0.6208731020069497,0.9999741028131602,144,True,0.001967287205958121,6.456202711313185,0.4261501517132902,0.4261528941592496,2.742445959357696e-06,3.300315764300187,6.456202711313185,-0.0005950762478613147,0.008523057883184991,2.941186488408506e-11,25.62606009569982,0.194014997104672,-0.02129782555069337,5,0,/home/2/kj405942/Byczuk_Freericks/filling_variantB_freericks/pbs_variantB_T002_typ_21x21_mu20/chunks/T_0p02__Didx_1_1__typ/dmft_solutions/T_0p02/U_0p2__Delta_0p1475__w1_0p5__typ,ok,
0.02,0.2,0.1475,typ,0.45,0.55,0.2102353826108029,0.5510760596908918,0.001076059690891751,0.6170345533727557,0.6169242278094713,0.9998212003482118,31,True,0.001936475720724646,6.291639122075654,0.4152104151347746,0.415240619821876,3.02046871014013e-05,3.299699864204814,6.291639122075654,-0.00194954861974371,0.00830481239643752,2.816388303429429e-11,17.28781885421239,0.1855618296550672,-0.02096591797760156,5,0,/home/2/kj405942/Byczuk_Freericks/filling_variantB_freericks/pbs_variantB_T002_typ_21x21_mu20/chunks/T_0p02__Didx_1_1__typ/dmft_solutions/T_0p02/U_0p2__Delta_0p1475__w1_0p45__typ,ok,
0.02,0.2,0.1475,typ,0.4,0.6,0.2771290385507344,0.5992912717361875,-0.0007087282638125192,0.6098953221932435,0.6096094761829608,0.9995313195561908,37,True,0.001871769285273547,6.099061492237873,0.4022444580783908,0.4023184368158159,7.397873742506924e-05,3.297593068952637,6.099061492237873,-0.003004000228607237,0.008046368736316319,2.710891817966204e-11,18.71557660351631,0.1781178405184952,-0.0204180499090818,4,0,/home/2/kj405942/Byczuk_Freericks/filling_variantB_freericks/pbs_variantB_T002_typ_21x21_mu20/chunks/T_0p02__Didx_1_1__typ/dmft_solutions/T_0p02/U_0p2__Delta_0p1475__w1_0p4__typ,ok,
0.02,0.4,0.1475,typ,0.5,0.5,0.2330208943328808,0.5008623307425215,0.000862330742521511,0.5818734175678575,0.5818702530670649,0.9999945615305716,29,True,0.001829488125488894,1.755469712874724,0.115667021273187,0.1156671085281723,8.725498530737695e-08,3.294474989368312,1.755469712874724,5.534861949577953e-05,0.002313342170563447,2.950861848263023e-11,51.69607605129194,0.1535841264129774,-0.08160754415225341,4,0,/home/2/kj405942/Byczuk_Freericks/filling_variantB_freericks/pbs_variantB_T002_typ_21x21_mu20/chunks/T_0p02__Didx_1_1__typ/dmft_solutions/T_0p02/U_0p4__Delta_0p1475__w1_0p5__typ,ok,
0.02,0.4,0.1475,typ,0.45,0.55,0.2972787622010834,0.5502393384756208,0.0002393384756207428,0.5786527354265351,0.5786067140018086,0.999920467973434,41,True,0.001958908704478402,1.735515895162242,0.1143612876404251,0.1143681069327273,6.819292302170285e-06,3.294734665329418,1.735515895162242,-0.0004865180404501779,0.002287362138654546,2.828426851515948e-11,11.42305365195189,0.1511640870368847,-0.08084978436466267,4,0,/home/2/kj405942/Byczuk_Freericks/filling_variantB_freericks/pbs_variantB_T002_typ_21x21_mu20/chunks/T_0p02__Didx_1_1__typ/dmft_solutions/T_0p02/U_0p4__Delta_0p1475__w1_0p45__typ,ok,
0.02,0.4,0.1475,typ,0.4,0.6,0.363308261667916,0.5990241328419282,-0.0009758671580717415,0.5713644056647288,0.5712121141505018,0.9997334599202941,83,True,0.001998751279558405,1.686692398295305,0.1111359096509363,0.1111717882722626,3.587862132625179e-05,3.294492515744375,1.686692398295305,-0.00110014724334795,0.002223435765445251,2.709922046692057e-11,73.05381961329844,0.1337234264621499,-0.0803727081235539,4,0,/home/2/kj405942/Byczuk_Freericks/filling_variantB_freericks/pbs_variantB_T002_typ_21x21_mu20/chunks/T_0p02__Didx_1_1__typ/dmft_solutions/T_0p02/U_0p4__Delta_0p1475__w1_0p4__typ,ok,
0.02,0.6000000000000001,0.1475,typ,0.45,0.55,0.3963010517774128,0.5482990354840505,-0.001700964515949588,0.5070772103270242,0.5070726872624662,0.9999910801265254,83,True,0.00199536325575018,0.6680902742309768,0.04458459171443273,0.04458472095107101,1.292366382804234e-07,3.336719110733427,0.6680902742309768,-4.155520210742756e-05,0.0008916944190214202,2.828814125189955e-11,75.90628746845051,0.08595050180538361,-0.1901670896157486,4,0,/home/2/kj405942/Byczuk_Freericks/filling_variantB_freericks/pbs_variantB_T002_typ_21x21_mu20/chunks/T_0p02__Didx_1_1__typ/dmft_solutions/T_0p02/U_0p6__Delta_0p1475__w1_0p45__typ,ok,
0.02,0.6000000000000001,0.1475,typ,0.5,0.5,0.3382364658327268,0.5011656564598136,0.001165656459813591,0.5106302897592907,0.5106255006070346,0.9999906210964133,101,True,0.001839485142553869,0.6806998092381136,0.04540370470532681,0.04540793380033612,4.229095009308384e-06,3.335075468593549,0.6806998092381136,0.0002399476678813977,0.0009081586760067224,2.957165282893648e-11,62.35950791035,0.08122338114650551,-0.187191355018792,4,0,/home/2/kj405942/Byczuk_Freericks/filling_variantB_freericks/pbs_variantB_T002_typ_21x21_mu20/chunks/T_0p02__Didx_1_1__typ/dmft_solutions/T_0p02/U_0p6__Delta_0p1475__w1_0p5__typ,ok,
0.02,0.5,0.1475,typ,0.5,0.5,0.2870431408891438,0.4996260115610781,-0.0003739884389219461,0.5508304450638773,0.5508304148657887,0.9999999451771612,204,True,0.001977801468027952,1.071253547592977,0.07085421445554309,0.07085494719516404,7.327396209448341e-07,3.307070236301525,1.071253547592977,0.0001252956438507809,0.001417098943903281,2.951082893396055e-11,67.83624083450881,0.1208677612345191,-0.1290765935627378,4,0,/home/2/kj405942/Byczuk_Freericks/filling_variantB_freericks/pbs_variantB_T002_typ_21x21_mu20/chunks/T_0p02__Didx_1_1__typ/dmft_solutions/T_0p02/U_0p5__Delta_0p1475__w1_0p5__typ,ok,
0.02,0.6000000000000001,0.1475,typ,0.4,0.6,0.464020325811122,0.6008174171435723,0.0008174171435723077,0.4991571846937353,0.4991328246178394,0.9999511975853642,74,True,0.001995422056526549,0.6456266495942682,0.04310563646092317,0.04311080167683312,5.16521590995142e-06,3.338278902211679,0.6456266495942682,-0.0002582557276179153,0.0008622160335366624,2.694094414894318e-11,28.90846328316809,0.08426207806486541,-0.1885720552689512,4,0,/home/2/kj405942/Byczuk_Freericks/filling_variantB_freericks/pbs_variantB_T002_typ_21x21_mu20/chunks/T_0p02__Didx_1_1__typ/dmft_solutions/T_0p02/U_0p6__Delta_0p1475__w1_0p4__typ,ok,
0.02,0.5,0.1475,typ,0.45,0.55,0.3534222283537649,0.5529273234100495,0.002927323410049421,0.5470791847186216,0.5470571982901336,0.999959811250177,68,True,0.001936891304175289,1.052197374742557,0.06959846469085032,0.06960141713885784,2.95244800752447e-06,3.307291310619318,1.052197374742557,-0.0002492612301414378,0.001392028342777157,2.818779058855363e-11,51.57066790827556,0.1209597793110975,-0.1295259609000333,4,0,/home/2/kj405942/Byczuk_Freericks/filling_variantB_freericks/pbs_variantB_T002_typ_21x21_mu20/chunks/T_0p02__Didx_1_1__typ/dmft_solutions/T_0p02/U_0p5__Delta_0p1475__w1_0p45__typ,ok,
0.02,0.5,0.1475,typ,0.4,0.6,0.4063901800249682,0.5986944818606563,-0.001305518139343653,0.5405263975099236,0.5404419737074856,0.9998438118788889,50,True,0.00198506898761748,1.027282968468763,0.06797188801826305,0.0679933220977295,2.14340794664468e-05,3.308333249191306,1.027282968468763,-0.0006636092943997519,0.00135986644195459,2.711308996557589e-11,51.23289588947679,0.112388660874618,-0.1293491428605273,4,0,/home/2/kj405942/Byczuk_Freericks/filling_variantB_freericks/pbs_variantB_T002_typ_21x21_mu20/chunks/T_0p02__Didx_1_1__typ/dmft_solutions/T_0p02/U_0p5__Delta_0p1475__w1_0p4__typ,ok,
0.02,0.7000000000000001,0.1475,typ,0.5,0.5,0.394737679688196,0.5000721591732231,7.21591732231186e-05,0.4598081196193679,0.4597712407543705,0.9999197950983816,83,True,0.001966315264634273,0.435830325373849,0.02955575043618475,0.02957790194779788,2.215151161313107e-05,3.390740468877683,0.435830325373849,0.0004394155325855814,0.0005915580389559577,2.956139304615432e-11,28.85045773949054,0.03783900365712328,-0.2516400745669363,3,0,/home/2/kj405942/Byczuk_Freericks/filling_variantB_freericks/pbs_variantB_T002_typ_21x21_mu20/chunks/T_0p02__Didx_1_1__typ/dmft_solutions/T_0p02/U_0p7__Delta_0p1475__w1_0p5__typ,ok,
0.02,0.7000000000000001,0.1475,typ,0.45,0.55,0.4612103324754299,0.5540366591783971,0.004036659178397017,0.4565415819897359,0.4565177390832595,0.9999477749510297,31,True,0.001911284795659123,0.4280587481248313,0.02899224591175369,0.02900454893603778,1.230302428408721e-05,3.386479780959752,0.4280587481248313,0.0003245432844227645,0.0005800909787207556,2.809018514581338e-11,19.71765149207377,0.0505922600966156,-0.2541407060901915,3,0,/home/2/kj405942/Byczuk_Freericks/filling_variantB_freericks/pbs_variantB_T002_typ_21x21_mu20/chunks/T_0p02__Didx_1_1__typ/dmft_solutions/T_0p02/U_0p7__Delta_0p1475__w1_0p45__typ,ok,
0.02,0.7000000000000001,0.1475,typ,0.4,0.6,0.5059134156130647,0.5972591920168654,-0.002740807983134586,0.448124440679299,0.4481175476316749,0.9999846180056289,131,True,0.001958316335347454,0.4092824030322799,0.02785344848622084,0.0278536423833312,1.938971103642964e-07,3.402717571029318,0.4092824030322799,3.983934619717407e-05,0.0005570728476666241,2.699484134689247e-11,30.15697627487747,0.04834365964733972,-0.2625779346219286,3,0,/home/2/kj405942/Byczuk_Freericks/filling_variantB_freericks/pbs_variantB_T002_typ_21x21_mu20/chunks/T_0p02__Didx_1_1__typ/dmft_solutions/T_0p02/U_0p7__Delta_0p1475__w1_0p4__typ,ok,
0.02,0.8,0.1475,typ,0.5,0.5,0.4575550711310902,0.5012939063098696,0.001293906309869586,0.3999438136114678,0.3997515123330368,0.9995191792649709,52,True,0.001928961465647123,0.2774560627874387,0.01919326315320598,0.01931280863591376,0.000119545482707778,3.458793251872476,0.2774560627874387,0.000814476751738488,0.0003862561727182752,2.94702651809338e-11,8.083932151843749,0.0008925747211342036,-0.3142125931075236,2,0,/home/2/kj405942/Byczuk_Freericks/filling_variantB_freericks/pbs_variantB_T002_typ_21x21_mu20/chunks/T_0p02__Didx_1_1__typ/dmft_solutions/T_0p02/U_0p8__Delta_0p1475__w1_0p5__typ,ok,
0.02,0.8,0.1475,typ,0.45,0.55,0.5119551390965816,0.547134952627446,-0.002865047372553997,0.3964814675976307,0.3963116882051335,0.9995717847960814,198,True,0.001982421490657246,0.2701747894207494,0.01867797116540578,0.01876699604280802,8.902487740223796e-05,3.456645826476087,0.2701747894207494,0.000693574473367607,0.0003753399208561603,2.810617421223207e-11,56.23629768787919,0.005802526867372149,-0.3265221260191131,2,0,/home/2/kj405942/Byczuk_Freericks/filling_variantB_freericks/pbs_variantB_T002_typ_21x21_mu20/chunks/T_0p02__Didx_1_1__typ/dmft_solutions/T_0p02/U_0p8__Delta_0p1475__w1_0p45__typ,ok,
0.02,0.9,0.1475,typ,0.5,0.5,0.524552163937133,0.4961508894623883,-0.003849110537611722,0.3481343824005289,0.3474115627831154,0.9979237338971538,35,True,0.00196125469894602,0.1881385318463301,0.01250443044238407,0.01295103132552589,0.0004466008831418195,3.323197624556138,0.1881385318463301,0.001296324299514411,0.0002590206265105179,2.933341404643345e-11,1.118105348400302,0.0006738498331868995,-0.3652808128845281,1,0,/home/2/kj405942/Byczuk_Freericks/filling_variantB_freericks/pbs_variantB_T002_typ_21x21_mu20/chunks/T_0p02__Didx_1_1__typ/dmft_solutions/T_0p02/U_0p9__Delta_0p1475__w1_0p5__typ,ok,
0.02,0.8,0.1475,typ,0.4,0.6,0.573968615727422,0.6001565123836602,0.0001565123836602123,0.3905476708772275,0.3903752477134395,0.9995585093020765,87,True,0.001975552622384684,0.2605018643347095,0.01792357138461061,0.01799882033939829,7.524895478768393e-05,3.440200213227891,0.2605018643347095,0.0006261388505983305,0.0003599764067879659,2.671071131585608e-11,10.42788505966307,0.01534530019698144,-0.3308500379822957,2,0,/home/2/kj405942/Byczuk_Freericks/filling_variantB_freericks/pbs_variantB_T002_typ_21x21_mu20/chunks/T_0p02__Didx_1_1__typ/dmft_solutions/T_0p02/U_0p8__Delta_0p1475__w1_0p4__typ,ok,
0.02,0.9,0.1475,typ,0.45,0.55,0.5806582790403172,0.5475515549249339,-0.002448445075066141,0.3468194367461745,0.3460963789798129,0.9979151751898762,33,True,0.001806855689602819,0.1840136489161525,0.01216061568250752,0.01254300601837257,0.0003823903358650498,3.304270024026484,0.1840136489161525,0.001186297104546757,0.0002508601203674515,2.788215506664079e-11,1.631528809308425,0.000706203835700541,-0.3840691729670561,1,0,/home/2/kj405942/Byczuk_Freericks/filling_variantB_freericks/pbs_variantB_T002_typ_21x21_mu20/chunks/T_0p02__Didx_1_1__typ/dmft_solutions/T_0p02/U_0p9__Delta_0p1475__w1_0p45__typ,ok,
0.02,0.9,0.1475,typ,0.4,0.6,0.6413879066425914,0.5992409042357678,-0.000759095764232165,0.3444049429031358,0.3436492672413137,0.9978058512881604,40,True,0.001992979682561969,0.1801006701506971,0.01179082045453951,0.0121149375659593,0.0003241171114197881,3.273397163007134,0.1801006701506971,0.001080497190871055,0.000242298751319186,2.644883915036806e-11,2.644779156252584,0.0007181511318555125,-0.3944256444060492,1,0,/home/2/kj405942/Byczuk_Freericks/filling_variantB_freericks/pbs_variantB_T002_typ_21x21_mu20/chunks/T_0p02__Didx_1_1__typ/dmft_solutions/T_0p02/U_0p9__Delta_0p1475__w1_0p4__typ,ok,
0.02,1,0.1475,typ,0.5,0.5,0.6291508840426761,0.4974484185875695,-0.002551581412430504,0.3477435811589853,0.3461168361417158,0.9953219984338811,87,True,0.001997969384460378,0.1877000559388328,0.01170124801162516,0.01218953172234069,0.000488283710715538,3.1170070656341,0.1877000559388328,0.00135388980212813,0.0002437906344468139,2.865522834002675e-11,0.8661145280318114,0.0006087986599863861,-0.3771357056967195,1,0,/home/2/kj405942/Byczuk_Freericks/filling_variantB_freericks/pbs_variantB_T002_typ_21x21_mu20/chunks/T_0p02__Didx_1_1__typ/dmft_solutions/T_0p02/U_1__Delta_0p1475__w1_0p5__typ,ok,
0.02,1,0.1475,typ,0.45,0.55,0.6864635572130234,0.5487071761237926,-0.001292823876207438,0.3471526405765658,0.3455609060301997,0.9954148856718403,91,True,0.001984323664000751,0.1834285585709886,0.01148464165971112,0.01187951016187002,0.0003948685021588944,3.130548958456339,0.1834285585709886,0.001203579329966175,0.0002375902032374003,2.716214474835543e-11,1.146024291342651,0.0006883193064070082,-0.4010947770908496,1,0,/home/2/kj405942/Byczuk_Freericks/filling_variantB_freericks/pbs_variantB_T002_typ_21x21_mu20/chunks/T_0p02__Didx_1_1__typ/dmft_solutions/T_0p02/U_1__Delta_0p1475__w1_0p45__typ,ok,
0.02,1,0.1475,typ,0.4,0.6,0.7629039633167467,0.6047938042491338,0.004793804249133782,0.3542939970616158,0.3527803687344014,0.9957277618594503,113,True,0.001979400705774333,0.1915348385051036,0.01212663941322942,0.01239588243745546,0.0002692430242260421,3.16564848146576,0.1915348385051036,0.001015572933508576,0.0002479176487491092,2.55126915219794e-11,1.906123245786554,0.0007672387538383241,-0.40657448675409,1,0,/home/2/kj405942/Byczuk_Freericks/filling_variantB_freericks/pbs_variantB_T002_typ_21x21_mu20/chunks/T_0p02__Didx_1_1__typ/dmft_solutions/T_0p02/U_1__Delta_0p1475__w1_0p4__typ,ok,
0.02,1.3,0.1475,typ,0.5,0.5,0.8916895674446784,0.5006976341112849,0.0006976341112848727,0.3250232711838568,0.32194177128485,0.9905191407132701,179,True,0.001992294991024432,0.1638006592900693,0.01029196361556357,0.01068137669751843,0.0003894130819548623,3.141612390380513,0.1638006592900693,0.001129478813970269,0.0002136275339503687,2.750827281192501e-11,0.4663210582157506,6.6118595288192e-05,-0.04241023384512897,1,0,/home/2/kj405942/Byczuk_Freericks/filling_variantB_freericks/pbs_variantB_T002_typ_21x21_mu20/chunks/T_0p02__Didx_1_1__typ/dmft_solutions/T_0p02/U_1p3__Delta_0p1475__w1_0p5__typ,ok,
0.02,1.3,0.1475,typ,0.45,0.55,0.9469963297345432,0.5505810975439277,0.0005810975439276556,0.3237254804705564,0.320677308770224,0.9905840847130671,225,True,0.001974784959368419,0.1568721215444076,0.009889106316706432,0.01020898067379828,0.0003198743570918467,3.151964230274978,0.1568721215444076,0.001001792084463153,0.0002041796134759656,2.592339139204452e-11,0.557871013887707,0.0004146708366748759,-0.06817706048964869,1,0,/home/2/kj405942/Byczuk_Freericks/filling_variantB_freericks/pbs_variantB_T002_typ_21x21_mu20/chunks/T_0p02__Didx_1_1__typ/dmft_solutions/T_0p02/U_1p3__Delta_0p1475__w1_0p45__typ,ok,
0.02,1.3,0.1475,typ,0.4,0.6,0.9898407985941602,0.5980383587715004,-0.001961641228499622,0.310681229857777,0.3075801258697968,0.9900183735290355,234,True,0.001964472351863028,0.1386586873448629,0.008712316089871528,0.009001593396522576,0.0002892773066510483,3.141640908586859,0.1386586873448629,0.000895665245712836,0.0001800318679304515,2.458098900908461e-11,0.6668354598300987,0.0004533809052615484,-0.1178714349801848,1,0,/home/2/kj405942/Byczuk_Freericks/filling_variantB_freericks/pbs_variantB_T002_typ_21x21_mu20/chunks/T_0p02__Didx_1_1__typ/dmft_solutions/T_0p02/U_1p3__Delta_0p1475__w1_0p4__typ,ok,
0.02,1.4,0.1475,typ,0.5,0.5,0.9602309472509405,0.4966781236718478,-0.003321876328152173,0.3013122421053932,0.2978570014136659,0.9885326906481328,240,True,0.001979346050350656,0.1383124660991864,0.008570505242641701,0.009022489834464334,0.0004519845918226338,3.098240341002826,0.1383124660991864,0.00111816907070284,0.0001804497966892867,2.741957376433551e-11,0.4567193190233715,-0.0001511330103119387,-0.02946705286998684,0,0,/home/2/kj405942/Byczuk_Freericks/filling_variantB_freericks/pbs_variantB_T002_typ_21x21_mu20/chunks/T_0p02__Didx_1_1__typ/dmft_solutions/T_0p02/U_1p4__Delta_0p1475__w1_0p5__typ,ok,
0.02,1.4,0.1475,typ,0.45,0.55,1.008781838029889,0.5488081525027171,-0.001191847497282961,0.2960987783240339,0.2925841962129741,0.9881303728068287,190,True,0.001950745312614355,0.1279463191139317,0.007935020195998559,0.008327625319056883,0.0003926051230583249,3.100917732901993,0.1279463191139317,0.001002321109830426,0.0001665525063811377,2.586539419706543e-11,0.5464780047919805,-0.0001428895958517213,-0.0458776217281456,0,0,/home/2/kj405942/Byczuk_Freericks/filling_variantB_freericks/pbs_variantB_T002_typ_21x21_mu20/chunks/T_0p02__Didx_1_1__typ/dmft_solutions/T_0p02/U_1p4__Delta_0p1475__w1_0p45__typ,ok,
0.02,1.4,0.1475,typ,0.4,0.6,1.060863005565392,0.6008143699448926,0.0008143699448925901,0.2914795077631369,0.2879121258935297,0.9877611229105472,186,True,0.001959967552355159,0.1198426729197559,0.007447164440121217,0.00777967451273527,0.0003325100726140534,3.107058720689449,0.1198426729197559,0.0008927361970348272,0.0001555934902547054,2.435877864245569e-11,0.652781103192278,0.0001929299214091956,-0.07407855962739171,1,0,/home/2/kj405942/Byczuk_Freericks/filling_variantB_freericks/pbs_variantB_T002_typ_21x21_mu20/chunks/T_0p02__Didx_1_1__typ/dmft_solutions/T_0p02/U_1p4__Delta_0p1475__w1_0p4__typ,ok,
0.02,1.1,0.1475,typ,0.5,0.5,0.6919801647658554,0.4864981935113838,-0.01350180648861621,0.3205527172339482,0.3183110673579551,0.9930069228695475,234,True,0.001990488345848217,0.1555091364444255,0.009580401158786434,0.01010555120302851,0.0005251500442420745,3.080333856207283,0.1555091364444255,0.001278011188400452,0.0002021110240605702,2.86048760369453e-11,0.5211156304490286,0.0001306197781916472,-0.3092694887075327,1,0,/home/2/kj405942/Byczuk_Freericks/filling_variantB_freericks/pbs_variantB_T002_typ_21x21_mu20/chunks/T_0p02__Didx_1_1__typ/dmft_solutions/T_0p02/U_1p1__Delta_0p1475__w1_0p5__typ,ok,
0.02,1.1,0.1475,typ,0.4,0.6,0.8432580331802223,0.6008997456435157,0.0008997456435156925,0.342784588245462,0.3407230510669823,0.9939859105421522,234,True,0.001999018260896787,0.1757866915940052,0.0111456103683306,0.01139928861699025,0.000253678248659646,3.170208810252932,0.1757866915940052,0.0009443861504833766,0.000227985772339805,2.512746714373679e-11,1.044631054164796,0.0007158273376799682,-0.4400300236468198,1,0,/home/2/kj405942/Byczuk_Freericks/filling_variantB_freericks/pbs_variantB_T002_typ_21x21_mu20/chunks/T_0p02__Didx_1_1__typ/dmft_solutions/T_0p02/U_1p1__Delta_0p1475__w1_0p4__typ,ok,
0.02,1.2,0.1475,typ,0.5,0.5,0.7013861011037315,0.4634110885913085,-0.03658891140869153,0.2153162179033745,0.2129958931139298,0.9892236413399847,236,True,0.001995701195929783,0.06546868468747968,0.003520209637117838,0.004599876716358252,0.001079667079240413,2.688468276032929,0.06546868468747968,0.001188985984595636,9.199753432716503e-05,2.93422826133031e-11,0.4673841614708675,-0.000210667276395671,-0.1052424104097439,0,0,/home/2/kj405942/Byczuk_Freericks/filling_variantB_freericks/pbs_variantB_T002_typ_21x21_mu20/chunks/T_0p02__Didx_1_1__typ/dmft_solutions/T_0p02/U_1p2__Delta_0p1475__w1_0p5__typ,ok,
0.02,1.1,0.1475,typ,0.45,0.55,0.7863660083888375,0.5504800862003866,0.0004800862003865314,0.3481199949949029,0.3459784464960868,0.9938482462093352,241,True,0.001995634280737579,0.1857515729800903,0.01175298883658718,0.01206775825668049,0.0003147694200933099,3.163631039034841,0.1857515729800903,0.001081377962678759,0.0002413551651336098,2.655558832219159e-11,0.9063793537393892,0.0006788682933704263,-0.4142820229765415,1,0,/home/2/kj405942/Byczuk_Freericks/filling_variantB_freericks/pbs_variantB_T002_typ_21x21_mu20/chunks/T_0p02__Didx_1_1__typ/dmft_solutions/T_0p02/U_1p1__Delta_0p1475__w1_0p45__typ,ok,
0.02,1.2,0.1475,typ,0.45,0.55,0.8745639239211146,0.5540422773036441,0.004042277303644037,0.3409787975375232,0.3383965363801747,0.9924269157613405,225,True,0.001961606631400586,0.17714647374013,0.01123211955262336,0.01152670874164416,0.0002945891890207986,3.170291599792339,0.17714647374013,0.001021620634452917,0.0002305341748328833,2.613025630001049e-11,0.7053540515559613,0.0006150750010006231,-0.3701483405820659,1,0,/home/2/kj405942/Byczuk_Freericks/filling_variantB_freericks/pbs_variantB_T002_typ_21x21_mu20/chunks/T_0p02__Didx_1_1__typ/dmft_solutions/T_0p02/U_1p2__Delta_0p1475__w1_0p45__typ,ok,
0.02,1.2,0.1475,typ,0.4,0.6,0.9216475610365107,0.598913336649371,-0.001086663350629014,0.3303560169300418,0.3277936866488727,0.9922437305517227,237,True,0.001988442939510587,0.1604919930002888,0.0101635280563249,0.0104186277131495,0.0002550996568245981,3.16636608042702,0.1604919930002888,0.0009048917320593605,0.0002083725542629901,2.47850311466915e-11,0.7277861303873941,0.000639389738098341,-0.4693846849433855,1,0,/home/2/kj405942/Byczuk_Freericks/filling_variantB_freericks/pbs_variantB_T002_typ_21x21_mu20/chunks/T_0p02__Didx_1_1__typ/dmft_solutions/T_0p02/U_1p2__Delta_0p1475__w1_0p4__typ,ok,
0.02,1.5,0.1475,typ,0.5,0.5,1.035457727206722,0.5009879319456412,0.0009879319456411739,0.2734540049083053,0.2697312240661148,0.9863860803814563,231,True,0.00198647645999241,0.1108305532090726,0.006709431965032835,0.007243193402931664,0.0005337614378988287,3.026887338717895,0.1108305532090726,0.00108772308464974,0.0001448638680586333,2.724667712785345e-11,0.4488141527124526,-0.0001607370509125103,-0.0254386119092415,0,0,/home/2/kj405942/Byczuk_Freericks/filling_variantB_freericks/pbs_variantB_T002_typ_21x21_mu20/chunks/T_0p02__Didx_1_1__typ/dmft_solutions/T_0p02/U_1p5__Delta_0p1475__w1_0p5__typ,ok,
0.02,1.5,0.1475,typ,0.45,0.55,1.068700526809371,0.5466975956973841,-0.003302404302615969,0.2633288117238993,0.2594841900612124,0.9853999202080553,189,True,0.001987341743075559,0.09910012462193747,0.005959204259934591,0.006471643557771726,0.0005124392978371344,3.006658307781493,0.09910012462193747,0.001007797581628753,0.0001294328711554345,2.584563583226457e-11,0.5353668608166441,-0.0001258014905647633,-0.03466742943541148,0,0,/home/2/kj405942/Byczuk_Freericks/filling_variantB_freericks/pbs_variantB_T002_typ_21x21_mu20/chunks/T_0p02__Didx_1_1__typ/dmft_solutions/T_0p02/U_1p5__Delta_0p1475__w1_0p45__typ,ok,
0.02,1.5,0.1475,typ,0.4,0.6,1.134230809831929,0.601906378093568,0.001906378093567973,0.272423731299495,0.2684770187929577,0.9855125965432193,179,True,0.001993184682756004,0.1032023343860758,0.006315282501284984,0.006702494984474616,0.0003872124831896316,3.059660684447196,0.1032023343860758,0.0008939936483957718,0.0001340498996894923,2.412111954637834e-11,0.6465387672632252,-0.0001164423334852624,-0.05488759005095513,0,0,/home/2/kj405942/Byczuk_Freericks/filling_variantB_freericks/pbs_variantB_T002_typ_21x21_mu20/chunks/T_0p02__Didx_1_1__typ/dmft_solutions/T_0p02/U_1p5__Delta_0p1475__w1_0p4__typ,ok,
0.02,1.6,0.1475,typ,0.5,0.5,1.107289271417182,0.4995397234776925,-0.0004602765223074567,0.2460383969337454,0.242186911486064,0.9843459984470693,192,True,0.001978493011706115,0.08873759659038558,0.005200184640172507,0.005849776476021624,0.0006495918358491166,2.930090987350411,0.08873759659038558,0.001073715216228092,0.0001169955295204325,2.71367634732224e-11,0.4407147766306228,-0.0001578313887485793,-0.02103805002611648,0,0,/home/2/kj405942/Byczuk_Freericks/filling_variantB_freericks/pbs_variantB_T002_typ_21x21_mu20/chunks/T_0p02__Didx_1_1__typ/dmft_solutions/T_0p02/U_1p6__Delta_0p1475__w1_0p5__typ,ok,
0.02,1.6,0.1475,typ,0.45,0.55,1.18261336068453,0.5539384744378587,0.003938474437858663,0.2794103814867689,0.2753860679173117,0.9855971222398987,162,True,0.001998944224830689,0.1134634555271184,0.006966967484312529,0.007386114277668765,0.0004191467933562355,3.070137187319923,0.1134634555271184,0.0009752727161908049,0.0001477222855533753,2.515312624166394e-11,0.5256634841145069,-0.0001290865409773012,-0.02691139736362856,0,0,/home/2/kj405942/Byczuk_Freericks/filling_variantB_freericks/pbs_variantB_T002_typ_21x21_mu20/chunks/T_0p02__Didx_1_1__typ/dmft_solutions/T_0p02/U_1p6__Delta_0p1475__w1_0p45__typ,ok,
0.02,1.6,0.1475,typ,0.4,0.6,1.227622101056762,0.5999237024381292,-7.629756187077508e-05,0.2717503427586399,0.2675903891435381,0.9846920023251029,179,True,0.001979666728929205,0.1031945632024363,0.006330681110886589,0.006700236619095888,0.0003695555082092992,3.067352055392551,0.1031945632024363,0.0008733397878112847,0.0001340047323819178,2.366103429590041e-11,0.6356639571349455,-0.0001245938410287207,-0.04006926226478988,0,0,/home/2/kj405942/Byczuk_Freericks/filling_variantB_freericks/pbs_variantB_T002_typ_21x21_mu20/chunks/T_0p02__Didx_1_1__typ/dmft_solutions/T_0p02/U_1p6__Delta_0p1475__w1_0p4__typ,ok,
0.02,1.7,0.1475,typ,0.5,0.5,1.206490585391377,0.5006784111692443,0.0006784111692442751,0.2503558371405424,0.2463241350331332,0.9838961130147489,185,True,0.00197928358276425,0.09281487679237835,0.005488541526216691,0.006094031256283238,0.0006054897300665474,2.956714330663957,0.09281487679237835,0.001060174086602545,0.0001218806251256648,2.666934759523859e-11,0.4338552587301957,-0.0001610346732126783,-0.01712277406109482,0,0,/home/2/kj405942/Byczuk_Freericks/filling_variantB_freericks/pbs_variantB_T002_typ_21x21_mu20/chunks/T_0p02__Didx_1_1__typ/dmft_solutions/T_0p02/U_1p7__Delta_0p1475__w1_0p5__typ,ok,
0.02,1.7,0.1475,typ,0.4,0.6,1.328719002591852,0.601530815563085,0.001530815563084986,0.2763542895970052,0.2720634600345698,0.9844734468616625,167,True,0.00199259202581046,0.1076175981053369,0.006646631782565375,0.006983850471382723,0.0003372186888173472,3.088078483251226,0.1076175981053369,0.0008519467744730761,0.0001396770094276545,2.313500714970218e-11,0.6262232179469972,-9.108628632306919e-05,-0.03112819525078093,0,0,/home/2/kj405942/Byczuk_Freericks/filling_variantB_freericks/pbs_variantB_T002_typ_21x21_mu20/chunks/T_0p02__Didx_1_1__typ/dmft_solutions/T_0p02/U_1p7__Delta_0p1475__w1_0p4__typ,ok,
0.02,1.7,0.1475,typ,0.45,0.55,1.27664587089128,0.5530411807392247,0.003041180739224658,0.2782851071937748,0.2740988047730033,0.9849567859991284,157,True,0.001997725190728529,0.1132143310358686,0.006958544182725366,0.007366563304213764,0.0004080191214883984,3.073172856765262,0.1132143310358686,0.000961182728612534,0.0001473312660842753,2.473207315699295e-11,0.5188973278832936,-0.0001331285028697317,-0.02141699327947917,0,0,/home/2/kj405942/Byczuk_Freericks/filling_variantB_freericks/pbs_variantB_T002_typ_21x21_mu20/chunks/T_0p02__Didx_1_1__typ/dmft_solutions/T_0p02/U_1p7__Delta_0p1475__w1_0p45__typ,ok,
0.02,1.8,0.1475,typ,0.5,0.5,1.305611208809827,0.5013420154080265,0.001342015408026476,0.2539267397769876,0.2497539064611285,0.9835667826101185,184,True,0.001983705172583842,0.09637836141222633,0.00573890186592374,0.006310294233742942,0.000571392367819202,2.977277151132244,0.09637836141222633,0.001049474727031259,0.0001262058846748588,2.622200498395221e-11,0.4279900013049638,-0.0001647800096542052,-0.01434414281998991,0,0,/home/2/kj405942/Byczuk_Freericks/filling_variantB_freericks/pbs_variantB_T002_typ_21x21_mu20/chunks/T_0p02__Didx_1_1__typ/dmft_solutions/T_0p02/U_1p8__Delta_0p1475__w1_0p5__typ,ok,
0.02,1.8,0.1475,typ,0.45,0.55,1.373848662091219,0.5548724819949123,0.004872481994912303,0.2788670288883289,0.2745568930939812,0.9845441183508515,160,True,0.001993565882900038,0.1143529112110127,0.007042702250027511,0.007436693108426975,0.0003939908583994638,3.079371646705078,0.1143529112110127,0.0009492523547350783,0.0001487338621685395,2.429154443378539e-11,0.5136411256108167,-0.0001330066691414425,-0.01794755675134264,0,0,/home/2/kj405942/Byczuk_Freericks/filling_variantB_freericks/pbs_variantB_T002_typ_21x21_mu20/chunks/T_0p02__Didx_1_1__typ/dmft_solutions/T_0p02/U_1p8__Delta_0p1475__w1_0p45__typ,ok,
0.02,1.9,0.1475,typ,0.5,0.5,1.398564649092368,0.4983420303642379,-0.001657969635762147,0.2508087674716879,0.2465401367090665,0.982980536104651,190,True,0.001975532356450657,0.0946057297245083,0.005620771227502356,0.006195107169443934,0.0005743359419415772,2.97062939204107,0.0946057297245083,0.001042453556705484,0.0001239021433888787,2.58713473749577e-11,0.4232091260642056,-0.000173571482241356,-0.01237121287815187,0,0,/home/2/kj405942/Byczuk_Freericks/filling_variantB_freericks/pbs_variantB_T002_typ_21x21_mu20/chunks/T_0p02__Didx_1_1__typ/dmft_solutions/T_0p02/U_1p9__Delta_0p1475__w1_0p5__typ,ok,
0.02,1.9,0.1475,typ,0.45,0.55,1.458412032947876,0.5525347551957414,0.002534755195741312,0.268809667521386,0.2643524795725768,0.9834187959461891,154,True,0.001983774470468828,0.1061768440910391,0.006481659219070585,0.006907139284804695,0.0004254800657341102,3.05229415818435,0.1061768440910391,0.0009505380645013191,0.0001381427856960939,2.401734257353806e-11,0.5104575153234244,-0.0001321493547053732,-0.01548264075370922,0,0,/home/2/kj405942/Byczuk_Freericks/filling_variantB_freericks/pbs_variantB_T002_typ_21x21_mu20/chunks/T_0p02__Didx_1_1__typ/dmft_solutions/T_0p02/U_1p9__Delta_0p1475__w1_0p45__typ,ok,
0.02,1.8,0.1475,typ,0.4,0.6,1.415986282791776,0.5998702077862322,-0.0001297922137677432,0.2695611392461415,0.2650853441497764,0.9833959928019216,176,True,0.001994787838904273,0.1023389805323762,0.006289023497469955,0.006640207231569544,0.0003511837340995885,3.072643221944322,0.1023389805323762,0.0008478182037123876,0.0001328041446313909,2.278245874069555e-11,0.6177304879934612,-0.0001302609831378421,-0.02557871166360724,0,0,/home/2/kj405942/Byczuk_Freericks/filling_variantB_freericks/pbs_variantB_T002_typ_21x21_mu20/chunks/T_0p02__Didx_1_1__typ/dmft_solutions/T_0p02/U_1p8__Delta_0p1475__w1_0p4__typ,ok,
0.02,2,0.1475,typ,0.5,0.5,1.498515682144842,0.4984015020318854,-0.001598497968114621,0.2543924416519568,0.2500268392430156,0.982839103313793,185,True,0.00198427032436552,0.09814558471526004,0.005866111437483669,0.006412683023678836,0.0005465715861951673,2.988474445642375,0.09814558471526004,0.001035795229916337,0.0001282536604735767,2.544700980540969e-11,0.419873956069978,-0.0001789219774141321,-0.0108742828576339,0,0,/home/2/kj405942/Byczuk_Freericks/filling_variantB_freericks/pbs_variantB_T002_typ_21x21_mu20/chunks/T_0p02__Didx_1_1__typ/dmft_solutions/T_0p02/U_2__Delta_0p1475__w1_0p5__typ,ok,
0.02,2,0.1475,typ,0.45,0.55,1.549330321828494,0.551302297604395,0.001302297604394931,0.2639307648080461,0.2593708683297087,0.9827231339186484,157,True,0.001991255168934448,0.1026589415889318,0.006240813693567685,0.006678431887361713,0.0004376181937940283,3.039586029708559,0.1026589415889318,0.0009478968361056492,0.0001335686377472343,2.368101466468346e-11,0.5059380941611695,-0.0001341084382942921,-0.01351378859475518,0,0,/home/2/kj405942/Byczuk_Freericks/filling_variantB_freericks/pbs_variantB_T002_typ_21x21_mu20/chunks/T_0p02__Didx_1_1__typ/dmft_solutions/T_0p02/U_2__Delta_0p1475__w1_0p45__typ,ok,
0.02,1.9,0.1475,typ,0.4,0.6,1.5023573190975,0.6021541218469215,0.002154121846921542,0.260726477504578,0.2560810699041882,0.982182831429891,161,True,0.001967541242912779,0.09550917724848713,0.005821919978485787,0.006198493565607929,0.0003765735871221418,3.047832756081043,0.09550917724848713,0.0008481301018068779,0.0001239698713121586,2.245580391126855e-11,0.6100115997042365,-0.0001223976121869045,-0.02219551995362896,0,0,/home/2/kj405942/Byczuk_Freericks/filling_variantB_freericks/pbs_variantB_T002_typ_21x21_mu20/chunks/T_0p02__Didx_1_1__typ/dmft_solutions/T_0p02/U_1p9__Delta_0p1475__w1_0p4__typ,ok,
0.02,2,0.1475,typ,0.4,0.6,1.592825532846508,0.6020359219279401,0.00203592192794011,0.2556180010514194,0.2508504237151929,0.9813488200493854,149,True,0.001950591254951543,0.09191362088995808,0.005577182534985882,0.005966041021584797,0.0003888584865989149,3.033926028038359,0.09191362088995808,0.0008454749140819674,0.0001193208204316959,2.209827216494015e-11,0.603928365348404,-0.0001224880608861046,-0.01927301499700232,0,0,/home/2/kj405942/Byczuk_Freericks/filling_variantB_freericks/pbs_variantB_T002_typ_21x21_mu20/chunks/T_0p02__Didx_1_1__typ/dmft_solutions/T_0p02/U_2__Delta_0p1475__w1_0p4__typ,ok,
0.02,0.3,1.22,typ,0.4,0.6,0.3543466838936499,0.5962230307509552,-0.003776969249044804,0.5121477656490796,0.4752146008685562,0.9278857250627355,20,True,0.00198088023937297,0.5176746678119835,0.03388458123811238,0.03389916294007071,1.458170195832774e-05,3.272767951088836,0.5176746678119835,-0.0003885505814539636,0.0006779832588014142,2.663923740598685e-11,8.625509581859436,0.001326943465140973,-0.2444930663514871,2,0,/home/2/kj405942/Byczuk_Freericks/filling_variantB_freericks/pbs_variantB_T002_typ_21x21_mu20/chunks/T_0p02__Didx_12_12__typ/dmft_solutions/T_0p02/U_0p3__Delta_1p22__w1_0p4__typ,ok,
0.02,0.1,1.22,typ,0.5,0.5,0.08174515073414122,0.5002261945547198,0.0002261945547198385,0.5249562484248886,0.4879385485405416,0.9294842189317354,27,True,0.001955403592708012,0.5463865997639346,0.03578671581183898,0.03578697253253045,2.567206914694701e-07,3.274852991206279,0.5463865997639346,-5.296579003489892e-05,0.000715739450650609,2.940314554496761e-11,26.09699736204905,0.01856352753306312,-0.2602749980345707,4,0,/home/2/kj405942/Byczuk_Freericks/filling_variantB_freericks/pbs_variantB_T002_typ_21x21_mu20/chunks/T_0p02__Didx_12_12__typ/dmft_solutions/T_0p02/U_0p1__Delta_1p22__w1_0p5__typ,ok,
0.02,0.3,1.22,typ,0.45,0.55,0.2774171252306912,0.5486957873860667,-0.00130421261393332,0.5139258541312387,0.4844811391384697,0.9427062975017212,13,True,0.001870510978052255,0.5410229293809981,0.03542702993872086,0.03543228190414927,5.251965428417391e-06,3.27407841838183,0.5410229293809981,-0.0002383876557664052,0.0007086456380829855,2.788020720785894e-11,53.87062537268299,0.01298282460475736,-0.2515231540011527,3,0,/home/2/kj405942/Byczuk_Freericks/filling_variantB_freericks/pbs_variantB_T002_typ_21x21_mu20/chunks/T_0p02__Didx_12_12__typ/dmft_solutions/T_0p02/U_0p3__Delta_1p22__w1_0p45__typ,ok,
0.02,0.3,1.22,typ,0.5,0.5,0.180362973692754,0.4957112507248716,-0.004288749275128401,0.5149499828631264,0.4895259159558876,0.9506280847590658,52,True,0.001944822185946706,0.5541891777352941,0.03629663462257119,0.03629685018461172,2.15562040532505e-07,3.274751301613121,0.5541891777352941,-4.887988338645073e-05,0.0007259370036922344,2.949088572235109e-11,14.13943326772938,0.01968919239022382,-0.2575822533779712,4,0,/home/2/kj405942/Byczuk_Freericks/filling_variantB_freericks/pbs_variantB_T002_typ_21x21_mu20/chunks/T_0p02__Didx_12_12__typ/dmft_solutions/T_0p02/U_0p3__Delta_1p22__w1_0p5__typ,ok,
0.02,0.1,1.22,typ,0.4,0.6,0.2591906762732186,0.5965560959479841,-0.003443904052015889,0.5231548511699545,0.4752118348015472,0.9083578862717411,25,True,0.001954264758117085,0.5148011720833894,0.03370090200557802,0.03371351599039934,1.261398482132435e-05,3.273195928166906,0.5148011720833894,-0.000360380192870248,0.0006742703198079868,2.678039668165099e-11,11.23543285398769,0.001226672405511386,-0.2459672351262697,2,0,/home/2/kj405942/Byczuk_Freericks/filling_variantB_freericks/pbs_variantB_T002_typ_21x21_mu20/chunks/T_0p02__Didx_12_12__typ/dmft_solutions/T_0p02/U_0p1__Delta_1p22__w1_0p4__typ,ok,
0.02,0.1,1.22,typ,0.45,0.55,0.1739147543540195,0.5495403041831948,-0.0004596958168052723,0.5243733113373251,0.4837766585558021,0.922580627381687,57,True,0.001956254281155773,0.5356074776889925,0.03507560634960966,0.03507996775517764,4.361405567978037e-06,3.274376087965745,0.5356074776889925,-0.0002161481637878724,0.0007015993551035528,2.800465525745463e-11,25.93602542981142,0.01317739348268127,-0.254305934136266,4,0,/home/2/kj405942/Byczuk_Freericks/filling_variantB_freericks/pbs_variantB_T002_typ_21x21_mu20/chunks/T_0p02__Didx_12_12__typ/dmft_solutions/T_0p02/U_0p1__Delta_1p22__w1_0p45__typ,ok,
0.02,0.2,1.22,typ,0.45,0.55,0.230711897050456,0.5525852419960781,0.002585241996078014,0.5202574592272341,0.4839378740266566,0.930189208138361,29,True,0.001943662501528584,0.5384155361364903,0.03525741862109198,0.03526244509601719,5.026474925209157e-06,3.274182880576657,0.5384155361364903,-0.0002326513353382315,0.0007052489019203439,2.786580728434876e-11,13.3901068059141,0.01354946772526133,-0.2515350362116049,3,0,/home/2/kj405942/Byczuk_Freericks/filling_variantB_freericks/pbs_variantB_T002_typ_21x21_mu20/chunks/T_0p02__Didx_12_12__typ/dmft_solutions/T_0p02/U_0p2__Delta_1p22__w1_0p45__typ,ok,
0.02,0,1.22,typ,0.5,0.5,0.03625269643289468,0.4990097495150051,-0.0009902504849949034,0.5262814879638439,0.4874486189994678,0.9262127400402806,31,True,0.001976462986882639,0.5441571220980935,0.03564095143333496,0.03564129397981484,3.425464798809438e-07,3.274876867908574,0.5441571220980935,-6.105720378085568e-05,0.0007128258795962969,2.932710571963156e-11,60.2066948290249,0.01820760234094115,-0.2608203173093505,4,0,/home/2/kj405942/Byczuk_Freericks/filling_variantB_freericks/pbs_variantB_T002_typ_21x21_mu20/chunks/T_0p02__Didx_12_12__typ/dmft_solutions/T_0p02/U_0__Delta_1p22__w1_0p5__typ,ok,
0.02,0.2,1.22,typ,0.4,0.6,0.3007348925359491,0.6016441093207888,0.001644109320788845,0.5190237121770908,0.4760724224608276,0.917245997227949,105,True,0.001962510407328905,0.5188578640309905,0.03396591825435662,0.03397867424425512,1.275598989849655e-05,3.27314285944097,0.5188578640309905,-0.0003638281372388566,0.0006795734848851023,2.678247373471783e-11,39.77548956537655,0.00125255599060853,-0.2449177684139098,2,0,/home/2/kj405942/Byczuk_Freericks/filling_variantB_freericks/pbs_variantB_T002_typ_21x21_mu20/chunks/T_0p02__Didx_12_12__typ/dmft_solutions/T_0p02/U_0p2__Delta_1p22__w1_0p4__typ,ok,
0.02,0.2,1.22,typ,0.5,0.5,0.1354642275399462,0.4987304737183386,-0.001269526281661437,0.5210635239665117,0.4888021912970472,0.9380856053329538,83,True,0.001876894568800256,0.5507769023766089,0.03607385014798396,0.03607415920182086,3.090538369069422e-07,3.274815083232872,0.5507769023766089,-5.83471875859002e-05,0.0007214831840364172,2.937406353702236e-11,32.91232877648022,0.01948475549353945,-0.2583489401120527,4,0,/home/2/kj405942/Byczuk_Freericks/filling_variantB_freericks/pbs_variantB_T002_typ_21x21_mu20/chunks/T_0p02__Didx_12_12__typ/dmft_solutions/T_0p02/U_0p2__Delta_1p22__w1_0p5__typ,ok,
0.02,0,1.22,typ,0.45,0.55,0.1360217192950175,0.5498923105912779,-0.0001076894087221891,0.5256690333949294,0.4828795798875809,0.9186000110544817,22,True,0.001979819855330488,0.5326452832082993,0.03488091189146347,0.03488565233210708,4.740440643608174e-06,3.274309657016407,0.5326452832082993,-0.0002247208645919114,0.0006977130466421416,2.789802068465899e-11,131.9925169343259,0.01237433686548961,-0.2539200563645293,3,0,/home/2/kj405942/Byczuk_Freericks/filling_variantB_freericks/pbs_variantB_T002_typ_21x21_mu20/chunks/T_0p02__Didx_12_12__typ/dmft_solutions/T_0p02/U_0__Delta_1p22__w1_0p45__typ,ok,
0.02,0.4,1.22,typ,0.45,0.55,0.2907360784024464,0.5455421421319961,-0.0044578578680039,0.5062712470842542,0.4860726103609017,0.9601031327777715,18,True,0.001918206940981348,0.543542887301631,0.03559215173383191,0.03559522972729304,3.077993461127502e-06,3.274088629006434,0.543542887301631,-0.0001829219206632591,0.0007119045945458609,2.837711727566047e-11,46.64115437878549,0.01418784992957978,-0.2557634253237567,4,0,/home/2/kj405942/Byczuk_Freericks/filling_variantB_freericks/pbs_variantB_T002_typ_21x21_mu20/chunks/T_0p02__Didx_12_12__typ/dmft_solutions/T_0p02/U_0p4__Delta_1p22__w1_0p45__typ,ok,
0.02,0.4,1.22,typ,0.5,0.5,0.2198392223928928,0.5010999898508014,0.001099989850801397,0.5069436723367069,0.4890112964233393,0.9646264922674544,45,True,0.001950315254718701,0.5513203191777412,0.03610546808015629,0.03610557302683581,1.049466795201442e-07,3.274454688519849,0.5513203191777412,-3.401741814120819e-05,0.0007221114605367162,2.970560767884406e-11,15.55595167643394,0.01618911310011645,-0.2603286601089487,4,0,/home/2/kj405942/Byczuk_Freericks/filling_variantB_freericks/pbs_variantB_T002_typ_21x21_mu20/chunks/T_0p02__Didx_12_12__typ/dmft_solutions/T_0p02/U_0p4__Delta_1p22__w1_0p5__typ,ok,
0.02,0,1.22,typ,0.4,0.6,0.2417297591991704,0.6018658271580711,0.001865827158071154,0.5241780159512925,0.4718217848213832,0.9001174609833801,19,True,0.00199125896420936,0.5055271243019002,0.03308952886764255,0.03310517076262173,1.564189497918617e-05,3.272774820276659,0.5055271243019002,-0.0003976783169211094,0.0006621034152524347,2.647756068629704e-11,4.012323815008791,0.00124355815724826,-0.2445719868204678,2,0,/home/2/kj405942/Byczuk_Freericks/filling_variantB_freericks/pbs_variantB_T002_typ_21x21_mu20/chunks/T_0p02__Didx_12_12__typ/dmft_solutions/T_0p02/U_0__Delta_1p22__w1_0p4__typ,ok,
0.02,0.4,1.22,typ,0.4,0.6,0.383145050193027,0.5974699808055045,-0.00253001919449547,0.5039627741061932,0.4763281044721487,0.9451652561381023,28,True,0.001954794531202743,0.51882533704163,0.03396005458437633,0.0339729794860968,1.292490172046672e-05,3.272782973362325,0.51882533704163,-0.0003662175990132395,0.0006794595897219359,2.68336309504274e-11,8.39654107668845,0.001428697468843142,-0.2482999224183116,2,0,/home/2/kj405942/Byczuk_Freericks/filling_variantB_freericks/pbs_variantB_T002_typ_21x21_mu20/chunks/T_0p02__Didx_12_12__typ/dmft_solutions/T_0p02/U_0p4__Delta_1p22__w1_0p4__typ,ok,
0.02,0.5,1.22,typ,0.45,0.55,0.3701016436562348,0.5530340604773482,0.003034060477348111,0.4956080911409823,0.4810900284591198,0.9707065664556864,32,True,0.001932965536585631,0.524418077920238,0.03433143479099036,0.03433673727228519,5.302481294825862e-06,3.273288644733949,0.524418077920238,-0.000235826930134817,0.0006867347454457039,2.795853567044477e-11,12.22952630312558,0.004426734605961657,-0.2609165647901376,3,0,/home/2/kj405942/Byczuk_Freericks/filling_variantB_freericks/pbs_variantB_T002_typ_21x21_mu20/chunks/T_0p02__Didx_12_12__typ/dmft_solutions/T_0p02/U_0p5__Delta_1p22__w1_0p45__typ,ok,
0.02,0.5,1.22,typ,0.5,0.5,0.2888676269786989,0.4987828791383753,-0.001217120861624676,0.4971459993731536,0.485884926704911,0.9773485602168345,98,True,0.001982261646231672,0.5366434947765952,0.03513857622827705,0.03513898045674686,4.042284698126593e-07,3.273921753482286,0.5366434947765952,-6.586753050304237e-05,0.0007027796091349373,2.949025709551351e-11,24.22608276577998,0.009922067075825769,-0.2662872557666225,4,0,/home/2/kj405942/Byczuk_Freericks/filling_variantB_freericks/pbs_variantB_T002_typ_21x21_mu20/chunks/T_0p02__Didx_12_12__typ/dmft_solutions/T_0p02/U_0p5__Delta_1p22__w1_0p5__typ,ok,
0.02,0.6000000000000001,1.22,typ,0.5,0.5,0.2499999999999999,0.4951393040896094,-0.004860695910390622,0.4856628962645549,0.4795391924386073,0.9873910404252668,90,True,0.001905000692135011,0.5087013220968875,0.03330147534655725,0.03330215696419574,6.816176384982801e-07,3.273185452839715,0.5087013220968875,8.327542180843438e-05,0.0006660431392839149,2.940510432118904e-11,12.93646466054866,0.001232184544010313,-0.2794875636880384,2,0,/home/2/kj405942/Byczuk_Freericks/filling_variantB_freericks/pbs_variantB_T002_typ_21x21_mu20/chunks/T_0p02__Didx_12_12__typ/dmft_solutions/T_0p02/U_0p6__Delta_1p22__w1_0p5__typ,ok,
0.02,0.6000000000000001,1.22,typ,0.45,0.55,0.3368989613232942,0.5519399820650024,0.001939982065002344,0.4859918697787275,0.4793901885302538,0.9864160664838292,67,True,0.001916467696274222,0.5079820708515126,0.03325404961745084,0.0332550054112361,9.557937852532087e-07,3.273151900982276,0.5079820708515126,-9.854198154491626e-05,0.000665100108224722,2.915538568660269e-11,18.76968493084834,0.001190567494658702,-0.2783989172974978,2,0,/home/2/kj405942/Byczuk_Freericks/filling_variantB_freericks/pbs_variantB_T002_typ_21x21_mu20/chunks/T_0p02__Didx_12_12__typ/dmft_solutions/T_0p02/U_0p6__Delta_1p22__w1_0p45__typ,ok,
0.02,0.5,1.22,typ,0.4,0.6,0.4155541700686469,0.5987228374611386,-0.001277162538861343,0.4939122657820099,0.4745624092084975,0.9608232920822977,1,True,0.001138603380725553,0.5085616812308049,0.03328489581240395,0.03329666206047949,1.176624807553772e-05,3.272454162477293,0.5085616812308049,-0.0003459440100095443,0.0006659332412095897,2.699351247569915e-11,6.175656570506855,0.001558256015997533,-0.256716033378849,2,0,/home/2/kj405942/Byczuk_Freericks/filling_variantB_freericks/pbs_variantB_T002_typ_21x21_mu20/chunks/T_0p02__Didx_12_12__typ/dmft_solutions/T_0p02/U_0p5__Delta_1p22__w1_0p4__typ,ok,
0.02,0.7000000000000001,1.22,typ,0.5,0.5,0.380132233801757,0.5045374947513658,0.004537494751365778,0.4730433155097998,0.4703551430967989,0.9943172806276654,94,True,0.001977721558962177,0.4689089388131145,0.03068826689145054,0.03068852006562961,2.531741790639008e-07,3.272305596170504,0.4689089388131145,-4.872691979588596e-05,0.0006137704013125921,2.979690062576614e-11,2.749468283302972,0.001290757051189997,-0.30258354979876,2,0,/home/2/kj405942/Byczuk_Freericks/filling_variantB_freericks/pbs_variantB_T002_typ_21x21_mu20/chunks/T_0p02__Didx_12_12__typ/dmft_solutions/T_0p02/U_0p7__Delta_1p22__w1_0p5__typ,ok,
0.02,0.7000000000000001,1.22,typ,0.45,0.55,0.4259763597497485,0.54782289390841,-0.002177106091590053,0.4721147176605264,0.467943403653156,0.9911646177267244,18,True,0.001956827718883971,0.4635259583620761,0.03033296499132761,0.03033562674361606,2.661752288455847e-06,3.271981260608654,0.4635259583620761,-0.0001570854086431293,0.0006067125348723213,2.860528661027514e-11,2.366577756610873,0.002891965254495489,-0.2983060845607239,2,0,/home/2/kj405942/Byczuk_Freericks/filling_variantB_freericks/pbs_variantB_T002_typ_21x21_mu20/chunks/T_0p02__Didx_12_12__typ/dmft_solutions/T_0p02/U_0p7__Delta_1p22__w1_0p45__typ,ok,
0.02,0.6000000000000001,1.22,typ,0.4,0.6,0.4809901753706597,0.598201858933159,-0.001798141066840953,0.4809208308974103,0.4664385462944763,0.9698863437129356,80,True,0.001908423280113705,0.4770724499731061,0.03121311514921028,0.03122744741525555,1.433226604527124e-05,3.271318135324084,0.4770724499731061,-0.0003697980334151038,0.000624548948305111,2.672645118759075e-11,1.893185377942787,0.004645268846396705,-0.2685943889035238,2,0,/home/2/kj405942/Byczuk_Freericks/filling_variantB_freericks/pbs_variantB_T002_typ_21x21_mu20/chunks/T_0p02__Didx_12_12__typ/dmft_solutions/T_0p02/U_0p6__Delta_1p22__w1_0p4__typ,ok,
0.02,0.7000000000000001,1.22,typ,0.4,0.6,0.5156073857814555,0.6036362745465415,0.003636274546541474,0.4677117695147653,0.4580377056766149,0.9793161847344853,31,True,0.001954829703965962,0.4417230429814477,0.02889351396802317,0.02890629715923068,1.278319120750529e-05,3.270546378224227,0.4417230429814477,-0.0003360544634190394,0.0005781259431846136,2.687715518294653e-11,1.698313791327883,0.01384993855873089,-0.2908839323849454,2,0,/home/2/kj405942/Byczuk_Freericks/filling_variantB_freericks/pbs_variantB_T002_typ_21x21_mu20/chunks/T_0p02__Didx_12_12__typ/dmft_solutions/T_0p02/U_0p7__Delta_1p22__w1_0p4__typ,ok,
0.02,0.8,1.22,typ,0.5,0.5,0.4247883005534657,0.4973023871715482,-0.002697612828451823,0.4583211369537,0.4561232095157842,0.9952043943412153,3,True,0.001894911670481876,0.4168742829176262,0.02727481069278149,0.02727496989929521,1.592065137169402e-07,3.271347239495097,0.4168742829176262,-3.64332543815577e-05,0.0005454993979859042,2.998368817425937e-11,1.41962096608343,0.002558402710710509,-0.3360830693480753,2,0,/home/2/kj405942/Byczuk_Freericks/filling_variantB_freericks/pbs_variantB_T002_typ_21x21_mu20/chunks/T_0p02__Didx_12_12__typ/dmft_solutions/T_0p02/U_0p8__Delta_1p22__w1_0p5__typ,ok,
0.02,0.8,1.22,typ,0.45,0.55,0.5110024951338383,0.5534046585708298,0.003404658570829722,0.4554058670959406,0.4513067247925351,0.9909989251356267,89,True,0.00195152996503669,0.4068711690970348,0.02661467535835759,0.02661966283082043,4.987472462834767e-06,3.270651422343746,0.4068711690970348,-0.0002014576259064347,0.0005323932566164086,2.813542385174283e-11,1.483711984581609,0.01269102118984532,-0.3305182834839294,2,0,/home/2/kj405942/Byczuk_Freericks/filling_variantB_freericks/pbs_variantB_T002_typ_21x21_mu20/chunks/T_0p02__Didx_12_12__typ/dmft_solutions/T_0p02/U_0p8__Delta_1p22__w1_0p45__typ,ok,
0.02,0.8,1.22,typ,0.4,0.6,0.5471661551225555,0.6046942379368607,0.004694237936860746,0.4531118080080959,0.4455331153575088,0.9832741223763215,32,True,0.001973599310925357,0.3962269528227282,0.02591130898800102,0.0259218720473357,1.056305933468665e-05,3.269755982450003,0.3962269528227282,-0.0002893222705796623,0.0005184374409467141,2.708051288155102e-11,1.343502143607783,0.02580616597751126,-0.3226982449071673,1,0,/home/2/kj405942/Byczuk_Freericks/filling_variantB_freericks/pbs_variantB_T002_typ_21x21_mu20/chunks/T_0p02__Didx_12_12__typ/dmft_solutions/T_0p02/U_0p8__Delta_1p22__w1_0p4__typ,ok,
0.02,0.9,1.22,typ,0.45,0.55,0.4568466401778151,0.5498434142223454,-0.0001565857776546498,0.4420241257025931,0.4364980716125892,0.98749829756188,1,True,0.001519962703552134,0.356869318296496,0.02334305912564996,0.02334337203406929,3.129084193366533e-07,3.270533207656696,0.356869318296496,-4.725831446378628e-05,0.0004668674406813858,2.969347832351073e-11,0.8983439085753331,0.001593887182887326,-0.3804716552745606,1,0,/home/2/kj405942/Byczuk_Freericks/filling_variantB_freericks/pbs_variantB_T002_typ_21x21_mu20/chunks/T_0p02__Didx_12_12__typ/dmft_solutions/T_0p02/U_0p9__Delta_1p22__w1_0p45__typ,ok,
0.02,1,1.22,typ,0.5,0.5,0.5283058112855925,0.4987459235932478,-0.00125407640675218,0.4209459440284361,0.4105924007684782,0.9754041025769843,112,True,0.00193979366289012,0.2923905147047327,0.01912522308484464,0.01912537954822253,1.564633778917207e-07,3.270493077410193,0.2923905147047327,-3.0248440486809e-05,0.0003825075909644506,3.017806325744294e-11,0.6095755315988829,-0.0006805994238729799,-0.4513487663792942,0,0,/home/2/kj405942/Byczuk_Freericks/filling_variantB_freericks/pbs_variantB_T002_typ_21x21_mu20/chunks/T_0p02__Didx_12_12__typ/dmft_solutions/T_0p02/U_1__Delta_1p22__w1_0p5__typ,ok,
0.02,0.9,1.22,typ,0.4,0.6,0.6058335580033717,0.596466776141683,-0.003533223858317003,0.4336308849000727,0.4245566071796909,0.9790737282874284,23,True,0.00192885864399095,0.3361773975621504,0.0219775710481198,0.02198906834836514,1.149730024533813e-05,3.268746085771089,0.3361773975621504,-0.000278033540259748,0.0004397813669673029,2.693167981941789e-11,0.9039804910257129,0.03373215544335385,-0.3684942302070818,1,0,/home/2/kj405942/Byczuk_Freericks/filling_variantB_freericks/pbs_variantB_T002_typ_21x21_mu20/chunks/T_0p02__Didx_12_12__typ/dmft_solutions/T_0p02/U_0p9__Delta_1p22__w1_0p4__typ,ok,
0.02,1,1.22,typ,0.45,0.55,0.5587044994890351,0.5511397174905469,0.001139717490546865,0.4199692207877765,0.408807316066573,0.9734220886467203,23,True,0.001971563873994742,0.2898703037860387,0.01895840170021949,0.01896020725644376,1.805556224264791e-06,3.270152453114551,0.2898703037860387,-0.0001023110093030469,0.0003792041451288752,2.897424236783385e-11,1.018197521845858,0.006267695528742345,-0.4457339199092398,1,0,/home/2/kj405942/Byczuk_Freericks/filling_variantB_freericks/pbs_variantB_T002_typ_21x21_mu20/chunks/T_0p02__Didx_12_12__typ/dmft_solutions/T_0p02/U_1__Delta_1p22__w1_0p45__typ,ok,
0.02,0.9,1.22,typ,0.5,0.5,0.4377411771806375,0.4965864855605152,-0.003413514439484844,0.441308728212324,0.4366036882246519,0.9893384388594998,1,True,0.001668419863412425,0.356947932284763,0.02334781560913833,0.02334785610833885,4.049920051198397e-08,3.27047917881089,0.356947932284763,1.700359131591835e-05,0.0004669571221667769,3.029562288911084e-11,0.9021273625675373,-0.000635127546462661,-0.3843702470539289,0,0,/home/2/kj405942/Byczuk_Freericks/filling_variantB_freericks/pbs_variantB_T002_typ_21x21_mu20/chunks/T_0p02__Didx_12_12__typ/dmft_solutions/T_0p02/U_0p9__Delta_1p22__w1_0p5__typ,ok,
0.02,1,1.22,typ,0.4,0.6,0.63942727752822,0.595661289914885,-0.004338710085114994,0.4134628610058925,0.4001822395769983,0.9678795299858748,28,True,0.001933417482697913,0.2773180147265539,0.01813095174119126,0.01814038290969999,9.431168508736234e-06,3.268981959046018,0.2773180147265539,-0.0002287108623303374,0.0003628076581939999,2.712802249689514e-11,5.312108009809191,0.03105158529156696,-0.4340590522287262,1,0,/home/2/kj405942/Byczuk_Freericks/filling_variantB_freericks/pbs_variantB_T002_typ_21x21_mu20/chunks/T_0p02__Didx_12_12__typ/dmft_solutions/T_0p02/U_1__Delta_1p22__w1_0p4__typ,ok,
0.02,1.2,1.22,typ,0.45,0.55,0.6499169375985078,0.5480817875084388,-0.001918212491561211,0.3626653084618284,0.331751266999138,0.9147587576164755,1,True,0.001193842013691506,0.1622472545610917,0.01065809764074347,0.01065950349692038,1.405856176908796e-06,3.284523263452304,0.1622472545610917,-6.754203210019736e-05,0.0002131900699384075,2.923844509540911e-11,0.3383891166395476,-0.0008578519254130209,-0.6741221223389443,0,0,/home/2/kj405942/Byczuk_Freericks/filling_variantB_freericks/pbs_variantB_T002_typ_21x21_mu20/chunks/T_0p02__Didx_12_12__typ/dmft_solutions/T_0p02/U_1p2__Delta_1p22__w1_0p45__typ,ok,
0.02,1.2,1.22,typ,0.5,0.5,0.4999999999999999,0.497797037114698,-0.002202962885302029,0.3628497744329085,0.3327332058359057,0.9169998971500768,110,True,0.001984693465951359,0.1632995925180349,0.01073004992352345,0.01073012160228261,7.167875916279439e-08,3.285387843922028,0.1632995925180349,1.530040010162001e-05,0.0002146024320456523,2.937626922618776e-11,0.2689549313825919,-0.0008626707288745983,-0.6728180055047761,0,0,/home/2/kj405942/Byczuk_Freericks/filling_variantB_freericks/pbs_variantB_T002_typ_21x21_mu20/chunks/T_0p02__Didx_12_12__typ/dmft_solutions/T_0p02/U_1p2__Delta_1p22__w1_0p5__typ,ok,
0.02,1.2,1.22,typ,0.4,0.6,0.6665008951610929,0.6031634429088728,0.003163442908872827,0.363186008121847,0.3293572342399503,0.9068555144598321,10,True,0.001938824466195635,0.1606142645544021,0.01054927026204687,0.01055456290913213,5.292647085258349e-06,3.284039027079598,0.1606142645544021,-0.0001303897710056099,0.0002110912581826427,2.811769952157796e-11,0.8007908551754017,-0.0008666538377632841,-0.6482983923638155,0,0,/home/2/kj405942/Byczuk_Freericks/filling_variantB_freericks/pbs_variantB_T002_typ_21x21_mu20/chunks/T_0p02__Didx_12_12__typ/dmft_solutions/T_0p02/U_1p2__Delta_1p22__w1_0p4__typ,ok,
0.02,1.1,1.22,typ,0.5,0.5,0.5772891633681747,0.495527620288741,-0.004472379711259022,0.3960358194304629,0.376967487078962,0.9518520007131605,1,True,0.001792550745436788,0.227334046899416,0.01488212018740987,0.01488220324290294,8.305549307057081e-08,3.273183315562598,0.227334046899416,-1.94326227550268e-05,0.0002976440648580589,3.033488822524076e-11,0.3887144611079303,-0.0007558813482286607,-0.5469249368935759,0,0,/home/2/kj405942/Byczuk_Freericks/filling_variantB_freericks/pbs_variantB_T002_typ_21x21_mu20/chunks/T_0p02__Didx_12_12__typ/dmft_solutions/T_0p02/U_1p1__Delta_1p22__w1_0p5__typ,ok,
0.02,1.1,1.22,typ,0.45,0.55,0.6394906052230241,0.5511483580658931,0.001148358065893085,0.3924687556763921,0.3733731768972082,0.9513449707702873,86,True,0.00195655286754656,0.2227014023764926,0.0145776677072842,0.014580399698637,2.731991352802865e-06,3.272917806471558,0.2227014023764926,-0.0001103103173370151,0.00029160799397274,2.858822867300889e-11,4.217060144595747,-0.0007532718179636157,-0.5412862645047505,0,0,/home/2/kj405942/Byczuk_Freericks/filling_variantB_freericks/pbs_variantB_T002_typ_21x21_mu20/chunks/T_0p02__Didx_12_12__typ/dmft_solutions/T_0p02/U_1p1__Delta_1p22__w1_0p45__typ,ok,
0.02,1.3,1.22,typ,0.5,0.5,0.695874691256102,0.4959447206522072,-0.004055279347792817,0.3194957601666366,0.276061718935686,0.864054404952676,4,True,0.001938683538880506,0.1041601190907208,0.006934544088396523,0.006935290473187584,7.463847910613719e-07,3.328790399306626,0.1041601190907208,3.943184721122135e-05,0.0001387058094637517,3.036160442094877e-11,0.1755092109661759,-0.001007567270117153,-0.8604145416350795,0,0,/home/2/kj405942/Byczuk_Freericks/filling_variantB_freericks/pbs_variantB_T002_typ_21x21_mu20/chunks/T_0p02__Didx_12_12__typ/dmft_solutions/T_0p02/U_1p3__Delta_1p22__w1_0p5__typ,ok,
0.02,1.1,1.22,typ,0.4,0.6,0.6952737852747339,0.6048257386759569,0.004825738675956925,0.3857942754429954,0.3656375857501628,0.9477527506863926,95,True,0.001972188918911844,0.2135606082990879,0.01397554353129521,0.01398441308840117,8.869557105960249e-06,3.272032151107825,0.2135606082990879,-0.0001946375097915285,0.0002796882617680233,2.703573987009474e-11,1.740921507250179,0.0221771758483667,-0.5259248317983867,1,0,/home/2/kj405942/Byczuk_Freericks/filling_variantB_freericks/pbs_variantB_T002_typ_21x21_mu20/chunks/T_0p02__Didx_12_12__typ/dmft_solutions/T_0p02/U_1p1__Delta_1p22__w1_0p4__typ,ok,
0.02,1.3,1.22,typ,0.45,0.55,0.7460147835529654,0.549106523667116,-0.0008934763328840578,0.3144593689790336,0.2724615076812738,0.8664442359147517,92,True,0.001943702199043077,0.1012743461973891,0.006740792406030253,0.006740810643576372,1.823754611931741e-08,3.327986138213171,0.1012743461973891,-6.07782125350623e-06,0.0001348162128715274,2.864410126461133e-11,0.2903566463684245,-0.001005019930384016,-0.8710486803285535,0,0,/home/2/kj405942/Byczuk_Freericks/filling_variantB_freericks/pbs_variantB_T002_typ_21x21_mu20/chunks/T_0p02__Didx_12_12__typ/dmft_solutions/T_0p02/U_1p3__Delta_1p22__w1_0p45__typ,ok,
0.02,1.3,1.22,typ,0.4,0.6,0.7600676844237018,0.5988214250610354,-0.001178574938964561,0.309476354464636,0.2670236318356556,0.8628240186478239,28,True,0.001874815354903398,0.09748174650605021,0.006504131414279793,0.006507415185761031,3.283771481237917e-06,3.336076571974484,0.09748174650605021,-8.001347125551192e-05,0.0001301483037152206,2.751588627108012e-11,0.4681400445120503,-0.001008626124800749,-0.8039639024719936,0,0,/home/2/kj405942/Byczuk_Freericks/filling_variantB_freericks/pbs_variantB_T002_typ_21x21_mu20/chunks/T_0p02__Didx_12_12__typ/dmft_solutions/T_0p02/U_1p3__Delta_1p22__w1_0p4__typ,ok,
0.02,1.4,1.22,typ,0.5,0.5,0.6835097607632915,0.4977400504970299,-0.002259949502970149,0.2441726845383798,0.1930712996589506,0.7907162098166762,1,True,0.001995075034214823,0.04846088197305422,0.003498505567779814,0.003502724600511873,4.219032732059189e-06,3.609618134607097,0.04846088197305422,-6.394654756416063e-05,7.005449201023746e-05,3.100246071440479e-11,0.1539110332356971,-0.001206527612752184,-1.105897045523514,0,0,/home/2/kj405942/Byczuk_Freericks/filling_variantB_freericks/pbs_variantB_T002_typ_21x21_mu20/chunks/T_0p02__Didx_12_12__typ/dmft_solutions/T_0p02/U_1p4__Delta_1p22__w1_0p5__typ,ok,
0.02,1.4,1.22,typ,0.45,0.55,0.7662503694485346,0.5462571966352004,-0.003742803364799596,0.2410758374372848,0.1902869136098593,0.7893238726563044,57,True,0.001970275885045774,0.04743661507214596,0.003418359752038537,0.003421072791018862,2.713038980324988e-06,3.603081445461044,0.04743661507214596,5.073408830074782e-05,6.842145582037724e-05,2.917315299937507e-11,0.2190865476264401,-0.001199442487753149,-1.061262442570613,0,0,/home/2/kj405942/Byczuk_Freericks/filling_variantB_freericks/pbs_variantB_T002_typ_21x21_mu20/chunks/T_0p02__Didx_12_12__typ/dmft_solutions/T_0p02/U_1p4__Delta_1p22__w1_0p45__typ,ok,
0.02,1.4,1.22,typ,0.4,0.6,0.7786891246201042,0.5977929185529445,-0.002207081447055503,0.2345166914335466,0.1842551675245959,0.7856803982620016,1,True,0.001099854161901158,0.04492580684768566,0.003301760924708768,0.003306342922683655,4.581997974887461e-06,3.674681832541041,0.04492580684768566,-6.416384589412965e-05,6.612685845367311e-05,2.797020502570947e-11,0.3081868651854141,-0.001201509356526077,-0.9075012690674858,0,0,/home/2/kj405942/Byczuk_Freericks/filling_variantB_freericks/pbs_variantB_T002_typ_21x21_mu20/chunks/T_0p02__Didx_12_12__typ/dmft_solutions/T_0p02/U_1p4__Delta_1p22__w1_0p4__typ,ok,
0.02,1.5,1.22,typ,0.45,0.55,0.8711088211486556,0.5452758373073003,-0.004724162692699707,0.2241934358033221,0.1295363918644324,0.5777885128540101,5,True,0.001993445495419057,0.02045928278550709,0.001154939522750311,0.001374843606040334,0.0002199040832900227,2.82253179365712,0.02045928278550709,0.0002999693259557809,2.749687212080668e-05,2.84741797774079e-11,0.1653833904039115,-0.001448132370742326,-1.214409021080831,0,0,/home/2/kj405942/Byczuk_Freericks/filling_variantB_freericks/pbs_variantB_T002_typ_21x21_mu20/chunks/T_0p02__Didx_12_12__typ/dmft_solutions/T_0p02/U_1p5__Delta_1p22__w1_0p45__typ,ok,
0.02,1.5,1.22,typ,0.4,0.6,0.9308281680141133,0.6002338669304101,0.0002338669304101648,0.2303715699512122,0.1346543178591043,0.5845092686029845,141,True,0.001989207176544962,0.02221637719056423,0.001285762447356634,0.001416432340221928,0.0001306698928652939,2.893726633122535,0.02221637719056423,0.0002409569101456104,2.832864680443857e-05,2.660240633499025e-11,0.1860273101215913,-0.001442464868690623,-0.8860424494061612,0,0,/home/2/kj405942/Byczuk_Freericks/filling_variantB_freericks/pbs_variantB_T002_typ_21x21_mu20/chunks/T_0p02__Didx_12_12__typ/dmft_solutions/T_0p02/U_1p5__Delta_1p22__w1_0p4__typ,ok,
0.02,1.8,1.22,typ,0.5,0.5,1.037662482981718,0.5044892017736863,0.00448920177368628,0.003922294699829115,0.002172056777453316,0.55377194822917,133,True,0.001974753013112228,0.0002686985786855556,1.309019320992495e-05,0.0001286498381004568,0.0001155596448905319,2.435850847064535,0.0002686985786855556,2.492015743750165e-05,2.572996762009137e-06,2.99508405353855e-11,0.1187766272923846,-0.002087781187149417,-0.1117518101388998,0,0,/home/2/kj405942/Byczuk_Freericks/filling_variantB_freericks/pbs_variantB_T002_typ_21x21_mu20/chunks/T_0p02__Didx_12_12__typ/dmft_solutions/T_0p02/U_1p8__Delta_1p22__w1_0p5__typ,ok,
0.02,1.5,1.22,typ,0.5,0.5,0.8401908935408465,0.4986269402920706,-0.001373059707929447,0.240879139706541,0.1410030425497677,0.585368424686128,88,True,0.001997824131333124,0.02472276042098105,0.001399090450864565,0.001629113344244238,0.0002300228933796732,2.829559537528872,0.02472276042098105,0.0003372477096843366,3.258226688488476e-05,3.003180293391723e-11,0.1332873791174709,-0.001463569076420838,-1.165112267407688,0,0,/home/2/kj405942/Byczuk_Freericks/filling_variantB_freericks/pbs_variantB_T002_typ_21x21_mu20/chunks/T_0p02__Didx_12_12__typ/dmft_solutions/T_0p02/U_1p5__Delta_1p22__w1_0p5__typ,ok,
0.02,1.7,1.22,typ,0.5,0.5,0.9317726988841921,0.496514708868886,-0.00348529113111401,0.004150905081660553,0.002714396655086681,0.6539288665210328,1,True,0.001617192933040433,0.0003913423016357549,2.065020735812965e-05,0.0001559813976942266,0.000135331190336097,2.638381702133239,0.0003913423016357549,3.2545604775218e-05,3.119627953884532e-06,3.058716915653463e-11,0.1232682748096265,-0.001919581605447457,-0.1827505858799445,0,0,/home/2/kj405942/Byczuk_Freericks/filling_variantB_freericks/pbs_variantB_T002_typ_21x21_mu20/chunks/T_0p02__Didx_12_12__typ/dmft_solutions/T_0p02/U_1p7__Delta_1p22__w1_0p5__typ,ok,
0.02,1.8,1.22,typ,0.4,0.6,1.233377581130597,0.600336607887577,0.0003366078875770562,0.2713583678339483,0.07913352219208043,0.291619981442785,109,True,0.00196028803824134,0.007811918066580437,0.0003982299680115552,0.0005709892937861126,0.0001727593257745573,2.548861653549543,0.007811918066580437,0.0001642913082417034,1.141978587572225e-05,2.482240098034238e-11,0.1507188985357392,-0.001980729670897771,-0.4341458834491796,0,0,/home/2/kj405942/Byczuk_Freericks/filling_variantB_freericks/pbs_variantB_T002_typ_21x21_mu20/chunks/T_0p02__Didx_12_12__typ/dmft_solutions/T_0p02/U_1p8__Delta_1p22__w1_0p4__typ,ok,
0.02,1.8,1.22,typ,0.45,0.55,1.186849915015393,0.5453958524147149,-0.004604147585285157,0.2876610256329438,0.08492570709463622,0.2952284095760739,57,True,0.001979484237600471,0.009369712499995485,0.0004889218590015358,0.0006986432248875345,0.0002097213658859986,2.609054754891206,0.009369712499995485,0.0001982437339972272,1.397286449775069e-05,2.656402124786775e-11,0.1231708976380052,-0.002022304926554892,-0.2722172307917941,0,0,/home/2/kj405942/Byczuk_Freericks/filling_variantB_freericks/pbs_variantB_T002_typ_21x21_mu20/chunks/T_0p02__Didx_12_12__typ/dmft_solutions/T_0p02/U_1p8__Delta_1p22__w1_0p45__typ,ok,
0.02,1.7,1.22,typ,0.45,0.55,0.9873062813386163,0.5454459000910322,-0.004554099908967824,0.006305480038729791,0.003265649479977126,0.5179065606295973,102,True,0.001990468703726973,0.0006272894724333345,2.774741092479666e-05,0.0002045772617364356,0.0001768298508116389,2.21169110467939,0.0006272894724333345,4.710063775069255e-05,4.091545234728712e-06,2.849366177233483e-11,0.1259100091569381,-0.001887401383106606,-0.1009640547535734,0,0,/home/2/kj405942/Byczuk_Freericks/filling_variantB_freericks/pbs_variantB_T002_typ_21x21_mu20/chunks/T_0p02__Didx_12_12__typ/dmft_solutions/T_0p02/U_1p7__Delta_1p22__w1_0p45__typ,ok,
0.02,1.7,1.22,typ,0.4,0.6,0.9973567639110218,0.5952161861072101,-0.004783813892789923,0.003509511426628267,0.002410019477670823,0.6867108223056076,129,True,0.001981978181546772,0.0001443797680809951,1.075705547095586e-05,7.154531910756612e-05,6.078826363661025e-05,3.725264146747105,0.0001443797680809951,1.324884553906504e-05,1.430906382151322e-06,2.715178446910483e-11,0.1534591305940669,-0.001866403183001839,-0.0512985504609182,0,0,/home/2/kj405942/Byczuk_Freericks/filling_variantB_freericks/pbs_variantB_T002_typ_21x21_mu20/chunks/T_0p02__Didx_12_12__typ/dmft_solutions/T_0p02/U_1p7__Delta_1p22__w1_0p4__typ,ok,
0.02,1.6,1.22,typ,0.5,0.5,0.797853985492093,0.495453343838264,-0.004546656161735996,0.004868683399493715,0.003871579834382534,0.795200574098766,5,True,0.001991940036835735,0.0003091459848974344,0.0001825515923962629,0.000186355648068877,3.804055672614067e-06,29.52514367230554,0.0003091459848974344,-4.849759865220025e-06,3.72711296137754e-06,3.164388485984216e-11,0.1259171659363919,-0.001706011747755824,-0.3747527783259788,0,0,/home/2/kj405942/Byczuk_Freericks/filling_variantB_freericks/pbs_variantB_T002_typ_21x21_mu20/chunks/T_0p02__Didx_12_12__typ/dmft_solutions/T_0p02/U_1p6__Delta_1p22__w1_0p5__typ,ok,
0.02,1.6,1.22,typ,0.45,0.55,0.808847275506566,0.5461288618156389,-0.003871138184361134,0.005904662818249306,0.004310036839628193,0.7299378427346155,1,True,0.001876949993398693,0.0006899948950525655,9.88603600369655e-05,0.0002801651567389901,0.0001813047967020246,7.1638472071184,0.0006899948950525655,-5.001987288527235e-05,5.603303134779801e-06,3.028273632219242e-11,0.1681537955594,-0.001690769442962918,-0.1725537468526384,0,0,/home/2/kj405942/Byczuk_Freericks/filling_variantB_freericks/pbs_variantB_T002_typ_21x21_mu20/chunks/T_0p02__Didx_12_12__typ/dmft_solutions/T_0p02/U_1p6__Delta_1p22__w1_0p45__typ,ok,
0.02,1.6,1.22,typ,0.4,0.6,0.967002147614121,0.6021928265417864,0.00219282654178643,0.1944270635558323,0.03921313587265036,0.2016855840719407,127,True,0.00198319429789531,0.00462898467875573,0.0001987524368734801,0.0004965214941194312,0.0002977690572459511,2.146825391166608,0.00462898467875573,0.000166034237661938,9.930429882388624e-06,2.682758940122405e-11,0.1573529147114893,-0.001675592194339823,-0.1209420154155802,0,0,/home/2/kj405942/Byczuk_Freericks/filling_variantB_freericks/pbs_variantB_T002_typ_21x21_mu20/chunks/T_0p02__Didx_12_12__typ/dmft_solutions/T_0p02/U_1p6__Delta_1p22__w1_0p4__typ,ok,
0.02,2,1.22,typ,0.5,0.5,1.175621783596476,0.5011872138791957,0.001187213879195737,0.001448642630822335,0.001037028741899614,0.7158623664905783,115,True,0.00199342646773101,6.426688659489537e-06,1.750405245982791e-06,7.547471074965475e-06,5.797065828982685e-06,13.61825147230505,6.426688659489537e-06,8.632026091415309e-07,1.509494214993095e-07,2.987680096195955e-11,0.09889860251171012,-0.002317016011064489,-0.0710138300526839,0,0,/home/2/kj405942/Byczuk_Freericks/filling_variantB_freericks/pbs_variantB_T002_typ_21x21_mu20/chunks/T_0p02__Didx_12_12__typ/dmft_solutions/T_0p02/U_2__Delta_1p22__w1_0p5__typ,ok,
0.02,2,1.22,typ,0.45,0.55,1.359605826147134,0.5532116722061962,0.003211672206196114,0.297300021795569,0.02368911414030155,0.0796808355318278,122,True,0.001956498508754444,0.002705428292939111,0.0001251256106455349,0.0003730778225289354,0.0002479522118834005,2.312491722144324,0.002705428292939111,0.0001158289194740403,7.461556450578708e-06,2.591635815134728e-11,0.1194542511149116,-0.002239503637702145,-0.1669688617851263,0,0,/home/2/kj405942/Byczuk_Freericks/filling_variantB_freericks/pbs_variantB_T002_typ_21x21_mu20/chunks/T_0p02__Didx_12_12__typ/dmft_solutions/T_0p02/U_2__Delta_1p22__w1_0p45__typ,ok,
0.02,2,1.22,typ,0.4,0.6,1.40318550063588,0.5988518499737687,-0.001148150026231254,0.2731530750075291,0.0195886276242854,0.0717130042330494,1,True,0.001653301345785563,0.001925684307809363,9.271751122991894e-05,0.0002778951213120054,0.0001851776100820865,2.407391254472893,0.001925684307809363,8.445041360380834e-05,5.557902426240109e-06,2.414353699335598e-11,0.1466165185509762,-0.002174361985570285,-0.6775142885654456,0,0,/home/2/kj405942/Byczuk_Freericks/filling_variantB_freericks/pbs_variantB_T002_typ_21x21_mu20/chunks/T_0p02__Didx_12_12__typ/dmft_solutions/T_0p02/U_2__Delta_1p22__w1_0p4__typ,ok,
0.02,1.9,1.22,typ,0.5,0.5,1.076727189409756,0.4975220021898652,-0.002477997810134802,0.001602170226116872,0.001206455429052683,0.7530132625025306,30,True,0.001981963783875866,9.466402342396933e-06,2.279335798001399e-06,1.049618969737901e-05,8.216853899377614e-06,12.03908156213156,9.466402342396933e-06,1.247269377481878e-06,2.099237939475803e-07,3.037277373651764e-11,0.1028093578537977,-0.002225053542228819,-0.08554049703553786,0,0,/home/2/kj405942/Byczuk_Freericks/filling_variantB_freericks/pbs_variantB_T002_typ_21x21_mu20/chunks/T_0p02__Didx_12_12__typ/dmft_solutions/T_0p02/U_1p9__Delta_1p22__w1_0p5__typ,ok,
0.02,1.9,1.22,typ,0.45,0.55,1.123193178646375,0.5498515533582332,-0.0001484466417668306,0.001729858119530332,0.001244602477780165,0.7194824036309304,62,True,0.001968978049415465,1.024055921458219e-05,2.304277906467994e-06,1.055535302243039e-05,8.251075115962398e-06,11.2507425531351,1.024055921458219e-05,1.299966332710033e-06,2.111070604486078e-07,2.829182586133682e-11,0.120689461348816,-0.00217790476776317,-0.1475280252700521,0,0,/home/2/kj405942/Byczuk_Freericks/filling_variantB_freericks/pbs_variantB_T002_typ_21x21_mu20/chunks/T_0p02__Didx_12_12__typ/dmft_solutions/T_0p02/U_1p9__Delta_1p22__w1_0p45__typ,ok,
0.02,1.9,1.22,typ,0.4,0.6,0.9203318982093204,0.598360747363601,-0.001639252636398969,0.001393829771417572,0.001114500104240908,0.7995955654666661,23,True,0.001996768775561898,4.792877325212189e-06,1.928548574326316e-06,5.8442251383156e-06,3.915676563989284e-06,20.11890189825519,4.792877325212189e-06,-6.12655815550771e-07,1.16884502766312e-07,2.990267099033737e-11,0.1480643452900084,-0.00213728015824924,-0.02670632448349387,0,0,/home/2/kj405942/Byczuk_Freericks/filling_variantB_freericks/pbs_variantB_T002_typ_21x21_mu20/chunks/T_0p02__Didx_12_12__typ/dmft_solutions/T_0p02/U_1p9__Delta_1p22__w1_0p4__typ,ok,
0.02,0.1,1.3175,typ,0.45,0.55,0.1438597313276572,0.5542810911390751,0.004281091139075044,0.5124063373028663,0.4629921489019298,0.9035644471904151,68,True,0.001978319702736776,0.4445103538123237,0.02910535286267149,0.0291075259552599,2.173092588407747e-06,3.273866695460601,0.4445103538123237,-0.0001389936800966192,0.000582150519105198,2.842593467867085e-11,2.836419424755553,0.001085192998818222,-0.3036957835454009,2,0,/home/2/kj405942/Byczuk_Freericks/filling_variantB_freericks/pbs_variantB_T002_typ_21x21_mu20/chunks/T_0p02__Didx_13_13__typ/dmft_solutions/T_0p02/U_0p1__Delta_1p3175__w1_0p45__typ,ok,
0.02,0.1,1.3175,typ,0.5,0.5,0.07318068450728149,0.5037722816455373,0.003772281645537334,0.5126102302583736,0.4653537120118976,0.9078119876330656,56,True,0.001915156648578657,0.4496905317043184,0.0294475962399794,0.02944773036414274,1.341241633352647e-07,3.274206833794519,0.4496905317043184,-3.473164733341395e-05,0.0005889546072828547,2.952711696883146e-11,3.350414259992434,0.001028422961849258,-0.3095541138280544,2,0,/home/2/kj405942/Byczuk_Freericks/filling_variantB_freericks/pbs_variantB_T002_typ_21x21_mu20/chunks/T_0p02__Didx_13_13__typ/dmft_solutions/T_0p02/U_0p1__Delta_1p3175__w1_0p5__typ,ok,
0.02,0.1,1.3175,typ,0.4,0.6,0.260468177053392,0.598396525974259,-0.001603474025741014,0.5114664864470223,0.4526301081592872,0.8849653303846929,18,True,0.001986068413441323,0.4228379717149149,0.02767391492162411,0.02768501648915156,1.110156752744168e-05,3.272401814977295,0.4228379717149149,-0.0003064037955430579,0.0005537003297830311,2.676163491199765e-11,1.295395165277705,0.001232454557390715,-0.2911494154320227,2,0,/home/2/kj405942/Byczuk_Freericks/filling_variantB_freericks/pbs_variantB_T002_typ_21x21_mu20/chunks/T_0p02__Didx_13_13__typ/dmft_solutions/T_0p02/U_0p1__Delta_1p3175__w1_0p4__typ,ok,
0.02,0.2,1.3175,typ,0.5,0.5,0.1377878570398536,0.496313241067033,-0.003686758932966994,0.5089021885144931,0.4672731841479906,0.9181984174836832,84,True,0.001975080554014862,0.4572679926487946,0.02994410085774558,0.02994440997736814,3.091196225643777e-07,3.274239760833663,0.4572679926487946,-5.31696359397666e-05,0.0005988881995473629,2.93380417083632e-11,4.094639464420752,0.001047874135917307,-0.3038622491405618,2,0,/home/2/kj405942/Byczuk_Freericks/filling_variantB_freericks/pbs_variantB_T002_typ_21x21_mu20/chunks/T_0p02__Didx_13_13__typ/dmft_solutions/T_0p02/U_0p2__Delta_1p3175__w1_0p5__typ,ok,
0.02,0.2,1.3175,typ,0.45,0.55,0.2172386058955208,0.5458908962446236,-0.004109103755376431,0.5084939949303033,0.4634610821197336,0.911438653632985,21,True,0.001995913333376634,0.4488268452599236,0.0293867668523007,0.02939037886208329,3.612009782590847e-06,3.273730968039835,0.4488268452599236,-0.000180064819205098,0.0005878075772416658,2.805171596051465e-11,2.779209550582087,0.001124274286079981,-0.2973591749532554,2,0,/home/2/kj405942/Byczuk_Freericks/filling_variantB_freericks/pbs_variantB_T002_typ_21x21_mu20/chunks/T_0p02__Didx_13_13__typ/dmft_solutions/T_0p02/U_0p2__Delta_1p3175__w1_0p45__typ,ok,
0.02,0.3,1.3175,typ,0.5,0.5,0.1835338414554341,0.502164064521948,0.00216406452194795,0.5031768695883905,0.4697791480810385,0.9336262783011628,51,True,0.001942416014825786,0.4668722209738845,0.03057415104264,0.03057438330490016,2.322622601676175e-07,3.274359628729145,0.4668722209738845,-4.656968912347811e-05,0.0006114876660980033,2.944336459331033e-11,5.335903995088112,0.001057815977579406,-0.2990454430704256,2,0,/home/2/kj405942/Byczuk_Freericks/filling_variantB_freericks/pbs_variantB_T002_typ_21x21_mu20/chunks/T_0p02__Didx_13_13__typ/dmft_solutions/T_0p02/U_0p3__Delta_1p3175__w1_0p5__typ,ok,
0.02,0.2,1.3175,typ,0.4,0.6,0.2959178484422146,0.5969033153880496,-0.00309668461195034,0.5076505376535601,0.4553404741935647,0.8969565486884331,78,True,0.001967917616552026,0.4314456752934782,0.0282390555850682,0.02824969883944875,1.064325438054937e-05,3.272608488410438,0.4314456752934782,-0.0003030506912559809,0.0005649939767889751,2.684472847117595e-11,1.394787107610588,0.001258105255080171,-0.2887359697255009,2,0,/home/2/kj405942/Byczuk_Freericks/filling_variantB_freericks/pbs_variantB_T002_typ_21x21_mu20/chunks/T_0p02__Didx_13_13__typ/dmft_solutions/T_0p02/U_0p2__Delta_1p3175__w1_0p4__typ,ok,
0.02,0.4,1.3175,typ,0.5,0.5,0.2323741951714537,0.5039982093287499,0.003998209328749947,0.4957874840520299,0.4713565918845384,0.9507230558387239,25,True,0.001973733050644374,0.4730681084307582,0.03097916460612855,0.03097939621805677,2.316119282220144e-07,3.274281657760797,0.4730681084307582,-4.681201059001609e-05,0.0006195879243611354,2.951837670269078e-11,5.63894275424977,0.001075298012123009,-0.2965151137129179,2,0,/home/2/kj405942/Byczuk_Freericks/filling_variantB_freericks/pbs_variantB_T002_typ_21x21_mu20/chunks/T_0p02__Didx_13_13__typ/dmft_solutions/T_0p02/U_0p4__Delta_1p3175__w1_0p5__typ,ok,
0.02,0.4,1.3175,typ,0.45,0.55,0.2944698674403739,0.5463756020339617,-0.003624397966038306,0.4951843378976838,0.4682372574800889,0.9455817190584028,2,True,0.001915851543948272,0.4661469896016875,0.03052237117018413,0.03052520603164158,2.83486145745087e-06,3.273899848228649,0.4661469896016875,-0.0001625707313343073,0.0006105041206328316,2.832485428044283e-11,4.126635168565137,0.001168495774833595,-0.291810901868957,2,0,/home/2/kj405942/Byczuk_Freericks/filling_variantB_freericks/pbs_variantB_T002_typ_21x21_mu20/chunks/T_0p02__Didx_13_13__typ/dmft_solutions/T_0p02/U_0p4__Delta_1p3175__w1_0p45__typ,ok,
0.02,0.3,1.3175,typ,0.4,0.6,0.3544544099321059,0.5957991133086138,-0.004200886691386185,0.5011877491695764,0.4556312689154455,0.9091029652468283,2,True,0.001979553204441041,0.4356823038189069,0.02851450233598084,0.02852711340018844,1.261106420759618e-05,3.272396203155523,0.4356823038189069,-0.0003314941178233382,0.0005705422680037688,2.663731693380936e-11,1.359721958190967,0.00140046792713429,-0.2837555878213915,2,0,/home/2/kj405942/Byczuk_Freericks/filling_variantB_freericks/pbs_variantB_T002_typ_21x21_mu20/chunks/T_0p02__Didx_13_13__typ/dmft_solutions/T_0p02/U_0p3__Delta_1p3175__w1_0p4__typ,ok,
0.02,0.3,1.3175,typ,0.45,0.55,0.2608862853916489,0.5450250469061982,-0.004974953093801804,0.5026370605536138,0.4659887381309217,0.9270879023876056,3,True,0.001953246920383431,0.4582570248581486,0.03000507339433299,0.03000861928215369,3.545887820698179e-06,3.273825797173641,0.4582570248581486,-0.0001802735700647154,0.0006001723856430738,2.811083493818239e-11,3.320664454301249,0.001146544718542405,-0.2934715157827569,2,0,/home/2/kj405942/Byczuk_Freericks/filling_variantB_freericks/pbs_variantB_T002_typ_21x21_mu20/chunks/T_0p02__Didx_13_13__typ/dmft_solutions/T_0p02/U_0p3__Delta_1p3175__w1_0p45__typ,ok,
0.02,0.4,1.3175,typ,0.4,0.6,0.3879530546253828,0.5981593530640452,-0.001840646935954759,0.493551598850833,0.4583975280229593,0.928773261175275,65,True,0.001929797571643993,0.443665283457,0.02903842799508835,0.02905013181160985,1.170381652150074e-05,3.272560314931961,0.443665283457,-0.0003222600525830139,0.0005810026362321971,2.677057248661844e-11,1.481772711293173,0.001813615845734204,-0.2829917063734167,2,0,/home/2/kj405942/Byczuk_Freericks/filling_variantB_freericks/pbs_variantB_T002_typ_21x21_mu20/chunks/T_0p02__Didx_13_13__typ/dmft_solutions/T_0p02/U_0p4__Delta_1p3175__w1_0p4__typ,ok,
0.02,0,1.3175,typ,0.5,0.5,0.0336509509733653,0.5038002329018139,0.00380023290181386,0.5138753267925605,0.4643755652077023,0.9036735974583187,35,True,0.001951291340510187,0.4462633499799612,0.02922230401405799,0.02922255712615476,2.531120967723023e-07,3.274109784656322,0.4462633499799612,-4.752991736286941e-05,0.0005844511425230953,2.936290340630152e-11,3.196057105359234,0.001032913740528161,-0.3103425879323458,2,0,/home/2/kj405942/Byczuk_Freericks/filling_variantB_freericks/pbs_variantB_T002_typ_21x21_mu20/chunks/T_0p02__Didx_13_13__typ/dmft_solutions/T_0p02/U_0__Delta_1p3175__w1_0p5__typ,ok,
0.02,0,1.3175,typ,0.45,0.55,0.1250114650657638,0.545797586269357,-0.004202413730643006,0.5135671411404786,0.4605732345886565,0.8968121160669692,16,True,0.001919183341252943,0.4379704116518254,0.02867483592666381,0.02867840606525305,3.570138589246009e-06,3.273604239441125,0.4379704116518254,-0.0001768397617950297,0.000573568121305061,2.804858415584381e-11,2.224580104293979,0.001099585680357376,-0.3034691765452303,2,0,/home/2/kj405942/Byczuk_Freericks/filling_variantB_freericks/pbs_variantB_T002_typ_21x21_mu20/chunks/T_0p02__Didx_13_13__typ/dmft_solutions/T_0p02/U_0__Delta_1p3175__w1_0p45__typ,ok,
0.02,0.5,1.3175,typ,0.5,0.5,0.2499999999999999,0.4985554309259482,-0.001444569074051771,0.4870994419817134,0.4712058319012428,0.9673709129786535,91,True,0.00199271933023856,0.4721723549208557,0.03091832366624187,0.03091832383484927,1.686074009830567e-10,3.274050602922774,0.4721723549208557,-1.261837973586585e-06,0.0006183664766969855,3.00776477148904e-11,4.484669456750386,0.001057575126291812,-0.2993392351548002,2,0,/home/2/kj405942/Byczuk_Freericks/filling_variantB_freericks/pbs_variantB_T002_typ_21x21_mu20/chunks/T_0p02__Didx_13_13__typ/dmft_solutions/T_0p02/U_0p5__Delta_1p3175__w1_0p5__typ,ok,
0.02,0,1.3175,typ,0.4,0.6,0.2255498126284053,0.5983084345984351,-0.001691565401564898,0.5126762794013159,0.4510338089339101,0.8797633654137664,1,True,0.001151817833399527,0.4184878355260676,0.02738791450506661,0.0273996251014486,1.171059638198538e-05,3.27224738451933,0.4184878355260676,-0.0003130732225092546,0.000547992502028972,2.668673411652391e-11,1.247494783077879,0.00121930225402991,-0.2922158560232635,2,0,/home/2/kj405942/Byczuk_Freericks/filling_variantB_freericks/pbs_variantB_T002_typ_21x21_mu20/chunks/T_0p02__Didx_13_13__typ/dmft_solutions/T_0p02/U_0__Delta_1p3175__w1_0p4__typ,ok,
0.02,0.5,1.3175,typ,0.45,0.55,0.3415351182683214,0.5502274849328119,0.0002274849328118833,0.4863960359905408,0.4679893552075722,0.962157009060562,78,True,0.001983515436671726,0.4644890568674312,0.03041127964441698,0.03041421281194457,2.933167527593539e-06,3.273627138765574,0.4644890568674312,-0.0001650711494190367,0.0006082842562388914,2.836127350665017e-11,3.395636865417831,0.001280286033482082,-0.2936900265200035,2,0,/home/2/kj405942/Byczuk_Freericks/filling_variantB_freericks/pbs_variantB_T002_typ_21x21_mu20/chunks/T_0p02__Didx_13_13__typ/dmft_solutions/T_0p02/U_0p5__Delta_1p3175__w1_0p45__typ,ok,
0.02,0.5,1.3175,typ,0.4,0.6,0.4203245101974452,0.5996678402166896,-0.0003321597833103596,0.4845991660173896,0.4594134353007108,0.9480277051987849,14,True,0.001965040238640717,0.4453459670342068,0.02914784529369833,0.02915828859451147,1.044330081313606e-05,3.272494583010281,0.4453459670342068,-0.0003049879308974438,0.0005831657718902293,2.693126238314638e-11,1.57605479604834,0.003835114161995494,-0.2854829839236344,2,0,/home/2/kj405942/Byczuk_Freericks/filling_variantB_freericks/pbs_variantB_T002_typ_21x21_mu20/chunks/T_0p02__Didx_13_13__typ/dmft_solutions/T_0p02/U_0p5__Delta_1p3175__w1_0p4__typ,ok,
0.02,0.6000000000000001,1.3175,typ,0.5,0.5,0.3397126786829914,0.4967412654544773,-0.003258734545522723,0.4770072411376261,0.4676666908533397,0.9804184308355365,34,True,0.001986625049990895,0.4587187471221207,0.03003153997548121,0.03003194048293833,4.005074571143084e-07,3.27341537313344,0.4587187471221207,-6.06168753633082e-05,0.0006006388096587666,2.956115363435083e-11,2.789848699017357,0.001176192966990327,-0.3059608345246961,2,0,/home/2/kj405942/Byczuk_Freericks/filling_variantB_freericks/pbs_variantB_T002_typ_21x21_mu20/chunks/T_0p02__Didx_13_13__typ/dmft_solutions/T_0p02/U_0p6__Delta_1p3175__w1_0p5__typ,ok,
0.02,0.6000000000000001,1.3175,typ,0.45,0.55,0.4064995664663388,0.5467209885619231,-0.003279011438076962,0.4759175526790333,0.4638506947720821,0.974645066484679,3,True,0.001776524778460304,0.4498115538837035,0.0294436441894819,0.02944760376552471,3.959576042808743e-06,3.272886604986408,0.4498115538837035,-0.0001887359559032929,0.0005889520753104942,2.815661057562668e-11,2.077239968120516,0.002054487892784855,-0.3003054023821136,2,0,/home/2/kj405942/Byczuk_Freericks/filling_variantB_freericks/pbs_variantB_T002_typ_21x21_mu20/chunks/T_0p02__Didx_13_13__typ/dmft_solutions/T_0p02/U_0p6__Delta_1p3175__w1_0p45__typ,ok,
0.02,0.6000000000000001,1.3175,typ,0.4,0.6,0.4729739976817141,0.5962084012086325,-0.003791598791367479,0.4735579772140934,0.4552040990037992,0.9612425952187127,3,True,0.001965923145611284,0.4314021495036969,0.02822848269385097,0.02823996341354354,1.148071969257904e-05,3.27171326410012,0.4314021495036969,-0.0003147318589920003,0.0005647992682708708,2.683427836065208e-11,1.482006712400561,0.008544934038976999,-0.2932177190193253,2,0,/home/2/kj405942/Byczuk_Freericks/filling_variantB_freericks/pbs_variantB_T002_typ_21x21_mu20/chunks/T_0p02__Didx_13_13__typ/dmft_solutions/T_0p02/U_0p6__Delta_1p3175__w1_0p4__typ,ok,
0.02,0.7000000000000001,1.3175,typ,0.45,0.55,0.4467666292571854,0.5488144405880269,-0.00118555941197318,0.4645477320767584,0.457462864129288,0.9847488913231855,16,True,0.001917171460268017,0.4262947563364301,0.02789739726929575,0.02790095394375764,3.556674461887379e-06,3.272078398177532,0.4262947563364301,-0.000174137398229001,0.0005580190788751528,2.831122504250935e-11,1.592799694726483,0.003318442244817237,-0.317026403888702,2,0,/home/2/kj405942/Byczuk_Freericks/filling_variantB_freericks/pbs_variantB_T002_typ_21x21_mu20/chunks/T_0p02__Didx_13_13__typ/dmft_solutions/T_0p02/U_0p7__Delta_1p3175__w1_0p45__typ,ok,
0.02,0.7000000000000001,1.3175,typ,0.5,0.5,0.392063529040547,0.5041902491425675,0.004190249142567493,0.4657761972645764,0.460891653010962,0.9895131089087409,35,True,0.001989161216514705,0.4336876647886058,0.02838538866348262,0.02838585010024287,4.614367602523973e-07,3.272561219526342,0.4336876647886058,-6.326443408448098e-05,0.0005677170020048575,2.961952614016405e-11,1.807965069515898,0.001380784451702562,-0.3220477221839075,2,0,/home/2/kj405942/Byczuk_Freericks/filling_variantB_freericks/pbs_variantB_T002_typ_21x21_mu20/chunks/T_0p02__Didx_13_13__typ/dmft_solutions/T_0p02/U_0p7__Delta_1p3175__w1_0p5__typ,ok,
0.02,0.7000000000000001,1.3175,typ,0.4,0.6,0.5086346230405796,0.5989111778272794,-0.001088822172720549,0.4620625479049736,0.4496112443255722,0.9730527747036488,4,True,0.001976518732301681,0.4103360663563357,0.02684393107554149,0.02685432258349758,1.03915079560837e-05,3.270969002786881,0.4103360663563357,-0.0002920277554688921,0.0005370864516699516,2.697237284109402e-11,1.417209117022241,0.01566924507499991,-0.3092058378539916,1,0,/home/2/kj405942/Byczuk_Freericks/filling_variantB_freericks/pbs_variantB_T002_typ_21x21_mu20/chunks/T_0p02__Didx_13_13__typ/dmft_solutions/T_0p02/U_0p7__Delta_1p3175__w1_0p4__typ,ok,
0.02,0.8,1.3175,typ,0.5,0.5,0.4293838983511019,0.498542210611427,-0.001457789388572994,0.4533334575102563,0.4502035544887866,0.9930958040497179,54,True,0.00193478017944285,0.3974575283179501,0.0260053285650267,0.02600553670636936,2.081413426539591e-07,3.271460057013121,0.3974575283179501,-4.067612164206959e-05,0.0005201107341273872,2.991676352537503e-11,1.278769308330486,0.002611997762292883,-0.3483597243787758,1,0,/home/2/kj405942/Byczuk_Freericks/filling_variantB_freericks/pbs_variantB_T002_typ_21x21_mu20/chunks/T_0p02__Didx_13_13__typ/dmft_solutions/T_0p02/U_0p8__Delta_1p3175__w1_0p5__typ,ok,
0.02,0.8,1.3175,typ,0.45,0.55,0.5088825095003788,0.5523654855505983,0.002365485550598234,0.4510951946440154,0.4456639404012456,0.9879598490357321,34,True,0.001978012135544428,0.3885301950795452,0.02541604033376905,0.02542032745676929,4.287123000233255e-06,3.270793448700368,0.3885301950795452,-0.0001825199570244652,0.0005084065491353857,2.816776287086443e-11,1.320047850451592,0.01386118143408178,-0.3413073961032114,1,0,/home/2/kj405942/Byczuk_Freericks/filling_variantB_freericks/pbs_variantB_T002_typ_21x21_mu20/chunks/T_0p02__Didx_13_13__typ/dmft_solutions/T_0p02/U_0p8__Delta_1p3175__w1_0p45__typ,ok,
0.02,0.8,1.3175,typ,0.4,0.6,0.5520340656278243,0.5985474359879965,-0.001452564012003443,0.4489064792462418,0.4391959717364606,0.978368528950426,55,True,0.001946696121261709,0.3765989031486326,0.02462848286496916,0.02463826498172685,9.782116757691342e-06,3.26985589430262,0.3765989031486326,-0.0002714381860173111,0.0004927652996345371,2.701745718289854e-11,1.170710748126634,0.02502530044409128,-0.3328309136943388,1,0,/home/2/kj405942/Byczuk_Freericks/filling_variantB_freericks/pbs_variantB_T002_typ_21x21_mu20/chunks/T_0p02__Didx_13_13__typ/dmft_solutions/T_0p02/U_0p8__Delta_1p3175__w1_0p4__typ,ok,
0.02,0.9,1.3175,typ,0.5,0.5,0.4999999999999999,0.5012942425723595,0.00129424257235955,0.4387526201889526,0.4340047502575196,0.9891787086550315,107,True,0.001888295930654309,0.3500367129452016,0.02289321621737578,0.02289386164295379,6.454255780108931e-07,3.270116443608548,0.3500367129452016,-6.72194388220684e-05,0.0004578772328590759,2.972126354562079e-11,0.9429758859331108,0.001898417046878875,-0.38816020818952,1,0,/home/2/kj405942/Byczuk_Freericks/filling_variantB_freericks/pbs_variantB_T002_typ_21x21_mu20/chunks/T_0p02__Didx_13_13__typ/dmft_solutions/T_0p02/U_0p9__Delta_1p3175__w1_0p5__typ,ok,
0.02,0.9,1.3175,typ,0.45,0.55,0.501608824576137,0.5454849206070392,-0.004515079392960808,0.4387799991150098,0.4330506139832731,0.9869424651458762,3,True,0.001963084498933038,0.348590605181025,0.02279717241980222,0.02279851651604732,1.344096245107325e-06,3.269906314308661,0.348590605181025,-9.680282263482875e-05,0.0004559703303209465,2.903063081629383e-11,0.92225728667587,0.007442008196185776,-0.3821017314203804,1,0,/home/2/kj405942/Byczuk_Freericks/filling_variantB_freericks/pbs_variantB_T002_typ_21x21_mu20/chunks/T_0p02__Didx_13_13__typ/dmft_solutions/T_0p02/U_0p9__Delta_1p3175__w1_0p45__typ,ok,
0.02,0.9,1.3175,typ,0.4,0.6,0.6034349010941111,0.6033222941540184,0.003322294154018413,0.4331494142297998,0.4228583132284846,0.9762412214740859,92,True,0.001915251181182528,0.3312074300820432,0.0216501125063275,0.02166032837576463,1.021586943713046e-05,3.268361537204126,0.3312074300820432,-0.0002601373430450027,0.0004332065675152926,2.696621430181276e-11,1.866149960325625,0.02998117628419832,-0.3701300223139523,1,0,/home/2/kj405942/Byczuk_Freericks/filling_variantB_freericks/pbs_variantB_T002_typ_21x21_mu20/chunks/T_0p02__Didx_13_13__typ/dmft_solutions/T_0p02/U_0p9__Delta_1p3175__w1_0p4__typ,ok,
0.02,1.1,1.3175,typ,0.5,0.5,0.4999999999999999,0.5022556603708214,0.002255660370821366,0.402134531444129,0.3843195995795331,0.9556990746340045,116,True,0.001950379036408729,0.2404221660033449,0.01571644341089505,0.01571694071266869,4.973017736394406e-07,3.268509653697321,0.2404221660033449,4.89003823248243e-05,0.0003143388142533739,2.998764283976312e-11,0.4172150097700745,-0.0008984693966216915,-0.5232355985516517,0,0,/home/2/kj405942/Byczuk_Freericks/filling_variantB_freericks/pbs_variantB_T002_typ_21x21_mu20/chunks/T_0p02__Didx_13_13__typ/dmft_solutions/T_0p02/U_1p1__Delta_1p3175__w1_0p5__typ,ok,
0.02,1.1,1.3175,typ,0.45,0.55,0.6428603102376644,0.5454902810646928,-0.004509718935307272,0.3993826098937699,0.3810160955634878,0.9540127339666407,2,True,0.001984697369982016,0.235950638544612,0.01542124895945069,0.0154244294659268,3.180506476109731e-06,3.26789727177088,0.235950638544612,-0.000122510614555096,0.000308488589318536,2.854260156707779e-11,2.863199836617281,-0.0006853172941274077,-0.5169286512909128,0,0,/home/2/kj405942/Byczuk_Freericks/filling_variantB_freericks/pbs_variantB_T002_typ_21x21_mu20/chunks/T_0p02__Didx_13_13__typ/dmft_solutions/T_0p02/U_1p1__Delta_1p3175__w1_0p45__typ,ok,
0.02,1,1.3175,typ,0.45,0.55,0.5414876958083172,0.5505254033202429,0.0005254033202428676,0.4224646461526541,0.4119369039144534,0.9750801816576231,52,True,0.00194184013016258,0.296261433794668,0.01936758628150933,0.01936864390861224,1.057627102908266e-06,3.268664779184954,0.296261433794668,-7.91623801976297e-05,0.0003873728781722447,2.923147908041308e-11,1.327970313500132,0.001319617678569918,-0.4382516723669311,1,0,/home/2/kj405942/Byczuk_Freericks/filling_variantB_freericks/pbs_variantB_T002_typ_21x21_mu20/chunks/T_0p02__Didx_13_13__typ/dmft_solutions/T_0p02/U_1__Delta_1p3175__w1_0p45__typ,ok,
0.02,1,1.3175,typ,0.4,0.6,0.6436869215554621,0.6048898411893022,0.004889841189302246,0.4159623906249306,0.4021852902784849,0.9668789759436006,48,True,0.00194855710375123,0.2816778925262821,0.01840565320393718,0.01841492043606817,9.267232130986878e-06,3.267145504189654,0.2816778925262821,-0.0002284895803404711,0.0003682984087213635,2.707347493353959e-11,3.957234081099278,0.0283617168270591,-0.4239939225445304,1,0,/home/2/kj405942/Byczuk_Freericks/filling_variantB_freericks/pbs_variantB_T002_typ_21x21_mu20/chunks/T_0p02__Didx_13_13__typ/dmft_solutions/T_0p02/U_1__Delta_1p3175__w1_0p4__typ,ok,
0.02,1,1.3175,typ,0.5,0.5,0.5173707145581301,0.4972955406999641,-0.002704459300035933,0.4226727690059051,0.413130895517497,0.9774249154710161,22,True,0.001940147171344075,0.2979865355760993,0.01948163876403836,0.01948170557127197,6.680723360794142e-08,3.268879032801665,0.2979865355760993,-1.995377462750024e-05,0.0003896341114254394,3.035023969985373e-11,0.6050238706040442,-0.0008117215562676544,-0.4446889136768904,0,0,/home/2/kj405942/Byczuk_Freericks/filling_variantB_freericks/pbs_variantB_T002_typ_21x21_mu20/chunks/T_0p02__Didx_13_13__typ/dmft_solutions/T_0p02/U_1__Delta_1p3175__w1_0p5__typ,ok,
0.02,1.1,1.3175,typ,0.4,0.6,0.6959025000251442,0.5992945804451166,-0.0007054195548833464,0.3940309177724419,0.3735295036541918,0.9479700368840348,95,True,0.001973473021430104,0.2266828922969878,0.01480970358121335,0.01481887115121711,9.16757000375985e-06,3.266612542116867,0.2266828922969878,-0.0002038691386054981,0.0002963774230243422,2.702977718585715e-11,8.041612378526896,0.02119181580667143,-0.4991355142753128,1,0,/home/2/kj405942/Byczuk_Freericks/filling_variantB_freericks/pbs_variantB_T002_typ_21x21_mu20/chunks/T_0p02__Didx_13_13__typ/dmft_solutions/T_0p02/U_1p1__Delta_1p3175__w1_0p4__typ,ok,
0.02,1.2,1.3175,typ,0.45,0.55,0.6740652773564159,0.5518712897132494,0.001871289713249347,0.375511210387884,0.3457526092098246,0.9207517635829827,75,True,0.001965715067742816,0.1805669633563724,0.01181005315069311,0.01181208337719389,2.030226500780447e-06,3.270269636030936,0.1805669633563724,-8.56261448590977e-05,0.0002362416675438777,2.888495093209372e-11,0.3496036734442497,-0.001020059352702128,-0.6310379245373812,0,0,/home/2/kj405942/Byczuk_Freericks/filling_variantB_freericks/pbs_variantB_T002_typ_21x21_mu20/chunks/T_0p02__Didx_13_13__typ/dmft_solutions/T_0p02/U_1p2__Delta_1p3175__w1_0p45__typ,ok,
0.02,1.2,1.3175,typ,0.5,0.5,0.6172591510632565,0.4959607136895156,-0.004039286310484447,0.3781895994406886,0.3485803851187098,0.9217080153294315,36,True,0.001968737719178541,0.1836510134102083,0.01201292877136401,0.01201296435446219,3.558309818173269e-08,3.270586028439598,0.1836510134102083,-1.143229814284962e-05,0.0002402592870892438,3.064823522005774e-11,0.26277409217587,-0.001019136861142449,-0.6382384956404609,0,0,/home/2/kj405942/Byczuk_Freericks/filling_variantB_freericks/pbs_variantB_T002_typ_21x21_mu20/chunks/T_0p02__Didx_13_13__typ/dmft_solutions/T_0p02/U_1p2__Delta_1p3175__w1_0p5__typ,ok,
0.02,1.2,1.3175,typ,0.4,0.6,0.7131780881549634,0.5955184654014747,-0.004481534598525294,0.3718449540324658,0.3403098303525194,0.9151928153442334,1,True,0.001959377602659453,0.1752303484871131,0.01145729228272613,0.01146352219034044,6.229907614309581e-06,3.269208896074507,0.1752303484871131,-0.0001477612183421609,0.0002292704438068087,2.74701047226164e-11,2.024660967204689,-0.001023361887729304,-0.6101674093861897,0,0,/home/2/kj405942/Byczuk_Freericks/filling_variantB_freericks/pbs_variantB_T002_typ_21x21_mu20/chunks/T_0p02__Didx_13_13__typ/dmft_solutions/T_0p02/U_1p2__Delta_1p3175__w1_0p4__typ,ok,
0.02,1.3,1.3175,typ,0.5,0.5,0.678757609224297,0.4951822027127316,-0.004817797287268444,0.3448955631952068,0.3010661410374896,0.8729197274917966,1,True,0.001994030346267809,0.1272208839092061,0.008356439927889547,0.008356446041105931,6.113216384535984e-09,3.284224913047019,0.1272208839092061,-3.943928985083046e-06,0.0001671289208221186,3.06324472769254e-11,0.1687048377701967,-0.001192965343849532,-0.8097345989864912,0,0,/home/2/kj405942/Byczuk_Freericks/filling_variantB_freericks/pbs_variantB_T002_typ_21x21_mu20/chunks/T_0p02__Didx_13_13__typ/dmft_solutions/T_0p02/U_1p3__Delta_1p3175__w1_0p5__typ,ok,
0.02,1.3,1.3175,typ,0.45,0.55,0.6988995779756619,0.5539758986661115,0.003975898666111477,0.3436648128618873,0.299405651752116,0.8712141614347984,53,True,0.001992819654395767,0.1258209554311176,0.008263869512256562,0.008265096275087454,1.226762830891929e-06,3.283979796505651,0.1258209554311176,-5.556122235340129e-05,0.0001653019255017491,2.933949692567131e-11,0.2164238505800834,-0.001193241428659078,-0.7992195936399984,0,0,/home/2/kj405942/Byczuk_Freericks/filling_variantB_freericks/pbs_variantB_T002_typ_21x21_mu20/chunks/T_0p02__Didx_13_13__typ/dmft_solutions/T_0p02/U_1p3__Delta_1p3175__w1_0p45__typ,ok,
0.02,1.3,1.3175,typ,0.4,0.6,0.7231518564051677,0.5957634377265293,-0.00423656227347069,0.3431264276790384,0.2962327523306958,0.8633341195385654,2,True,0.001965759590778279,0.1236271380534162,0.008118480982977738,0.008123173511588569,4.692528610830956e-06,3.283454228095916,0.1236271380534162,-0.0001077147977197937,0.0001624634702317714,2.803340652555152e-11,0.3806607158173496,-0.001190888690251062,-0.7664416544387608,0,0,/home/2/kj405942/Byczuk_Freericks/filling_variantB_freericks/pbs_variantB_T002_typ_21x21_mu20/chunks/T_0p02__Didx_13_13__typ/dmft_solutions/T_0p02/U_1p3__Delta_1p3175__w1_0p4__typ,ok,
0.02,1.4,1.3175,typ,0.5,0.5,0.7529218723223032,0.4959833140148771,-0.004016685985122947,0.2975851029549721,0.2381274035562309,0.800199341941731,2,True,0.001919604563681628,0.07459243708212086,0.004988949056291899,0.004990520529086292,1.571472794392652e-06,3.344138663011794,0.07459243708212086,4.841900154732614e-05,9.981041058172584e-05,3.042784200855474e-11,0.1297224619212522,-0.001432979874701507,-1.034973868282323,0,0,/home/2/kj405942/Byczuk_Freericks/filling_variantB_freericks/pbs_variantB_T002_typ_21x21_mu20/chunks/T_0p02__Didx_13_13__typ/dmft_solutions/T_0p02/U_1p4__Delta_1p3175__w1_0p5__typ,ok,
0.02,1.4,1.3175,typ,0.45,0.55,0.7714740082378374,0.5466132788888003,-0.003386721111199753,0.2915661783421176,0.2343201065524188,0.8036601086065358,1,True,0.0009094153948347423,0.07211270294385141,0.004838007169071468,0.004838084491119861,7.732204839323678e-08,3.354476376262342,0.07211270294385141,-1.056021013691639e-05,9.676168982239723e-05,2.909746356294882e-11,0.1872026287333902,-0.001424484569919256,-1.032640789383666,0,0,/home/2/kj405942/Byczuk_Freericks/filling_variantB_freericks/pbs_variantB_T002_typ_21x21_mu20/chunks/T_0p02__Didx_13_13__typ/dmft_solutions/T_0p02/U_1p4__Delta_1p3175__w1_0p45__typ,ok,
0.02,1.4,1.3175,typ,0.4,0.6,0.8441659618969507,0.5970070146614043,-0.002992985338595711,0.2826139264421929,0.227117005399805,0.8036299139924392,81,True,0.001985185672649524,0.06772641766886117,0.004528017709501521,0.004528431530904776,4.138214032551797e-07,3.342874069938727,0.06772641766886117,-2.367557441633656e-05,9.056863061809552e-05,2.706883890986999e-11,0.2791937243004665,-0.001421547776096973,-0.9741605967382532,0,0,/home/2/kj405942/Byczuk_Freericks/filling_variantB_freericks/pbs_variantB_T002_typ_21x21_mu20/chunks/T_0p02__Didx_13_13__typ/dmft_solutions/T_0p02/U_1p4__Delta_1p3175__w1_0p4__typ,ok,
0.02,1.8,1.3175,typ,0.5,0.5,1,0.4950968510695739,-0.004903148930426149,0.003983811718127503,0.002370304643380272,0.5949841034390998,119,True,0.001955623950142957,0.0001179622287060491,9.164738116123007e-06,6.180450310639496e-05,5.263976499027195e-05,3.884607054585532,0.0001179622287060491,1.114406029848649e-05,1.236090062127899e-06,3.052764883592799e-11,0.08988696876649115,-0.002812537302663674,-0.2329607091427618,0,0,/home/2/kj405942/Byczuk_Freericks/filling_variantB_freericks/pbs_variantB_T002_typ_21x21_mu20/chunks/T_0p02__Didx_13_13__typ/dmft_solutions/T_0p02/U_1p8__Delta_1p3175__w1_0p5__typ,ok,
0.02,1.8,1.3175,typ,0.45,0.55,1.15248946042009,0.5520979209783428,0.002097920978342716,0.2805683779769834,0.06264410580153315,0.2232757171468276,122,True,0.001974279349803355,0.005546805944619701,0.0002971010325186364,0.0004641170786256987,0.0001670160461070623,2.678127155384071,0.005546805944619701,0.0001361180074342503,9.282341572513973e-06,2.701495896812494e-11,0.09875373305760521,-0.002730663173545641,-0.6576860910408864,0,0,/home/2/kj405942/Byczuk_Freericks/filling_variantB_freericks/pbs_variantB_T002_typ_21x21_mu20/chunks/T_0p02__Didx_13_13__typ/dmft_solutions/T_0p02/U_1p8__Delta_1p3175__w1_0p45__typ,ok,
0.02,1.8,1.3175,typ,0.4,0.6,1.166652744036532,0.5955781989907177,-0.004421801009282245,0.257282187958908,0.0339370984078915,0.1319061326286287,162,True,0.00198849227189627,0.002259444660474333,0.0001181922879141647,0.0002520224448991513,0.0001338301569849866,2.615516325355632,0.002259444660474333,7.776655240013792e-05,5.040448897983026e-06,2.564367998856898e-11,0.1227815561435796,-0.002666218132383251,-0.1406713669779162,0,0,/home/2/kj405942/Byczuk_Freericks/filling_variantB_freericks/pbs_variantB_T002_typ_21x21_mu20/chunks/T_0p02__Didx_13_13__typ/dmft_solutions/T_0p02/U_1p8__Delta_1p3175__w1_0p4__typ,ok,
0.02,1.5,1.3175,typ,0.5,0.5,0.7382229209419624,0.501529507597656,0.001529507597656021,0.1985057093057821,0.1387739138936412,0.6990928088615886,101,True,0.001929925289181438,0.02564956142691821,0.002051747084100575,0.00205639075112758,4.643667027005379e-06,3.999575372753443,0.02564956142691821,-4.88073811334575e-05,4.112781502255161e-05,3.127194477463925e-11,0.1136630436096833,-0.00176055236256232,-1.347421040790821,0,0,/home/2/kj405942/Byczuk_Freericks/filling_variantB_freericks/pbs_variantB_T002_typ_21x21_mu20/chunks/T_0p02__Didx_13_13__typ/dmft_solutions/T_0p02/U_1p5__Delta_1p3175__w1_0p5__typ,ok,
0.02,1.5,1.3175,typ,0.45,0.55,0.8118861378245881,0.5455487603886067,-0.004451239611393376,0.1996762316562551,0.1383569650656684,0.6929065313284329,6,True,0.00190441967718835,0.02559307229620139,0.00198902518650125,0.002001222338406321,1.219715190507027e-05,3.8858663850148,0.02559307229620139,7.901425067849646e-05,4.002444676812642e-05,2.934452434841784e-11,0.1572509630716221,-0.001739962748267802,-1.243176778107643,0,0,/home/2/kj405942/Byczuk_Freericks/filling_variantB_freericks/pbs_variantB_T002_typ_21x21_mu20/chunks/T_0p02__Didx_13_13__typ/dmft_solutions/T_0p02/U_1p5__Delta_1p3175__w1_0p45__typ,ok,
0.02,1.5,1.3175,typ,0.4,0.6,0.898310558294564,0.5994778456295982,-0.0005221543704018172,0.2243421276347287,0.1462851783447729,0.652062900031655,6,True,0.00192054363325085,0.02692390895849422,0.001859754401605991,0.001895024907626173,3.527050602018244e-05,3.453722868534765,0.02692390895849422,0.0001378129089024257,3.790049815252347e-05,2.70380844256782e-11,0.1934893772823469,-0.001735865502380957,-1.114757895212433,0,0,/home/2/kj405942/Byczuk_Freericks/filling_variantB_freericks/pbs_variantB_T002_typ_21x21_mu20/chunks/T_0p02__Didx_13_13__typ/dmft_solutions/T_0p02/U_1p5__Delta_1p3175__w1_0p4__typ,ok,
0.02,1.6,1.3175,typ,0.5,0.5,0.8873645447963223,0.4950343203508076,-0.004965679649192367,0.2310912709316739,0.09636033609328903,0.4169795583571809,75,True,0.001998046577519878,0.01148569134921943,0.0005705905975695448,0.0008463229252753133,0.0002757323277057685,2.483919253185932,0.01148569134921943,0.0002516734555343603,1.692645850550627e-05,3.027261141045751e-11,0.1032017610021169,-0.002146851251627055,-1.10890053781487,0,0,/home/2/kj405942/Byczuk_Freericks/filling_variantB_freericks/pbs_variantB_T002_typ_21x21_mu20/chunks/T_0p02__Didx_13_13__typ/dmft_solutions/T_0p02/U_1p6__Delta_1p3175__w1_0p5__typ,ok,
0.02,1.6,1.3175,typ,0.45,0.55,0.8279457162222316,0.55335529546236,0.003355295462359908,0.01831857724094936,0.01225805173781734,0.6691595955615859,129,True,0.001991644669846517,0.001505328058355694,0.0003827936989494621,0.0004453895287071978,6.259582975773569e-05,12.71462711482296,0.001505328058355694,-4.34113484863983e-05,8.907790574143957e-06,2.998193508491011e-11,0.1381539699844142,-0.002121407807121267,-0.810389523897722,0,0,/home/2/kj405942/Byczuk_Freericks/filling_variantB_freericks/pbs_variantB_T002_typ_21x21_mu20/chunks/T_0p02__Didx_13_13__typ/dmft_solutions/T_0p02/U_1p6__Delta_1p3175__w1_0p45__typ,ok,
0.02,1.6,1.3175,typ,0.4,0.6,0.9074348297563517,0.5956919682854462,-0.004308031714553739,0.03820629101233972,0.018334484716913,0.4798813030815107,146,True,0.001989897534509838,0.002255042148605046,0.0002534280260109176,0.0004083135781026664,0.0001548855520917488,5.619141668098896,0.002255042148605046,8.357911798731261e-05,8.166271562053328e-06,2.763738256402275e-11,0.1623856568710275,-0.002096965080646323,-0.2106009514061331,0,0,/home/2/kj405942/Byczuk_Freericks/filling_variantB_freericks/pbs_variantB_T002_typ_21x21_mu20/chunks/T_0p02__Didx_13_13__typ/dmft_solutions/T_0p02/U_1p6__Delta_1p3175__w1_0p4__typ,ok,
0.02,1.7,1.3175,typ,0.5,0.5,0.7137100713724701,0.4964048114252063,-0.00359518857479374,0.2711923266605049,0.06833387285564844,0.2519756871336296,1,True,0.001354062134819214,0.005913977886479307,0.000283284458868376,0.0005617365954191132,0.0002784521365507372,2.395041580355148,0.005913977886479307,-0.0001814805652406878,1.123473190838226e-05,2.973162138156333e-11,0.09827039857166119,-0.002496819835382288,-0.3523959809148635,0,0,/home/2/kj405942/Byczuk_Freericks/filling_variantB_freericks/pbs_variantB_T002_typ_21x21_mu20/chunks/T_0p02__Didx_13_13__typ/dmft_solutions/T_0p02/U_1p7__Delta_1p3175__w1_0p5__typ,ok,
0.02,1.7,1.3175,typ,0.45,0.55,0.768129200159208,0.5523234147050873,0.002323414705087234,0.2365360935794518,0.0558215376807689,0.2359958551611854,5,True,0.001982939603209917,0.004746154566313313,0.0002340071281118855,0.0005335638726192449,0.0002995567445073594,2.465228690325356,0.004746154566313313,-0.0001686263686861313,1.06712774523849e-05,3.18791181918278e-11,0.1354057566033759,-0.002452812016127605,-0.1599403493598102,0,0,/home/2/kj405942/Byczuk_Freericks/filling_variantB_freericks/pbs_variantB_T002_typ_21x21_mu20/chunks/T_0p02__Didx_13_13__typ/dmft_solutions/T_0p02/U_1p7__Delta_1p3175__w1_0p45__typ,ok,
0.02,1.7,1.3175,typ,0.4,0.6,1.022985405202248,0.5970876236725454,-0.002912376327454558,0.05463073225426539,0.0074122395472015,0.135678934572999,145,True,0.001979125123556097,0.0009285917274965658,4.682415577604118e-05,0.0002036878799556372,0.000156863724179596,2.521245580244217,0.0009285917274965658,5.397450446599318e-05,4.073757599112743e-06,2.679804883130094e-11,0.1252952647951477,-0.002424813552615435,-0.08948046903858939,0,0,/home/2/kj405942/Byczuk_Freericks/filling_variantB_freericks/pbs_variantB_T002_typ_21x21_mu20/chunks/T_0p02__Didx_13_13__typ/dmft_solutions/T_0p02/U_1p7__Delta_1p3175__w1_0p4__typ,ok,
0.02,1.9,1.3175,typ,0.5,0.5,0.9581812216540301,0.4997492165474398,-0.0002507834525601882,0.001283953716148155,0.001121017018908293,0.8730976863179538,117,True,0.001967850882300051,1.598230601756016e-06,2.925969922350628e-07,2.931056918850567e-07,5.08699649993955e-10,9.15377893257641,1.598230601756016e-06,4.032417011478137e-09,5.862113837701135e-09,3.229936773463475e-11,0.07515221374205036,-0.003045599489826734,-0.1459716341358739,0,0,/home/2/kj405942/Byczuk_Freericks/filling_variantB_freericks/pbs_variantB_T002_typ_21x21_mu20/chunks/T_0p02__Didx_13_13__typ/dmft_solutions/T_0p02/U_1p9__Delta_1p3175__w1_0p5__typ,ok,
0.02,1.9,1.3175,typ,0.45,0.55,1.251457251760811,0.5508608220857241,0.0008608220857240223,0.3194257084541501,0.03357696211527025,0.1051166553805729,131,True,0.00196398670520841,0.002923177055357933,0.0001440219556949585,0.0003453382252116813,0.0002013162695167228,2.463449065306848,0.002923177055357933,0.0001084880730699497,6.906764504233626e-06,2.650829881099575e-11,0.09663733952635067,-0.002927437811318039,-0.4457792437723494,0,0,/home/2/kj405942/Byczuk_Freericks/filling_variantB_freericks/pbs_variantB_T002_typ_21x21_mu20/chunks/T_0p02__Didx_13_13__typ/dmft_solutions/T_0p02/U_1p9__Delta_1p3175__w1_0p45__typ,ok,
0.02,2,1.3175,typ,0.5,0.5,0.4999999999999999,0.4978609572917435,-0.002139042708256544,0.3194004374075813,0.1548579057528498,0.4848393665636668,124,True,0.001951318589387328,0.0295431305326326,0.001865812280117216,0.001931244797714196,6.543251759697984e-05,3.157776861284701,0.0295431305326326,-0.0001966256040522879,3.862489595428392e-05,2.534393200810863e-11,0.07348899650978007,-0.003191036025571834,-0.5770392144516806,0,0,/home/2/kj405942/Byczuk_Freericks/filling_variantB_freericks/pbs_variantB_T002_typ_21x21_mu20/chunks/T_0p02__Didx_13_13__typ/dmft_solutions/T_0p02/U_2__Delta_1p3175__w1_0p5__typ,ok,
0.02,1.9,1.3175,typ,0.4,0.6,1.059737882218635,0.5963074127803646,-0.00369258721963539,0.001293740398704066,0.001111437153474688,0.8590882333024533,1,True,0.001989548472705837,1.602124416671639e-06,2.831821639136442e-07,2.898359155675705e-07,6.653751653926328e-09,8.837708263068164,1.602124416671639e-06,1.460146430138065e-08,5.79671831135141e-09,2.783115322315104e-11,0.1205377339363303,-0.00288599580150058,-0.03720331490404637,0,0,/home/2/kj405942/Byczuk_Freericks/filling_variantB_freericks/pbs_variantB_T002_typ_21x21_mu20/chunks/T_0p02__Didx_13_13__typ/dmft_solutions/T_0p02/U_1p9__Delta_1p3175__w1_0p4__typ,ok,
0.02,2,1.3175,typ,0.45,0.55,0.877311395769538,0.5450397120273296,-0.004960287972670452,0.001770021642774093,0.001164939683712403,0.6581499658312839,1,True,0.001525312377446093,6.365787135439309e-06,1.91241352551994e-06,6.907316674175589e-06,4.994903148655649e-06,15.02102948803646,6.365787135439309e-06,-7.974520701142788e-07,1.381463334835118e-07,3.222013188547391e-11,0.09772475241696735,-0.003140018951605426,-0.05210342098905626,0,0,/home/2/kj405942/Byczuk_Freericks/filling_variantB_freericks/pbs_variantB_T002_typ_21x21_mu20/chunks/T_0p02__Didx_13_13__typ/dmft_solutions/T_0p02/U_2__Delta_1p3175__w1_0p45__typ,ok,
0.02,2,1.3175,typ,0.4,0.6,0.8919758266288449,0.5975273756474124,-0.002472624352587549,0.002202655957847021,0.001304175268025504,0.5920921346701215,5,True,0.001964043459608086,2.527484396072153e-05,2.837055600472367e-06,2.282517662316343e-05,1.998812102269106e-05,5.612409724232728,2.527484396072153e-05,-3.178668400184374e-06,4.565035324632686e-07,3.126574695219396e-11,0.1292647276121422,-0.003036348766301069,-0.0288569029729624,0,0,/home/2/kj405942/Byczuk_Freericks/filling_variantB_freericks/pbs_variantB_T002_typ_21x21_mu20/chunks/T_0p02__Didx_13_13__typ/dmft_solutions/T_0p02/U_2__Delta_1p3175__w1_0p4__typ,ok,
0.02,0.1,1.415,typ,0.5,0.5,0.09244991536385705,0.5038366757399675,0.003836675739967488,0.5003708710356797,0.4409901140123973,0.8813265110729275,93,True,0.001950445664874313,0.3697549863222171,0.02420697515269477,0.02420733181676346,3.566640686965476e-07,3.273380488180893,0.3697549863222171,-5.1357242496559e-05,0.0004841466363352693,2.923994906340207e-11,1.03462547096128,0.0009691388051572513,-0.3627321353967832,2,0,/home/2/kj405942/Byczuk_Freericks/filling_variantB_freericks/pbs_variantB_T002_typ_21x21_mu20/chunks/T_0p02__Didx_14_14__typ/dmft_solutions/T_0p02/U_0p1__Delta_1p415__w1_0p5__typ,ok,
0.02,0.1,1.415,typ,0.45,0.55,0.1801475665806621,0.5523018143613091,0.002301814361309051,0.5001784711989986,0.4367666357132318,0.8732215816211367,102,True,0.00199319403039272,0.3619066991122195,0.02368878871165961,0.02369241507088928,3.626359229663043e-06,3.272775658722226,0.3619066991122195,-0.0001620125734998665,0.0004738483014177855,2.791407277352205e-11,0.9170229665047873,0.00105812550886443,-0.3538232599414406,2,0,/home/2/kj405942/Byczuk_Freericks/filling_variantB_freericks/pbs_variantB_T002_typ_21x21_mu20/chunks/T_0p02__Didx_14_14__typ/dmft_solutions/T_0p02/U_0p1__Delta_1p415__w1_0p45__typ,ok,
0.02,0.1,1.415,typ,0.4,0.6,0.2707610333287213,0.6009752346667863,0.0009752346667862843,0.499763076832553,0.4275031028523442,0.8554115393274248,94,True,0.001991190819254731,0.3453084523208544,0.02259257085294348,0.02260343142456576,1.086057162228219e-05,3.271360822635015,0.3453084523208544,-0.0002738703042759493,0.0004520686284913153,2.662442440246988e-11,0.7435192882824554,0.001250434883024045,-0.3414522301250719,2,0,/home/2/kj405942/Byczuk_Freericks/filling_variantB_freericks/pbs_variantB_T002_typ_21x21_mu20/chunks/T_0p02__Didx_14_14__typ/dmft_solutions/T_0p02/U_0p1__Delta_1p415__w1_0p4__typ,ok,
0.02,0,1.415,typ,0.5,0.5,0.0221970485425144,0.5009924977862427,0.0009924977862426632,0.5016241403275069,0.4400164658996472,0.877183593302275,26,True,0.001973505017788457,0.3666546209494219,0.02400381619158114,0.0240039134941889,9.730260775651219e-08,3.273355198609694,0.3666546209494219,-2.671196389798184e-05,0.0004800782698837779,2.952974356082516e-11,1.009837889877262,0.0009464539538032688,-0.3671551359774018,2,0,/home/2/kj405942/Byczuk_Freericks/filling_variantB_freericks/pbs_variantB_T002_typ_21x21_mu20/chunks/T_0p02__Didx_14_14__typ/dmft_solutions/T_0p02/U_0__Delta_1p415__w1_0p5__typ,ok,
0.02,0,1.415,typ,0.45,0.55,0.1085475419733715,0.5475903866855442,-0.002409613314455883,0.5014930696462396,0.4371182046879655,0.8716335900639962,3,True,0.001955450018785819,0.3612908763466707,0.02364964620471758,0.02365198304448101,2.336839763430477e-06,3.272937092109815,0.3612908763466707,-0.0001299445178537012,0.0004730396608896202,2.827717822530405e-11,0.9354242197067335,0.001018623524074605,-0.3594963240658998,2,0,/home/2/kj405942/Byczuk_Freericks/filling_variantB_freericks/pbs_variantB_T002_typ_21x21_mu20/chunks/T_0p02__Didx_14_14__typ/dmft_solutions/T_0p02/U_0__Delta_1p415__w1_0p45__typ,ok,
0.02,0,1.415,typ,0.4,0.6,0.2322160035790509,0.5962800656196305,-0.003719934380369438,0.5010720755692714,0.4259954329369406,0.8501679772375348,69,True,0.00197821160532509,0.341394249573532,0.02233562113475721,0.02234668163154521,1.106049678800096e-05,3.271235699291765,0.341394249573532,-0.0002748086607387056,0.0004469336326309042,2.659673285999848e-11,0.7273848007692174,0.00120897489759098,-0.3436789674314944,2,0,/home/2/kj405942/Byczuk_Freericks/filling_variantB_freericks/pbs_variantB_T002_typ_21x21_mu20/chunks/T_0p02__Didx_14_14__typ/dmft_solutions/T_0p02/U_0__Delta_1p415__w1_0p4__typ,ok,
0.02,0.2,1.415,typ,0.5,0.5,0.1336712725901647,0.4988343507687006,-0.001165649231299359,0.496836338980967,0.4445103251328041,0.894681588799471,13,True,0.001972019220690694,0.3800284038885894,0.02488148999147284,0.02488171505216072,2.250606878769809e-07,3.273635567351854,0.3800284038885894,-4.135926836682608e-05,0.0004976343010432144,2.939782713341439e-11,1.137424394006018,0.0009701522136834296,-0.3559240495679489,2,0,/home/2/kj405942/Byczuk_Freericks/filling_variantB_freericks/pbs_variantB_T002_typ_21x21_mu20/chunks/T_0p02__Didx_14_14__typ/dmft_solutions/T_0p02/U_0p2__Delta_1p415__w1_0p5__typ,ok,
0.02,0.2,1.415,typ,0.4,0.6,0.309152651780721,0.5951962395138807,-0.004803760486119302,0.4960263963263524,0.4311554590674976,0.8692187800098967,32,True,0.001968120522697981,0.3551106464389476,0.02323630632340141,0.02324690314942725,1.059682602583748e-05,3.271699476827191,0.3551106464389476,-0.0002743372282515157,0.000464938062988545,2.666935044667902e-11,0.7902988210852956,0.001416303672905277,-0.3357095911092028,2,0,/home/2/kj405942/Byczuk_Freericks/filling_variantB_freericks/pbs_variantB_T002_typ_21x21_mu20/chunks/T_0p02__Didx_14_14__typ/dmft_solutions/T_0p02/U_0p2__Delta_1p415__w1_0p4__typ,ok,
0.02,0.2,1.415,typ,0.45,0.55,0.22971330917023,0.5490632264873357,-0.0009367735126643018,0.4965355159061332,0.4398456876061008,0.8858292579603727,33,True,0.001984569225635552,0.3711209040927911,0.02429340286276111,0.0242972520705648,3.849207803688923e-06,3.272976891741869,0.3711209040927911,-0.0001690278959311782,0.000485945041411296,2.787689718025343e-11,0.9746042418905382,0.001090089854807188,-0.3464383309720626,2,0,/home/2/kj405942/Byczuk_Freericks/filling_variantB_freericks/pbs_variantB_T002_typ_21x21_mu20/chunks/T_0p02__Didx_14_14__typ/dmft_solutions/T_0p02/U_0p2__Delta_1p415__w1_0p45__typ,ok,
0.02,0.4,1.415,typ,0.5,0.5,0.2310311784645531,0.4954193366292706,-0.004580663370729432,0.4845573267269899,0.4525142806296734,0.9338715063628161,23,True,0.001920797510907203,0.4050398204548801,0.02652267837477672,0.02652286176240726,1.833876305387077e-07,3.274082822892625,0.4050398204548801,-3.854329849585893e-05,0.0005304572352481452,2.953928934304299e-11,1.474269003904431,0.001015952239333461,-0.3383110674153688,2,0,/home/2/kj405942/Byczuk_Freericks/filling_variantB_freericks/pbs_variantB_T002_typ_21x21_mu20/chunks/T_0p02__Didx_14_14__typ/dmft_solutions/T_0p02/U_0p4__Delta_1p415__w1_0p5__typ,ok,
0.02,0.4,1.415,typ,0.45,0.55,0.3158974324544351,0.5530388678456564,0.003038867845656323,0.4839946288935214,0.4482636742108135,0.9261748942041076,29,True,0.001929946323939101,0.3964319628343584,0.02595465646831133,0.02595813333737435,3.476869063020697e-06,3.273532270549535,0.3964319628343584,-0.000166032649028518,0.000519162666747487,2.802429304517257e-11,1.18761476520032,0.001473798489618663,-0.330431724783198,2,0,/home/2/kj405942/Byczuk_Freericks/filling_variantB_freericks/pbs_variantB_T002_typ_21x21_mu20/chunks/T_0p02__Didx_14_14__typ/dmft_solutions/T_0p02/U_0p4__Delta_1p415__w1_0p45__typ,ok,
0.02,0.4,1.415,typ,0.4,0.6,0.3898688840793905,0.6024479499468198,0.00244794994681985,0.483022403349577,0.4395525978670064,0.9100045770524845,57,True,0.001980988645585462,0.3792196637300895,0.02481880226814151,0.02482899927813767,1.019700999616225e-05,3.272351705607539,0.3792196637300895,-0.0002780973463302736,0.0004965799855627535,2.674625922732194e-11,0.9574828807122494,0.005269508098430974,-0.321533292214298,2,0,/home/2/kj405942/Byczuk_Freericks/filling_variantB_freericks/pbs_variantB_T002_typ_21x21_mu20/chunks/T_0p02__Didx_14_14__typ/dmft_solutions/T_0p02/U_0p4__Delta_1p415__w1_0p4__typ,ok,
0.02,0.3,1.415,typ,0.5,0.5,0.1735578853602303,0.4954057806509371,-0.0045942193490629,0.4914237383471105,0.4488734989935811,0.9134143590689252,2,True,0.001962035504424495,0.3933152105376804,0.02575369800259165,0.02575380832763852,1.103250468659224e-07,3.273926015648509,0.3933152105376804,-2.945930041112644e-05,0.0005150761665527703,2.959277118946627e-11,1.299447378142286,0.0009760041544203548,-0.3471931707252298,2,0,/home/2/kj405942/Byczuk_Freericks/filling_variantB_freericks/pbs_variantB_T002_typ_21x21_mu20/chunks/T_0p02__Didx_14_14__typ/dmft_solutions/T_0p02/U_0p3__Delta_1p415__w1_0p5__typ,ok,
0.02,0.3,1.415,typ,0.4,0.6,0.3360280186847419,0.5962820834435009,-0.003717916556499112,0.4904476523887255,0.4370484422223619,0.8911214888963529,1,True,0.001978506365539112,0.3703162516555999,0.02423571987484295,0.02424494840005849,9.228525215540608e-06,3.272300333362435,0.3703162516555999,-0.0002614372913770408,0.0004848989680011698,2.687986577218386e-11,0.8858682634044684,0.00158011735606151,-0.3300878038992427,2,0,/home/2/kj405942/Byczuk_Freericks/filling_variantB_freericks/pbs_variantB_T002_typ_21x21_mu20/chunks/T_0p02__Didx_14_14__typ/dmft_solutions/T_0p02/U_0p3__Delta_1p415__w1_0p4__typ,ok,
0.02,0.3,1.415,typ,0.45,0.55,0.2688487074622794,0.5519533363520154,0.001953336352015334,0.4910196329610078,0.4445160248248639,0.9052917541082582,13,True,0.001944020616074087,0.384683083727915,0.02518397629427199,0.02518747559627638,3.499302004387616e-06,3.273340752369101,0.384683083727915,-0.0001640806073820488,0.0005037495119255275,2.799914617451685e-11,1.089052303181526,0.001120200392744189,-0.3386108154776485,2,0,/home/2/kj405942/Byczuk_Freericks/filling_variantB_freericks/pbs_variantB_T002_typ_21x21_mu20/chunks/T_0p02__Didx_14_14__typ/dmft_solutions/T_0p02/U_0p3__Delta_1p415__w1_0p45__typ,ok,
0.02,0.5,1.415,typ,0.5,0.5,0.2886356033176405,0.4958778033794496,-0.004122196620550356,0.4765508728465638,0.4544013962236333,0.9535212757231439,2,True,0.001955625080184746,0.4114059321566362,0.02693875893391181,0.02693907103120267,3.12097290869274e-07,3.273987663801516,0.4114059321566362,-5.067517673844552e-05,0.0005387814206240535,2.949722523839492e-11,1.526244681349293,0.00104062446829678,-0.3341878937698106,2,0,/home/2/kj405942/Byczuk_Freericks/filling_variantB_freericks/pbs_variantB_T002_typ_21x21_mu20/chunks/T_0p02__Didx_14_14__typ/dmft_solutions/T_0p02/U_0p5__Delta_1p415__w1_0p5__typ,ok,
0.02,0.5,1.415,typ,0.45,0.55,0.3263799482879853,0.5540278029382527,0.004027802938252667,0.4763264354559895,0.4523396043505895,0.9496420326064051,19,True,0.001942681453807254,0.4069357277972172,0.02664396565505657,0.02664587307416376,1.907419107190266e-06,3.273731431654203,0.4069357277972172,-0.0001245951028410659,0.0005329174614832753,2.857966646750675e-11,1.365460593047613,0.001217854413602592,-0.330463877029499,2,0,/home/2/kj405942/Byczuk_Freericks/filling_variantB_freericks/pbs_variantB_T002_typ_21x21_mu20/chunks/T_0p02__Didx_14_14__typ/dmft_solutions/T_0p02/U_0p5__Delta_1p415__w1_0p45__typ,ok,
0.02,0.5,1.415,typ,0.4,0.6,0.4407853250034234,0.5973936076249942,-0.002606392375005817,0.4742994055347128,0.4406960822781708,0.9291516648251784,96,True,0.001978440508124594,0.3836360441597408,0.02510642149283461,0.02511746918534293,1.104769250832592e-05,3.27216666356572,0.3836360441597408,-0.0002911457728007522,0.0005023493837068586,2.666272037269718e-11,1.015071498874646,0.00663456195999346,-0.3180209576399384,2,0,/home/2/kj405942/Byczuk_Freericks/filling_variantB_freericks/pbs_variantB_T002_typ_21x21_mu20/chunks/T_0p02__Didx_14_14__typ/dmft_solutions/T_0p02/U_0p5__Delta_1p415__w1_0p4__typ,ok,
0.02,0.6000000000000001,1.415,typ,0.5,0.5,0.3293623750201195,0.4979265552339646,-0.002073444766035437,0.4676663648112496,0.4539471249302797,0.9706644716976665,2,True,0.001991882731358939,0.4098137421141499,0.02683169334662637,0.02683187014210999,1.767954836290235e-07,3.273644901243043,0.4098137421141499,-3.806657818477806e-05,0.0005366374028421999,2.971938058114311e-11,1.461149280364303,0.001101867961206611,-0.3365663012783433,2,0,/home/2/kj405942/Byczuk_Freericks/filling_variantB_freericks/pbs_variantB_T002_typ_21x21_mu20/chunks/T_0p02__Didx_14_14__typ/dmft_solutions/T_0p02/U_0p6__Delta_1p415__w1_0p5__typ,ok,
0.02,0.6000000000000001,1.415,typ,0.45,0.55,0.3622667195660146,0.5453179478586648,-0.004682052141335213,0.4674824563210518,0.4522402563553929,0.9673951401607442,1,True,0.001986969868921331,0.4060675051904341,0.02658476404136784,0.02658625129606016,1.487254692322012e-06,3.273441447734207,0.4060675051904341,-0.0001099023022956267,0.0005317250259212033,2.879041726233804e-11,1.345666113985427,0.001341982101539956,-0.3332871973644066,2,0,/home/2/kj405942/Byczuk_Freericks/filling_variantB_freericks/pbs_variantB_T002_typ_21x21_mu20/chunks/T_0p02__Didx_14_14__typ/dmft_solutions/T_0p02/U_0p6__Delta_1p415__w1_0p45__typ,ok,
0.02,0.6000000000000001,1.415,typ,0.4,0.6,0.4814916585786257,0.5983938085490973,-0.001606191450902683,0.4648092195902981,0.4405516809403811,0.9478118384327689,11,True,0.001969210162831061,0.3827262644626999,0.02504428099514139,0.02505504342439598,1.076242925459585e-05,3.271826801630722,0.3827262644626999,-0.0002870214049563394,0.0005011008684879197,2.672403301438725e-11,1.086665853425193,0.01181587541329023,-0.3207924900239454,1,0,/home/2/kj405942/Byczuk_Freericks/filling_variantB_freericks/pbs_variantB_T002_typ_21x21_mu20/chunks/T_0p02__Didx_14_14__typ/dmft_solutions/T_0p02/U_0p6__Delta_1p415__w1_0p4__typ,ok,
0.02,0.7000000000000001,1.415,typ,0.5,0.5,0.3725943286427418,0.4965683875121969,-0.003431612487803104,0.4579235670176543,0.4501538666208431,0.9830327570877965,1,True,0.001955727413739802,0.3972883772440395,0.02600617480137469,0.0260062965499978,1.217486231114887e-07,3.272959428334858,0.3972883772440395,-3.110283360327785e-05,0.000520125930999956,2.991711148804625e-11,1.261881462901147,0.0008767971862809702,-0.3470233056527133,2,0,/home/2/kj405942/Byczuk_Freericks/filling_variantB_freericks/pbs_variantB_T002_typ_21x21_mu20/chunks/T_0p02__Didx_14_14__typ/dmft_solutions/T_0p02/U_0p7__Delta_1p415__w1_0p5__typ,ok,
0.02,0.7000000000000001,1.415,typ,0.45,0.55,0.461857503423557,0.5473513019766525,-0.002648698023347551,0.4564090408277843,0.4454143942354619,0.9759105416220907,3,True,0.001967218873899593,0.3878103961048326,0.02538061784168143,0.02538457740527188,3.959563590458314e-06,3.272297248424016,0.3878103961048326,-0.0001752461083401233,0.0005076915481054377,2.810145090090585e-11,1.202842445822343,0.004500834904926108,-0.3394823768192115,1,0,/home/2/kj405942/Byczuk_Freericks/filling_variantB_freericks/pbs_variantB_T002_typ_21x21_mu20/chunks/T_0p02__Didx_14_14__typ/dmft_solutions/T_0p02/U_0p7__Delta_1p415__w1_0p45__typ,ok,
0.02,0.7000000000000001,1.415,typ,0.4,0.6,0.4897642604050173,0.5956392188947329,-0.004360781105267053,0.4558156660388508,0.4405899933378839,0.9665968639619571,1,True,0.001988457567523916,0.3785081541896058,0.02476715440251932,0.02477452990524516,7.375502725848939e-06,3.271680428595565,0.3785081541896058,-0.0002362916808938261,0.0004954905981049033,2.722865811205195e-11,1.125819269634939,0.0122987138966965,-0.3334736507033243,1,0,/home/2/kj405942/Byczuk_Freericks/filling_variantB_freericks/pbs_variantB_T002_typ_21x21_mu20/chunks/T_0p02__Didx_14_14__typ/dmft_solutions/T_0p02/U_0p7__Delta_1p415__w1_0p4__typ,ok,
0.02,0.9,1.415,typ,0.5,0.5,0.4863620306192881,0.4986151189202093,-0.001384881079790734,0.4350533124348068,0.4298397147385325,0.9880161866436643,1,True,0.0008843909093679211,0.3387399057777939,0.02215662620020999,0.02215695088849954,3.246882895458903e-07,3.270448184918648,0.3387399057777939,-4.690093402224052e-05,0.0004431390177699908,2.993241823471786e-11,0.8356917044307186,-0.0009105134190318411,-0.3976422714518518,0,0,/home/2/kj405942/Byczuk_Freericks/filling_variantB_freericks/pbs_variantB_T002_typ_21x21_mu20/chunks/T_0p02__Didx_14_14__typ/dmft_solutions/T_0p02/U_0p9__Delta_1p415__w1_0p5__typ,ok,
0.02,0.9,1.415,typ,0.45,0.55,0.5132945551519269,0.5471395795798369,-0.002860420420163101,0.4345326756734129,0.4279680543673351,0.9848926866180908,2,True,0.001966635504618283,0.3355986398932168,0.02194930103962495,0.02195097121565201,1.670176027058926e-06,3.270171334217704,0.3355986398932168,-0.0001058781188974598,0.0004390194243130402,2.886384745032068e-11,0.850138614086932,0.005050184536486688,-0.3913834284600512,1,0,/home/2/kj405942/Byczuk_Freericks/filling_variantB_freericks/pbs_variantB_T002_typ_21x21_mu20/chunks/T_0p02__Didx_14_14__typ/dmft_solutions/T_0p02/U_0p9__Delta_1p415__w1_0p45__typ,ok,
0.02,0.8,1.415,typ,0.5,0.5,0.3807894389613259,0.5040822181122696,0.004082218112269609,0.4471543760684121,0.4423299418327246,0.9892108084055753,1,True,0.001852199598005304,0.3734283180637966,0.02443645010414581,0.02443653886168359,8.875753778028434e-08,3.271906403730619,0.3734283180637966,2.574668058168876e-05,0.0004887307772336718,3.007575122470264e-11,1.025985961311752,-0.0002824632039939677,-0.366467855740861,0,0,/home/2/kj405942/Byczuk_Freericks/filling_variantB_freericks/pbs_variantB_T002_typ_21x21_mu20/chunks/T_0p02__Didx_14_14__typ/dmft_solutions/T_0p02/U_0p8__Delta_1p415__w1_0p5__typ,ok,
0.02,0.9,1.415,typ,0.4,0.6,0.6293700589717436,0.5958067919583943,-0.004193208041605723,0.4282740798054799,0.4152422190104729,0.9695712128996319,3,True,0.001969359261564529,0.3143823973065142,0.02054930020509077,0.02056122632107802,1.19261159872541e-05,3.26820146120582,0.3143823973065142,-0.0002738379423903301,0.0004112245264215604,2.662565331969185e-11,0.757775444997979,0.02757291531480088,-0.3760476610744024,1,0,/home/2/kj405942/Byczuk_Freericks/filling_variantB_freericks/pbs_variantB_T002_typ_21x21_mu20/chunks/T_0p02__Didx_14_14__typ/dmft_solutions/T_0p02/U_0p9__Delta_1p415__w1_0p4__typ,ok,
0.02,0.8,1.415,typ,0.45,0.55,0.4404046467860435,0.5495346347310532,-0.0004653652689468046,0.4471635255187689,0.4412582566265747,0.9867939387825889,61,True,0.001930586079587868,0.3712446494386507,0.02429244725290347,0.02429330001330435,8.527604008764705e-07,3.271757221233417,0.3712446494386507,-7.957169548005729e-05,0.000485866000266087,2.915848553332779e-11,1.040233056348679,0.002186832365599814,-0.3621474731362259,1,0,/home/2/kj405942/Byczuk_Freericks/filling_variantB_freericks/pbs_variantB_T002_typ_21x21_mu20/chunks/T_0p02__Didx_14_14__typ/dmft_solutions/T_0p02/U_0p8__Delta_1p415__w1_0p45__typ,ok,
0.02,1,1.415,typ,0.5,0.5,0.4673555935434176,0.4976730460967069,-0.002326953903293127,0.4214434569272931,0.4123896017769924,0.9785170347255795,1,True,0.001388839180583296,0.2965775007530853,0.01938882224644963,0.01938907605373837,2.538072887421702e-07,3.268761486831689,0.2965775007530853,3.880039468048477e-05,0.0003877815210747674,3.011841689878935e-11,0.604324525634731,-0.0009668054685710499,-0.4441063427830714,0,0,/home/2/kj405942/Byczuk_Freericks/filling_variantB_freericks/pbs_variantB_T002_typ_21x21_mu20/chunks/T_0p02__Didx_14_14__typ/dmft_solutions/T_0p02/U_1__Delta_1p415__w1_0p5__typ,ok,
0.02,0.8,1.415,typ,0.4,0.6,0.5304852949487835,0.6049355513082368,0.004935551308236863,0.4448318216615094,0.433415159054592,0.9743348788216756,43,True,0.001986502990967669,0.3567581916353741,0.02333660744976314,0.02334350253594563,6.895086182483302e-06,3.270647738008269,0.3567581916353741,-0.0002218052514091043,0.0004668700507189126,2.731154872278209e-11,1.006738348369197,0.01663898586601559,-0.3517411370672294,1,0,/home/2/kj405942/Byczuk_Freericks/filling_variantB_freericks/pbs_variantB_T002_typ_21x21_mu20/chunks/T_0p02__Didx_14_14__typ/dmft_solutions/T_0p02/U_0p8__Delta_1p415__w1_0p4__typ,ok,
0.02,1,1.415,typ,0.45,0.55,0.6135574699473918,0.5456586994965913,-0.004341300503408752,0.4182208544827735,0.4073624131295406,0.9740365856057995,16,True,0.001986012625857735,0.2885249274035709,0.01885789483947001,0.01886232746962996,4.43263015995565e-06,3.26798363822006,0.2885249274035709,-0.0001599327543130601,0.0003772465493925993,2.81917052881466e-11,0.6354375800030277,0.01002400129371525,-0.4347091281893545,1,0,/home/2/kj405942/Byczuk_Freericks/filling_variantB_freericks/pbs_variantB_T002_typ_21x21_mu20/chunks/T_0p02__Didx_14_14__typ/dmft_solutions/T_0p02/U_1__Delta_1p415__w1_0p45__typ,ok,
0.02,1.1,1.415,typ,0.5,0.5,0.5701081574826048,0.4975149699855312,-0.002485030014468814,0.4058327897394866,0.3892790288800206,0.9592103908851422,1,True,0.00169215333165425,0.2490602253025961,0.01627353769835652,0.0162736256166235,8.791826698239001e-08,3.266988472082396,0.2490602253025961,-2.092698897732202e-05,0.0003254725123324699,3.045358282093433e-11,0.4122273922339133,-0.001065208192226602,-0.5106293050810777,0,0,/home/2/kj405942/Byczuk_Freericks/filling_variantB_freericks/pbs_variantB_T002_typ_21x21_mu20/chunks/T_0p02__Didx_14_14__typ/dmft_solutions/T_0p02/U_1p1__Delta_1p415__w1_0p5__typ,ok,
0.02,1.1,1.415,typ,0.45,0.55,0.595809847555549,0.5497345337718298,-0.0002654662281702524,0.4054604197611336,0.3878646084288807,0.9566028877920587,10,True,0.001914957502548654,0.2472209774873541,0.01615193473246573,0.01615303404033234,1.099307866607985e-06,3.266699876488422,0.2472209774873541,-7.372543188647511e-05,0.0003230606808066469,2.923339466944247e-11,0.4338322110509523,-0.001066665744735149,-0.502288512732923,0,0,/home/2/kj405942/Byczuk_Freericks/filling_variantB_freericks/pbs_variantB_T002_typ_21x21_mu20/chunks/T_0p02__Didx_14_14__typ/dmft_solutions/T_0p02/U_1p1__Delta_1p415__w1_0p45__typ,ok,
0.02,1,1.415,typ,0.4,0.6,0.6415626081189119,0.596670971850173,-0.00332902814982694,0.4163974674667184,0.4019096980729789,0.9652068743792315,3,True,0.001936547650511245,0.2808875344652917,0.01835338451797034,0.01836166394789124,8.279429920894864e-06,3.26703435823675,0.2808875344652917,-0.0002156658831275046,0.0003672332789578248,2.710562837985095e-11,3.482662923024848,0.02182180791826499,-0.4217396118912368,1,0,/home/2/kj405942/Byczuk_Freericks/filling_variantB_freericks/pbs_variantB_T002_typ_21x21_mu20/chunks/T_0p02__Didx_14_14__typ/dmft_solutions/T_0p02/U_1__Delta_1p415__w1_0p4__typ,ok,
0.02,1.1,1.415,typ,0.4,0.6,0.6826369105140803,0.5980027755534131,-0.001997224446586898,0.4001227924419453,0.3793737425716343,0.9481432943530166,1,True,0.001491575670388562,0.2361388258127244,0.0154207273075876,0.01542826808388101,7.540776293415545e-06,3.265182515944536,0.2361388258127244,-0.0001887151323897252,0.0003085653616776203,2.721203014090546e-11,2.536070381540281,0.01537644549650172,-0.4829644509079009,1,0,/home/2/kj405942/Byczuk_Freericks/filling_variantB_freericks/pbs_variantB_T002_typ_21x21_mu20/chunks/T_0p02__Didx_14_14__typ/dmft_solutions/T_0p02/U_1p1__Delta_1p415__w1_0p4__typ,ok,
0.02,1.3,1.415,typ,0.5,0.5,0.499164800069911,0.5001942406748684,0.0001942406748683956,0.3544901103997872,0.3141288691074142,0.8861428285069662,1,True,0.001867633449633435,0.1418355832752045,0.009283972705478628,0.009286534715532077,2.562010053448591e-06,3.272793924873166,0.1418355832752045,8.525071146774305e-05,0.0001857306943106415,2.878496767016204e-11,0.1958955862431302,-0.001420200649449456,-0.7439768726603393,0,0,/home/2/kj405942/Byczuk_Freericks/filling_variantB_freericks/pbs_variantB_T002_typ_21x21_mu20/chunks/T_0p02__Didx_14_14__typ/dmft_solutions/T_0p02/U_1p3__Delta_1p415__w1_0p5__typ,ok,
0.02,1.3,1.415,typ,0.45,0.55,0.7207522840738956,0.552381580664594,0.00238158066459393,0.3593858185269233,0.3167640470712276,0.8814038583091652,11,True,0.001816895121821091,0.1443898526086079,0.009434042782241355,0.009435876467440093,1.833685198737699e-06,3.266864884132078,0.1443898526086079,-7.27688856004161e-05,0.0001887175293488019,2.901906011891074e-11,0.1957142762694751,-0.001413746961899269,-0.7347765032913933,0,0,/home/2/kj405942/Byczuk_Freericks/filling_variantB_freericks/pbs_variantB_T002_typ_21x21_mu20/chunks/T_0p02__Didx_14_14__typ/dmft_solutions/T_0p02/U_1p3__Delta_1p415__w1_0p45__typ,ok,
0.02,1.3,1.415,typ,0.4,0.6,0.732453997668581,0.5973608015463723,-0.0026391984536277,0.3595763460502381,0.3138428407218398,0.8728128092107352,1,True,0.001846892334568789,0.1421611521789888,0.009285273516801699,0.009289410174622356,4.136657820657844e-06,3.265756282388252,0.1421611521789888,-0.0001084501767591869,0.0001857882034924471,2.790617582156687e-11,0.3314154626153632,-0.001411377031898609,-0.7057683463831128,0,0,/home/2/kj405942/Byczuk_Freericks/filling_variantB_freericks/pbs_variantB_T002_typ_21x21_mu20/chunks/T_0p02__Didx_14_14__typ/dmft_solutions/T_0p02/U_1p3__Delta_1p415__w1_0p4__typ,ok,
0.02,1.2,1.415,typ,0.5,0.5,0.5520304229026655,0.498511293902328,-0.001488706097671988,0.3859226186218432,0.3582152866550207,0.9282049544912209,1,True,0.001909030239383896,0.1976902221710403,0.01291252461891248,0.01291299195352538,4.673346128982531e-07,3.265848072076282,0.1976902221710403,4.298545880924683e-05,0.0002582598390705075,3.017267084299344e-11,0.2871431273895297,-0.001211475504769742,-0.6038995863254148,0,0,/home/2/kj405942/Byczuk_Freericks/filling_variantB_freericks/pbs_variantB_T002_typ_21x21_mu20/chunks/T_0p02__Didx_14_14__typ/dmft_solutions/T_0p02/U_1p2__Delta_1p415__w1_0p5__typ,ok,
0.02,1.2,1.415,typ,0.45,0.55,0.6675139312297783,0.5478812701513855,-0.002118729848614498,0.3848721062258589,0.3563823762253707,0.925976111181803,1,True,0.001771423913185561,0.195610570363915,0.01277415799385311,0.01277599715627898,1.839162425871132e-06,3.265201356472709,0.195610570363915,-8.48244789098682e-05,0.0002555199431255796,2.898457577152631e-11,0.2974477554754714,-0.001210714050735457,-0.5943508692896371,0,0,/home/2/kj405942/Byczuk_Freericks/filling_variantB_freericks/pbs_variantB_T002_typ_21x21_mu20/chunks/T_0p02__Didx_14_14__typ/dmft_solutions/T_0p02/U_1p2__Delta_1p415__w1_0p45__typ,ok,
0.02,1.2,1.415,typ,0.4,0.6,0.6923860768601661,0.5966749089137038,-0.003325091086296195,0.3839141183967302,0.3524911162958052,0.9181509598236421,1,True,0.00182103614647867,0.1916304911212109,0.01251060784092519,0.01251519699135357,4.589150428382944e-06,3.26425292961649,0.1916304911212109,-0.000132621352007898,0.0002503039398270715,2.77612535443761e-11,0.9166474359763247,-0.001215164490401112,-0.5742727183919099,0,0,/home/2/kj405942/Byczuk_Freericks/filling_variantB_freericks/pbs_variantB_T002_typ_21x21_mu20/chunks/T_0p02__Didx_14_14__typ/dmft_solutions/T_0p02/U_1p2__Delta_1p415__w1_0p4__typ,ok,
0.02,1.4,1.415,typ,0.5,0.5,0.7128437561898323,0.4990780592478105,-0.0009219407521895429,0.3277095832790038,0.2679252711200471,0.8175692283369759,25,True,0.001932264245893961,0.09663793406983448,0.006346009480132764,0.006346010604285365,1.124152600571989e-09,3.283394632353627,0.09663793406983448,-1.47401346600707e-06,0.0001269202120857073,3.106575175624234e-11,0.1165533531163592,-0.001702475601978875,-0.9670093637978624,0,0,/home/2/kj405942/Byczuk_Freericks/filling_variantB_freericks/pbs_variantB_T002_typ_21x21_mu20/chunks/T_0p02__Didx_14_14__typ/dmft_solutions/T_0p02/U_1p4__Delta_1p415__w1_0p5__typ,ok,
0.02,1.4,1.415,typ,0.45,0.55,0.8064504282946755,0.5534534260079265,0.003453426007926419,0.321022501330364,0.2634327132467216,0.8206051356369666,43,True,0.001954503287323153,0.09329745106452454,0.006127987149944797,0.006129401930714118,1.41478076932183e-06,3.284112845541021,0.09329745106452454,-5.138004273895339e-05,0.0001225880386142824,2.858819603382045e-11,0.1652861282322455,-0.001692970029501836,-0.949914418054622,0,0,/home/2/kj405942/Byczuk_Freericks/filling_variantB_freericks/pbs_variantB_T002_typ_21x21_mu20/chunks/T_0p02__Didx_14_14__typ/dmft_solutions/T_0p02/U_1p4__Delta_1p415__w1_0p45__typ,ok,
0.02,1.4,1.415,typ,0.4,0.6,0.8364610388441065,0.5951949530205572,-0.004805046979442729,0.3143121736665241,0.2569795058558346,0.8175932317800783,37,True,0.001962981070099808,0.0889116163387096,0.005838710682790856,0.005843602480309784,4.891797518927655e-06,3.283435237836772,0.0889116163387096,-9.3267102904459e-05,0.0001168720496061957,2.717626055585875e-11,0.2533747706827729,-0.001688749910212,-0.9123314079425648,0,0,/home/2/kj405942/Byczuk_Freericks/filling_variantB_freericks/pbs_variantB_T002_typ_21x21_mu20/chunks/T_0p02__Didx_14_14__typ/dmft_solutions/T_0p02/U_1p4__Delta_1p415__w1_0p4__typ,ok,
0.02,1.5,1.415,typ,0.5,0.5,0.7795766387804749,0.4999322815017017,-6.771849829834142e-05,0.2717909031795498,0.1965807116091077,0.723279216888444,1,True,0.001758109937701463,0.04938684791326863,0.003353484547774075,0.003354458402612765,9.738548386895549e-07,3.395119034184305,0.04938684791326863,3.101471289822358e-05,6.708916805225529e-05,3.098797153969828e-11,0.09049333993599755,-0.002099895526810808,-1.282095747629073,0,0,/home/2/kj405942/Byczuk_Freericks/filling_variantB_freericks/pbs_variantB_T002_typ_21x21_mu20/chunks/T_0p02__Didx_14_14__typ/dmft_solutions/T_0p02/U_1p5__Delta_1p415__w1_0p5__typ,ok,
0.02,1.5,1.415,typ,0.45,0.55,0.7995341682708095,0.5462981946515035,-0.003701805348496512,0.2681324652859998,0.1941496947472803,0.7240812653558875,3,True,0.001953260269474488,0.04814406157125667,0.003280092305217265,0.003280539109180427,4.468039631614187e-07,3.406538831754455,0.04814406157125667,-2.074172486208649e-05,6.561078218360854e-05,2.95334728215076e-11,0.1272347648938296,-0.002082934274650143,-1.230429243959291,0,0,/home/2/kj405942/Byczuk_Freericks/filling_variantB_freericks/pbs_variantB_T002_typ_21x21_mu20/chunks/T_0p02__Didx_14_14__typ/dmft_solutions/T_0p02/U_1p5__Delta_1p415__w1_0p45__typ,ok,
0.02,1.5,1.415,typ,0.4,0.6,0.8169543649219067,0.597635760374172,-0.002364239625827991,0.2678846187401956,0.1909546895927408,0.7128243886892803,1,True,0.001349875165501128,0.04676042509312519,0.003190701294721075,0.003196623454782921,5.922160061845619e-06,3.41175394403138,0.04676042509312519,-7.442079305697161e-05,6.393246909565842e-05,2.816901666037605e-11,0.1780188360566593,-0.002068691869778036,-1.094218718770608,0,0,/home/2/kj405942/Byczuk_Freericks/filling_variantB_freericks/pbs_variantB_T002_typ_21x21_mu20/chunks/T_0p02__Didx_14_14__typ/dmft_solutions/T_0p02/U_1p5__Delta_1p415__w1_0p4__typ,ok,
0.02,1.6,1.415,typ,0.5,0.5,0.8506681303138237,0.4953940362564807,-0.004605963743519292,0.1900590891916507,0.09508062009110002,0.5002687348207965,13,True,0.00195219778463305,0.01262909824454098,0.0009823196721790565,0.001077914615905561,9.559494372650481e-05,3.889112481184756,0.01262909824454098,0.0001553884124382121,2.155829231811123e-05,3.085126847884293e-11,0.0800775845545523,-0.002650324167012119,-1.567992783339796,0,0,/home/2/kj405942/Byczuk_Freericks/filling_variantB_freericks/pbs_variantB_T002_typ_21x21_mu20/chunks/T_0p02__Didx_14_14__typ/dmft_solutions/T_0p02/U_1p6__Delta_1p415__w1_0p5__typ,ok,
0.02,1.6,1.415,typ,0.45,0.55,0.8747533100319008,0.5469829930234552,-0.003017006976544834,0.1682749318907764,0.0865863866023715,0.5145530925460298,1,True,0.001857427996051097,0.01071845448057074,0.0009168593708064574,0.0009799612508267399,6.310188002028255e-05,4.277012942810186,0.01071845448057074,0.0001163060298209714,1.95992250165348e-05,2.927133920662852e-11,0.1078183284610647,-0.002622937307993853,-1.448113798868041,0,0,/home/2/kj405942/Byczuk_Freericks/filling_variantB_freericks/pbs_variantB_T002_typ_21x21_mu20/chunks/T_0p02__Didx_14_14__typ/dmft_solutions/T_0p02/U_1p6__Delta_1p415__w1_0p45__typ,ok,
0.02,1.6,1.415,typ,0.4,0.6,0.955866475328947,0.5974349539464189,-0.002565046053581099,0.2174282352029875,0.1089124360927794,0.5009121101088847,29,True,0.001976347880781206,0.01419777029206882,0.0008810646401784871,0.0009626501540880501,8.158551390956291e-05,3.102827493520828,0.01419777029206882,0.0001522059384944201,1.9253003081761e-05,2.697360776108961e-11,0.1291069009131309,-0.002586568926576942,-1.180459570166265,0,0,/home/2/kj405942/Byczuk_Freericks/filling_variantB_freericks/pbs_variantB_T002_typ_21x21_mu20/chunks/T_0p02__Didx_14_14__typ/dmft_solutions/T_0p02/U_1p6__Delta_1p415__w1_0p4__typ,ok,
0.02,1.7,1.415,typ,0.45,0.55,0.8256668912353884,0.5549100479841317,0.004910047984131638,0.0842954314734579,0.0224868801507848,0.2667627385935529,81,True,0.001998278865056947,0.001811878150226747,0.0001013744737060183,0.0003084759449409657,0.0002071014712349474,2.797496997613549,0.001811878150226747,-8.663055241777169e-05,6.169518898819314e-06,3.094617184356274e-11,0.1020049665811198,-0.003198543536907073,-0.4022234295785374,0,0,/home/2/kj405942/Byczuk_Freericks/filling_variantB_freericks/pbs_variantB_T002_typ_21x21_mu20/chunks/T_0p02__Didx_14_14__typ/dmft_solutions/T_0p02/U_1p7__Delta_1p415__w1_0p45__typ,ok,
0.02,1.7,1.415,typ,0.5,0.5,0.4999999999999999,0.4967072212486863,-0.003292778751313674,0.3048889710023116,0.1718114588689583,0.5635213969994858,121,True,0.001970525693224242,0.03635147707214242,0.002340137254631411,0.002366743615493381,2.660636086196954e-05,3.218765017425869,0.03635147707214242,-0.0001390813083665115,4.733487230986761e-05,2.667660524674391e-11,0.06712952031143281,-0.003294210249806533,-1.382414434328677,0,0,/home/2/kj405942/Byczuk_Freericks/filling_variantB_freericks/pbs_variantB_T002_typ_21x21_mu20/chunks/T_0p02__Didx_14_14__typ/dmft_solutions/T_0p02/U_1p7__Delta_1p415__w1_0p5__typ,ok,
0.02,1.7,1.415,typ,0.4,0.6,1.012779724837106,0.5998868061033773,-0.0001131938966226764,0.1574251392918201,0.02135197732480343,0.1356325769877397,98,True,0.001977473426486828,0.002024653673811762,9.656090840240249e-05,0.0002700709916107277,0.0001735100832083253,2.384627792184571,0.002024653673811762,8.382097916525675e-05,5.401419832214555e-06,2.693068265303328e-11,0.1011368413129107,-0.003146745622548483,-0.2106623307276965,0,0,/home/2/kj405942/Byczuk_Freericks/filling_variantB_freericks/pbs_variantB_T002_typ_21x21_mu20/chunks/T_0p02__Didx_14_14__typ/dmft_solutions/T_0p02/U_1p7__Delta_1p415__w1_0p4__typ,ok,
0.02,2,1.415,typ,0.5,0.5,1.22074292692979,0.5023270164193826,0.002327016419382599,0.01666749248966803,0.002385281552049009,0.1431098021209618,119,True,0.001978509686072138,7.460476868148856e-05,7.695280891988441e-06,3.719727083840265e-05,2.95019899464142e-05,5.157365291783182,7.460476868148856e-05,6.634740591154763e-06,7.439454167680529e-07,2.916379959168495e-11,0.062892385304,-0.004611426888181873,-0.1941197293525146,0,0,/home/2/kj405942/Byczuk_Freericks/filling_variantB_freericks/pbs_variantB_T002_typ_21x21_mu20/chunks/T_0p02__Didx_14_14__typ/dmft_solutions/T_0p02/U_2__Delta_1p415__w1_0p5__typ,ok,
0.02,2,1.415,typ,0.45,0.55,1.141938064812849,0.5542146853252066,0.004214685325206524,0.001508109134147911,0.001099959403362257,0.7293632658645353,71,True,0.001999175188662308,1.722115382295107e-06,3.712612881075718e-07,4.254509963507911e-07,5.418970824321929e-08,10.77922222646843,1.722115382295107e-06,4.320206710974185e-08,8.509019927015823e-09,2.890558531314079e-11,0.07326519393683922,-0.004494651637580456,-0.1366263919650029,0,0,/home/2/kj405942/Byczuk_Freericks/filling_variantB_freericks/pbs_variantB_T002_typ_21x21_mu20/chunks/T_0p02__Didx_14_14__typ/dmft_solutions/T_0p02/U_2__Delta_1p415__w1_0p45__typ,ok,
0.02,2,1.415,typ,0.4,0.6,1.226064522013192,0.5989091979651986,-0.001090802034801386,0.002425650512963691,0.001283123218014535,0.5289810758627378,1,True,0.001972020848843532,3.717169889834259e-06,1.015217838231663e-06,1.717269667863942e-06,7.020518296322792e-07,13.6557901349638,3.717169889834259e-06,2.284576950865153e-07,3.434539335727884e-08,2.633515224855192e-11,0.09391608260353067,-0.004287307433871767,-0.07135701175915235,0,0,/home/2/kj405942/Byczuk_Freericks/filling_variantB_freericks/pbs_variantB_T002_typ_21x21_mu20/chunks/T_0p02__Didx_14_14__typ/dmft_solutions/T_0p02/U_2__Delta_1p415__w1_0p4__typ,ok,
0.02,1.8,1.415,typ,0.5,0.5,0.9506393920322136,0.4989397100776347,-0.001060289922365287,0.003328252931506427,0.002284346352908713,0.6863499859894294,68,True,0.001973656759194032,2.442740679338371e-05,6.690647036979682e-06,1.789008244335021e-05,1.119943540637053e-05,13.69495970974676,2.442740679338371e-05,2.339115920717216e-06,3.578016488670042e-07,3.131185837230219e-11,0.06491225703537945,-0.003800071557765516,-0.3690579836472213,0,0,/home/2/kj405942/Byczuk_Freericks/filling_variantB_freericks/pbs_variantB_T002_typ_21x21_mu20/chunks/T_0p02__Didx_14_14__typ/dmft_solutions/T_0p02/U_1p8__Delta_1p415__w1_0p5__typ,ok,
0.02,1.8,1.415,typ,0.4,0.6,1.134224472615042,0.6040518522615889,0.004051852261588884,0.2633413027138597,0.02414608155034641,0.09169120567685107,1,True,0.001859278626449076,0.001485396046191592,7.787072441583886e-05,0.000187022667618748,0.0001091519432029091,2.621210841899428,0.001485396046191592,5.694451068676073e-05,3.74045335237496e-06,2.605202804098126e-11,0.09792625505185235,-0.003615011688098829,-0.1178508505041822,0,0,/home/2/kj405942/Byczuk_Freericks/filling_variantB_freericks/pbs_variantB_T002_typ_21x21_mu20/chunks/T_0p02__Didx_14_14__typ/dmft_solutions/T_0p02/U_1p8__Delta_1p415__w1_0p4__typ,ok,
0.02,1.8,1.415,typ,0.45,0.55,0.9893682240338111,0.5457455152006624,-0.004254484799337654,0.003432271595837128,0.002289736530292098,0.6671198552787116,1,True,0.001925923542545151,2.651383771711614e-05,6.145308294782271e-06,1.722688657915161e-05,1.108157828436934e-05,11.58886985797446,2.651383771711614e-05,2.424108777597601e-06,3.445377315830321e-07,2.933801289902248e-11,0.07768639097053059,-0.003721445101683868,-0.1512003182550852,0,0,/home/2/kj405942/Byczuk_Freericks/filling_variantB_freericks/pbs_variantB_T002_typ_21x21_mu20/chunks/T_0p02__Didx_14_14__typ/dmft_solutions/T_0p02/U_1p8__Delta_1p415__w1_0p45__typ,ok,
0.02,1.9,1.415,typ,0.5,0.5,1.228694114295018,0.4975688090691612,-0.002431190930838767,0.3108617744256971,0.06754853433590227,0.2172944372485009,114,True,0.001970010926100911,0.006330646577046963,0.0003261894326103641,0.0004971068948783213,0.0001709174622679571,2.576272649566553,0.006330646577046963,0.0001471066312213148,9.942137897566425e-06,2.807375113803637e-11,0.0660029283029894,-0.00421979305341891,-0.2464998872297531,0,0,/home/2/kj405942/Byczuk_Freericks/filling_variantB_freericks/pbs_variantB_T002_typ_21x21_mu20/chunks/T_0p02__Didx_14_14__typ/dmft_solutions/T_0p02/U_1p9__Delta_1p415__w1_0p5__typ,ok,
0.02,1.9,1.415,typ,0.45,0.55,1.280953866594961,0.5498901733833832,-0.0001098266166168482,0.2842696166787003,0.06754075164664303,0.2375939871301192,103,True,0.001984557067208134,0.00593583529213548,0.0003468013417147006,0.0004370726951562223,9.027135344152174e-05,2.921251387940172,0.00593583529213548,0.0001035215809024399,8.741453903124447e-06,2.611059347372442e-11,0.07543703314005107,-0.004092964329554746,-1.258196715469002,0,0,/home/2/kj405942/Byczuk_Freericks/filling_variantB_freericks/pbs_variantB_T002_typ_21x21_mu20/chunks/T_0p02__Didx_14_14__typ/dmft_solutions/T_0p02/U_1p9__Delta_1p415__w1_0p45__typ,ok,
0.02,1.9,1.415,typ,0.4,0.6,1.273114021739762,0.5972296071198137,-0.002770392880186323,0.2839245061846721,0.02854635257694385,0.100542052394648,3,True,0.001995852042102531,0.001417144250997684,8.327507176948153e-05,0.0001541386479607658,7.086357619128422e-05,2.938129682664805,0.001417144250997684,4.481604837658375e-05,3.082772959215315e-06,2.500570948094065e-11,0.09579972216412627,-0.003969020356738061,-0.2322178313824824,0,0,/home/2/kj405942/Byczuk_Freericks/filling_variantB_freericks/pbs_variantB_T002_typ_21x21_mu20/chunks/T_0p02__Didx_14_14__typ/dmft_solutions/T_0p02/U_1p9__Delta_1p415__w1_0p4__typ,ok,
0.02,0.2,1.5125,typ,0.5,0.5,0.08667383535224241,0.5017494020896204,0.001749402089620378,0.4849230982659475,0.4206071499702793,0.8673687672836008,59,True,0.001956026932214677,0.3156421244084177,0.0206619324893304,0.02066196005557886,2.756624845732363e-08,3.272999845640911,0.3156421244084177,1.319171651078047e-05,0.0004132392011115772,2.970017056198929e-11,0.6255384170967653,0.0007960951393318175,-0.4155948221854954,2,0,/home/2/kj405942/Byczuk_Freericks/filling_variantB_freericks/pbs_variantB_T002_typ_21x21_mu20/chunks/T_0p02__Didx_15_15__typ/dmft_solutions/T_0p02/U_0p2__Delta_1p5125__w1_0p5__typ,ok,
0.02,0.2,1.5125,typ,0.45,0.55,0.1445315416360375,0.5467211334276251,-0.003278866572374972,0.484955290902178,0.4199545001819364,0.8659653952855766,1,True,0.001661783075923356,0.3143431659646301,0.02057616124104002,0.02057667764848981,5.164074497871668e-07,3.272881912017652,0.3143431659646301,-5.697879477381367e-05,0.0004115335529697961,2.908952354756845e-11,0.6316892228380897,0.0008315156318243367,-0.4125752914908611,2,0,/home/2/kj405942/Byczuk_Freericks/filling_variantB_freericks/pbs_variantB_T002_typ_21x21_mu20/chunks/T_0p02__Didx_15_15__typ/dmft_solutions/T_0p02/U_0p2__Delta_1p5125__w1_0p45__typ,ok,
0.02,0.3,1.5125,typ,0.5,0.5,0.1810799079157524,0.4975858933950127,-0.002414106604987309,0.4797368274572951,0.4265384085318003,0.8891091617721795,13,True,0.001967356938312642,0.3303150129037983,0.02162530193701793,0.02162545583507326,1.538980553262239e-07,3.273436127972199,0.3303150129037983,-3.188568272154482e-05,0.0004325091167014651,2.948071065925786e-11,0.709094732098753,0.0007731495663033695,-0.3992288345617122,2,0,/home/2/kj405942/Byczuk_Freericks/filling_variantB_freericks/pbs_variantB_T002_typ_21x21_mu20/chunks/T_0p02__Didx_15_15__typ/dmft_solutions/T_0p02/U_0p3__Delta_1p5125__w1_0p5__typ,ok,
0.02,0.2,1.5125,typ,0.4,0.6,0.3308852617221222,0.5952230507699988,-0.00477694923000116,0.4845206289584447,0.4045595914821823,0.8349687656268598,12,True,0.001938972979149856,0.2897128921968838,0.01895001362347398,0.01896138385584141,1.137023236742906e-05,3.270481592962021,0.2897128921968838,-0.0002566750047869287,0.0003792276771168282,2.638558499087983e-11,0.5324643323195501,0.001692093360020689,-0.3869046775782535,1,0,/home/2/kj405942/Byczuk_Freericks/filling_variantB_freericks/pbs_variantB_T002_typ_21x21_mu20/chunks/T_0p02__Didx_15_15__typ/dmft_solutions/T_0p02/U_0p2__Delta_1p5125__w1_0p4__typ,ok,
0.02,0.3,1.5125,typ,0.45,0.55,0.2818329333348571,0.5467981660426662,-0.003201833957333866,0.4794312923501546,0.4213968554359344,0.8789515039167813,4,True,0.001927211101159862,0.3214954207601228,0.02104322649681102,0.02104695240887742,3.725912066400902e-06,3.272710144215707,0.3214954207601228,-0.0001547813727489698,0.0004209390481775485,2.781932522073798e-11,0.6642872863798541,0.001006070386281202,-0.3890458549135843,2,0,/home/2/kj405942/Byczuk_Freericks/filling_variantB_freericks/pbs_variantB_T002_typ_21x21_mu20/chunks/T_0p02__Didx_15_15__typ/dmft_solutions/T_0p02/U_0p3__Delta_1p5125__w1_0p45__typ,ok,
0.02,0.3,1.5125,typ,0.4,0.6,0.3164949931118677,0.5956145581868865,-0.004385441813113511,0.4794061471721494,0.4169081506827376,0.8696345533780369,1,True,0.001992843440101037,0.3137270758182844,0.02053084662748022,0.02053756731834861,6.720690868394984e-06,3.272087143567424,0.3137270758182844,-0.0002053515373022664,0.0004107513463669722,2.714054372589547e-11,0.6230706538287462,0.001021989956401929,-0.3838646581228213,2,0,/home/2/kj405942/Byczuk_Freericks/filling_variantB_freericks/pbs_variantB_T002_typ_21x21_mu20/chunks/T_0p02__Didx_15_15__typ/dmft_solutions/T_0p02/U_0p3__Delta_1p5125__w1_0p4__typ,ok,
0.02,0.1,1.5125,typ,0.5,0.5,0.07031637275217927,0.5005690602195739,0.0005690602195739247,0.4883749555579473,0.4159595622370273,0.8517217304106257,4,True,0.001939229805260724,0.3045406358789525,0.01993294707717439,0.01993302432852849,7.725135409783403e-08,3.272625181799591,0.3045406358789525,-2.169155434701003e-05,0.0003986604865705699,2.956529226968083e-11,0.5786513504345528,0.0007971611033016164,-0.4267144260659719,2,0,/home/2/kj405942/Byczuk_Freericks/filling_variantB_freericks/pbs_variantB_T002_typ_21x21_mu20/chunks/T_0p02__Didx_15_15__typ/dmft_solutions/T_0p02/U_0p1__Delta_1p5125__w1_0p5__typ,ok,
0.02,0.1,1.5125,typ,0.45,0.55,0.104117189372175,0.5533725532098338,0.003372553209833762,0.4883671826127823,0.4151961391362711,0.8501720711759472,64,True,0.00192198315925661,0.3032706001429524,0.01984897300180257,0.01984958400088185,6.10999079278724e-07,3.272485528179517,0.3032706001429524,-6.087660592701436e-05,0.0003969916800176371,2.899372139740116e-11,0.5816593732968296,0.0008262035192340969,-0.4231365352397377,2,0,/home/2/kj405942/Byczuk_Freericks/filling_variantB_freericks/pbs_variantB_T002_typ_21x21_mu20/chunks/T_0p02__Didx_15_15__typ/dmft_solutions/T_0p02/U_0p1__Delta_1p5125__w1_0p45__typ,ok,
0.02,0.1,1.5125,typ,0.4,0.6,0.2328885083259735,0.5981665457085336,-0.001833454291466419,0.4882517454708928,0.4065677373954328,0.832701042375834,1,True,0.001439327507911274,0.289809610279042,0.01896028023446308,0.0189668581433266,6.577908863520883e-06,3.271161404241781,0.289809610279042,-0.0001952609128416665,0.0003793371628665321,2.712403472385681e-11,0.5304992661139269,0.001000928879917137,-0.4049841218670037,2,0,/home/2/kj405942/Byczuk_Freericks/filling_variantB_freericks/pbs_variantB_T002_typ_21x21_mu20/chunks/T_0p02__Didx_15_15__typ/dmft_solutions/T_0p02/U_0p1__Delta_1p5125__w1_0p4__typ,ok,
0.02,0,1.5125,typ,0.5,0.5,0.01752540619875125,0.49721424970373,-0.00278575029627004,0.4895819961736947,0.4142075292532657,0.8460432215450842,26,True,0.001982169362313292,0.3005376901626866,0.01967011374535824,0.01967017292621435,5.918085611178549e-08,3.27248701064922,0.3005376901626866,-1.886058206826413e-05,0.000393403458524287,2.959668562081239e-11,0.5612104957363703,0.0007915379823920116,-0.4316539764809055,2,0,/home/2/kj405942/Byczuk_Freericks/filling_variantB_freericks/pbs_variantB_T002_typ_21x21_mu20/chunks/T_0p02__Didx_15_15__typ/dmft_solutions/T_0p02/U_0__Delta_1p5125__w1_0p5__typ,ok,
0.02,0,1.5125,typ,0.45,0.55,0.1208574497468373,0.550345941226015,0.0003459412260149453,0.4895492940942413,0.4105912094787382,0.8387126984595279,4,True,0.00194967268801969,0.2947600135334603,0.01928864954334555,0.01929125405129939,2.60450795383896e-06,3.271924388949717,0.2947600135334603,-0.0001239116459193063,0.0003858250810259877,2.810135748358309e-11,0.5553847040868343,0.0008652411303974735,-0.4203907246126548,2,0,/home/2/kj405942/Byczuk_Freericks/filling_variantB_freericks/pbs_variantB_T002_typ_21x21_mu20/chunks/T_0p02__Didx_15_15__typ/dmft_solutions/T_0p02/U_0__Delta_1p5125__w1_0p45__typ,ok,
0.02,0,1.5125,typ,0.4,0.6,0.1300485773978761,0.597327301255173,-0.002672698744827007,0.4895729690365339,0.41001239019125,0.8374898454833875,20,True,0.001921974393197713,0.2937930358919345,0.01922479100459214,0.01922782906493187,3.038060339728385e-06,3.271825512512074,0.2937930358919345,-0.0001336084556030556,0.0003845565812986374,2.797296766071407e-11,0.5521410238329123,0.0008732023698269783,-0.4192609337831913,2,0,/home/2/kj405942/Byczuk_Freericks/filling_variantB_freericks/pbs_variantB_T002_typ_21x21_mu20/chunks/T_0p02__Didx_15_15__typ/dmft_solutions/T_0p02/U_0__Delta_1p5125__w1_0p4__typ,ok,
0.02,0.7000000000000001,1.5125,typ,0.5,0.5,0.2479018745533412,0.4959944096721469,-0.004005590327853081,0.4483775271252126,0.4346896957195133,0.9694725302281333,1,True,0.001756996881110753,0.3549206294676285,0.02323251014212815,0.0232344732362344,1.963094106239459e-06,3.272916282293354,0.3549206294676285,0.0001180459737467315,0.0004646894647246879,2.874277055160295e-11,0.936151556876798,0.002550849522805022,-0.3705362906751194,1,0,/home/2/kj405942/Byczuk_Freericks/filling_variantB_freericks/pbs_variantB_T002_typ_21x21_mu20/chunks/T_0p02__Didx_15_15__typ/dmft_solutions/T_0p02/U_0p7__Delta_1p5125__w1_0p5__typ,ok,
0.02,0.7000000000000001,1.5125,typ,0.45,0.55,0.4998377122249461,0.5516233381734772,0.001623338173477151,0.447236443864176,0.4299515370091705,0.9613517478458109,100,True,0.001989490605450867,0.345591408017872,0.0226170245739588,0.02262270376173861,5.679187779815824e-06,3.272220322790718,0.345591408017872,-0.0001981251372857287,0.0004524540752347723,2.757785508744877e-11,0.8867450191450821,0.006906999385051071,-0.3634380294993467,1,0,/home/2/kj405942/Byczuk_Freericks/filling_variantB_freericks/pbs_variantB_T002_typ_21x21_mu20/chunks/T_0p02__Didx_15_15__typ/dmft_solutions/T_0p02/U_0p7__Delta_1p5125__w1_0p45__typ,ok,
0.02,0.7000000000000001,1.5125,typ,0.4,0.6,0.5300143070635623,0.5960811894392806,-0.00391881056071941,0.4464207523762753,0.4237240228175339,0.9491584353148284,3,True,0.001765850320143135,0.3346224133806698,0.02189387701824999,0.02190354969249695,9.672674246960594e-06,3.271430146752199,0.3346224133806698,-0.0002544285204281551,0.000438070993849939,2.669533145779631e-11,0.8155640787774057,0.01442423115920505,-0.3563557565885707,1,0,/home/2/kj405942/Byczuk_Freericks/filling_variantB_freericks/pbs_variantB_T002_typ_21x21_mu20/chunks/T_0p02__Didx_15_15__typ/dmft_solutions/T_0p02/U_0p7__Delta_1p5125__w1_0p4__typ,ok,
0.02,0.5,1.5125,typ,0.5,0.5,0.2703424754525485,0.4953080894347675,-0.004691910565232549,0.4659981676913587,0.4368352502078601,0.9374183859392042,1,True,0.001955853762195221,0.3576671899590868,0.02341971662877008,0.02341979482237127,7.819360118447372e-08,3.273953732162159,0.3576671899590868,-2.365049073843172e-05,0.0004683958964474253,2.977453368416309e-11,0.8974843767449443,0.0006987819092811307,-0.3766806848192529,2,0,/home/2/kj405942/Byczuk_Freericks/filling_variantB_freericks/pbs_variantB_T002_typ_21x21_mu20/chunks/T_0p02__Didx_15_15__typ/dmft_solutions/T_0p02/U_0p5__Delta_1p5125__w1_0p5__typ,ok,
0.02,0.5,1.5125,typ,0.4,0.6,0.4519699791800022,0.5954465496309038,-0.004553450369096157,0.4639951805951094,0.4215415650644668,0.9085041886077511,1,True,0.001200617077458174,0.3305248175596099,0.02162893802293196,0.02163948024732039,1.054222438842365e-05,3.271908321835954,0.3305248175596099,-0.0002639873782079817,0.0004327896049464077,2.651918042944148e-11,0.7362093876952914,0.008700239365209202,-0.3551778390801725,1,0,/home/2/kj405942/Byczuk_Freericks/filling_variantB_freericks/pbs_variantB_T002_typ_21x21_mu20/chunks/T_0p02__Didx_15_15__typ/dmft_solutions/T_0p02/U_0p5__Delta_1p5125__w1_0p4__typ,ok,
0.02,0.5,1.5125,typ,0.45,0.55,0.3782449854865694,0.5507491521663176,0.000749152166317546,0.465260305440782,0.4314580457672449,0.9273476389920839,92,True,0.001992042353711314,0.3476900872785205,0.02276148447326561,0.02276538745788544,3.902984619833638e-06,3.273243228103926,0.3476900872785205,-0.0001647439870293712,0.0004553077491577088,2.785103699105167e-11,0.8167284072452788,0.001609720162476985,-0.3659345087786879,2,0,/home/2/kj405942/Byczuk_Freericks/filling_variantB_freericks/pbs_variantB_T002_typ_21x21_mu20/chunks/T_0p02__Didx_15_15__typ/dmft_solutions/T_0p02/U_0p5__Delta_1p5125__w1_0p45__typ,ok,
0.02,0.6000000000000001,1.5125,typ,0.5,0.5,0.3364653115559506,0.4956613170805677,-0.004338682919432291,0.4579379207995987,0.4385410424418915,0.9576429959680155,43,True,0.001987489810401055,0.3626168751268926,0.02374246206302492,0.02374269057698604,2.285139611110973e-07,3.273766844788537,0.3626168751268926,-4.070946290507266e-05,0.0004748538115397207,2.961609491944694e-11,0.9347629245805655,0.0009372759846269178,-0.3709806255106896,2,0,/home/2/kj405942/Byczuk_Freericks/filling_variantB_freericks/pbs_variantB_T002_typ_21x21_mu20/chunks/T_0p02__Didx_15_15__typ/dmft_solutions/T_0p02/U_0p6__Delta_1p5125__w1_0p5__typ,ok,
0.02,0.6000000000000001,1.5125,typ,0.45,0.55,0.4044685210161572,0.5479681489178622,-0.002031851082137881,0.4573780195130154,0.4348525950729041,0.9507509686099589,1,True,0.001802591262439166,0.355455573990502,0.02327010843483485,0.02327299963394892,2.891199114072927e-06,3.273279438776874,0.355455573990502,-0.0001433661634147767,0.0004654599926789784,2.819123936501004e-11,0.8855578186881138,0.001744609758652409,-0.3641090900861177,2,0,/home/2/kj405942/Byczuk_Freericks/filling_variantB_freericks/pbs_variantB_T002_typ_21x21_mu20/chunks/T_0p02__Didx_15_15__typ/dmft_solutions/T_0p02/U_0p6__Delta_1p5125__w1_0p45__typ,ok,
0.02,0.4,1.5125,typ,0.45,0.55,0.2229548011285859,0.5470961084387106,-0.002903891561289451,0.4734307155027987,0.4320751065941711,0.9126469670124665,1,True,0.001752329727010267,0.3448779283025307,0.0225810945049372,0.0225813629586073,2.684536700990048e-07,3.273780757162403,0.3448779283025307,-4.303109238421813e-05,0.000451627259172146,2.936315640280934e-11,0.8008006768774223,0.0008719335814168609,-0.385084492469048,2,0,/home/2/kj405942/Byczuk_Freericks/filling_variantB_freericks/pbs_variantB_T002_typ_21x21_mu20/chunks/T_0p02__Didx_15_15__typ/dmft_solutions/T_0p02/U_0p4__Delta_1p5125__w1_0p45__typ,ok,
0.02,0.6000000000000001,1.5125,typ,0.4,0.6,0.4307374444519158,0.6020076559090399,0.002007655909039952,0.4572449372616235,0.4304474974254261,0.9413936871632007,21,True,0.001948393748517112,0.3471376877973645,0.02272196792736751,0.02272755127056456,5.583343197046465e-06,3.272760164927852,0.3471376877973645,-0.0001968851872336695,0.0004545510254112912,2.740673374504266e-11,0.8418632961747463,0.003684258458074435,-0.3603632181614487,1,0,/home/2/kj405942/Byczuk_Freericks/filling_variantB_freericks/pbs_variantB_T002_typ_21x21_mu20/chunks/T_0p02__Didx_15_15__typ/dmft_solutions/T_0p02/U_0p6__Delta_1p5125__w1_0p4__typ,ok,
0.02,0.4,1.5125,typ,0.5,0.5,0.2499999999999999,0.4974898095728416,-0.002510190427158387,0.4732623360230551,0.4320225607549358,0.9128606438140255,95,True,0.001894947732829421,0.3448777644112275,0.02258089229383209,0.02258133232211545,4.400282833612995e-07,3.27375299656996,0.3448777644112275,-5.509191785431963e-05,0.0004516266464423091,2.92596535843202e-11,0.8097541700783276,0.0007276894367287249,-0.3844490588712663,2,0,/home/2/kj405942/Byczuk_Freericks/filling_variantB_freericks/pbs_variantB_T002_typ_21x21_mu20/chunks/T_0p02__Didx_15_15__typ/dmft_solutions/T_0p02/U_0p4__Delta_1p5125__w1_0p5__typ,ok,
0.02,0.4,1.5125,typ,0.4,0.6,0.4056783205946495,0.5982151097715661,-0.001784890228433866,0.4721583280104269,0.4178007199804652,0.8848741940886378,52,True,0.001956402626423856,0.3200859818393258,0.02094525639660052,0.02095545923617082,1.020283957030052e-05,3.271817196779716,0.3200859818393258,-0.0002555694004143989,0.0004191091847234164,2.654038509321944e-11,0.6716510970364924,0.007354337186586055,-0.3633466489355349,1,0,/home/2/kj405942/Byczuk_Freericks/filling_variantB_freericks/pbs_variantB_T002_typ_21x21_mu20/chunks/T_0p02__Didx_15_15__typ/dmft_solutions/T_0p02/U_0p4__Delta_1p5125__w1_0p4__typ,ok,
0.02,0.9,1.5125,typ,0.5,0.5,0.4834224878950046,0.5043986512498231,0.004398651249823082,0.4297559398356565,0.4232467882382706,0.9848538414620284,11,True,0.001906266058710062,0.321981845730982,0.02106450692974886,0.02106472549711014,2.185673612804453e-07,3.271070591251346,0.321981845730982,-3.751658897118131e-05,0.0004212945099422027,2.998180065316712e-11,0.7211721830845931,-0.001084442352407199,-0.4117202870855379,0,0,/home/2/kj405942/Byczuk_Freericks/filling_variantB_freericks/pbs_variantB_T002_typ_21x21_mu20/chunks/T_0p02__Didx_15_15__typ/dmft_solutions/T_0p02/U_0p9__Delta_1p5125__w1_0p5__typ,ok,
0.02,0.9,1.5125,typ,0.45,0.55,0.5627914727391731,0.5517681711221967,0.001768171122196627,0.427801129791183,0.4184242434974593,0.978081202594531,33,True,0.001951942417675285,0.3138655335478774,0.02052885968138352,0.02053266300265583,3.803321272317637e-06,3.270327176311638,0.3138655335478774,-0.0001545141715435816,0.0004106532600531167,2.815914191401559e-11,0.7444591005009737,0.007015616076670131,-0.4023886753939845,1,0,/home/2/kj405942/Byczuk_Freericks/filling_variantB_freericks/pbs_variantB_T002_typ_21x21_mu20/chunks/T_0p02__Didx_15_15__typ/dmft_solutions/T_0p02/U_0p9__Delta_1p5125__w1_0p45__typ,ok,
0.02,0.9,1.5125,typ,0.4,0.6,0.6163248356279516,0.5968526147934968,-0.00314738520650315,0.4253652985918555,0.4103176320481482,0.9646241322610903,2,True,0.001770785991719024,0.3008838205336904,0.01967240645628147,0.01968177855305217,9.37209677069216e-06,3.269103406987403,0.3008838205336904,-0.0002374831481506559,0.0003936355710610433,2.680251696375857e-11,1.456288428263093,0.01833004167128728,-0.3906244676543526,1,0,/home/2/kj405942/Byczuk_Freericks/filling_variantB_freericks/pbs_variantB_T002_typ_21x21_mu20/chunks/T_0p02__Didx_15_15__typ/dmft_solutions/T_0p02/U_0p9__Delta_1p5125__w1_0p4__typ,ok,
0.02,0.8,1.5125,typ,0.5,0.5,0.3523888962399918,0.4956669515354918,-0.004333048464508216,0.439750264125731,0.4319376645792881,0.9822340082911032,1,True,0.001835230263778225,0.3449266238458433,0.02257425556374807,0.0225747243541399,4.687903918269406e-07,3.272327214416057,0.3449266238458433,5.686796763455446e-05,0.0004514944870827979,2.96496577012014e-11,0.8536756570046086,-0.001055410106806992,-0.3877655307687424,0,0,/home/2/kj405942/Byczuk_Freericks/filling_variantB_freericks/pbs_variantB_T002_typ_21x21_mu20/chunks/T_0p02__Didx_15_15__typ/dmft_solutions/T_0p02/U_0p8__Delta_1p5125__w1_0p5__typ,ok,
0.02,0.8,1.5125,typ,0.45,0.55,0.495290094623582,0.5521176278771073,0.002117627877107231,0.4389574258372113,0.4288447930934451,0.9769621558981975,32,True,0.001923139665211112,0.3391173898365895,0.02219097085887342,0.02219371712420254,2.74626532911912e-06,3.271871558926332,0.3391173898365895,-0.0001364775681355437,0.0004438743424840507,2.836841068744526e-11,0.8622494214165021,0.003986697933704188,-0.3808135118313531,1,0,/home/2/kj405942/Byczuk_Freericks/filling_variantB_freericks/pbs_variantB_T002_typ_21x21_mu20/chunks/T_0p02__Didx_15_15__typ/dmft_solutions/T_0p02/U_0p8__Delta_1p5125__w1_0p45__typ,ok,
0.02,0.8,1.5125,typ,0.4,0.6,0.5384620569121245,0.599642276276076,-0.0003577237239239528,0.4380552818618585,0.4229198207427534,0.9654485135876568,1,True,0.001825476514175549,0.328699704844588,0.0215041909228949,0.02151078478680022,6.593863905326172e-06,3.27109982241424,0.328699704844588,-0.0002082018789284139,0.0004302156957360045,2.720773323583093e-11,0.8118411686210832,0.01446235639024684,-0.371840297457138,1,0,/home/2/kj405942/Byczuk_Freericks/filling_variantB_freericks/pbs_variantB_T002_typ_21x21_mu20/chunks/T_0p02__Didx_15_15__typ/dmft_solutions/T_0p02/U_0p8__Delta_1p5125__w1_0p4__typ,ok,
0.02,1.1,1.5125,typ,0.5,0.5,0.4989983519371906,0.5008840435382398,0.0008840435382397871,0.4051585624135152,0.389601257709329,0.9616019352731634,1,True,0.00186309907970157,0.2502006423054033,0.01634892059002391,0.01634952040635082,5.998163269070037e-07,3.267161994346096,0.2502006423054033,5.478584310885434e-05,0.0003269904081270164,2.998096063829729e-11,0.4285334867691304,-0.001268961211805391,-0.5047799816915794,0,0,/home/2/kj405942/Byczuk_Freericks/filling_variantB_freericks/pbs_variantB_T002_typ_21x21_mu20/chunks/T_0p02__Didx_15_15__typ/dmft_solutions/T_0p02/U_1p1__Delta_1p5125__w1_0p5__typ,ok,
0.02,1.1,1.5125,typ,0.45,0.55,0.5085553120186066,0.5479606645377703,-0.002039335462229785,0.4065299611956414,0.3901039666117317,0.9595946273293133,1,True,0.001960059212571024,0.250664548814297,0.01638053550583477,0.01638065766284702,1.221570122534199e-07,3.267421656416634,0.250664548814297,2.47468916678463e-05,0.0003276131532569404,3.056914982740191e-11,0.4126985266305874,-0.00126549568383019,-0.5004902948504454,0,0,/home/2/kj405942/Byczuk_Freericks/filling_variantB_freericks/pbs_variantB_T002_typ_21x21_mu20/chunks/T_0p02__Didx_15_15__typ/dmft_solutions/T_0p02/U_1p1__Delta_1p5125__w1_0p45__typ,ok,
0.02,1.1,1.5125,typ,0.4,0.6,0.6950723105615781,0.5974388149691474,-0.002561185030852564,0.4001352960967236,0.3790672718580481,0.9473477485135858,20,True,0.001960292347289777,0.2360619385064223,0.01541540047311874,0.01542343773645436,8.037263335621969e-06,3.26511774211736,0.2360619385064223,-0.0001947969180091675,0.0003084687547290872,2.704925565481944e-11,0.788476108669092,0.01049975161294336,-0.4752462925247709,1,0,/home/2/kj405942/Byczuk_Freericks/filling_variantB_freericks/pbs_variantB_T002_typ_21x21_mu20/chunks/T_0p02__Didx_15_15__typ/dmft_solutions/T_0p02/U_1p1__Delta_1p5125__w1_0p4__typ,ok,
0.02,1,1.5125,typ,0.5,0.5,0.562404525020592,0.4982376193571234,-0.001762380642876593,0.4179843086942101,0.4086643994540003,0.9777027293935379,121,True,0.001949006171300156,0.2885267118225783,0.0188652785453983,0.0188661437039501,8.651585517987082e-07,3.269242980351675,0.2885267118225783,-7.065710893543057e-05,0.000377322874079002,2.966979220203885e-11,0.5860650433141221,-0.001154817133174255,-0.4487946292895079,0,0,/home/2/kj405942/Byczuk_Freericks/filling_variantB_freericks/pbs_variantB_T002_typ_21x21_mu20/chunks/T_0p02__Didx_15_15__typ/dmft_solutions/T_0p02/U_1__Delta_1p5125__w1_0p5__typ,ok,
0.02,1,1.5125,typ,0.4,0.6,0.6654213340527669,0.5973409993136666,-0.002659000686333401,0.412834740879169,0.3963881728414417,0.9601618604027778,49,True,0.001968747554810924,0.2705204895801026,0.01767698372041224,0.0176864258861611,9.442165748856367e-06,3.26721716123059,0.2705204895801026,-0.0002260220918882533,0.000353728517723222,2.679076431828586e-11,0.6171278981127928,0.01922311401495921,-0.4218709421894566,1,0,/home/2/kj405942/Byczuk_Freericks/filling_variantB_freericks/pbs_variantB_T002_typ_21x21_mu20/chunks/T_0p02__Didx_15_15__typ/dmft_solutions/T_0p02/U_1__Delta_1p5125__w1_0p4__typ,ok,
0.02,1,1.5125,typ,0.45,0.55,0.4956539866389028,0.5472969549864191,-0.002703045013580985,0.4191934265934564,0.4093098934228598,0.9764224996300289,1,True,0.00182705761342054,0.28964664038561,0.01893949762035678,0.01893953261693527,3.499657848853412e-08,3.26941434486214,0.28964664038561,-1.423842785155385e-05,0.0003787906523387053,2.992839821039874e-11,0.5405693389763994,-0.00115620808024636,-0.444925928045066,0,0,/home/2/kj405942/Byczuk_Freericks/filling_variantB_freericks/pbs_variantB_T002_typ_21x21_mu20/chunks/T_0p02__Didx_15_15__typ/dmft_solutions/T_0p02/U_1__Delta_1p5125__w1_0p45__typ,ok,
0.02,1.2,1.5125,typ,0.5,0.5,0.6571296632048131,0.4960683194583689,-0.003931680541631066,0.3899986061117479,0.3642339508122088,0.93393654516766,1,True,0.001814912608858706,0.2066392831292382,0.0134923488061501,0.01349311070051273,7.618943626334288e-07,3.264710514339037,0.2066392831292382,-5.611368904550468e-05,0.0002698622140102547,3.003709776725242e-11,0.3042764455596537,-0.001432342817966518,-0.5840422819025959,0,0,/home/2/kj405942/Byczuk_Freericks/filling_variantB_freericks/pbs_variantB_T002_typ_21x21_mu20/chunks/T_0p02__Didx_15_15__typ/dmft_solutions/T_0p02/U_1p2__Delta_1p5125__w1_0p5__typ,ok,
0.02,1.2,1.5125,typ,0.45,0.55,0.5978026203224944,0.5466608755260211,-0.003339124473978994,0.3917299435885487,0.36479213205564,0.9312337186018064,37,True,0.001990719267150763,0.2075029106973351,0.01354904510590785,0.01354911112925304,6.602334519313401e-08,3.264784349379696,0.2075029106973351,-1.655296728780083e-05,0.0002709822225850609,3.003723493634042e-11,0.2903631590975608,-0.001433591223223644,-0.5741073734804284,0,0,/home/2/kj405942/Byczuk_Freericks/filling_variantB_freericks/pbs_variantB_T002_typ_21x21_mu20/chunks/T_0p02__Didx_15_15__typ/dmft_solutions/T_0p02/U_1p2__Delta_1p5125__w1_0p45__typ,ok,
0.02,1.2,1.5125,typ,0.4,0.6,0.6666397429982441,0.6005216517507852,0.0005216517507852236,0.3908457196278308,0.3605865233211221,0.9225802029109543,1,True,0.001750444576089846,0.2028218099552727,0.01323941648016543,0.01324201425572257,2.597775557136765e-06,3.26380493377045,0.2028218099552727,-0.0001026533526345872,0.0002648402851144514,2.812723878007336e-11,0.3723873097510442,-0.00143596956774874,-0.5528629760864704,0,0,/home/2/kj405942/Byczuk_Freericks/filling_variantB_freericks/pbs_variantB_T002_typ_21x21_mu20/chunks/T_0p02__Didx_15_15__typ/dmft_solutions/T_0p02/U_1p2__Delta_1p5125__w1_0p4__typ,ok,
0.02,1.3,1.5125,typ,0.5,0.5,0.6746665521975864,0.4974130856408033,-0.002586914359196724,0.3722854435497205,0.3321508553282916,0.8921940437994355,1,True,0.001703706393453531,0.1619344116230952,0.01056546593517716,0.01056560991518785,1.43980010695044e-07,3.262267059014128,0.1619344116230952,-2.159412805250024e-05,0.0002113121983037571,3.070590088503282e-11,0.1970367695970106,-0.001673932177562937,-0.6958567603281778,0,0,/home/2/kj405942/Byczuk_Freericks/filling_variantB_freericks/pbs_variantB_T002_typ_21x21_mu20/chunks/T_0p02__Didx_15_15__typ/dmft_solutions/T_0p02/U_1p3__Delta_1p5125__w1_0p5__typ,ok,
0.02,1.3,1.5125,typ,0.45,0.55,0.743755753138976,0.5526400298419323,0.002640029841932234,0.3682359148650026,0.3280158429236961,0.890776346581915,11,True,0.001962307673156294,0.1577387883929005,0.01028966201325191,0.01029271221660279,3.050203350882788e-06,3.261614380992362,0.1577387883929005,-9.809540059760357e-05,0.0002058542443320558,2.868783534108832e-11,0.2159316302702605,-0.001675225388738205,-0.6838870518796022,0,0,/home/2/kj405942/Byczuk_Freericks/filling_variantB_freericks/pbs_variantB_T002_typ_21x21_mu20/chunks/T_0p02__Didx_15_15__typ/dmft_solutions/T_0p02/U_1p3__Delta_1p5125__w1_0p45__typ,ok,
0.02,1.3,1.5125,typ,0.4,0.6,0.7866497037976607,0.6010455850925752,0.001045585092575241,0.3635127699644975,0.3212521621335295,0.8837438150106931,8,True,0.001951871717465504,0.1514527604975751,0.009874351861151048,0.00988189244616066,7.540585009612276e-06,3.259878469270008,0.1514527604975751,-0.0001511318904448967,0.0001976378489232132,2.716386940411084e-11,0.3808257885672248,-0.001671515763223571,-0.6498910156015461,0,0,/home/2/kj405942/Byczuk_Freericks/filling_variantB_freericks/pbs_variantB_T002_typ_21x21_mu20/chunks/T_0p02__Didx_15_15__typ/dmft_solutions/T_0p02/U_1p3__Delta_1p5125__w1_0p4__typ,ok,
0.02,1.5,1.5125,typ,0.5,0.5,0.4995264913833412,0.5028945373498304,0.002894537349830362,0.3075846937661092,0.2307408610681209,0.7501701669315796,1,True,0.001874516979265511,0.06927637239792252,0.004555903475102177,0.004556050674591776,1.471994895993699e-07,3.288208748094611,0.06927637239792252,1.428106904840815e-05,9.112101349183553e-05,2.769014318412383e-11,0.09102723727560913,-0.00252094214928225,-1.112579162365646,0,0,/home/2/kj405942/Byczuk_Freericks/filling_variantB_freericks/pbs_variantB_T002_typ_21x21_mu20/chunks/T_0p02__Didx_15_15__typ/dmft_solutions/T_0p02/U_1p5__Delta_1p5125__w1_0p5__typ,ok,
0.02,1.5,1.5125,typ,0.45,0.55,0.8371371309475142,0.5458402629428508,-0.004159737057149226,0.3065562535208081,0.2301049578521759,0.750612506544601,1,True,0.001005483796855047,0.06870899893192929,0.00451141561479771,0.004512630250547686,1.214635749976744e-06,3.282987443367655,0.06870899893192929,-4.085496455703645e-05,9.025260501095372e-05,2.897595886225564e-11,0.1056858361571554,-0.002487925400101564,-1.1438961349593,0,0,/home/2/kj405942/Byczuk_Freericks/filling_variantB_freericks/pbs_variantB_T002_typ_21x21_mu20/chunks/T_0p02__Didx_15_15__typ/dmft_solutions/T_0p02/U_1p5__Delta_1p5125__w1_0p45__typ,ok,
0.02,1.5,1.5125,typ,0.4,0.6,0.8675913732244127,0.5959659695092963,-0.004034030490703722,0.3004532454002828,0.2244964109142426,0.7471924978382385,1,True,0.001992667500952552,0.06556960901400466,0.004303987282279756,0.004308228484696365,4.241202416609749e-06,3.281998586693181,0.06556960901400466,-7.457801072787513e-05,8.616456969392731e-05,2.746473412566474e-11,0.1501351144747139,-0.002463770309078951,-1.082643893411053,0,0,/home/2/kj405942/Byczuk_Freericks/filling_variantB_freericks/pbs_variantB_T002_typ_21x21_mu20/chunks/T_0p02__Didx_15_15__typ/dmft_solutions/T_0p02/U_1p5__Delta_1p5125__w1_0p4__typ,ok,
0.02,1.4,1.5125,typ,0.5,0.5,0.7313557903652538,0.5025554993923039,0.002555499392303928,0.3478481314648738,0.2897456097558815,0.8329658363714411,25,True,0.001950049394086915,0.1157894911695019,0.007555675797371008,0.007555819873727437,1.440763564285964e-07,3.262677692533601,0.1157894911695019,-1.826610412782265e-05,0.0001511163974745487,3.077547238474591e-11,0.1281005117364743,-0.002013738836673504,-0.869062255982644,0,0,/home/2/kj405942/Byczuk_Freericks/filling_variantB_freericks/pbs_variantB_T002_typ_21x21_mu20/chunks/T_0p02__Didx_15_15__typ/dmft_solutions/T_0p02/U_1p4__Delta_1p5125__w1_0p5__typ,ok,
0.02,1.4,1.5125,typ,0.45,0.55,0.8098663475989849,0.5512602766712703,0.001260276671270266,0.3407688050827152,0.2844563655713913,0.8347488424075229,63,True,0.001992264510567763,0.111411258655017,0.007271061286494764,0.007274402690625372,3.341404130608184e-06,3.263162706477214,0.111411258655017,-8.628673592924125e-05,0.0001454880538125074,2.854415893367672e-11,0.140421540256191,-0.002011706466119024,-0.8549043055249773,0,0,/home/2/kj405942/Byczuk_Freericks/filling_variantB_freericks/pbs_variantB_T002_typ_21x21_mu20/chunks/T_0p02__Didx_15_15__typ/dmft_solutions/T_0p02/U_1p4__Delta_1p5125__w1_0p45__typ,ok,
0.02,1.4,1.5125,typ,0.4,0.6,0.7600892783117489,0.5961454846234023,-0.003854515376597645,0.3482425593970782,0.2857727598542092,0.820614115485986,3,True,0.001987320108279097,0.1129925156489829,0.007369676003743942,0.007372464219182586,2.788215438643408e-06,3.261134581089523,0.1129925156489829,-7.937852059387992e-05,0.0001474492843836517,2.824423036892631e-11,0.1722600375192737,-0.001999631171504942,-0.8150700568432485,0,0,/home/2/kj405942/Byczuk_Freericks/filling_variantB_freericks/pbs_variantB_T002_typ_21x21_mu20/chunks/T_0p02__Didx_15_15__typ/dmft_solutions/T_0p02/U_1p4__Delta_1p5125__w1_0p4__typ,ok,
0.02,1.6,1.5125,typ,0.5,0.5,0.8865086893333438,0.4959012273871103,-0.004098772612889656,0.2647984023129635,0.1612071781079709,0.6087921101481617,1,True,0.001368821038276027,0.03240458782062129,0.002169213446854886,0.002178746723170345,9.533276315459283e-06,3.347077671320455,0.03240458782062129,7.860303932832996e-05,4.35749344634069e-05,3.028879161578826e-11,0.06336541660012253,-0.003230280787161228,-1.540436276436526,0,0,/home/2/kj405942/Byczuk_Freericks/filling_variantB_freericks/pbs_variantB_T002_typ_21x21_mu20/chunks/T_0p02__Didx_15_15__typ/dmft_solutions/T_0p02/U_1p6__Delta_1p5125__w1_0p5__typ,ok,
0.02,1.6,1.5125,typ,0.45,0.55,0.9018639508432099,0.5522412087613612,0.002241208761361135,0.2501259091177115,0.1559517974203265,0.6234931757786604,1,True,0.001729176774095673,0.03023734593817437,0.002029683118753442,0.002033825931531015,4.142812777573103e-06,3.356252104439804,0.03023734593817437,5.005350399573779e-05,4.06765186306203e-05,2.887201819313451e-11,0.08714819882901076,-0.003171444108766548,-1.597190404140545,0,0,/home/2/kj405942/Byczuk_Freericks/filling_variantB_freericks/pbs_variantB_T002_typ_21x21_mu20/chunks/T_0p02__Didx_15_15__typ/dmft_solutions/T_0p02/U_1p6__Delta_1p5125__w1_0p45__typ,ok,
0.02,1.6,1.5125,typ,0.4,0.6,0.9164916263713347,0.603426842662241,0.003426842662241025,0.235333177932846,0.1457926254260924,0.6195158145856311,3,True,0.001998742324883772,0.02669591065105948,0.001852122284475893,0.001852127642744979,5.358269085541328e-09,3.468925088724006,0.02669591065105948,1.691412857654485e-06,3.704255285489957e-05,2.751566588997297e-11,0.1165758612604773,-0.003127144743177462,-1.327363823905053,0,0,/home/2/kj405942/Byczuk_Freericks/filling_variantB_freericks/pbs_variantB_T002_typ_21x21_mu20/chunks/T_0p02__Didx_15_15__typ/dmft_solutions/T_0p02/U_1p6__Delta_1p5125__w1_0p4__typ,ok,
0.02,1.7,1.5125,typ,0.45,0.55,0.9405031842160255,0.5515938079168274,0.001593807916827394,0.1759019630370411,0.05618898112509513,0.3194335080459731,1,True,0.001511139572369378,0.004664280362827507,0.0003181345317686358,0.0004257819512408115,0.0001076474194721757,3.410328143051216,0.004664280362827507,0.000100209554909013,8.515639024816229e-06,2.916581351671098e-11,0.07061699162034729,-0.004138017241232937,-1.584560488934051,0,0,/home/2/kj405942/Byczuk_Freericks/filling_variantB_freericks/pbs_variantB_T002_typ_21x21_mu20/chunks/T_0p02__Didx_15_15__typ/dmft_solutions/T_0p02/U_1p7__Delta_1p5125__w1_0p45__typ,ok,
0.02,1.7,1.5125,typ,0.5,0.5,1,0.5022641248412191,0.002264124841219073,0.271026780494362,0.1136886234149975,0.4194737627315853,131,True,0.001971596082876765,0.01583308982476936,0.0009590037596191358,0.001018429930004658,5.942617038552257e-05,3.028479501577974,0.01583308982476936,0.000137178707797969,2.036859860009316e-05,2.951512695256081e-11,0.05238895437496448,-0.00424167545779445,-1.760865157550259,0,0,/home/2/kj405942/Byczuk_Freericks/filling_variantB_freericks/pbs_variantB_T002_typ_21x21_mu20/chunks/T_0p02__Didx_15_15__typ/dmft_solutions/T_0p02/U_1p7__Delta_1p5125__w1_0p5__typ,ok,
0.02,1.7,1.5125,typ,0.4,0.6,0.7063017285479384,0.5961106457719044,-0.003889354228095554,0.3231031246039634,0.1506691965429876,0.4663192184466401,93,True,0.001974429707258784,0.02799666791395689,0.001757915855308707,0.001818711451799245,6.079559649053762e-05,3.139509067135007,0.02799666791395689,-0.000184503340109414,3.637422903598489e-05,3.149719692873157e-11,0.1045750946453486,-0.004046664480128906,-0.8522607755587628,0,0,/home/2/kj405942/Byczuk_Freericks/filling_variantB_freericks/pbs_variantB_T002_typ_21x21_mu20/chunks/T_0p02__Didx_15_15__typ/dmft_solutions/T_0p02/U_1p7__Delta_1p5125__w1_0p4__typ,ok,
0.02,2,1.5125,typ,0.5,0.5,0.9759575700625293,0.5027592180272954,0.002759218027295396,0.001456062477652375,0.001159467278118632,0.7963032465392921,14,True,0.001982423021873707,1.657422875716302e-06,1.598809421950539e-07,1.602347841348631e-07,3.53841939809189e-10,4.823178940557245,1.657422875716302e-06,-3.424808682036358e-09,3.204695682697262e-09,3.229490102528892e-11,0.04004874470447053,-0.006965433679383716,-0.3669077751695618,0,0,/home/2/kj405942/Byczuk_Freericks/filling_variantB_freericks/pbs_variantB_T002_typ_21x21_mu20/chunks/T_0p02__Didx_15_15__typ/dmft_solutions/T_0p02/U_2__Delta_1p5125__w1_0p5__typ,ok,
0.02,2,1.5125,typ,0.45,0.55,0.9754151466220954,0.5487418569361204,-0.001258143063879613,0.001609528645489719,0.001203856511549022,0.7479559403447172,1,True,0.001784789535600191,1.851465933828054e-06,2.801425288445152e-07,2.940153656616618e-07,1.387283681714659e-08,7.565424881064327,1.851465933828054e-06,-2.266498831788913e-08,5.880307313233236e-09,3.150329027506043e-11,0.05517576185516722,-0.00660793780002094,-0.1271876900230376,0,0,/home/2/kj405942/Byczuk_Freericks/filling_variantB_freericks/pbs_variantB_T002_typ_21x21_mu20/chunks/T_0p02__Didx_15_15__typ/dmft_solutions/T_0p02/U_2__Delta_1p5125__w1_0p45__typ,ok,
0.02,2,1.5125,typ,0.4,0.6,1.353149911141101,0.6006985902821002,0.0006985902821001755,0.3165873018181911,0.01107805591325127,0.03499210438835967,41,True,0.001934026328174149,0.0002505612422576918,2.09919419037578e-05,4.08159624808449e-05,1.98240205770871e-05,4.188984240860457,0.0002505612422576918,9.967077026226885e-06,8.163192496168981e-07,2.471569613848682e-11,0.07230250004760271,-0.006214952445364078,-0.2395941748427776,0,0,/home/2/kj405942/Byczuk_Freericks/filling_variantB_freericks/pbs_variantB_T002_typ_21x21_mu20/chunks/T_0p02__Didx_15_15__typ/dmft_solutions/T_0p02/U_2__Delta_1p5125__w1_0p4__typ,ok,
0.02,1.8,1.5125,typ,0.5,0.5,1.063969227341613,0.4981333737328555,-0.001866626267144511,0.2816558671652402,0.05766941815738427,0.2047513468751961,1,True,0.001481884245890378,0.00459894850235461,0.0002443675106077266,0.0003710669843435177,0.0001266994737357911,2.656775896518663,0.00459894850235461,0.0001079522445330651,7.421339686870354e-06,2.952147764304399e-11,0.05056428054581066,-0.005278580627113953,-0.9346315929420165,0,0,/home/2/kj405942/Byczuk_Freericks/filling_variantB_freericks/pbs_variantB_T002_typ_21x21_mu20/chunks/T_0p02__Didx_15_15__typ/dmft_solutions/T_0p02/U_1p8__Delta_1p5125__w1_0p5__typ,ok,
0.02,1.8,1.5125,typ,0.45,0.55,0.9090166354198742,0.547457156810125,-0.002542843189875077,0.005954700588497634,0.003594695319750707,0.6036735628142885,1,True,0.001982027325310705,8.466757419688629e-05,1.41313026708721e-05,3.826542392094177e-05,2.413412125006966e-05,8.345168032103482,8.466757419688629e-05,-6.392773266145021e-06,7.653084784188354e-07,3.057228887095624e-11,0.06492847576563593,-0.005105869059734606,-0.36091861486704,0,0,/home/2/kj405942/Byczuk_Freericks/filling_variantB_freericks/pbs_variantB_T002_typ_21x21_mu20/chunks/T_0p02__Didx_15_15__typ/dmft_solutions/T_0p02/U_1p8__Delta_1p5125__w1_0p45__typ,ok,
0.02,1.8,1.5125,typ,0.4,0.6,0.9548785886169189,0.6016327284792548,0.001632728479254775,0.004814090979873427,0.003098855580739027,0.6437052381632602,45,True,0.00193400292130894,5.492301566415499e-05,1.390228509777637e-05,3.088401382946137e-05,1.6981728731685e-05,12.65615601188626,5.492301566415499e-05,-4.318999312652796e-06,6.176802765892274e-07,2.850920868301039e-11,0.08270083785441815,-0.004918318268398097,-0.1287221806852984,0,0,/home/2/kj405942/Byczuk_Freericks/filling_variantB_freericks/pbs_variantB_T002_typ_21x21_mu20/chunks/T_0p02__Didx_15_15__typ/dmft_solutions/T_0p02/U_1p8__Delta_1p5125__w1_0p4__typ,ok,
0.02,1.9,1.5125,typ,0.5,0.5,1.073182535126648,0.4957944083871184,-0.004205591612881643,0.008828894861778343,0.002625919209695101,0.2974233186378867,39,True,0.001999671577558737,4.130112063798308e-05,6.240015811823413e-06,2.048981989755016e-05,1.424980408572675e-05,7.554293582635511,4.130112063798308e-05,3.430839190671065e-06,4.097963979510032e-07,3.039457851796436e-11,0.04538130448220079,-0.006125271568620996,-0.5202774309133255,0,0,/home/2/kj405942/Byczuk_Freericks/filling_variantB_freericks/pbs_variantB_T002_typ_21x21_mu20/chunks/T_0p02__Didx_15_15__typ/dmft_solutions/T_0p02/U_1p9__Delta_1p5125__w1_0p5__typ,ok,
0.02,1.9,1.5125,typ,0.4,0.6,1.159215153122949,0.5983987126724356,-0.001601287327564371,0.2163929268808744,0.003605284551021663,0.01666082437623478,1,True,0.001939513631214676,4.6444599244187e-05,5.672674064367902e-06,1.409971894332564e-05,8.427044878957737e-06,6.106925408639297,4.6444599244187e-05,2.797823161731171e-06,2.819943788665128e-07,2.645383972635673e-11,0.07411788855827239,-0.005675191267228297,-0.09183914405601536,0,0,/home/2/kj405942/Byczuk_Freericks/filling_variantB_freericks/pbs_variantB_T002_typ_21x21_mu20/chunks/T_0p02__Didx_15_15__typ/dmft_solutions/T_0p02/U_1p9__Delta_1p5125__w1_0p4__typ,ok,
0.02,1.9,1.5125,typ,0.45,0.55,1.072330121931733,0.5464475378632709,-0.003552462136729106,0.004256439108220991,0.002121813381720641,0.4984949456043007,1,True,0.001152396542382716,2.196054101930895e-05,3.592474114367583e-06,1.071491645724757e-05,7.122442342879982e-06,8.179384358538519,2.196054101930895e-05,1.768687011477603e-06,2.142983291449513e-07,2.900555319990191e-11,0.05682052994973309,-0.005907023187688478,-0.1837400196609786,0,0,/home/2/kj405942/Byczuk_Freericks/filling_variantB_freericks/pbs_variantB_T002_typ_21x21_mu20/chunks/T_0p02__Didx_15_15__typ/dmft_solutions/T_0p02/U_1p9__Delta_1p5125__w1_0p45__typ,ok,
0.02,0,1.61,typ,0.5,0.5,0.003346111584491815,0.5038118430951359,0.003811843095135936,0.4778031845010516,0.3871381667269018,0.8102460998270089,18,True,0.001934533906674995,0.2452085406365668,0.01604396674431036,0.01604396772401234,9.797019751418998e-10,3.271494276394262,0.2452085406365668,-2.191945672608275e-06,0.0003208793544802467,2.980660125851904e-11,0.3547229635117073,0.0003726082526498006,-0.5054856295126151,2,0,/home/2/kj405942/Byczuk_Freericks/filling_variantB_freericks/pbs_variantB_T002_typ_21x21_mu20/chunks/T_0p02__Didx_16_16__typ/dmft_solutions/T_0p02/U_0__Delta_1p61__w1_0p5__typ,ok,
0.02,0,1.61,typ,0.45,0.55,0.1418568154551472,0.5502589525837965,0.0002589525837964901,0.4779559050456564,0.3822554827646539,0.7997714406899925,13,True,0.001965917256124833,0.2384341591140406,0.0155967298697759,0.01559990245411661,3.172584340703265e-06,3.270657595314635,0.2384341591140406,-0.0001230002015847093,0.0003119980490823321,2.780658907787878e-11,0.3728602958400358,2.796131385917732e-05,-0.4861399325336277,1,0,/home/2/kj405942/Byczuk_Freericks/filling_variantB_freericks/pbs_variantB_T002_typ_21x21_mu20/chunks/T_0p02__Didx_16_16__typ/dmft_solutions/T_0p02/U_0__Delta_1p61__w1_0p45__typ,ok,
0.02,0,1.61,typ,0.4,0.6,0.2516157406123949,0.5998457071301097,-0.0001542928698903268,0.4782433007027196,0.371256713550188,0.7762925544480643,23,True,0.001950391814269089,0.2241429643520896,0.01465290834229785,0.01466319684540876,1.028850311090742e-05,3.268652305160173,0.2241429643520896,-0.0002147601260022206,0.0002932639369081751,2.634057220842711e-11,0.36556387270715,-0.001617277100000754,-0.4622310455442933,0,0,/home/2/kj405942/Byczuk_Freericks/filling_variantB_freericks/pbs_variantB_T002_typ_21x21_mu20/chunks/T_0p02__Didx_16_16__typ/dmft_solutions/T_0p02/U_0__Delta_1p61__w1_0p4__typ,ok,
0.02,0.3,1.61,typ,0.45,0.55,0.2927396687948642,0.548623288033396,-0.001376711966604049,0.4680771465959902,0.3973490696101897,0.8488965387433286,41,True,0.001918370411634103,0.267762199599829,0.01752237154735956,0.01752618746053644,3.815913176881157e-06,3.272002465909447,0.267762199599829,-0.0001429515516336685,0.0003505237492107289,2.767013500460622e-11,0.4600090879950803,-0.0003212143620471473,-0.4456409080647796,0,0,/home/2/kj405942/Byczuk_Freericks/filling_variantB_freericks/pbs_variantB_T002_typ_21x21_mu20/chunks/T_0p02__Didx_16_16__typ/dmft_solutions/T_0p02/U_0p3__Delta_1p61__w1_0p45__typ,ok,
0.02,0.3,1.61,typ,0.5,0.5,0.1947487134696717,0.4967701135717832,-0.00322988642821681,0.468180935387031,0.4028735464804793,0.8605082266911103,2,True,0.001888991118409976,0.2761329096187532,0.01807465665892467,0.01807495960146686,3.029425421850899e-07,3.272818275061763,0.2761329096187532,-4.090291080616898e-05,0.0003614991920293371,2.928000774317031e-11,0.4664070267568357,0.0001266991634170335,-0.4586424224623996,2,0,/home/2/kj405942/Byczuk_Freericks/filling_variantB_freericks/pbs_variantB_T002_typ_21x21_mu20/chunks/T_0p02__Didx_16_16__typ/dmft_solutions/T_0p02/U_0p3__Delta_1p61__w1_0p5__typ,ok,
0.02,0.3,1.61,typ,0.4,0.6,0.1913022191996314,0.6034708282396004,0.003470828239600432,0.4685180417635039,0.4016819836467342,0.857345817750799,109,True,0.001934342648095942,0.2739470106202081,0.0179308278879837,0.01793156794463621,7.400566525121983e-07,3.2726817948093,0.2739470106202081,-6.367673164434789e-05,0.0003586313588927242,2.888873175276502e-11,0.4664328917902358,0.0001924860508060022,-0.4578366080090187,1,0,/home/2/kj405942/Byczuk_Freericks/filling_variantB_freericks/pbs_variantB_T002_typ_21x21_mu20/chunks/T_0p02__Didx_16_16__typ/dmft_solutions/T_0p02/U_0p3__Delta_1p61__w1_0p4__typ,ok,
0.02,0.2,1.61,typ,0.45,0.55,0.1689157276317836,0.5536805030975919,0.003680503097591825,0.4732480213331219,0.3938964754126517,0.832325667845499,35,True,0.001934900670533819,0.2585421265880354,0.01691884788254856,0.01691982202653242,9.741439838615914e-07,3.271971207521489,0.2585421265880354,-7.097284793363117e-05,0.0003383964405306483,2.873530691640594e-11,0.4177817314617019,6.151979350369494e-05,-0.4761079124689057,2,0,/home/2/kj405942/Byczuk_Freericks/filling_variantB_freericks/pbs_variantB_T002_typ_21x21_mu20/chunks/T_0p02__Didx_16_16__typ/dmft_solutions/T_0p02/U_0p2__Delta_1p61__w1_0p45__typ,ok,
0.02,0.2,1.61,typ,0.5,0.5,0.122825401558691,0.4950594814349076,-0.004940518565092422,0.4732018098384145,0.3953142693116351,0.8354031220772891,1,True,0.001523916834270935,0.2607158340963149,0.01706229661571757,0.01706237077549019,7.415977262188109e-08,3.272201835162481,0.2607158340963149,-1.966449947265721e-05,0.0003412474155098039,2.955792730579345e-11,0.4071998888521892,0.0002038451887330559,-0.4813511034744972,2,0,/home/2/kj405942/Byczuk_Freericks/filling_variantB_freericks/pbs_variantB_T002_typ_21x21_mu20/chunks/T_0p02__Didx_16_16__typ/dmft_solutions/T_0p02/U_0p2__Delta_1p61__w1_0p5__typ,ok,
0.02,0.2,1.61,typ,0.4,0.6,0.3439457667259866,0.5977049218405708,-0.002295078159429198,0.4733275655429404,0.3779581244478954,0.7985128100755141,83,True,0.001970728783734714,0.2364919328055929,0.01546326575060463,0.01547448182505744,1.121607445281043e-05,3.26930089478277,0.2364919328055929,-0.0002303263391727733,0.0003094896365011488,2.621697886834864e-11,0.4017137668186375,-0.001540164439795336,-0.444512359809009,0,0,/home/2/kj405942/Byczuk_Freericks/filling_variantB_freericks/pbs_variantB_T002_typ_21x21_mu20/chunks/T_0p02__Didx_16_16__typ/dmft_solutions/T_0p02/U_0p2__Delta_1p61__w1_0p4__typ,ok,
0.02,0.1,1.61,typ,0.5,0.5,0.09544808807734742,0.5027152894265692,0.002715289426569178,0.4765982912715231,0.3889513295394965,0.8160988754319869,80,True,0.001973962609798607,0.2486995116406428,0.0162729055521116,0.01627323198964011,3.264375285106647e-07,3.2715998203537,0.2486995116406428,-4.02951247477361e-05,0.0003254646397928023,2.919173435999695e-11,0.3793578758973681,0.0002667849005787838,-0.495369095788011,2,0,/home/2/kj405942/Byczuk_Freericks/filling_variantB_freericks/pbs_variantB_T002_typ_21x21_mu20/chunks/T_0p02__Didx_16_16__typ/dmft_solutions/T_0p02/U_0p1__Delta_1p61__w1_0p5__typ,ok,
0.02,0.1,1.61,typ,0.45,0.55,0.1530321702601372,0.5514827469289691,0.001482746928969103,0.4767252291107308,0.3866472928067891,0.8110485227056885,5,True,0.001963940288280163,0.2453353796107541,0.01605084735375297,0.01605270262754088,1.855273787908741e-06,3.27120519250404,0.2453353796107541,-9.541114180623483e-05,0.0003210540525508175,2.828969237472798e-11,0.3857590709577186,6.512326222417688e-05,-0.4865607250164571,2,0,/home/2/kj405942/Byczuk_Freericks/filling_variantB_freericks/pbs_variantB_T002_typ_21x21_mu20/chunks/T_0p02__Didx_16_16__typ/dmft_solutions/T_0p02/U_0p1__Delta_1p61__w1_0p45__typ,ok,
0.02,0.1,1.61,typ,0.4,0.6,0.2777354507312755,0.597556050905078,-0.00244394909492196,0.4769010945590109,0.3751153751369175,0.7865684927475068,8,True,0.001976493856634318,0.230029444154459,0.01504011194220569,0.015049346105007,9.234162801306119e-06,3.269171039709732,0.230029444154459,-0.0002061130435666908,0.00030098692210014,2.653010660189802e-11,0.3771977935404137,-0.001139805347733893,-0.4634423939596991,0,0,/home/2/kj405942/Byczuk_Freericks/filling_variantB_freericks/pbs_variantB_T002_typ_21x21_mu20/chunks/T_0p02__Didx_16_16__typ/dmft_solutions/T_0p02/U_0p1__Delta_1p61__w1_0p4__typ,ok,
0.02,0.7000000000000001,1.61,typ,0.5,0.5,0.4003073668181574,0.4971385792160459,-0.002861420783954127,0.4401889425281127,0.4227363944242319,0.9603521433236224,1,True,0.001996201200987775,0.3210935072088945,0.02102165990064906,0.02102208874594585,4.288452967904747e-07,3.273448299123183,0.3210935072088945,-5.247846041882189e-05,0.0004204417749189171,2.95097539075645e-11,0.6840848947229804,-0.001260125566433676,-0.4085212249059941,0,0,/home/2/kj405942/Byczuk_Freericks/filling_variantB_freericks/pbs_variantB_T002_typ_21x21_mu20/chunks/T_0p02__Didx_16_16__typ/dmft_solutions/T_0p02/U_0p7__Delta_1p61__w1_0p5__typ,ok,
0.02,0.7000000000000001,1.61,typ,0.45,0.55,0.4120193668423354,0.5496906543850136,-0.0003093456149864116,0.4402150554742803,0.4213263646561628,0.9570921289873489,1,True,0.001587247782761501,0.318478150857565,0.02084946261442664,0.02085066382582229,1.201211395651326e-06,3.273295602584567,0.318478150857565,-8.747109054722813e-05,0.0004170132765164457,2.882250623073787e-11,0.6836887165234473,-0.001260469499025968,-0.4054246572444363,0,0,/home/2/kj405942/Byczuk_Freericks/filling_variantB_freericks/pbs_variantB_T002_typ_21x21_mu20/chunks/T_0p02__Didx_16_16__typ/dmft_solutions/T_0p02/U_0p7__Delta_1p61__w1_0p45__typ,ok,
0.02,0.7000000000000001,1.61,typ,0.4,0.6,0.5779749614583889,0.6003696454255365,0.0003696454255365245,0.4366767968999531,0.4037386794752744,0.924570946616554,14,True,0.001866571341570587,0.2899760015326153,0.01896890626671542,0.01898165612535074,1.274985863532245e-05,3.270771747740972,0.2899760015326153,-0.0002719247332324476,0.0003796331225070148,2.607772815389632e-11,1.110418771165635,0.01379388086011427,-0.3811583875295447,1,0,/home/2/kj405942/Byczuk_Freericks/filling_variantB_freericks/pbs_variantB_T002_typ_21x21_mu20/chunks/T_0p02__Didx_16_16__typ/dmft_solutions/T_0p02/U_0p7__Delta_1p61__w1_0p4__typ,ok,
0.02,0.5,1.61,typ,0.5,0.5,0.2270455671526062,0.5045598352903017,0.004559835290301684,0.4553348349538487,0.4176968329361307,0.9173399460607206,48,True,0.001965159050712935,0.3088403264563683,0.02022156018989198,0.0202216354125629,7.522267091324311e-08,3.273788825104872,0.3088403264563683,2.155541428122687e-05,0.0004044327082512579,2.973909026193706e-11,0.5972116231757363,-8.499030158618751e-05,-0.4228133374514685,0,0,/home/2/kj405942/Byczuk_Freericks/filling_variantB_freericks/pbs_variantB_T002_typ_21x21_mu20/chunks/T_0p02__Didx_16_16__typ/dmft_solutions/T_0p02/U_0p5__Delta_1p61__w1_0p5__typ,ok,
0.02,0.5,1.61,typ,0.45,0.55,0.3207207257925758,0.5527844663467553,0.002784466346755221,0.4552874626651567,0.4157204641402509,0.9130944693858053,5,True,0.00191087845881656,0.3052712210619835,0.01998629368238046,0.01998758364459748,1.289962217021926e-06,3.273530602205434,0.3052712210619835,-8.874551719541745e-05,0.0003997516728919496,2.866769581170982e-11,0.5971523683133131,-0.0001631043097939985,-0.4180742917273359,0,0,/home/2/kj405942/Byczuk_Freericks/filling_variantB_freericks/pbs_variantB_T002_typ_21x21_mu20/chunks/T_0p02__Didx_16_16__typ/dmft_solutions/T_0p02/U_0p5__Delta_1p61__w1_0p45__typ,ok,
0.02,0.5,1.61,typ,0.4,0.6,0.4700423098537421,0.5951200333026683,-0.004879966697331706,0.4538982184847861,0.4006520848140674,0.8826914680377768,1,True,0.001962437885673963,0.281431754393518,0.01841379218039255,0.01842457839795057,1.078621755801572e-05,3.27144892019631,0.281431754393518,-0.0002463974078850072,0.0003684915679590114,2.628779249708942e-11,0.5408125561603394,0.005427200306364885,-0.3963418393610758,1,0,/home/2/kj405942/Byczuk_Freericks/filling_variantB_freericks/pbs_variantB_T002_typ_21x21_mu20/chunks/T_0p02__Didx_16_16__typ/dmft_solutions/T_0p02/U_0p5__Delta_1p61__w1_0p4__typ,ok,
0.02,0.4,1.61,typ,0.5,0.5,0.1778010594688554,0.4975390887930016,-0.002460911206998373,0.4621267707046214,0.411119468041747,0.8896248694160225,1,True,0.001813998355619268,0.2937842431555889,0.01923371379912565,0.01923379112766388,7.732853822761407e-08,3.273442032243272,0.2937842431555889,2.131567783464914e-05,0.0003846758225532777,2.96766909111835e-11,0.530466410617864,6.689179059971885e-05,-0.4400134291177897,1,0,/home/2/kj405942/Byczuk_Freericks/filling_variantB_freericks/pbs_variantB_T002_typ_21x21_mu20/chunks/T_0p02__Didx_16_16__typ/dmft_solutions/T_0p02/U_0p4__Delta_1p61__w1_0p5__typ,ok,
0.02,0.4,1.61,typ,0.45,0.55,0.2729594136826324,0.5456085117872731,-0.004391488212726946,0.4621228522781183,0.409238043845378,0.8855611485732959,82,True,0.001938170090870516,0.2905434601928858,0.01902009678780169,0.01902133268434253,1.235896540842632e-06,3.273193066396098,0.2905434601928858,-8.474451692196214e-05,0.0003804266536868506,2.863701204287783e-11,0.5320092574929788,0.0001275035731909766,-0.4338262290318014,1,0,/home/2/kj405942/Byczuk_Freericks/filling_variantB_freericks/pbs_variantB_T002_typ_21x21_mu20/chunks/T_0p02__Didx_16_16__typ/dmft_solutions/T_0p02/U_0p4__Delta_1p61__w1_0p45__typ,ok,
0.02,0.4,1.61,typ,0.4,0.6,0.4046012543838268,0.5972122727453824,-0.002787727254617622,0.4615734211568057,0.3967740682301256,0.859612035796432,81,True,0.001968420120887764,0.2712684774035207,0.01774866930154245,0.01775771056994168,9.041268399235378e-06,3.271421263433555,0.2712684774035207,-0.0002214773628367987,0.0003551542113988337,2.655698355057666e-11,0.4952800878140857,0.0004035372584309874,-0.4151361042583557,1,0,/home/2/kj405942/Byczuk_Freericks/filling_variantB_freericks/pbs_variantB_T002_typ_21x21_mu20/chunks/T_0p02__Didx_16_16__typ/dmft_solutions/T_0p02/U_0p4__Delta_1p61__w1_0p4__typ,ok,
0.02,0.6000000000000001,1.61,typ,0.5,0.5,0.2922068527102876,0.497472026146764,-0.002527973853235999,0.4480625314246548,0.4220602655449353,0.9419673280935967,1,True,0.001781261304175005,0.3191404975181367,0.0208963275857445,0.02089633848966672,1.090392221897465e-08,3.273844552516711,0.3191404975181367,8.342521395672455e-06,0.0004179267697933343,3.005538823740778e-11,0.6463649969269671,-0.0003783220257805621,-0.413956864564429,0,0,/home/2/kj405942/Byczuk_Freericks/filling_variantB_freericks/pbs_variantB_T002_typ_21x21_mu20/chunks/T_0p02__Didx_16_16__typ/dmft_solutions/T_0p02/U_0p6__Delta_1p61__w1_0p5__typ,ok,
0.02,0.6000000000000001,1.61,typ,0.45,0.55,0.4062366119727568,0.5471139519386455,-0.002886048061354507,0.447580180683725,0.4179877178007665,0.9338834377390149,29,True,0.001999947716534919,0.3120112063954869,0.02042618562416099,0.0204288208857767,2.635261615713935e-06,3.27330961283967,0.3120112063954869,-0.0001282365904012287,0.0004085764177155341,2.817092414025786e-11,0.6444374579080393,-0.0005023357172375675,-0.4039293869951067,0,0,/home/2/kj405942/Byczuk_Freericks/filling_variantB_freericks/pbs_variantB_T002_typ_21x21_mu20/chunks/T_0p02__Didx_16_16__typ/dmft_solutions/T_0p02/U_0p6__Delta_1p61__w1_0p45__typ,ok,
0.02,0.6000000000000001,1.61,typ,0.4,0.6,0.475958746886866,0.5966236942325116,-0.003376305767488375,0.446848381756169,0.4095124889483692,0.9164461720526654,50,True,0.001993134025563271,0.2980304562838421,0.01950441392372282,0.0195121231985444,7.709274821586688e-06,3.272218243552087,0.2980304562838421,-0.0002143641151263437,0.000390242463970888,2.680439474314107e-11,0.614136070552352,0.006841253555199434,-0.3922429936309374,1,0,/home/2/kj405942/Byczuk_Freericks/filling_variantB_freericks/pbs_variantB_T002_typ_21x21_mu20/chunks/T_0p02__Didx_16_16__typ/dmft_solutions/T_0p02/U_0p6__Delta_1p61__w1_0p4__typ,ok,
0.02,0.8,1.61,typ,0.5,0.5,0.4441398130071131,0.4967645027940246,-0.003235497205975379,0.4320322463557284,0.4206015488760307,0.9735420270683087,41,True,0.001994852630816375,0.3157628530104147,0.02066850644502136,0.02066882299643518,3.165514138242593e-07,3.272789412683014,0.3157628530104147,-4.471133582294954e-05,0.0004133764599287037,2.970806419777099e-11,0.6736965337412307,-0.001250728612358399,-0.4145067386900863,0,0,/home/2/kj405942/Byczuk_Freericks/filling_variantB_freericks/pbs_variantB_T002_typ_21x21_mu20/chunks/T_0p02__Didx_16_16__typ/dmft_solutions/T_0p02/U_0p8__Delta_1p61__w1_0p5__typ,ok,
0.02,0.8,1.61,typ,0.45,0.55,0.4978621610640611,0.5542878227214735,0.004287822721473433,0.4312949461719648,0.4171056350379258,0.9671006784104967,7,True,0.001820232243432463,0.3099867744001231,0.0202875613462913,0.02029004131046872,2.479964177417416e-06,3.272326921939035,0.3099867744001231,-0.0001239964593031172,0.0004058008262093744,2.833765083587974e-11,0.6831150277542734,0.00116916126260691,-0.4069180490227238,1,0,/home/2/kj405942/Byczuk_Freericks/filling_variantB_freericks/pbs_variantB_T002_typ_21x21_mu20/chunks/T_0p02__Didx_16_16__typ/dmft_solutions/T_0p02/U_0p8__Delta_1p61__w1_0p45__typ,ok,
0.02,0.8,1.61,typ,0.4,0.6,0.4920674173303209,0.5960915944720655,-0.003908405527934478,0.4319914335269815,0.4149053702645805,0.9604481433279769,4,True,0.001997592733138713,0.3060112405885071,0.02002626926316868,0.02002949625875962,3.226995590937123e-06,3.272146020625754,0.3060112405885071,-0.0001405344743581668,0.0004005899251751923,2.784929891308171e-11,0.6677552936878505,0.002970547397902104,-0.4049332879893849,1,0,/home/2/kj405942/Byczuk_Freericks/filling_variantB_freericks/pbs_variantB_T002_typ_21x21_mu20/chunks/T_0p02__Didx_16_16__typ/dmft_solutions/T_0p02/U_0p8__Delta_1p61__w1_0p4__typ,ok,
0.02,0.9,1.61,typ,0.5,0.5,0.4555081404864846,0.504719479393021,0.004719479393020976,0.4234499704145483,0.4147644210516177,0.9794886055738117,21,True,0.001974232045502568,0.3017891870175524,0.01974762162905781,0.0197476247177368,3.088678982669385e-09,3.271757650466991,0.3017891870175524,-4.317707537890899e-06,0.0003949524943547359,3.041876783299948e-11,0.5837925650542297,-0.001281702799991168,-0.4339088571644082,0,0,/home/2/kj405942/Byczuk_Freericks/filling_variantB_freericks/pbs_variantB_T002_typ_21x21_mu20/chunks/T_0p02__Didx_16_16__typ/dmft_solutions/T_0p02/U_0p9__Delta_1p61__w1_0p5__typ,ok,
0.02,0.9,1.61,typ,0.45,0.55,0.505373574327442,0.5522859241575157,0.002285924157515606,0.4232171326117783,0.4129312474129663,0.9756959621758805,1,True,0.001671296839274845,0.298795422391376,0.01955033385846478,0.01955136524042491,1.031381960130457e-06,3.271524995596628,0.298795422391376,-7.85076058002058e-05,0.0003910273048084982,2.899048864644389e-11,0.6215483348170051,-0.001282954067548859,-0.426193693030519,0,0,/home/2/kj405942/Byczuk_Freericks/filling_variantB_freericks/pbs_variantB_T002_typ_21x21_mu20/chunks/T_0p02__Didx_16_16__typ/dmft_solutions/T_0p02/U_0p9__Delta_1p61__w1_0p45__typ,ok,
0.02,1.1,1.61,typ,0.5,0.5,0.6192165618623634,0.4959306644393799,-0.004069335560620113,0.4027102068170033,0.3874213861202104,0.9620351795460197,21,True,0.00193829018763294,0.2459853393824927,0.01607681991716448,0.01607791583675958,1.095919595099983e-06,3.267841074903649,0.2459853393824927,-7.342753618862522e-05,0.0003215583167351916,2.971170445820155e-11,0.4228039610273714,-0.001485497104060323,-0.5069808474577704,0,0,/home/2/kj405942/Byczuk_Freericks/filling_variantB_freericks/pbs_variantB_T002_typ_21x21_mu20/chunks/T_0p02__Didx_16_16__typ/dmft_solutions/T_0p02/U_1p1__Delta_1p61__w1_0p5__typ,ok,
0.02,0.9,1.61,typ,0.4,0.6,0.5181708835972292,0.5976421562164065,-0.002357843783593494,0.4237531806508679,0.4100489315934441,0.9676598319890494,9,True,0.001985780592513845,0.2938010850296287,0.01922169500597751,0.01922400218348628,2.307177508764887e-06,3.271208988904701,0.2938010850296287,-0.0001164346387834032,0.0003844800436697256,2.815141560223452e-11,0.6128843055785964,-0.0005061742436068412,-0.4227373954793442,0,0,/home/2/kj405942/Byczuk_Freericks/filling_variantB_freericks/pbs_variantB_T002_typ_21x21_mu20/chunks/T_0p02__Didx_16_16__typ/dmft_solutions/T_0p02/U_0p9__Delta_1p61__w1_0p4__typ,ok,
0.02,1.1,1.61,typ,0.45,0.55,0.6230799639182739,0.5470244453621699,-0.002975554637830169,0.4024143107315544,0.3858442509359279,0.9588233833794241,1,True,0.001096560636489167,0.2441905475325806,0.01595832133319818,0.01596009159999681,1.770266798625274e-06,3.267596042199172,0.2441905475325806,-9.298197877385212e-05,0.0003192018319999361,2.884435726699318e-11,0.4230554461817249,-0.001486094361693018,-0.4957121169655119,0,0,/home/2/kj405942/Byczuk_Freericks/filling_variantB_freericks/pbs_variantB_T002_typ_21x21_mu20/chunks/T_0p02__Didx_16_16__typ/dmft_solutions/T_0p02/U_1p1__Delta_1p61__w1_0p45__typ,ok,
0.02,1.1,1.61,typ,0.4,0.6,0.6306267475834825,0.5984327282608182,-0.001567271739181808,0.4031084052955011,0.3830160632270906,0.9501564794867482,1,True,0.001900433485101733,0.2402633443000128,0.01569973101138377,0.01570271018125414,2.979169870372966e-06,3.267192308740151,0.2402633443000128,-0.0001196482608560312,0.0003140542036250828,2.794056031862777e-11,0.4300429706531183,-0.001487831953067433,-0.4856645705189315,0,0,/home/2/kj405942/Byczuk_Freericks/filling_variantB_freericks/pbs_variantB_T002_typ_21x21_mu20/chunks/T_0p02__Didx_16_16__typ/dmft_solutions/T_0p02/U_1p1__Delta_1p61__w1_0p4__typ,ok,
0.02,1,1.61,typ,0.5,0.5,0.4697652206792416,0.5003457271411781,0.0003457271411780871,0.413865249809113,0.4038851866275059,0.9758857183921332,1,True,0.001902316122223927,0.2781868344745526,0.01819427026256686,0.01819443426820233,1.64005635466685e-07,3.270153006509587,0.2781868344745526,3.020735293482847e-05,0.0003638886853640466,3.016705295066249e-11,0.5091039708732172,-0.001358598555564615,-0.4615921029755978,0,0,/home/2/kj405942/Byczuk_Freericks/filling_variantB_freericks/pbs_variantB_T002_typ_21x21_mu20/chunks/T_0p02__Didx_16_16__typ/dmft_solutions/T_0p02/U_1__Delta_1p61__w1_0p5__typ,ok,
0.02,1,1.61,typ,0.45,0.55,0.5346944295164864,0.5460836676458537,-0.003916332354146346,0.4140796239560863,0.4030021717002368,0.9732480141137679,62,True,0.001942752982129642,0.2766440989148305,0.01809274162430869,0.01809333167132227,5.900470135702001e-07,3.27003932042643,0.2766440989148305,-5.713720755978801e-05,0.0003618666334264453,2.934768272955526e-11,0.5194665959667503,-0.001358722798011927,-0.4567749019372679,0,0,/home/2/kj405942/Byczuk_Freericks/filling_variantB_freericks/pbs_variantB_T002_typ_21x21_mu20/chunks/T_0p02__Didx_16_16__typ/dmft_solutions/T_0p02/U_1__Delta_1p61__w1_0p45__typ,ok,
0.02,1,1.61,typ,0.4,0.6,0.6083273884435247,0.5996135617730072,-0.0003864382269928024,0.4126922070530771,0.3965365738369822,0.9608530693335406,82,True,0.001924987955008057,0.2670671157092881,0.01746130910731446,0.01746570694099905,4.397833684588868e-06,3.26908632328993,0.2670671157092881,-0.0001532655706616656,0.000349314138819981,2.756873163360323e-11,1.839748255562684,0.003975457692296416,-0.4425187236919153,1,0,/home/2/kj405942/Byczuk_Freericks/filling_variantB_freericks/pbs_variantB_T002_typ_21x21_mu20/chunks/T_0p02__Didx_16_16__typ/dmft_solutions/T_0p02/U_1__Delta_1p61__w1_0p4__typ,ok,
0.02,1.2,1.61,typ,0.5,0.5,0.4887933986324517,0.4994593498780572,-0.0005406501219427651,0.3884512655495405,0.3639223925893205,0.9368546967519358,1,True,0.001961739276860099,0.2073775696345428,0.01354131386674368,0.01354415352220027,2.839655456588012e-06,3.264893568433476,0.2073775696345428,0.0001085247296413762,0.0002708830704440054,2.922763767918579e-11,0.3263862489548511,-0.001686589774555957,-0.5696753984907937,0,0,/home/2/kj405942/Byczuk_Freericks/filling_variantB_freericks/pbs_variantB_T002_typ_21x21_mu20/chunks/T_0p02__Didx_16_16__typ/dmft_solutions/T_0p02/U_1p2__Delta_1p61__w1_0p5__typ,ok,
0.02,1.2,1.61,typ,0.45,0.55,0.4906733495742946,0.5453412589551945,-0.00465874104480557,0.3903833211337082,0.364960313295463,0.9348768083523279,1,True,0.001860827193263425,0.2083050741017307,0.01360497216447968,0.0136069089748809,1.93681040122584e-06,3.265636284461166,0.2083050741017307,8.982732703897533e-05,0.0002721381794976181,3.013370273410139e-11,0.3227118106874546,-0.001689561504229632,-0.570751327182768,0,0,/home/2/kj405942/Byczuk_Freericks/filling_variantB_freericks/pbs_variantB_T002_typ_21x21_mu20/chunks/T_0p02__Didx_16_16__typ/dmft_solutions/T_0p02/U_1p2__Delta_1p61__w1_0p45__typ,ok,
0.02,1.2,1.61,typ,0.4,0.6,0.7198431096458264,0.5973440005368389,-0.002655999463161085,0.3879658795616698,0.3586929998324387,0.9245477984757214,1,True,0.001062765151779772,0.2015029661892272,0.01315221433875748,0.01315767153914184,5.457200384363026e-06,3.263528718085101,0.2015029661892272,-0.0001482998357745645,0.0002631534307828369,2.739372624001742e-11,0.4704086220746266,-0.001691703097038114,-0.5347504984377591,0,0,/home/2/kj405942/Byczuk_Freericks/filling_variantB_freericks/pbs_variantB_T002_typ_21x21_mu20/chunks/T_0p02__Didx_16_16__typ/dmft_solutions/T_0p02/U_1p2__Delta_1p61__w1_0p4__typ,ok,
0.02,1.3,1.61,typ,0.5,0.5,0.7386607022478862,0.496406873758002,-0.003593126241998035,0.3750098530526454,0.3379531856372213,0.9011848165754144,2,True,0.001905064702871982,0.1695917008978464,0.01106376537127277,0.01106574134241087,1.975971138097693e-06,3.261882896597939,0.1695917008978464,-8.186675836199223e-05,0.0002213148268482174,2.972202887486706e-11,0.2286649927410381,-0.001969704017960138,-0.6663926049052704,0,0,/home/2/kj405942/Byczuk_Freericks/filling_variantB_freericks/pbs_variantB_T002_typ_21x21_mu20/chunks/T_0p02__Didx_16_16__typ/dmft_solutions/T_0p02/U_1p3__Delta_1p61__w1_0p5__typ,ok,
0.02,1.3,1.61,typ,0.4,0.6,0.8138263829221266,0.5957599894566865,-0.004240010543313466,0.3669940982511427,0.3260969447657163,0.8885618224371568,76,True,0.001984240431519647,0.1578278000778924,0.01028555119889685,0.01029534991651691,9.798717620052751e-06,3.258472586521719,0.1578278000778924,-0.0001758698408231159,0.0002059069983303381,2.680511473519344e-11,0.3420312733528081,-0.001970088653565508,-0.6107043830708918,0,0,/home/2/kj405942/Byczuk_Freericks/filling_variantB_freericks/pbs_variantB_T002_typ_21x21_mu20/chunks/T_0p02__Didx_16_16__typ/dmft_solutions/T_0p02/U_1p3__Delta_1p61__w1_0p4__typ,ok,
0.02,1.3,1.61,typ,0.45,0.55,0.7770503760085619,0.5481286527123077,-0.001871347287692338,0.371190297539584,0.3333519818941758,0.8980622179614672,8,True,0.001970513845254225,0.1649305985066084,0.01075540248897038,0.0107605287115583,5.126222587914669e-06,3.260584326485493,0.1649305985066084,-0.0001300362226076151,0.000215210574231166,2.82162268865596e-11,0.2353650794517496,-0.001973300716363905,-0.6456949001785282,0,0,/home/2/kj405942/Byczuk_Freericks/filling_variantB_freericks/pbs_variantB_T002_typ_21x21_mu20/chunks/T_0p02__Didx_16_16__typ/dmft_solutions/T_0p02/U_1p3__Delta_1p61__w1_0p45__typ,ok,
0.02,1.4,1.61,typ,0.45,0.55,0.7481238862080802,0.5467330403089106,-0.003266959691089477,0.3593539620165145,0.303525629377656,0.8446425014334672,8,True,0.001837651829593655,0.1296255461264316,0.008443885801350266,0.008444936763359097,1.050962008831448e-06,3.257029981233189,0.1296255461264316,-5.219799313247744e-05,0.0001688987352671819,2.94611622060836e-11,0.1497110096874945,-0.002365640338618157,-0.7827690633675061,0,0,/home/2/kj405942/Byczuk_Freericks/filling_variantB_freericks/pbs_variantB_T002_typ_21x21_mu20/chunks/T_0p02__Didx_16_16__typ/dmft_solutions/T_0p02/U_1p4__Delta_1p61__w1_0p45__typ,ok,
0.02,1.4,1.61,typ,0.5,0.5,0.7481744412994651,0.4975014548467755,-0.002498545153224507,0.3591017238066738,0.3045232312265515,0.8480138385258623,1,True,0.001698994485726068,0.1304539178441723,0.008500303280431176,0.008500844867817568,5.415873863923432e-07,3.257971635081448,0.1304539178441723,-3.759047656251959e-05,0.0001700168973563514,3.051737299013586e-11,0.1435613157070104,-0.002385127459311748,-0.8023193404441111,0,0,/home/2/kj405942/Byczuk_Freericks/filling_variantB_freericks/pbs_variantB_T002_typ_21x21_mu20/chunks/T_0p02__Didx_16_16__typ/dmft_solutions/T_0p02/U_1p4__Delta_1p61__w1_0p5__typ,ok,
0.02,1.4,1.61,typ,0.4,0.6,0.7833408550224277,0.6002206776513664,0.0002206776513664632,0.3580130590200966,0.2991810070666955,0.8356706537062418,1,True,0.001671117742156653,0.1260801159804139,0.008209377224200563,0.008212885312885249,3.508088684685414e-06,3.255619318067513,0.1260801159804139,-9.405320071477789e-05,0.000164257706257705,2.792234872011663e-11,0.1567251517121676,-0.002354598750686417,-0.7430243231323014,0,0,/home/2/kj405942/Byczuk_Freericks/filling_variantB_freericks/pbs_variantB_T002_typ_21x21_mu20/chunks/T_0p02__Didx_16_16__typ/dmft_solutions/T_0p02/U_1p4__Delta_1p61__w1_0p4__typ,ok,
0.02,1.5,1.61,typ,0.5,0.5,0.7615853450915667,0.497981717016041,-0.002018282983959008,0.3359061903462511,0.2596957564942355,0.7731198887003004,3,True,0.001968001382966419,0.08971162530221408,0.005841416011623746,0.005841440337105893,2.432548214759092e-08,3.255662792835155,0.08971162530221408,-6.606479455383745e-06,0.0001168288067421179,3.128938569513608e-11,0.09004125439523086,-0.002991774013239653,-1.020601089422273,0,0,/home/2/kj405942/Byczuk_Freericks/filling_variantB_freericks/pbs_variantB_T002_typ_21x21_mu20/chunks/T_0p02__Didx_16_16__typ/dmft_solutions/T_0p02/U_1p5__Delta_1p61__w1_0p5__typ,ok,
0.02,1.5,1.61,typ,0.45,0.55,0.7600723186634927,0.5478253932749028,-0.002174606725097283,0.336996905508864,0.259249571626224,0.7692936267018776,1,True,0.0008776964793014996,0.08948064621533285,0.005826833971146133,0.005827070008131248,2.360369851147539e-07,3.255918579937392,0.08948064621533285,-2.055273313152637e-05,0.000116541400162625,3.014955504093748e-11,0.0936341112815058,-0.002954284607199319,-1.000184787124116,0,0,/home/2/kj405942/Byczuk_Freericks/filling_variantB_freericks/pbs_variantB_T002_typ_21x21_mu20/chunks/T_0p02__Didx_16_16__typ/dmft_solutions/T_0p02/U_1p5__Delta_1p61__w1_0p45__typ,ok,
0.02,1.5,1.61,typ,0.4,0.6,0.7565800971767742,0.5988565287400038,-0.001143471259996143,0.3415090288708111,0.2582067578725848,0.7560759337061669,1,True,0.001290264638462563,0.08889284041066624,0.00579153055696159,0.005792330372578243,7.998156166530286e-07,3.257591123315408,0.08889284041066624,-3.770885359410871e-05,0.0001158466074515649,2.905767813745615e-11,0.100806299798151,-0.002908608473162399,-0.9459627701436655,0,0,/home/2/kj405942/Byczuk_Freericks/filling_variantB_freericks/pbs_variantB_T002_typ_21x21_mu20/chunks/T_0p02__Didx_16_16__typ/dmft_solutions/T_0p02/U_1p5__Delta_1p61__w1_0p4__typ,ok,
0.02,1.6,1.61,typ,0.5,0.5,1,0.5039019465725935,0.003901946572593462,0.2940202489331505,0.196747107358272,0.6691617603623113,128,True,0.001986716209666219,0.04884380674421259,0.003212514315256123,0.003212612453301747,9.813804562345466e-08,3.288558498398333,0.04884380674421259,-9.791257053807481e-06,6.425224906603493e-05,2.858649898304239e-11,0.05516198429691239,-0.003914154459503437,-1.391142209972448,0,0,/home/2/kj405942/Byczuk_Freericks/filling_variantB_freericks/pbs_variantB_T002_typ_21x21_mu20/chunks/T_0p02__Didx_16_16__typ/dmft_solutions/T_0p02/U_1p6__Delta_1p61__w1_0p5__typ,ok,
0.02,1.6,1.61,typ,0.45,0.55,0.9094479837830487,0.545892913328505,-0.004107086671495064,0.2885663111231447,0.1941234143616084,0.6727168310328744,1,True,0.001795038694151513,0.04749825494449435,0.003118644797167022,0.003119835774668787,1.190977501764301e-06,3.282904604402222,0.04749825494449435,-3.363609757744133e-05,6.239671549337573e-05,2.876703388751331e-11,0.07043182195705104,-0.003844806564947627,-1.386817024609847,0,0,/home/2/kj405942/Byczuk_Freericks/filling_variantB_freericks/pbs_variantB_T002_typ_21x21_mu20/chunks/T_0p02__Didx_16_16__typ/dmft_solutions/T_0p02/U_1p6__Delta_1p61__w1_0p45__typ,ok,
0.02,1.6,1.61,typ,0.4,0.6,0.7602479629076537,0.5966934666518623,-0.003306533348137686,0.3146541038785815,0.2019089434948099,0.6416853967769077,53,True,0.001950118058912323,0.05176203469053307,0.003399853954952481,0.00340236079907889,2.506844126408859e-06,3.284119311846034,0.05176203469053307,-5.094297844353713e-05,6.804721598157779e-05,2.979666308129379e-11,0.08555681496927429,-0.003762634153251469,-1.288677953478529,0,0,/home/2/kj405942/Byczuk_Freericks/filling_variantB_freericks/pbs_variantB_T002_typ_21x21_mu20/chunks/T_0p02__Didx_16_16__typ/dmft_solutions/T_0p02/U_1p6__Delta_1p61__w1_0p4__typ,ok,
0.02,1.7,1.61,typ,0.5,0.5,0.4946878160305746,0.4972654138932321,-0.002734586106767911,0.2866624221130124,0.1595145188755426,0.5564542352630243,1,True,0.001976910988740595,0.03114625858443058,0.002032205865599287,0.002035202724370278,2.996858770990391e-06,3.262359522397255,0.03114625858443058,-4.320669814329383e-05,4.070405448740556e-05,2.660869925440438e-11,0.03958066382839084,-0.005287864512290912,-1.669462431424109,0,0,/home/2/kj405942/Byczuk_Freericks/filling_variantB_freericks/pbs_variantB_T002_typ_21x21_mu20/chunks/T_0p02__Didx_16_16__typ/dmft_solutions/T_0p02/U_1p7__Delta_1p61__w1_0p5__typ,ok,
0.02,1.7,1.61,typ,0.45,0.55,1.06341013535312,0.5453115147103818,-0.004688485289618294,0.2575154505923795,0.1293323179004385,0.5022312937065601,1,True,0.001444818552316021,0.02029301939368885,0.001308662983982682,0.001314849802596839,6.18681861415642e-06,3.224416629665464,0.02029301939368885,5.010972562732936e-05,2.629699605193678e-05,2.740763929667812e-11,0.04997515269959456,-0.005214005246326821,-1.958441412134937,0,0,/home/2/kj405942/Byczuk_Freericks/filling_variantB_freericks/pbs_variantB_T002_typ_21x21_mu20/chunks/T_0p02__Didx_16_16__typ/dmft_solutions/T_0p02/U_1p7__Delta_1p61__w1_0p45__typ,ok,
0.02,1.9,1.61,typ,0.5,0.5,0.7565453809318596,0.504800715955625,0.004800715955625035,0.2881366168154765,0.04561349532023913,0.1583050978538078,56,True,0.001991504808626357,0.002525314624456914,0.0001498590129500062,0.0002064532011012193,5.65941881512131e-05,2.96713549073582,0.002525314624456914,-5.346365700127979e-05,4.129064022024386e-06,2.930615284432911e-11,0.03223400619690223,-0.009120381772247478,-1.245825436690678,0,0,/home/2/kj405942/Byczuk_Freericks/filling_variantB_freericks/pbs_variantB_T002_typ_21x21_mu20/chunks/T_0p02__Didx_16_16__typ/dmft_solutions/T_0p02/U_1p9__Delta_1p61__w1_0p5__typ,ok,
0.02,1.7,1.61,typ,0.4,0.6,1.097085846237983,0.595329765653402,-0.004670234346597968,0.2377101000317886,0.1190525859718028,0.5008309952159462,57,True,0.001967219534848071,0.017149229569594,0.001106289899953908,0.001108465918005867,2.176018051958802e-06,3.225479883700976,0.017149229569594,2.73192361242485e-05,2.216931836011734e-05,2.582757669755235e-11,0.06233207745288316,-0.005007801334961511,-1.901432130969478,0,0,/home/2/kj405942/Byczuk_Freericks/filling_variantB_freericks/pbs_variantB_T002_typ_21x21_mu20/chunks/T_0p02__Didx_16_16__typ/dmft_solutions/T_0p02/U_1p7__Delta_1p61__w1_0p4__typ,ok,
0.02,1.9,1.61,typ,0.45,0.55,0.7921209179414,0.5464190467117555,-0.003580953288244593,0.3066152397557084,0.04719964510968026,0.1539377010330144,1,True,0.001758311550842971,0.002804323944386165,0.0001602980996043445,0.0002458386631872582,8.554056358291371e-05,2.858052471527712,0.002804323944386165,-6.926520781342566e-05,4.916773263745163e-06,3.12526761811547e-11,0.04840148760888529,-0.008718736500773065,-0.2895125387170278,0,0,/home/2/kj405942/Byczuk_Freericks/filling_variantB_freericks/pbs_variantB_T002_typ_21x21_mu20/chunks/T_0p02__Didx_16_16__typ/dmft_solutions/T_0p02/U_1p9__Delta_1p61__w1_0p45__typ,ok,
0.02,1.9,1.61,typ,0.4,0.6,1.305964488413893,0.5997674264589783,-0.0002325735410216856,0.2412173936849425,0.04786614030252105,0.1984356914370765,129,True,0.001964046469049743,0.002772778658469689,0.0001684441728564967,0.0001835123063568377,1.506813350034099e-05,3.037461579235141,0.002772778658469689,2.890695383215522e-05,3.670246127136754e-06,2.459290077197176e-11,0.05605383182176756,-0.008316328396103684,-1.435359482788777,0,0,/home/2/kj405942/Byczuk_Freericks/filling_variantB_freericks/pbs_variantB_T002_typ_21x21_mu20/chunks/T_0p02__Didx_16_16__typ/dmft_solutions/T_0p02/U_1p9__Delta_1p61__w1_0p4__typ,ok,
0.02,1.8,1.61,typ,0.5,0.5,0.6987856734988903,0.4955498229363676,-0.004450177063632432,0.2781773091585975,0.09249010681920759,0.3324861653848126,107,True,0.001993963420599138,0.009981604616481666,0.0006082104995044899,0.0006476637953543149,3.945329584982498e-05,3.046656939808106,0.009981604616481666,-8.874764222107875e-05,1.29532759070863e-05,2.896199083958229e-11,0.033834984533196,-0.007240938503824229,-2.134696528881668,0,0,/home/2/kj405942/Byczuk_Freericks/filling_variantB_freericks/pbs_variantB_T002_typ_21x21_mu20/chunks/T_0p02__Didx_16_16__typ/dmft_solutions/T_0p02/U_1p8__Delta_1p61__w1_0p5__typ,ok,
0.02,1.8,1.61,typ,0.45,0.55,0.9355013908136991,0.5460136103121992,-0.003986389687800851,0.01856652094311998,0.009381073530205968,0.5052682491752566,1,True,0.001981854095527899,0.0003520777034303903,7.294155250651498e-05,9.483024655757329e-05,2.188869405105832e-05,10.35872930830684,0.0003520777034303903,-1.241492741226227e-05,1.896604931151466e-06,3.015475192632016e-11,0.04768629876807551,-0.006993094366819842,-1.145722156023643,0,0,/home/2/kj405942/Byczuk_Freericks/filling_variantB_freericks/pbs_variantB_T002_typ_21x21_mu20/chunks/T_0p02__Didx_16_16__typ/dmft_solutions/T_0p02/U_1p8__Delta_1p61__w1_0p45__typ,ok,
0.02,1.8,1.61,typ,0.4,0.6,1.069461768426958,0.6036308213465882,0.003630821346588209,0.2486957560070102,0.03069640872778799,0.1234295639806685,1,True,0.001474583664051347,0.001450080305465516,8.992493905737512e-05,0.0001478421628334512,5.791722377607606e-05,3.100688241831777,0.001450080305465516,4.098405190923099e-05,2.956843256669023e-06,2.690288990500857e-11,0.05865940745805014,-0.006709258293260049,-0.4782006361467284,0,0,/home/2/kj405942/Byczuk_Freericks/filling_variantB_freericks/pbs_variantB_T002_typ_21x21_mu20/chunks/T_0p02__Didx_16_16__typ/dmft_solutions/T_0p02/U_1p8__Delta_1p61__w1_0p4__typ,ok,
0.02,2,1.61,typ,0.5,0.5,0.6606944915387016,0.4976288969343783,-0.00237110306562166,0.2972747038777427,0.0519372291150375,0.1747112298407914,1,True,0.001848621081698531,0.003267231871260164,0.0001974470022577295,0.0002539059758594489,5.64589736017194e-05,3.021625186668717,0.003267231871260164,-6.073953539008574e-05,5.078119517188979e-06,2.743589430270589e-11,0.02927110646763689,-0.01080666309929058,-0.7808180969229568,0,0,/home/2/kj405942/Byczuk_Freericks/filling_variantB_freericks/pbs_variantB_T002_typ_21x21_mu20/chunks/T_0p02__Didx_16_16__typ/dmft_solutions/T_0p02/U_2__Delta_1p61__w1_0p5__typ,ok,
0.02,2,1.61,typ,0.45,0.55,0.9441570854983605,0.5472174010016407,-0.002782598998359309,0.003036380873085455,0.001646237863998267,0.5421710690482061,115,True,0.001973149425098114,4.273414718626909e-06,9.273117969727866e-07,1.186856222714668e-06,2.595444257418816e-07,10.84977539075287,4.273414718626909e-06,-1.489389787196707e-07,2.373712445429337e-08,3.201526911900273e-11,0.03989989655891048,-0.01030152359527029,-0.2126471121822342,0,0,/home/2/kj405942/Byczuk_Freericks/filling_variantB_freericks/pbs_variantB_T002_typ_21x21_mu20/chunks/T_0p02__Didx_16_16__typ/dmft_solutions/T_0p02/U_2__Delta_1p61__w1_0p45__typ,ok,
0.02,2,1.61,typ,0.4,0.6,1.032952817396602,0.6009633212481608,0.0009633212481607867,0.00201476108049461,0.001418716902685328,0.7041613600839673,55,True,0.001934303427423026,2.749680459725362e-06,5.729414334257019e-07,6.222657090422559e-07,4.932427561655392e-08,10.41832754419267,2.749680459725362e-06,-5.208185804153812e-08,1.244531418084512e-08,2.902979542043813e-11,0.05428912340094363,-0.009516219547484925,-0.08446023481822058,0,0,/home/2/kj405942/Byczuk_Freericks/filling_variantB_freericks/pbs_variantB_T002_typ_21x21_mu20/chunks/T_0p02__Didx_16_16__typ/dmft_solutions/T_0p02/U_2__Delta_1p61__w1_0p4__typ,ok,
0.02,0.1,1.7075,typ,0.45,0.55,0.1623852658128281,0.5487121420976561,-0.001287857902343981,0.4652488671229686,0.3582764393598746,0.7700748237720687,1,True,0.001895597089241312,0.1984955961107211,0.0129814194053872,0.01298340919695288,1.989791565680771e-06,3.269951490043675,0.1984955961107211,-8.887799086004246e-05,0.0002596681839390576,2.815705693014373e-11,0.2771047028103925,-0.001497488950065513,-0.5660258390600703,0,0,/home/2/kj405942/Byczuk_Freericks/filling_variantB_freericks/pbs_variantB_T002_typ_21x21_mu20/chunks/T_0p02__Didx_17_17__typ/dmft_solutions/T_0p02/U_0p1__Delta_1p7075__w1_0p45__typ,ok,
0.02,0.1,1.7075,typ,0.5,0.5,0.07830159438964562,0.5025784666352595,0.002578466635259513,0.4651087317160745,0.3614532101972722,0.7771370123791209,51,True,0.001929146781117098,0.2023587990073493,0.01323644380041003,0.01323656381455747,1.200141474381316e-07,3.270538238351895,0.2023587990073493,-2.203901936995893e-05,0.0002647312762911493,2.944347996055184e-11,0.2604047146283533,-0.002350213990946491,-0.5797822766713928,0,0,/home/2/kj405942/Byczuk_Freericks/filling_variantB_freericks/pbs_variantB_T002_typ_21x21_mu20/chunks/T_0p02__Didx_17_17__typ/dmft_solutions/T_0p02/U_0p1__Delta_1p7075__w1_0p5__typ,ok,
0.02,0.1,1.7075,typ,0.4,0.6,0.1622205182657435,0.5991144621698882,-0.0008855378301118044,0.465378966595478,0.3579470742334709,0.769151809442668,1,True,0.001184833470248734,0.197964648017585,0.01294641560336612,0.01294861041984027,2.19481647415305e-06,3.269880691580878,0.197964648017585,-9.321974799031646e-05,0.0002589722083968054,2.808879611950359e-11,0.2778007230802761,-0.001586114103551634,-0.5650750237084523,0,0,/home/2/kj405942/Byczuk_Freericks/filling_variantB_freericks/pbs_variantB_T002_typ_21x21_mu20/chunks/T_0p02__Didx_17_17__typ/dmft_solutions/T_0p02/U_0p1__Delta_1p7075__w1_0p4__typ,ok,
0.02,0.2,1.7075,typ,0.5,0.5,0.1458179029308906,0.5026709951557448,0.00267099515574476,0.461747301682199,0.3686143729814318,0.7983032529665618,36,True,0.001968337661833068,0.2136064731068376,0.01397508007424537,0.01397537515827344,2.950840280773441e-07,3.271221108373336,0.2136064731068376,-3.550545268202069e-05,0.0002795075031654689,2.921788752253806e-11,0.2893831216859473,-0.001281948986774595,-0.5551452051072466,0,0,/home/2/kj405942/Byczuk_Freericks/filling_variantB_freericks/pbs_variantB_T002_typ_21x21_mu20/chunks/T_0p02__Didx_17_17__typ/dmft_solutions/T_0p02/U_0p2__Delta_1p7075__w1_0p5__typ,ok,
0.02,0.2,1.7075,typ,0.45,0.55,0.1885986548522469,0.5462503272806797,-0.003749672719320363,0.4618214787201242,0.3667101415293395,0.7940517243711295,11,True,0.001957611772599644,0.2111647698767896,0.01381405316415728,0.01381542275080004,1.369586642768542e-06,3.270918054232603,0.2111647698767896,-7.605372420158582e-05,0.0002763084550160009,2.845374688601485e-11,0.298580565943341,-0.00159992620002724,-0.548629737309987,0,0,/home/2/kj405942/Byczuk_Freericks/filling_variantB_freericks/pbs_variantB_T002_typ_21x21_mu20/chunks/T_0p02__Didx_17_17__typ/dmft_solutions/T_0p02/U_0p2__Delta_1p7075__w1_0p45__typ,ok,
0.02,0.2,1.7075,typ,0.4,0.6,0.2061557566367872,0.6020797859766558,0.002079785976655812,0.4620039611230504,0.3649756005762136,0.7899837042284705,1,True,0.001940663969917523,0.2088837505800621,0.01366366849256466,0.01366591066766765,2.242175102987418e-06,3.270639399814773,0.2088837505800621,-9.678367062363868e-05,0.000273318213353353,2.806368724920062e-11,0.301747859491791,-0.001829276733901755,-0.5448959299813134,0,0,/home/2/kj405942/Byczuk_Freericks/filling_variantB_freericks/pbs_variantB_T002_typ_21x21_mu20/chunks/T_0p02__Didx_17_17__typ/dmft_solutions/T_0p02/U_0p2__Delta_1p7075__w1_0p4__typ,ok,
0.02,0.3,1.7075,typ,0.5,0.5,0.2499999999999999,0.5041822759492958,0.004182275949295766,0.4568511522282658,0.3766154408337583,0.8243723125066832,77,True,0.001904421212462989,0.2274643255955689,0.01488472055929886,0.01488609798559033,1.377426291475028e-06,3.271880221288824,0.2274643255955689,-7.916000788882891e-05,0.0002977219597118067,2.848033767995956e-11,0.3380225436813552,-0.001563890430590305,-0.5197917729159443,0,0,/home/2/kj405942/Byczuk_Freericks/filling_variantB_freericks/pbs_variantB_T002_typ_21x21_mu20/chunks/T_0p02__Didx_17_17__typ/dmft_solutions/T_0p02/U_0p3__Delta_1p7075__w1_0p5__typ,ok,
0.02,0.3,1.7075,typ,0.45,0.55,0.3319795562303004,0.5542331618138054,0.004233161813805397,0.4568726458455461,0.3698378749761317,0.8094988359210326,45,True,0.001956552385332269,0.2187801864292981,0.01431183250160881,0.01431706859609657,5.236094487759526e-06,3.270824642576552,0.2187801864292981,-0.0001513640464703193,0.0002863413719219314,2.71390544531302e-11,0.3475828906486711,-0.002149558710779029,-0.5023329539465611,0,0,/home/2/kj405942/Byczuk_Freericks/filling_variantB_freericks/pbs_variantB_T002_typ_21x21_mu20/chunks/T_0p02__Didx_17_17__typ/dmft_solutions/T_0p02/U_0p3__Delta_1p7075__w1_0p45__typ,ok,
0.02,0.3,1.7075,typ,0.4,0.6,0.3435321219628509,0.5956195512623088,-0.004380448737691167,0.4570867339775926,0.3667392611178106,0.80234063659303,1,True,0.001441589319170165,0.2146883950956724,0.01404207631772767,0.01404886180816029,6.785490432625569e-06,3.270338928070621,0.2146883950956724,-0.0001706907174346293,0.0002809772361632059,2.678415751214465e-11,0.344762574930577,-0.002153677695791301,-0.4993786012558889,0,0,/home/2/kj405942/Byczuk_Freericks/filling_variantB_freericks/pbs_variantB_T002_typ_21x21_mu20/chunks/T_0p02__Didx_17_17__typ/dmft_solutions/T_0p02/U_0p3__Delta_1p7075__w1_0p4__typ,ok,
0.02,0,1.7075,typ,0.5,0.5,-0.01370028296456384,0.4966399511430662,-0.003360048856933751,0.4663220853885567,0.3587071382479933,0.7692261410889543,5,True,0.001952320397633114,0.1982854210489604,0.01296894246852034,0.01296897165065023,2.918212988960216e-08,3.270271308882075,0.1982854210489604,1.075768647271821e-05,0.0002593794330130046,2.964945604723619e-11,0.247409211553806,-0.001881667287332906,-0.5904797927843926,0,0,/home/2/kj405942/Byczuk_Freericks/filling_variantB_freericks/pbs_variantB_T002_typ_21x21_mu20/chunks/T_0p02__Didx_17_17__typ/dmft_solutions/T_0p02/U_0__Delta_1p7075__w1_0p5__typ,ok,
0.02,0,1.7075,typ,0.45,0.55,-0.003285757470133694,0.5479987380844156,-0.002001261915584474,0.4663337434383187,0.3587779042090981,0.7693586605245372,2,True,0.001846698059845155,0.1983299926067155,0.01297188761746097,0.01297189109081536,3.473354382955015e-09,3.270278853684015,0.1983299926067155,3.711792960529913e-06,0.0002594378218163071,2.980540294703769e-11,0.244245389041093,-0.001885770205305995,-0.5907097328132109,0,0,/home/2/kj405942/Byczuk_Freericks/filling_variantB_freericks/pbs_variantB_T002_typ_21x21_mu20/chunks/T_0p02__Didx_17_17__typ/dmft_solutions/T_0p02/U_0__Delta_1p7075__w1_0p45__typ,ok,
0.02,0,1.7075,typ,0.4,0.6,0.1917585379182847,0.5973821112665774,-0.002617888733422613,0.466619406027011,0.3497089995675742,0.7494523267798485,1,True,0.001422222010441004,0.1879217681502742,0.0122847536265476,0.0122900351268472,5.281500299603993e-06,3.268581853892501,0.1879217681502742,-0.000140890657943512,0.0002458007025369441,2.712603636590326e-11,0.2743524916572254,-0.002408085776713943,-0.5562130171982255,0,0,/home/2/kj405942/Byczuk_Freericks/filling_variantB_freericks/pbs_variantB_T002_typ_21x21_mu20/chunks/T_0p02__Didx_17_17__typ/dmft_solutions/T_0p02/U_0__Delta_1p7075__w1_0p4__typ,ok,
0.02,0.5,1.7075,typ,0.5,0.5,0.2499999999999999,0.4989649363953338,-0.001035063604666209,0.4447408849926773,0.3976603740820237,0.8941394585041833,117,True,0.001990588484443147,0.2653543941928522,0.01737303590320115,0.01737303593225303,2.905187681414428e-11,3.273553459712997,0.2653543941928522,-3.926587111521308e-07,0.0003474607186450606,3.009284663415995e-11,0.4221027469479364,-0.001620019837737461,-0.4780422485402304,0,0,/home/2/kj405942/Byczuk_Freericks/filling_variantB_freericks/pbs_variantB_T002_typ_21x21_mu20/chunks/T_0p02__Didx_17_17__typ/dmft_solutions/T_0p02/U_0p5__Delta_1p7075__w1_0p5__typ,ok,
0.02,0.5,1.7075,typ,0.45,0.55,0.3469342924870493,0.5490911490179646,-0.000908850982035414,0.4446387869719364,0.394321390118852,0.8868353406688739,95,True,0.001943102575010181,0.2602327907549272,0.01703540190417216,0.01703728103242854,1.879128256383692e-06,3.273108253335982,0.2602327907549272,-9.88949736179922e-05,0.0003407456206485709,2.829855252492535e-11,0.4382061878611996,-0.001697901608767596,-0.4672210467210007,0,0,/home/2/kj405942/Byczuk_Freericks/filling_variantB_freericks/pbs_variantB_T002_typ_21x21_mu20/chunks/T_0p02__Didx_17_17__typ/dmft_solutions/T_0p02/U_0p5__Delta_1p7075__w1_0p45__typ,ok,
0.02,0.5,1.7075,typ,0.4,0.6,0.4556140339071873,0.5966255931729531,-0.003374406827046927,0.4441624948509124,0.3824882099651364,0.8611447711124788,1,True,0.001973314733828252,0.2432709117239475,0.01591702561399078,0.01592554006177637,8.514447785599622e-06,3.271460920089919,0.2432709117239475,-0.0002035346395888801,0.0003185108012355275,2.647926165692194e-11,0.4236768986981897,-0.001704368413566512,-0.4496155984107812,0,0,/home/2/kj405942/Byczuk_Freericks/filling_variantB_freericks/pbs_variantB_T002_typ_21x21_mu20/chunks/T_0p02__Didx_17_17__typ/dmft_solutions/T_0p02/U_0p5__Delta_1p7075__w1_0p4__typ,ok,
0.02,0.6000000000000001,1.7075,typ,0.5,0.5,0.3531448299157003,0.4997507355169766,-0.0002492644830234259,0.4379585609314822,0.403538767010667,0.9214085600984515,1,True,0.001628486655195553,0.2776449944360925,0.01817849478900736,0.01817885674190412,3.619528967629255e-07,3.273693953303313,0.2776449944360925,-4.483177667857254e-05,0.0003635771348380825,2.937855485043237e-11,0.4858148775200296,-0.001570317778985648,-0.4554939507136805,0,0,/home/2/kj405942/Byczuk_Freericks/filling_variantB_freericks/pbs_variantB_T002_typ_21x21_mu20/chunks/T_0p02__Didx_17_17__typ/dmft_solutions/T_0p02/U_0p6__Delta_1p7075__w1_0p5__typ,ok,
0.02,0.6000000000000001,1.7075,typ,0.45,0.55,0.3657205899497888,0.5477033206347059,-0.002296679365294096,0.4379975149234456,0.4020321028353211,0.9178867211280627,1,True,0.001773448949731,0.2751910753452386,0.0180168856634692,0.01801796548605417,1.079822584974636e-06,3.273522886028602,0.2751910753452386,-7.709183333417949e-05,0.0003603593097210834,2.875535921100311e-11,0.487809460243949,-0.001567584700482095,-0.4539274672373579,0,0,/home/2/kj405942/Byczuk_Freericks/filling_variantB_freericks/pbs_variantB_T002_typ_21x21_mu20/chunks/T_0p02__Didx_17_17__typ/dmft_solutions/T_0p02/U_0p6__Delta_1p7075__w1_0p45__typ,ok,
0.02,0.4,1.7075,typ,0.5,0.5,0.1723193295753316,0.4991059136928007,-0.0008940863071992822,0.4510863852305382,0.3887180163295713,0.8617374167276362,1,True,0.001166029792739487,0.2482949064827636,0.01625337621763005,0.01625347669577661,1.004781465550457e-07,3.272998316370688,0.2482949064827636,2.233750747171514e-05,0.0003250695339155322,2.959797444715042e-11,0.3747532636522578,-0.001443603948729518,-0.4993842433459635,0,0,/home/2/kj405942/Byczuk_Freericks/filling_variantB_freericks/pbs_variantB_T002_typ_21x21_mu20/chunks/T_0p02__Didx_17_17__typ/dmft_solutions/T_0p02/U_0p4__Delta_1p7075__w1_0p5__typ,ok,
0.02,0.6000000000000001,1.7075,typ,0.4,0.6,0.367677672117896,0.6020651298252679,0.002065129825267964,0.4385560485847991,0.3999551498354981,0.9119818347646454,35,True,0.001945988552134597,0.2713992820553197,0.01776757338471153,0.01776937227345994,1.798888748410439e-06,3.273327263461578,0.2713992820553197,-9.881468664282508e-05,0.0003553874454691987,2.829226754057824e-11,0.4834541719772659,-0.00158074541943551,-0.453902850324,0,0,/home/2/kj405942/Byczuk_Freericks/filling_variantB_freericks/pbs_variantB_T002_typ_21x21_mu20/chunks/T_0p02__Didx_17_17__typ/dmft_solutions/T_0p02/U_0p6__Delta_1p7075__w1_0p4__typ,ok,
0.02,0.4,1.7075,typ,0.45,0.55,0.3434321731685577,0.5456641084755158,-0.004335891524484214,0.4509326498067889,0.3827889614088452,0.8488827801066495,18,True,0.00190754322674302,0.2399024780179528,0.01569981807424891,0.01570335045105463,3.532376805712255e-06,3.272125032629725,0.2399024780179528,-0.0001301864777143549,0.0003140670090210925,2.765096819619367e-11,0.3890819005459565,-0.001887135086431048,-0.4839547390627154,0,0,/home/2/kj405942/Byczuk_Freericks/filling_variantB_freericks/pbs_variantB_T002_typ_21x21_mu20/chunks/T_0p02__Didx_17_17__typ/dmft_solutions/T_0p02/U_0p4__Delta_1p7075__w1_0p45__typ,ok,
0.02,0.4,1.7075,typ,0.4,0.6,0.4317809601898158,0.6019922395656082,0.001992239565608234,0.4508330388307139,0.371387908375359,0.8237814809194003,72,True,0.00188915316660636,0.224495591598767,0.0146838540468733,0.01469385613739654,1.00020905232377e-05,3.270410332403594,0.224495591598767,-0.000211916267862506,0.0002938771227479307,2.62082716367322e-11,0.3779286128313187,-0.001894057982778407,-0.4665108079305867,0,0,/home/2/kj405942/Byczuk_Freericks/filling_variantB_freericks/pbs_variantB_T002_typ_21x21_mu20/chunks/T_0p02__Didx_17_17__typ/dmft_solutions/T_0p02/U_0p4__Delta_1p7075__w1_0p4__typ,ok,
0.02,0.9,1.7075,typ,0.5,0.5,0.4814616511077136,0.4969440281120656,-0.003055971887934383,0.416200300806936,0.4040065598020862,0.9707022292362393,1,True,0.001173659333465613,0.2783749505112851,0.01821841096004178,0.01821856226752553,1.513074837499493e-07,3.272279155610163,0.2783749505112851,-2.902420138466491e-05,0.0003643712453505106,3.00273604585601e-11,0.5017670479927738,-0.001510243750435328,-0.4590660876020384,0,0,/home/2/kj405942/Byczuk_Freericks/filling_variantB_freericks/pbs_variantB_T002_typ_21x21_mu20/chunks/T_0p02__Didx_17_17__typ/dmft_solutions/T_0p02/U_0p9__Delta_1p7075__w1_0p5__typ,ok,
0.02,0.9,1.7075,typ,0.45,0.55,0.4773182823928598,0.5482855145743064,-0.001714485425693635,0.4164104456442551,0.4031795803792445,0.9682263848003614,1,True,0.001697584207254647,0.2770234069465008,0.01812954300482342,0.01812993202849857,3.890236751478788e-07,3.272204180263479,0.2770234069465008,-4.642599786161073e-05,0.0003625986405699714,2.941367985894182e-11,0.5061804667597611,-0.001504700879320146,-0.4564457172684798,0,0,/home/2/kj405942/Byczuk_Freericks/filling_variantB_freericks/pbs_variantB_T002_typ_21x21_mu20/chunks/T_0p02__Didx_17_17__typ/dmft_solutions/T_0p02/U_0p9__Delta_1p7075__w1_0p45__typ,ok,
0.02,0.9,1.7075,typ,0.4,0.6,0.4789453108488977,0.5988995871116317,-0.001100412888368263,0.4173176117903456,0.4012128749471332,0.9614089211952473,1,True,0.001512746998347566,0.2734792697410354,0.01789668802793816,0.01789756438419258,8.763562544185522e-07,3.272037409798008,0.2734792697410354,-6.92337011131681e-05,0.0003579512876838516,2.871974383713239e-11,0.5055923844710143,-0.001510433087457107,-0.4542991756138758,0,0,/home/2/kj405942/Byczuk_Freericks/filling_variantB_freericks/pbs_variantB_T002_typ_21x21_mu20/chunks/T_0p02__Didx_17_17__typ/dmft_solutions/T_0p02/U_0p9__Delta_1p7075__w1_0p4__typ,ok,
0.02,0.7000000000000001,1.7075,typ,0.45,0.55,0.3259350550427593,0.5451215154691396,-0.004878484530860483,0.4313648936752065,0.407298890844204,0.9442096397183335,1,True,0.001966169802468243,0.2852877983101931,0.01867857705019,0.01867857706033693,1.014692773908811e-11,3.273637561933302,0.2852877983101931,-2.406156551140043e-07,0.0003735715412067387,3.01134810592975e-11,0.4991992723498457,-0.0014972354747276,-0.4524986596357524,0,0,/home/2/kj405942/Byczuk_Freericks/filling_variantB_freericks/pbs_variantB_T002_typ_21x21_mu20/chunks/T_0p02__Didx_17_17__typ/dmft_solutions/T_0p02/U_0p7__Delta_1p7075__w1_0p45__typ,ok,
0.02,0.7000000000000001,1.7075,typ,0.5,0.5,0.3196139254894225,0.4981515454014534,-0.001848454598546601,0.4310428730001042,0.4073844718698391,0.9451135777617662,1,True,0.001836696630673146,0.2857034579310334,0.01870583347032448,0.01870597513582985,1.416655053697293e-07,3.273644919418499,0.2857034579310334,2.845147614928935e-05,0.000374119502716597,2.981628361104967e-11,0.5112891943921704,-0.001499844357394621,-0.4496596490317661,0,0,/home/2/kj405942/Byczuk_Freericks/filling_variantB_freericks/pbs_variantB_T002_typ_21x21_mu20/chunks/T_0p02__Didx_17_17__typ/dmft_solutions/T_0p02/U_0p7__Delta_1p7075__w1_0p5__typ,ok,
0.02,0.7000000000000001,1.7075,typ,0.4,0.6,0.466689294043349,0.6027293118593814,0.002729311859381411,0.4309528580990943,0.4000027328402317,0.9281821093022061,1,True,0.001940843294214701,0.2736330700072816,0.01791071129636264,0.01791459753754182,3.886241179185899e-06,3.272760725866581,0.2736330700072816,-0.0001458358052502441,0.0003582919507508365,2.755782539942831e-11,0.518471765308819,-0.001503942464503467,-0.4370495960756676,0,0,/home/2/kj405942/Byczuk_Freericks/filling_variantB_freericks/pbs_variantB_T002_typ_21x21_mu20/chunks/T_0p02__Didx_17_17__typ/dmft_solutions/T_0p02/U_0p7__Delta_1p7075__w1_0p4__typ,ok,
0.02,0.8,1.7075,typ,0.5,0.5,0.3285922251889559,0.4984546525605842,-0.001545347439415812,0.4235368201913934,0.4065116428733542,0.9598023678074892,1,True,0.001521072344754053,0.2845054923596503,0.01862371811678046,0.01862450255966969,7.84442889221573e-07,3.27299799422462,0.2845054923596503,6.680992597301845e-05,0.0003724900511933938,2.930849629086769e-11,0.5342409308059733,-0.001475445940129475,-0.4457769308015971,0,0,/home/2/kj405942/Byczuk_Freericks/filling_variantB_freericks/pbs_variantB_T002_typ_21x21_mu20/chunks/T_0p02__Didx_17_17__typ/dmft_solutions/T_0p02/U_0p8__Delta_1p7075__w1_0p5__typ,ok,
0.02,0.8,1.7075,typ,0.45,0.55,0.3315900884866693,0.5450064703615968,-0.004993529638403271,0.424042605335215,0.4069182320152939,0.9596163849941826,30,True,0.001983292459206996,0.2848810148927804,0.01864865140958783,0.0186489395773653,2.881677774669163e-07,3.273059704699267,0.2848810148927804,4.052000219747576e-05,0.000372978791547306,2.99433484711946e-11,0.52377549633552,-0.001474458379593036,-0.449577547225164,0,0,/home/2/kj405942/Byczuk_Freericks/filling_variantB_freericks/pbs_variantB_T002_typ_21x21_mu20/chunks/T_0p02__Didx_17_17__typ/dmft_solutions/T_0p02/U_0p8__Delta_1p7075__w1_0p45__typ,ok,
0.02,0.8,1.7075,typ,0.4,0.6,0.5677078256608578,0.5963672026715514,-0.003632797328448567,0.4220989485094249,0.3951215920777715,0.9360876009596336,1,True,0.001230542652825365,0.2669623471233161,0.01746744437865829,0.01747447726029833,7.032881640043332e-06,3.271518355843207,0.2669623471233161,-0.0001937789766546642,0.0003494895452059667,2.682877583741274e-11,0.5120873125472275,0.003853905095765151,-0.4265503082207089,1,0,/home/2/kj405942/Byczuk_Freericks/filling_variantB_freericks/pbs_variantB_T002_typ_21x21_mu20/chunks/T_0p02__Didx_17_17__typ/dmft_solutions/T_0p02/U_0p8__Delta_1p7075__w1_0p4__typ,ok,
0.02,1.1,1.7075,typ,0.5,0.5,0.6928716875403168,0.4974036626900949,-0.00259633730990505,0.3964996746065665,0.3788957621702188,0.9556016976462453,3,True,0.001970854265313591,0.2324288416795402,0.01519152779873087,0.01519562938056631,4.101581835441082e-06,3.267995419362819,0.2324288416795402,-0.0001380815639443161,0.0003039125876113262,2.863169385606843e-11,0.4059271474846732,-0.001736802027412693,-0.5097979102035735,0,0,/home/2/kj405942/Byczuk_Freericks/filling_variantB_freericks/pbs_variantB_T002_typ_21x21_mu20/chunks/T_0p02__Didx_17_17__typ/dmft_solutions/T_0p02/U_1p1__Delta_1p7075__w1_0p5__typ,ok,
0.02,1.1,1.7075,typ,0.45,0.55,0.6418641809673823,0.5505226315038988,0.0005226315038987517,0.3983033231002357,0.3806382148777126,0.9556491066029154,1,True,0.001833652763567067,0.2349027441776124,0.01535513589764459,0.01535752193812207,2.386040477487392e-06,3.268402834416105,0.2349027441776124,-0.0001058761026748387,0.0003071504387624415,2.858074453035453e-11,0.3989329347395681,-0.001734490555492985,-0.503588971952682,0,0,/home/2/kj405942/Byczuk_Freericks/filling_variantB_freericks/pbs_variantB_T002_typ_21x21_mu20/chunks/T_0p02__Didx_17_17__typ/dmft_solutions/T_0p02/U_1p1__Delta_1p7075__w1_0p45__typ,ok,
0.02,1.1,1.7075,typ,0.4,0.6,0.6381441307855729,0.6020095875868008,0.00200958758680081,0.3990989396131956,0.3780139208635143,0.9471684420657274,4,True,0.001835565672325892,0.2315313489527105,0.01513356434638025,0.01513661931348694,3.054967106689049e-06,3.268145850407331,0.2315313489527105,-0.0001189386947311828,0.0003027323862697389,2.784417192321397e-11,0.390554661362582,-0.001733676841836589,-0.4953944360173948,0,0,/home/2/kj405942/Byczuk_Freericks/filling_variantB_freericks/pbs_variantB_T002_typ_21x21_mu20/chunks/T_0p02__Didx_17_17__typ/dmft_solutions/T_0p02/U_1p1__Delta_1p7075__w1_0p4__typ,ok,
0.02,1,1.7075,typ,0.45,0.55,0.4881127608814195,0.5492344995538542,-0.0007655004461458725,0.4086917867605985,0.3961131687649593,0.9692222393424132,4,True,0.001947035744580237,0.2622579483260024,0.01715665391343662,0.01715667115464219,1.724120556664171e-08,3.270950227237703,0.2622579483260024,-9.509619549250437e-06,0.0003431334230928438,3.006071657790421e-11,0.4342890984243098,-0.001590315898868279,-0.480972206572378,0,0,/home/2/kj405942/Byczuk_Freericks/filling_variantB_freericks/pbs_variantB_T002_typ_21x21_mu20/chunks/T_0p02__Didx_17_17__typ/dmft_solutions/T_0p02/U_1__Delta_1p7075__w1_0p45__typ,ok,
0.02,1,1.7075,typ,0.5,0.5,-0.002042768066261971,0.5019205342440142,0.001920534244014171,0.3708599366155184,0.326158481872362,0.8794653983088505,1,True,0.001981682526259008,0.1735146701884615,0.01130020087168589,0.01135472578630433,5.452491461843696e-05,3.25626670627108,0.1735146701884615,0.000434991323524323,0.0002270945157260865,2.38848601916174e-11,1.991182232410212,0.01651761023215734,-0.4108717798509134,1,0,/home/2/kj405942/Byczuk_Freericks/filling_variantB_freericks/pbs_variantB_T002_typ_21x21_mu20/chunks/T_0p02__Didx_17_17__typ/dmft_solutions/T_0p02/U_1__Delta_1p7075__w1_0p5__typ,ok,
0.02,1,1.7075,typ,0.4,0.6,0.4856468659102579,0.5972486953128069,-0.00275130468719309,0.4099311319376299,0.3946614063621249,0.9627505100592648,1,True,0.00156729213387436,0.2596857782267796,0.01698785338189505,0.01698798140056584,1.280186707868906e-07,3.270847848868301,0.2596857782267796,-2.578551071856115e-05,0.0003397596280113168,2.933281033260358e-11,0.4350622956765487,-0.00159357668156486,-0.4779689548681076,0,0,/home/2/kj405942/Byczuk_Freericks/filling_variantB_freericks/pbs_variantB_T002_typ_21x21_mu20/chunks/T_0p02__Didx_17_17__typ/dmft_solutions/T_0p02/U_1__Delta_1p7075__w1_0p4__typ,ok,
0.02,1.3,1.7075,typ,0.5,0.5,0.7168940085243158,0.496945380026736,-0.003054619973264006,0.3779136437804193,0.3431833846363612,0.9081000124879388,1,True,0.001700864340854495,0.1763928609647424,0.01151065544456341,0.01151168883631945,1.033391756040235e-06,3.262789486379546,0.1763928609647424,-6.037928922160581e-05,0.0002302337767263891,3.006389646165365e-11,0.2303496284456092,-0.002308980858509749,-0.646002075481988,0,0,/home/2/kj405942/Byczuk_Freericks/filling_variantB_freericks/pbs_variantB_T002_typ_21x21_mu20/chunks/T_0p02__Didx_17_17__typ/dmft_solutions/T_0p02/U_1p3__Delta_1p7075__w1_0p5__typ,ok,
0.02,1.3,1.7075,typ,0.45,0.55,0.711087846303195,0.5488070545251238,-0.00119294547487625,0.3781379691123817,0.3421980695521245,0.9049555916201157,1,True,0.0006286645261971284,0.1754573179796411,0.01144835559839011,0.01144968151751491,1.325919124808197e-06,3.262433203190334,0.1754573179796411,-6.821176049579122e-05,0.0002289936303502983,2.918399537559322e-11,0.2319717645111419,-0.00229233336336912,-0.6290148805190499,0,0,/home/2/kj405942/Byczuk_Freericks/filling_variantB_freericks/pbs_variantB_T002_typ_21x21_mu20/chunks/T_0p02__Didx_17_17__typ/dmft_solutions/T_0p02/U_1p3__Delta_1p7075__w1_0p45__typ,ok,
0.02,1.2,1.7075,typ,0.5,0.5,0.5594250722114453,0.4964967531273631,-0.003503246872636867,0.3896349179201794,0.3666735050691836,0.9410694170492704,1,True,0.001910975879704865,0.2106074517275789,0.01375859574842898,0.01375897268548116,3.769370521782266e-07,3.266407630776936,0.2106074517275789,3.984614210208104e-05,0.0002751794537096231,3.030966315448702e-11,0.3007015173532161,-0.001970446119932173,-0.5708953790484181,0,0,/home/2/kj405942/Byczuk_Freericks/filling_variantB_freericks/pbs_variantB_T002_typ_21x21_mu20/chunks/T_0p02__Didx_17_17__typ/dmft_solutions/T_0p02/U_1p2__Delta_1p7075__w1_0p5__typ,ok,
0.02,1.3,1.7075,typ,0.4,0.6,0.7031802905775865,0.5967276662490526,-0.003272333750947376,0.3797155830332666,0.3402566416373877,0.8960829021535787,1,True,0.001923076279269716,0.1735195178089689,0.01132110077238489,0.01132269448781117,1.593715426281737e-06,3.262198084496903,0.1735195178089689,-7.43694469917751e-05,0.0002264538897562234,2.8342982163068e-11,0.23022800352016,-0.002284344758542646,-0.6128718332301401,0,0,/home/2/kj405942/Byczuk_Freericks/filling_variantB_freericks/pbs_variantB_T002_typ_21x21_mu20/chunks/T_0p02__Didx_17_17__typ/dmft_solutions/T_0p02/U_1p3__Delta_1p7075__w1_0p4__typ,ok,
0.02,1.2,1.7075,typ,0.45,0.55,0.5554524833742753,0.5506037710961208,0.0006037710961207532,0.3905034865705394,0.3666278253980129,0.9388592880893172,1,True,0.0008482367893472062,0.2103319739258398,0.01374100017240551,0.01374117535375988,1.751813543668716e-07,3.26650292771236,0.2103319739258398,2.714635889359239e-05,0.0002748235070751975,3.071435409141674e-11,0.2919874128556387,-0.001966394608269886,-0.5669801412298285,0,0,/home/2/kj405942/Byczuk_Freericks/filling_variantB_freericks/pbs_variantB_T002_typ_21x21_mu20/chunks/T_0p02__Didx_17_17__typ/dmft_solutions/T_0p02/U_1p2__Delta_1p7075__w1_0p45__typ,ok,
0.02,1.2,1.7075,typ,0.4,0.6,0.7442159957100803,0.5972936151792045,-0.002706384820795438,0.3855544351487851,0.3557162869841087,0.9226097654585096,1,True,0.001967110648281898,0.197482178569633,0.01289233034260417,0.01289919080961837,6.860467014202072e-06,3.264175642577865,0.197482178569633,-0.0001646098400442531,0.0002579838161923674,2.707146721058741e-11,0.3133034339793902,-0.001963650714434732,-0.5305735216079894,0,0,/home/2/kj405942/Byczuk_Freericks/filling_variantB_freericks/pbs_variantB_T002_typ_21x21_mu20/chunks/T_0p02__Didx_17_17__typ/dmft_solutions/T_0p02/U_1p2__Delta_1p7075__w1_0p4__typ,ok,
0.02,1.4,1.7075,typ,0.5,0.5,0.8744892128109949,0.4966483989026108,-0.00335160109738919,0.3548700913511851,0.3051177928767429,0.8598013760894644,2,True,0.00188975477698488,0.1319826459155417,0.00860146406984681,0.008609187467550327,7.72339770351649e-06,3.258558733301595,0.1319826459155417,-0.0001427833648831771,0.0001721837493510066,2.862153855913322e-11,0.1811683628748654,-0.002789052107057312,-0.7614967825502916,0,0,/home/2/kj405942/Byczuk_Freericks/filling_variantB_freericks/pbs_variantB_T002_typ_21x21_mu20/chunks/T_0p02__Didx_17_17__typ/dmft_solutions/T_0p02/U_1p4__Delta_1p7075__w1_0p5__typ,ok,
0.02,1.4,1.7075,typ,0.45,0.55,0.7223064722113074,0.5453320081028776,-0.004667991897122414,0.3663587345540569,0.3142117122822282,0.8576613102037716,1,True,0.001882834204323073,0.1410185447214749,0.009188460937740723,0.009188791624418102,3.306866773788004e-07,3.25789099436844,0.1410185447214749,-3.053946757975269e-05,0.0001837758324883621,2.986259186224217e-11,0.1545240222808762,-0.002787807074391701,-0.7400861333629215,0,0,/home/2/kj405942/Byczuk_Freericks/filling_variantB_freericks/pbs_variantB_T002_typ_21x21_mu20/chunks/T_0p02__Didx_17_17__typ/dmft_solutions/T_0p02/U_1p4__Delta_1p7075__w1_0p45__typ,ok,
0.02,1.4,1.7075,typ,0.4,0.6,0.7145699790267552,0.599201490065923,-0.0007985099340769297,0.3686775717824277,0.3126608839086854,0.8480604946948057,1,True,0.001889752651687812,0.1396311225260407,0.009098474307344544,0.009098923700180476,4.493928359321377e-07,3.258039519680761,0.1396311225260407,-3.542576072192811e-05,0.0001819784740036095,2.892058528582492e-11,0.157212072356474,-0.002764530746108745,-0.716412566021027,0,0,/home/2/kj405942/Byczuk_Freericks/filling_variantB_freericks/pbs_variantB_T002_typ_21x21_mu20/chunks/T_0p02__Didx_17_17__typ/dmft_solutions/T_0p02/U_1p4__Delta_1p7075__w1_0p4__typ,ok,
0.02,1.5,1.7075,typ,0.45,0.55,0.5317816947617791,0.5451682486915631,-0.004831751308436938,0.3337072474744082,0.2635330137543513,0.7897131864795999,1,True,0.001939046668271772,0.09369387745857349,0.006124866291158155,0.006132323462729608,7.457171571453646e-06,3.268552042723522,0.09369387745857349,0.0001182109402215663,0.0001226464692545922,2.920063026739224e-11,0.1237616767483263,-0.003499551750069926,-0.9267308803683089,0,0,/home/2/kj405942/Byczuk_Freericks/filling_variantB_freericks/pbs_variantB_T002_typ_21x21_mu20/chunks/T_0p02__Didx_17_17__typ/dmft_solutions/T_0p02/U_1p5__Delta_1p7075__w1_0p45__typ,ok,
0.02,1.5,1.7075,typ,0.5,0.5,0.2431018510656081,0.5021869011990022,0.002186901199002222,0.2893996329014803,0.2097628050029986,0.7248205635229943,1,True,0.00153772912833203,0.05826571166239204,0.003839435398027444,0.003855639775358597,1.620437733115277e-05,3.294764011700582,0.05826571166239204,0.000137416125490828,7.711279550717194e-05,2.440467972617376e-11,0.1221295743143616,-0.003570161763459375,-0.9205980509302758,0,0,/home/2/kj405942/Byczuk_Freericks/filling_variantB_freericks/pbs_variantB_T002_typ_21x21_mu20/chunks/T_0p02__Didx_17_17__typ/dmft_solutions/T_0p02/U_1p5__Delta_1p7075__w1_0p5__typ,ok,
0.02,1.5,1.7075,typ,0.4,0.6,0.773808820841995,0.5966655611461057,-0.003334438853894284,0.3522302171735889,0.2748838824956771,0.7804097124359056,1,True,0.001879563425197086,0.10268185413907,0.006677411557331216,0.006678113451612404,7.018942811880507e-07,3.251505153134206,0.10268185413907,-3.796624980215949e-05,0.0001335622690322481,2.881451981674516e-11,0.1070117723053493,-0.003443944578812305,-0.8568889220414078,0,0,/home/2/kj405942/Byczuk_Freericks/filling_variantB_freericks/pbs_variantB_T002_typ_21x21_mu20/chunks/T_0p02__Didx_17_17__typ/dmft_solutions/T_0p02/U_1p5__Delta_1p7075__w1_0p4__typ,ok,
0.02,1.6,1.7075,typ,0.5,0.5,1,0.4959900433393254,-0.004009956660674552,0.3053398005647997,0.2165392859758392,0.7091747802785537,128,True,0.001994535942866057,0.06004230093426619,0.003929986151991989,0.003935598855447735,5.612703455745513e-06,3.272681168810057,0.06004230093426619,-8.20974579319808e-05,7.87119771089547e-05,2.85953824505384e-11,0.07172738567222951,-0.004691370745051892,-1.209522991172681,0,0,/home/2/kj405942/Byczuk_Freericks/filling_variantB_freericks/pbs_variantB_T002_typ_21x21_mu20/chunks/T_0p02__Didx_17_17__typ/dmft_solutions/T_0p02/U_1p6__Delta_1p7075__w1_0p5__typ,ok,
0.02,1.6,1.7075,typ,0.45,0.55,1.02956652330999,0.5457895050145608,-0.004210494985439239,0.2914570172235219,0.2086327718216952,0.7158268955373693,1,True,0.001590227359585616,0.0557857096258358,0.003647013150477416,0.003657047601654818,1.003445117740209e-05,3.268770062206388,0.0557857096258358,-0.0001058091659202717,7.314095203309637e-05,2.708398223141395e-11,0.07316352463630973,-0.004610372146799793,-1.167218934083742,0,0,/home/2/kj405942/Byczuk_Freericks/filling_variantB_freericks/pbs_variantB_T002_typ_21x21_mu20/chunks/T_0p02__Didx_17_17__typ/dmft_solutions/T_0p02/U_1p6__Delta_1p7075__w1_0p45__typ,ok,
0.02,1.6,1.7075,typ,0.4,0.6,0.8815208432559181,0.5954861059540786,-0.004513894045921396,0.3214817483580251,0.2227567861909231,0.692906478606198,1,True,0.001870373802911384,0.06410182966460254,0.004157770419354795,0.004161191868780553,3.421449425757891e-06,3.243098084024537,0.06410182966460254,-6.623007901187866e-05,8.322383737561106e-05,2.802162277397464e-11,0.0733072591076039,-0.004494967071388157,-1.081445462530148,0,0,/home/2/kj405942/Byczuk_Freericks/filling_variantB_freericks/pbs_variantB_T002_typ_21x21_mu20/chunks/T_0p02__Didx_17_17__typ/dmft_solutions/T_0p02/U_1p6__Delta_1p7075__w1_0p4__typ,ok,
0.02,1.7,1.7075,typ,0.5,0.5,1.085176404476097,0.5039275150778099,0.003927515077809862,0.2802297339852615,0.1604092265517439,0.5724204361560735,34,True,0.001963628503526549,0.03170215885305886,0.002085641510127214,0.002085711028781536,6.95186543227023e-08,3.289431359855127,0.03170215885305886,-6.63911352906274e-06,4.171422057563073e-05,2.827353914407027e-11,0.0344125632445524,-0.006492748864725392,-1.731313300424881,0,0,/home/2/kj405942/Byczuk_Freericks/filling_variantB_freericks/pbs_variantB_T002_typ_21x21_mu20/chunks/T_0p02__Didx_17_17__typ/dmft_solutions/T_0p02/U_1p7__Delta_1p7075__w1_0p5__typ,ok,
0.02,1.7,1.7075,typ,0.45,0.55,1.092903234068773,0.5474080311187516,-0.002591968881248463,0.2623353694987995,0.1512132371476249,0.5764119319347707,1,True,0.001175739853515772,0.02810618797627346,0.001849334250886996,0.001850583409893873,1.249159006877005e-06,3.289905860674093,0.02810618797627346,-2.649871614231157e-05,3.701166819787746e-05,2.701392891010861e-11,0.04505771263221078,-0.006339959816636547,-1.678413136732744,0,0,/home/2/kj405942/Byczuk_Freericks/filling_variantB_freericks/pbs_variantB_T002_typ_21x21_mu20/chunks/T_0p02__Didx_17_17__typ/dmft_solutions/T_0p02/U_1p7__Delta_1p7075__w1_0p45__typ,ok,
0.02,1.7,1.7075,typ,0.4,0.6,1.111935171652612,0.596917969289485,-0.003082030710514938,0.2432777041902627,0.1393744894144423,0.57290284729685,49,True,0.001932100450228426,0.02387163933180257,0.001571158141394641,0.001574931935293368,3.77379389872696e-06,3.29084676497582,0.02387163933180257,-4.244682481952379e-05,3.149863870586735e-05,2.56475377782326e-11,0.05696055202761695,-0.006061539936149069,-1.532692605445965,0,0,/home/2/kj405942/Byczuk_Freericks/filling_variantB_freericks/pbs_variantB_T002_typ_21x21_mu20/chunks/T_0p02__Didx_17_17__typ/dmft_solutions/T_0p02/U_1p7__Delta_1p7075__w1_0p4__typ,ok,
0.02,1.8,1.7075,typ,0.5,0.5,1.095214837233901,0.4971203737677156,-0.002879626232284438,0.2688808129231112,0.1035121782997347,0.3849742091092787,125,True,0.00198896661815325,0.0129071092826303,0.0008207167947624206,0.0008319624088577961,1.124561409537556e-05,3.179320701448222,0.0129071092826303,5.387919265900335e-05,1.663924817715592e-05,2.90542383281974e-11,0.02284264028591743,-0.009758359719314599,-2.435543808014141,0,0,/home/2/kj405942/Byczuk_Freericks/filling_variantB_freericks/pbs_variantB_T002_typ_21x21_mu20/chunks/T_0p02__Didx_17_17__typ/dmft_solutions/T_0p02/U_1p8__Delta_1p7075__w1_0p5__typ,ok,
0.02,1.8,1.7075,typ,0.4,0.6,0.9525627308669032,0.5952279584592004,-0.004772041540799576,0.1651587892773689,0.06084535564610081,0.3684051930407208,1,True,0.001871976308375703,0.004971077612007175,0.0004149461948559707,0.000427427662036449,1.248146718047822e-05,4.173604067795148,0.004971077612007175,-3.522679152743763e-05,8.548553240728979e-06,2.854848013501688e-11,0.04924830138892457,-0.008774699858167822,-1.679257625154075,0,0,/home/2/kj405942/Byczuk_Freericks/filling_variantB_freericks/pbs_variantB_T002_typ_21x21_mu20/chunks/T_0p02__Didx_17_17__typ/dmft_solutions/T_0p02/U_1p8__Delta_1p7075__w1_0p4__typ,ok,
0.02,1.8,1.7075,typ,0.45,0.55,1.059779591551304,0.5460260457085814,-0.003973954291418669,0.2408654360038814,0.08475261211706593,0.3518670570720666,1,True,0.001091967364680383,0.00858409689165664,0.000540513773437617,0.0005537396138611533,1.322584042353638e-05,3.148343851774158,0.00858409689165664,4.765121103796322e-05,1.107479227722307e-05,2.829799599641224e-11,0.03225638827669705,-0.00926889397321134,-2.667047836714238,0,0,/home/2/kj405942/Byczuk_Freericks/filling_variantB_freericks/pbs_variantB_T002_typ_21x21_mu20/chunks/T_0p02__Didx_17_17__typ/dmft_solutions/T_0p02/U_1p8__Delta_1p7075__w1_0p45__typ,ok,
0.02,2,1.7075,typ,0.5,0.5,0.8384630235951016,0.496889495655408,-0.003110504344592036,0.1916292634303497,0.008235472996970247,0.04297607186682917,1,True,0.00127937686614479,9.489101974530942e-05,8.270359150478113e-06,1.421565209834187e-05,5.945292947863762e-06,4.357819724498706,9.489101974530942e-05,-3.359032332405835e-06,2.843130419668375e-07,3.004124007227593e-11,0.01776807928049147,-0.01833908323218382,-2.007045440782523,0,0,/home/2/kj405942/Byczuk_Freericks/filling_variantB_freericks/pbs_variantB_T002_typ_21x21_mu20/chunks/T_0p02__Didx_17_17__typ/dmft_solutions/T_0p02/U_2__Delta_1p7075__w1_0p5__typ,ok,
0.02,2,1.7075,typ,0.45,0.55,0.829071451168204,0.5492313681879392,-0.0007686318120608826,0.2377939413622808,0.02163280803829841,0.09097291509770077,1,True,0.001927675512537252,0.0007134815118670948,4.664656492915768e-05,7.969400913531647e-05,3.304744420615879e-05,3.268939990266129,0.0007134815118670948,-2.171577327914142e-05,1.593880182706329e-06,3.13739323409983e-11,0.0292050177551533,-0.01704228949713539,-0.3520188607182445,0,0,/home/2/kj405942/Byczuk_Freericks/filling_variantB_freericks/pbs_variantB_T002_typ_21x21_mu20/chunks/T_0p02__Didx_17_17__typ/dmft_solutions/T_0p02/U_2__Delta_1p7075__w1_0p45__typ,ok,
0.02,2,1.7075,typ,0.4,0.6,1.313298057996117,0.5988455661792736,-0.00115443382072633,0.1288474967192543,0.01122761967368266,0.08713882659394241,1,True,0.001982006557619312,0.0002108206960296399,1.4980143138703e-05,2.022418066496642e-05,5.24403752626342e-06,3.552816070912908,0.0002108206960296399,4.702237002305191e-06,4.044836132993284e-07,2.519944268100969e-11,0.03877232233878732,-0.01494075354265938,-0.300606670968557,0,0,/home/2/kj405942/Byczuk_Freericks/filling_variantB_freericks/pbs_variantB_T002_typ_21x21_mu20/chunks/T_0p02__Didx_17_17__typ/dmft_solutions/T_0p02/U_2__Delta_1p7075__w1_0p4__typ,ok,
0.02,1.9,1.7075,typ,0.5,0.5,0.8850413962695246,0.4984908537928462,-0.001509146207153755,0.2487884872537638,0.008700930716843127,0.0349732048009448,1,True,0.001776873622935302,0.0001987479270648365,1.86442035381065e-05,3.911869341179036e-05,2.047448987368386e-05,4.690414590342947,0.0001987479270648365,-9.021377300728145e-06,7.823738682358072e-07,3.131986482205417e-11,0.02014397369960736,-0.01381030682999739,-2.528936594532246,0,0,/home/2/kj405942/Byczuk_Freericks/filling_variantB_freericks/pbs_variantB_T002_typ_21x21_mu20/chunks/T_0p02__Didx_17_17__typ/dmft_solutions/T_0p02/U_1p9__Delta_1p7075__w1_0p5__typ,ok,
0.02,1.9,1.7075,typ,0.45,0.55,1.141338712383651,0.5460953830439408,-0.003904616956059259,0.2405759280140751,0.0249060938579913,0.1035269574291495,102,True,0.001985810084916615,0.0009015196692864796,5.921649577900027e-05,7.753310371980539e-05,1.831660794080511e-05,3.284259778040561,0.0009015196692864796,1.81729372052207e-05,1.550662074396108e-06,2.799476198467492e-11,0.02910359643424219,-0.0133698112594571,-0.8372480044848141,0,0,/home/2/kj405942/Byczuk_Freericks/filling_variantB_freericks/pbs_variantB_T002_typ_21x21_mu20/chunks/T_0p02__Didx_17_17__typ/dmft_solutions/T_0p02/U_1p9__Delta_1p7075__w1_0p45__typ,ok,
0.02,1.9,1.7075,typ,0.4,0.6,1.208692587627159,0.596823168699113,-0.003176831300886973,0.1904649127191949,0.02629578942436926,0.1380610688286588,1,True,0.001989346336182517,0.0009500806505984664,5.849589694345334e-05,7.78379131678977e-05,1.934201622444436e-05,3.078470070230676,0.0009500806505984664,1.917105910397555e-05,1.556758263357954e-06,2.580469547077093e-11,0.04070475147791963,-0.01223261702837767,-0.334423015112324,0,0,/home/2/kj405942/Byczuk_Freericks/filling_variantB_freericks/pbs_variantB_T002_typ_21x21_mu20/chunks/T_0p02__Didx_17_17__typ/dmft_solutions/T_0p02/U_1p9__Delta_1p7075__w1_0p4__typ,ok,
0.02,0,1.805,typ,0.5,0.5,0.0181294296464609,0.495132763989685,-0.004867236010314968,0.4551631744444204,0.3292064549769316,0.7232712870033179,1,True,0.001993403897985285,0.1584231053233598,0.01035702275825679,0.01035706627861443,4.352035764107014e-08,3.268785426569222,0.1584231053233598,-1.174276815940904e-05,0.0002071413255722887,2.958158987442885e-11,0.1767867768456202,-0.003857572263689637,-0.6896923796683119,0,0,/home/2/kj405942/Byczuk_Freericks/filling_variantB_freericks/pbs_variantB_T002_typ_21x21_mu20/chunks/T_0p02__Didx_18_18__typ/dmft_solutions/T_0p02/U_0__Delta_1p805__w1_0p5__typ,ok,
0.02,0,1.805,typ,0.45,0.55,0.02890879152520132,0.5533547892381199,0.003354789238119826,0.4551768532628026,0.329090508413919,0.7229948229021963,18,True,0.001956636934033568,0.1582831138586508,0.01034781381348922,0.01034793113524412,1.173217549069058e-07,3.268767451318265,0.1582831138586508,-1.927176831016111e-05,0.0002069586227048825,2.942083576672462e-11,0.1793293650476079,-0.00386488975508669,-0.6879172572337023,0,0,/home/2/kj405942/Byczuk_Freericks/filling_variantB_freericks/pbs_variantB_T002_typ_21x21_mu20/chunks/T_0p02__Didx_18_18__typ/dmft_solutions/T_0p02/U_0__Delta_1p805__w1_0p45__typ,ok,
0.02,0,1.805,typ,0.4,0.6,0.03337655889807042,0.596335975565667,-0.003664024434333002,0.4552056839526113,0.329031360613203,0.7228190952190668,1,True,0.001383823901120229,0.1581902041192007,0.01034170283812361,0.01034186911731164,1.662791880300789e-07,3.268755766422441,0.1581902041192007,-2.293631997302668e-05,0.0002068373823462327,2.935417662834178e-11,0.1804316584019896,-0.003874554016521152,-0.6863771181100242,0,0,/home/2/kj405942/Byczuk_Freericks/filling_variantB_freericks/pbs_variantB_T002_typ_21x21_mu20/chunks/T_0p02__Didx_18_18__typ/dmft_solutions/T_0p02/U_0__Delta_1p805__w1_0p4__typ,ok,
0.02,0.2,1.805,typ,0.5,0.5,0.1277241454232115,0.4951851480951046,-0.00481485190489539,0.4505291880767172,0.3415764702718072,0.7581672382426036,1,True,0.001983533731613165,0.174192266919655,0.01139284900122311,0.01139293839301045,8.939178733785876e-08,3.270193678137844,0.174192266919655,-1.764729898901321e-05,0.0002278587678602091,2.948711224301622e-11,0.2079705551174773,-0.003137974311314015,-0.6455330210266885,0,0,/home/2/kj405942/Byczuk_Freericks/filling_variantB_freericks/pbs_variantB_T002_typ_21x21_mu20/chunks/T_0p02__Didx_18_18__typ/dmft_solutions/T_0p02/U_0p2__Delta_1p805__w1_0p5__typ,ok,
0.02,0.2,1.805,typ,0.45,0.55,0.1268577546370591,0.5469952654440293,-0.003004734555970723,0.4506050996863598,0.3413648153141154,0.7575698001458923,1,True,0.001517883531155157,0.1738842310335622,0.01137253204284432,0.011372698659524,1.666166796735192e-07,3.270144732287214,0.1738842310335622,-2.407156547563753e-05,0.0002274539731904799,2.935096028811195e-11,0.2102154140617037,-0.003139994539817918,-0.6436027196313252,0,0,/home/2/kj405942/Byczuk_Freericks/filling_variantB_freericks/pbs_variantB_T002_typ_21x21_mu20/chunks/T_0p02__Didx_18_18__typ/dmft_solutions/T_0p02/U_0p2__Delta_1p805__w1_0p45__typ,ok,
0.02,0.3,1.805,typ,0.5,0.5,0.2499999999999999,0.4979872676402842,-0.002012732359715774,0.445795932061694,0.3513194368638279,0.7880723254675382,79,True,0.001959061425717026,0.1880193757960325,0.01230048495758925,0.01230171043636628,1.225478777022452e-06,3.271068448534019,0.1880193757960325,-6.788427722338166e-05,0.0002460342087273255,2.848367656481318e-11,0.2568906809642805,-0.002689290791878985,-0.5962432094325887,0,0,/home/2/kj405942/Byczuk_Freericks/filling_variantB_freericks/pbs_variantB_T002_typ_21x21_mu20/chunks/T_0p02__Didx_18_18__typ/dmft_solutions/T_0p02/U_0p3__Delta_1p805__w1_0p5__typ,ok,
0.02,0.2,1.805,typ,0.4,0.6,0.1281646752806446,0.5985039157293979,-0.001496084270602105,0.4506671432583119,0.340821759959034,0.7562605019192246,1,True,0.001376438072680097,0.1732871447090429,0.01133327463660786,0.01133355148234337,2.76845735503546e-07,3.270085226355641,0.1732871447090429,-3.097541187144551e-05,0.0002266710296468673,2.918368001835567e-11,0.2117161116846113,-0.003147496534192835,-0.6441933305032427,0,0,/home/2/kj405942/Byczuk_Freericks/filling_variantB_freericks/pbs_variantB_T002_typ_21x21_mu20/chunks/T_0p02__Didx_18_18__typ/dmft_solutions/T_0p02/U_0p2__Delta_1p805__w1_0p4__typ,ok,
0.02,0.3,1.805,typ,0.45,0.55,0.2929838507379143,0.55163680815561,0.001636808155609959,0.4459361920919092,0.3477888844721542,0.7799072841355597,47,True,0.001931683423209413,0.1839427284841557,0.01203158064338576,0.01203461162453199,3.03098114622669e-06,3.270469222278098,0.1839427284841557,-0.0001055961118622245,0.0002406922324906398,2.767215585321047e-11,0.2649550371906715,-0.002672554001677503,-0.5863326804875286,0,0,/home/2/kj405942/Byczuk_Freericks/filling_variantB_freericks/pbs_variantB_T002_typ_21x21_mu20/chunks/T_0p02__Didx_18_18__typ/dmft_solutions/T_0p02/U_0p3__Delta_1p805__w1_0p45__typ,ok,
0.02,0.1,1.805,typ,0.5,0.5,0.09196541466182162,0.4991324272949527,-0.000867572705047337,0.4539426228141179,0.332371435513232,0.7321882079562568,26,True,0.001946744976148723,0.1623570871816763,0.0106153131710688,0.01061552673274186,2.135616730651243e-07,3.269125282837315,0.1623570871816763,-2.633372407104587e-05,0.0002123105346548373,2.924081716156863e-11,0.1909364735204319,-0.003619876537601788,-0.6715724128563105,0,0,/home/2/kj405942/Byczuk_Freericks/filling_variantB_freericks/pbs_variantB_T002_typ_21x21_mu20/chunks/T_0p02__Didx_18_18__typ/dmft_solutions/T_0p02/U_0p1__Delta_1p805__w1_0p5__typ,ok,
0.02,0.3,1.805,typ,0.4,0.6,0.4124472983486399,0.5977487370580321,-0.002251262941967869,0.4465417793059422,0.333225874004816,0.7462367228498694,1,True,0.001452029174449487,0.1677090265902068,0.01096104458534984,0.01097189832582551,1.085374047567049e-05,3.267875560488734,0.1677090265902068,-0.0001908020047084111,0.0002194379665165102,2.589664703764531e-11,0.2590594920955481,-0.002679376163369953,-0.5554026755590153,0,0,/home/2/kj405942/Byczuk_Freericks/filling_variantB_freericks/pbs_variantB_T002_typ_21x21_mu20/chunks/T_0p02__Didx_18_18__typ/dmft_solutions/T_0p02/U_0p3__Delta_1p805__w1_0p4__typ,ok,
0.02,0.1,1.805,typ,0.45,0.55,0.1285439178596215,0.5490613621360588,-0.0009386378639412163,0.4540377478196114,0.3310674155794595,0.729162756112939,1,True,0.001667805688858094,0.1609560564864116,0.01052283255723909,0.01052375587402794,9.233167888518496e-07,3.268852625662912,0.1609560564864116,-5.451851597783829e-05,0.0002104751174805589,2.86368624235577e-11,0.1999456475324071,-0.00361863985136416,-0.6662414299373285,0,0,/home/2/kj405942/Byczuk_Freericks/filling_variantB_freericks/pbs_variantB_T002_typ_21x21_mu20/chunks/T_0p02__Didx_18_18__typ/dmft_solutions/T_0p02/U_0p1__Delta_1p805__w1_0p45__typ,ok,
0.02,0.1,1.805,typ,0.4,0.6,0.278246870058813,0.5950642535453838,-0.004935746454616141,0.4548397848167045,0.3188436166190579,0.701002039097236,1,True,0.001784777792478554,0.1486690504854965,0.009711809304696981,0.009719434692949771,7.625388252790643e-06,3.266251204599044,0.1486690504854965,-0.0001505761754810929,0.0001943886938589954,2.652173137597626e-11,0.213923419767502,-0.00361040882636954,-0.6243525398997012,0,0,/home/2/kj405942/Byczuk_Freericks/filling_variantB_freericks/pbs_variantB_T002_typ_21x21_mu20/chunks/T_0p02__Didx_18_18__typ/dmft_solutions/T_0p02/U_0p1__Delta_1p805__w1_0p4__typ,ok,
0.02,0.6000000000000001,1.805,typ,0.5,0.5,0.1401181990360191,0.4964120460547234,-0.003587953945276612,0.4274268759039156,0.3789722488971458,0.8866364523655685,1,True,0.001792100466041126,0.2338517192591563,0.01530679988090544,0.01530994153814916,3.141657243720302e-06,3.272757610976193,0.2338517192591563,0.0001212173211852972,0.0003061988307629832,2.785381434465408e-11,0.3777661259003215,-0.001866988223665243,-0.4942432317538266,0,0,/home/2/kj405942/Byczuk_Freericks/filling_variantB_freericks/pbs_variantB_T002_typ_21x21_mu20/chunks/T_0p02__Didx_18_18__typ/dmft_solutions/T_0p02/U_0p6__Delta_1p805__w1_0p5__typ,ok,
0.02,0.6000000000000001,1.805,typ,0.45,0.55,0.1398391853611977,0.5484746309361797,-0.001525369063820392,0.4278396333686325,0.3802404202505771,0.8887451993559391,1,True,0.0005237606585965944,0.2352689253155207,0.0154002486697457,0.01540251784189788,2.269172152174789e-06,3.272903263593423,0.2352689253155207,0.0001033310886033889,0.0003080503568379575,2.826493527191568e-11,0.3753295505129119,-0.001872600004042756,-0.4972064050491656,0,0,/home/2/kj405942/Byczuk_Freericks/filling_variantB_freericks/pbs_variantB_T002_typ_21x21_mu20/chunks/T_0p02__Didx_18_18__typ/dmft_solutions/T_0p02/U_0p6__Delta_1p805__w1_0p45__typ,ok,
0.02,0.6000000000000001,1.805,typ,0.4,0.6,0.1381155856877223,0.6033922254039572,0.003392225403957227,0.4285155173102093,0.3803048677237136,0.8874938067841422,1,True,0.001378213083010943,0.2349622800274563,0.01538042171160832,0.01538198293379033,1.561222182006755e-06,3.272955495199285,0.2349622800274563,8.565375923025764e-05,0.0003076396586758066,2.865741289264432e-11,0.3668900120319448,-0.001890173307197296,-0.502499970865244,0,0,/home/2/kj405942/Byczuk_Freericks/filling_variantB_freericks/pbs_variantB_T002_typ_21x21_mu20/chunks/T_0p02__Didx_18_18__typ/dmft_solutions/T_0p02/U_0p6__Delta_1p805__w1_0p4__typ,ok,
0.02,0.5,1.805,typ,0.5,0.5,0.3711872742508295,0.498346233976494,-0.001653766023505976,0.4340431162552826,0.3732816160911557,0.8600104508318248,3,True,0.001985149001091705,0.2222853823243136,0.01454954674666518,0.01455130134165834,1.754594993153885e-06,3.272717844630343,0.2222853823243136,-8.831996590551172e-05,0.0002910260268331668,2.831606336279444e-11,0.335812985044177,-0.002043079122180372,-0.5242396459323209,0,0,/home/2/kj405942/Byczuk_Freericks/filling_variantB_freericks/pbs_variantB_T002_typ_21x21_mu20/chunks/T_0p02__Didx_18_18__typ/dmft_solutions/T_0p02/U_0p5__Delta_1p805__w1_0p5__typ,ok,
0.02,0.5,1.805,typ,0.45,0.55,0.3814270499024607,0.5456528849913953,-0.004347115008604741,0.4340727120832168,0.3710318177935226,0.8547688151435592,1,True,0.001890134898787552,0.2193175663673893,0.01435409791642576,0.01435688794248496,2.790026059202331e-06,3.272446013827393,0.2193175663673893,-0.0001106256503172617,0.0002871377588496992,2.782193201559202e-11,0.3385624548543864,-0.002045308283750434,-0.5212752468616895,0,0,/home/2/kj405942/Byczuk_Freericks/filling_variantB_freericks/pbs_variantB_T002_typ_21x21_mu20/chunks/T_0p02__Didx_18_18__typ/dmft_solutions/T_0p02/U_0p5__Delta_1p805__w1_0p45__typ,ok,
0.02,0.5,1.805,typ,0.4,0.6,0.3803897973634507,0.5962456926243656,-0.003754307375634425,0.4346210294251756,0.3687345689180911,0.8484048031586849,1,True,0.001411905638235738,0.2157496765638591,0.01411948629265319,0.01412311090951384,3.624616860644489e-06,3.272191763512101,0.2157496765638591,-0.0001250607784520758,0.0002824622181902768,2.748760103983849e-11,0.3370190662338353,-0.002066792403680605,-0.5211834626630117,0,0,/home/2/kj405942/Byczuk_Freericks/filling_variantB_freericks/pbs_variantB_T002_typ_21x21_mu20/chunks/T_0p02__Didx_18_18__typ/dmft_solutions/T_0p02/U_0p5__Delta_1p805__w1_0p4__typ,ok,
0.02,0.7000000000000001,1.805,typ,0.45,0.55,-0.005660927530565198,0.5498480265427472,-0.0001519734572528186,0.4175045787764799,0.3642509238964592,0.8724477344989042,1,True,0.001522627170897399,0.2182761570832278,0.01427112112520642,0.01428603033900686,1.490921380044174e-05,3.269051763579678,0.2182761570832278,0.0002551205947583476,0.0002857206067801371,2.580226619826643e-11,1.135740614685287,0.00387784115702533,-0.4431426749152191,1,0,/home/2/kj405942/Byczuk_Freericks/filling_variantB_freericks/pbs_variantB_T002_typ_21x21_mu20/chunks/T_0p02__Didx_18_18__typ/dmft_solutions/T_0p02/U_0p7__Delta_1p805__w1_0p45__typ,ok,
0.02,0.7000000000000001,1.805,typ,0.5,0.5,-0.002919761881700298,0.4989747329993828,-0.001025267000617169,0.41692879055593,0.3613877438793286,0.8667852929932151,1,True,0.001281127871410421,0.2143009863919255,0.01400926912195244,0.01402641097595006,1.7141853997622e-05,3.268596509474649,0.2143009863919255,0.0002710540986695005,0.0002805282195190012,2.54053753941903e-11,1.921063988030163,0.007010013575012852,-0.4378448952460176,1,0,/home/2/kj405942/Byczuk_Freericks/filling_variantB_freericks/pbs_variantB_T002_typ_21x21_mu20/chunks/T_0p02__Didx_18_18__typ/dmft_solutions/T_0p02/U_0p7__Delta_1p805__w1_0p5__typ,ok,
0.02,0.7000000000000001,1.805,typ,0.4,0.6,-0.004977886986448874,0.6046069717140894,0.004606971714089414,0.4191676355646264,0.3669746931178943,0.8754843217405676,36,True,0.001962840751781631,0.2208832492406283,0.0144432736836049,0.01445593990129071,1.266621768581575e-05,3.269436168939755,0.2208832492406283,0.0002365483171798985,0.0002891187980258143,2.624446192824677e-11,1.294541716233265,0.001303365636917325,-0.4516965087412589,1,0,/home/2/kj405942/Byczuk_Freericks/filling_variantB_freericks/pbs_variantB_T002_typ_21x21_mu20/chunks/T_0p02__Didx_18_18__typ/dmft_solutions/T_0p02/U_0p7__Delta_1p805__w1_0p4__typ,ok,
0.02,0.4,1.805,typ,0.45,0.55,0.2342897179633492,0.5484551570932922,-0.001544842906707866,0.4403062498627898,0.3647926346933391,0.8284975169146869,1,True,0.001895447985625908,0.2076384300041441,0.01358934005508933,0.01358967198058634,3.319254970118153e-07,3.272356676656174,0.2076384300041441,-3.712694145169477e-05,0.0002717934396117269,2.92083245521314e-11,0.2810176681134363,-0.002314830337108965,-0.5675708237785411,0,0,/home/2/kj405942/Byczuk_Freericks/filling_variantB_freericks/pbs_variantB_T002_typ_21x21_mu20/chunks/T_0p02__Didx_18_18__typ/dmft_solutions/T_0p02/U_0p4__Delta_1p805__w1_0p45__typ,ok,
0.02,0.4,1.805,typ,0.5,0.5,0.223751688601527,0.4971943301947965,-0.002805669805203526,0.4401919163802802,0.3655273293283428,0.8303817397059263,1,True,0.0008731442935499917,0.2086836190423351,0.01365812376362355,0.01365818443451221,6.067088865638783e-08,3.272447503618566,0.2086836190423351,-1.591290081369803e-05,0.0002731636886902441,2.966269805017999e-11,0.2751891245432425,-0.002312308092577381,-0.568827921490604,0,0,/home/2/kj405942/Byczuk_Freericks/filling_variantB_freericks/pbs_variantB_T002_typ_21x21_mu20/chunks/T_0p02__Didx_18_18__typ/dmft_solutions/T_0p02/U_0p4__Delta_1p805__w1_0p5__typ,ok,
0.02,0.4,1.805,typ,0.4,0.6,0.2328044570740724,0.6046403530464006,0.004640353046400647,0.4406737201630697,0.3635460492671136,0.8249778297026307,58,True,0.001898066483596718,0.2057939344308481,0.01346812192200484,0.01346870213349458,5.802114897337503e-07,3.272234908004654,0.2057939344308481,-4.88679865094301e-05,0.0002693740426698915,2.893361575507615e-11,0.2823500867601034,-0.002339403150876167,-0.5685091952590602,0,0,/home/2/kj405942/Byczuk_Freericks/filling_variantB_freericks/pbs_variantB_T002_typ_21x21_mu20/chunks/T_0p02__Didx_18_18__typ/dmft_solutions/T_0p02/U_0p4__Delta_1p805__w1_0p4__typ,ok,
0.02,0.8,1.805,typ,0.5,0.5,0.4471685631629894,0.4955031715417376,-0.004496828458262381,0.4151746827772124,0.3927227063094418,0.9459216146861764,41,True,0.001922847583297823,0.2558789567112095,0.01675143139821208,0.01675170654661302,2.751484009470179e-07,3.273311649679364,0.2558789567112095,-3.752457482106373e-05,0.0003350341309322605,2.968059215193274e-11,0.4198848976275669,-0.001730193299838319,-0.4857632279237631,0,0,/home/2/kj405942/Byczuk_Freericks/filling_variantB_freericks/pbs_variantB_T002_typ_21x21_mu20/chunks/T_0p02__Didx_18_18__typ/dmft_solutions/T_0p02/U_0p8__Delta_1p805__w1_0p5__typ,ok,
0.02,0.8,1.805,typ,0.4,0.6,0.4439533752541634,0.5963758822495827,-0.003624117750417266,0.4160405029807812,0.3894855823511819,0.9361722706338859,1,True,0.001039944899364342,0.2504738418205266,0.0163961799535244,0.01639734065193289,1.1606984084867e-06,3.273032392195439,0.2504738418205266,-7.625281497343353e-05,0.0003279468130386578,2.854525721365458e-11,0.4230346247167024,-0.001740109293101417,-0.4849571770909007,0,0,/home/2/kj405942/Byczuk_Freericks/filling_variantB_freericks/pbs_variantB_T002_typ_21x21_mu20/chunks/T_0p02__Didx_18_18__typ/dmft_solutions/T_0p02/U_0p8__Delta_1p805__w1_0p4__typ,ok,
0.02,0.8,1.805,typ,0.45,0.55,0.4477562132901624,0.5460846565995562,-0.00391534340044386,0.4153053773503917,0.3915574372192751,0.9428181251044081,1,True,0.001857871228779041,0.2540185873645316,0.01662906244979446,0.01662976942482137,7.069750269124862e-07,3.273197962070936,0.2540185873645316,-5.993075965450654e-05,0.0003325953884964274,2.907894899926152e-11,0.4244723823284309,-0.001727014870399901,-0.4850498600818243,0,0,/home/2/kj405942/Byczuk_Freericks/filling_variantB_freericks/pbs_variantB_T002_typ_21x21_mu20/chunks/T_0p02__Didx_18_18__typ/dmft_solutions/T_0p02/U_0p8__Delta_1p805__w1_0p45__typ,ok,
0.02,0.9,1.805,typ,0.5,0.5,0.3086735914829639,0.4955367080303025,-0.004463291969697525,0.4072394987609164,0.3869774845852675,0.9502454593984647,1,True,0.001843211318036269,0.2477220635182203,0.01621039010923574,0.01621328639172472,2.896282488973813e-06,3.27189065822622,0.2477220635182203,0.0001197892378054289,0.0003242657278344944,2.841404622762807e-11,0.4317122663669237,-0.001756874450922834,-0.4795533743825267,0,0,/home/2/kj405942/Byczuk_Freericks/filling_variantB_freericks/pbs_variantB_T002_typ_21x21_mu20/chunks/T_0p02__Didx_18_18__typ/dmft_solutions/T_0p02/U_0p9__Delta_1p805__w1_0p5__typ,ok,
0.02,0.9,1.805,typ,0.45,0.55,0.3057396310808193,0.5507783764524493,0.0007783764524492698,0.4080093804190889,0.3880283281407381,0.9510279585782389,1,True,0.001054042494351807,0.2487972591776242,0.01628126135649093,0.01628331928075893,2.057924268003409e-06,3.271993712934599,0.2487972591776242,0.0001011934698954796,0.0003256663856151786,2.900824520422505e-11,0.4257563027278873,-0.001756427568007715,-0.4845748768171231,0,0,/home/2/kj405942/Byczuk_Freericks/filling_variantB_freericks/pbs_variantB_T002_typ_21x21_mu20/chunks/T_0p02__Didx_18_18__typ/dmft_solutions/T_0p02/U_0p9__Delta_1p805__w1_0p45__typ,ok,
0.02,0.9,1.805,typ,0.4,0.6,0.2489049833865541,0.5953330577966973,-0.00466694220330266,0.4084298863822467,0.3844770782617713,0.9413539289873167,1,True,0.001581679205236593,0.2432346749182666,0.01591381908884159,0.01591728160708272,3.462518241125523e-06,3.271289156077164,0.2432346749182666,0.0001297847832974833,0.0003183456321416543,2.88109247108036e-11,0.4130987556484692,-0.001765011845147696,-0.4880718278110366,0,0,/home/2/kj405942/Byczuk_Freericks/filling_variantB_freericks/pbs_variantB_T002_typ_21x21_mu20/chunks/T_0p02__Didx_18_18__typ/dmft_solutions/T_0p02/U_0p9__Delta_1p805__w1_0p4__typ,ok,
0.02,1.1,1.805,typ,0.5,0.5,0.5230005514435803,0.496726357779559,-0.00327364222044102,0.3943130755861398,0.377552278764015,0.9574936824065241,1,True,0.001861837633575097,0.2283986185152257,0.0149372548395169,0.01493739063282057,1.357933036656067e-07,3.269996757559446,0.2283986185152257,2.490582380120887e-05,0.0002987478126564113,3.038049552456611e-11,0.339762799528574,-0.002017073573374866,-0.5349497135606001,0,0,/home/2/kj405942/Byczuk_Freericks/filling_variantB_freericks/pbs_variantB_T002_typ_21x21_mu20/chunks/T_0p02__Didx_18_18__typ/dmft_solutions/T_0p02/U_1p1__Delta_1p805__w1_0p5__typ,ok,
0.02,1.1,1.805,typ,0.45,0.55,0.5199169609197395,0.550312317292618,0.0003123172926179363,0.3948533251426509,0.3773010364197389,0.9555473194595213,1,True,0.001392921972209358,0.2278424358295336,0.01490081370398029,0.01490082798104192,1.427706163077523e-08,3.269982093048007,0.2278424358295336,8.065879367364975e-06,0.0002980165596208383,3.042077191270516e-11,0.3281441714976196,-0.002010578625163765,-0.5346903302649006,0,0,/home/2/kj405942/Byczuk_Freericks/filling_variantB_freericks/pbs_variantB_T002_typ_21x21_mu20/chunks/T_0p02__Didx_18_18__typ/dmft_solutions/T_0p02/U_1p1__Delta_1p805__w1_0p45__typ,ok,
0.02,1.1,1.805,typ,0.4,0.6,0.3635207916799806,0.6010076503503509,0.001007650350350886,0.3938184793425518,0.3705130243989224,0.9408218350176559,1,True,0.001792217162103805,0.2185016164448605,0.0142840864606555,0.01428767573678811,3.589276132618691e-06,3.268645489462575,0.2185016164448605,0.0001252407790493289,0.0002857535147357623,2.955829614395673e-11,0.3556509877182155,-0.002014204130248033,-0.541070887459026,0,0,/home/2/kj405942/Byczuk_Freericks/filling_variantB_freericks/pbs_variantB_T002_typ_21x21_mu20/chunks/T_0p02__Didx_18_18__typ/dmft_solutions/T_0p02/U_1p1__Delta_1p805__w1_0p4__typ,ok,
0.02,1.2,1.805,typ,0.5,0.5,0.4866373105224677,0.4976096766344875,-0.002390323365512537,0.3844389243071759,0.3602478766444123,0.937074406015572,1,True,0.00136746746907239,0.2019322573884049,0.01319409153013464,0.01319653521001961,2.443679884970896e-06,3.266959846033062,0.2019322573884049,9.93436254126867e-05,0.0002639307042003921,2.921684866735484e-11,0.3060161050456637,-0.002277197876105306,-0.5687846381292818,0,0,/home/2/kj405942/Byczuk_Freericks/filling_variantB_freericks/pbs_variantB_T002_typ_21x21_mu20/chunks/T_0p02__Didx_18_18__typ/dmft_solutions/T_0p02/U_1p2__Delta_1p805__w1_0p5__typ,ok,
0.02,1.2,1.805,typ,0.45,0.55,0.481237033579356,0.5484913343097045,-0.001508665690295508,0.3855542203881109,0.3607872450254984,0.9357626656565157,1,True,0.001203270978283151,0.2021489406014438,0.01320884598528134,0.0132107614248517,1.915439570366588e-06,3.267107397640004,0.2021489406014438,8.800046362783445e-05,0.0002642152284970341,3.001059227118446e-11,0.301842781656044,-0.0022699546157877,-0.5812123227845006,0,0,/home/2/kj405942/Byczuk_Freericks/filling_variantB_freericks/pbs_variantB_T002_typ_21x21_mu20/chunks/T_0p02__Didx_18_18__typ/dmft_solutions/T_0p02/U_1p2__Delta_1p805__w1_0p45__typ,ok,
0.02,1.2,1.805,typ,0.4,0.6,0.4740719191905254,0.595867610876114,-0.004132389123886027,0.3875377000578542,0.3600626594222539,0.9291035668749165,1,True,0.001290348616579241,0.2006792089019268,0.01311310721872319,0.01311462459173632,1.517373013134636e-06,3.267181311525811,0.2006792089019268,7.803912043135696e-05,0.0002622924918347265,3.078370909399386e-11,0.2933803264483875,-0.002262685844743264,-0.5825415221983907,0,0,/home/2/kj405942/Byczuk_Freericks/filling_variantB_freericks/pbs_variantB_T002_typ_21x21_mu20/chunks/T_0p02__Didx_18_18__typ/dmft_solutions/T_0p02/U_1p2__Delta_1p805__w1_0p4__typ,ok,
0.02,1,1.805,typ,0.5,0.5,0.3166040228077913,0.4959567562833656,-0.004043243716634393,0.3986310837292706,0.3783372258740988,0.9490911304123131,1,True,0.001640787871252794,0.233738931797116,0.0152866134256044,0.01529191992216763,5.306496563227398e-06,3.270018671701874,0.233738931797116,0.000157501418296715,0.0003058383984433526,2.793791975768213e-11,0.4055121745431023,-0.001845867872113414,-0.4876430804681922,0,0,/home/2/kj405942/Byczuk_Freericks/filling_variantB_freericks/pbs_variantB_T002_typ_21x21_mu20/chunks/T_0p02__Didx_18_18__typ/dmft_solutions/T_0p02/U_1__Delta_1p805__w1_0p5__typ,ok,
0.02,1.3,1.805,typ,0.5,0.5,0.4493207122436791,0.5040696830231788,0.004069683023178783,0.3684876602009987,0.3324959886660903,0.9023259787986495,1,True,0.001788568154597789,0.1656828523406169,0.01080879376749398,0.01081756296973506,8.769202241078139e-06,3.261892710922451,0.1656828523406169,0.0001704644502559731,0.0002163512593947011,2.8101918377957e-11,0.2512848681139744,-0.002659123256277658,-0.6242330968339944,0,0,/home/2/kj405942/Byczuk_Freericks/filling_variantB_freericks/pbs_variantB_T002_typ_21x21_mu20/chunks/T_0p02__Didx_18_18__typ/dmft_solutions/T_0p02/U_1p3__Delta_1p805__w1_0p5__typ,ok,
0.02,1,1.805,typ,0.45,0.55,0.260775855618181,0.5499988736153434,-1.12638465665782e-06,0.3977101903597984,0.3745399006817992,0.9417407694355588,6,True,0.001981296685622628,0.2286087594315938,0.01494709453226656,0.01495459812153116,7.503589264593703e-06,3.269143004281766,0.2286087594315938,0.0001852234452256513,0.0002990919624306231,2.78393554738246e-11,0.3941542005808549,-0.001844711763398456,-0.4886113505923146,0,0,/home/2/kj405942/Byczuk_Freericks/filling_variantB_freericks/pbs_variantB_T002_typ_21x21_mu20/chunks/T_0p02__Didx_18_18__typ/dmft_solutions/T_0p02/U_1__Delta_1p805__w1_0p45__typ,ok,
0.02,1,1.805,typ,0.4,0.6,0.2562551029446585,0.6037467881222112,0.003746788122211187,0.399774860336448,0.3752638022305724,0.9386878452405755,1,True,0.001518718431641782,0.2285707592000342,0.01494517802933842,0.01495150820445376,6.330175115337199e-06,3.269267267966484,0.2285707592000342,0.0001701113124975401,0.0002990301640890752,2.845134589039203e-11,0.3900599338836143,-0.001847272058663982,-0.5014610801919377,0,0,/home/2/kj405942/Byczuk_Freericks/filling_variantB_freericks/pbs_variantB_T002_typ_21x21_mu20/chunks/T_0p02__Didx_18_18__typ/dmft_solutions/T_0p02/U_1__Delta_1p805__w1_0p4__typ,ok,
0.02,1.3,1.805,typ,0.45,0.55,0.4444577484550847,0.5511898888207508,0.001189888820750773,0.3706923064424419,0.3339787317572202,0.9009594371203322,1,True,0.001611659312911874,0.1667360174156101,0.01088095437819805,0.01088846449490539,7.510116707339182e-06,3.26292859420887,0.1667360174156101,0.0001582534012341075,0.0002177692898981078,2.893335911695843e-11,0.2514037931322332,-0.002663788365542116,-0.6443996175163186,0,0,/home/2/kj405942/Byczuk_Freericks/filling_variantB_freericks/pbs_variantB_T002_typ_21x21_mu20/chunks/T_0p02__Didx_18_18__typ/dmft_solutions/T_0p02/U_1p3__Delta_1p805__w1_0p45__typ,ok,
0.02,1.3,1.805,typ,0.4,0.6,0.8774220687651808,0.5970234108738118,-0.002976589126188145,0.3645293917713119,0.3218594877998097,0.882945230385507,1,True,0.001997184795741575,0.1544136244494921,0.01006295168114416,0.01007828333731231,1.533165616814999e-05,3.258440347158518,0.1544136244494921,-0.0002175967186212812,0.0002015656667462462,2.599326657466467e-11,0.2348863676672455,-0.002632090248859524,-0.5698943618970121,0,0,/home/2/kj405942/Byczuk_Freericks/filling_variantB_freericks/pbs_variantB_T002_typ_21x21_mu20/chunks/T_0p02__Didx_18_18__typ/dmft_solutions/T_0p02/U_1p3__Delta_1p805__w1_0p4__typ,ok,
0.02,1.5,1.805,typ,0.5,0.5,0.902316555781284,0.498617077151973,-0.001382922848026991,0.3462100628180632,0.2814161141683249,0.8128478758753234,1,True,0.001762084617639796,0.1086777682498853,0.007072343238545104,0.007078335461742194,5.992223197090251e-06,3.253813246460629,0.1086777682498853,-0.0001141246199481042,0.0001415667092348439,2.912912680064888e-11,0.1322345213470893,-0.004115238530948895,-0.8628298099100902,0,0,/home/2/kj405942/Byczuk_Freericks/filling_variantB_freericks/pbs_variantB_T002_typ_21x21_mu20/chunks/T_0p02__Didx_18_18__typ/dmft_solutions/T_0p02/U_1p5__Delta_1p805__w1_0p5__typ,ok,
0.02,1.5,1.805,typ,0.4,0.6,0.8480430524233331,0.6008192641770658,0.0008192641770657927,0.3527336932458092,0.2816823132860233,0.7985693419134974,1,True,0.001925259239717065,0.1092166450328377,0.007100230742319968,0.007104382090602031,4.151348282063443e-06,3.250525934112503,0.1092166450328377,-9.522566163905647e-05,0.0001420876418120406,2.776580597159995e-11,0.1258299728869115,-0.004026761634079292,-0.7858743159219307,0,0,/home/2/kj405942/Byczuk_Freericks/filling_variantB_freericks/pbs_variantB_T002_typ_21x21_mu20/chunks/T_0p02__Didx_18_18__typ/dmft_solutions/T_0p02/U_1p5__Delta_1p805__w1_0p4__typ,ok,
0.02,1.5,1.805,typ,0.45,0.55,0.9090400410969921,0.5493516615673228,-0.0006483384326771979,0.3441423178923298,0.2781723844248847,0.8083062441391332,4,True,0.001902382499340372,0.106095707684774,0.006897361362001314,0.006905712651374901,8.351289373586947e-06,3.250537421595976,0.106095707684774,-0.0001331191914166429,0.000138114253027498,2.796961892713095e-11,0.1339363646642284,-0.004072161289164307,-0.8226991579445172,0,0,/home/2/kj405942/Byczuk_Freericks/filling_variantB_freericks/pbs_variantB_T002_typ_21x21_mu20/chunks/T_0p02__Didx_18_18__typ/dmft_solutions/T_0p02/U_1p5__Delta_1p805__w1_0p45__typ,ok,
0.02,1.4,1.805,typ,0.5,0.5,0.7600907458837854,0.497581118972302,-0.002418881027697994,0.3669780198941329,0.3196002118287517,0.8708974230144657,1,True,0.001862589163301606,0.1470003036071739,0.009583803545102377,0.009584715333639556,9.117885371793239e-07,3.259790391560344,0.1470003036071739,-5.177512757896432e-05,0.0001916943066727911,3.035525695427791e-11,0.1694471360619892,-0.003221034646805969,-0.7322729386703341,0,0,/home/2/kj405942/Byczuk_Freericks/filling_variantB_freericks/pbs_variantB_T002_typ_21x21_mu20/chunks/T_0p02__Didx_18_18__typ/dmft_solutions/T_0p02/U_1p4__Delta_1p805__w1_0p5__typ,ok,
0.02,1.4,1.805,typ,0.45,0.55,0.7451970128417928,0.5514772747224278,0.001477274722427757,0.3677538456187054,0.3190922860523743,0.867678991950544,1,True,0.001617829469253684,0.1465295978864646,0.009552388939569284,0.00955323980707394,8.50867504657222e-07,3.259542466966557,0.1465295978864646,-4.9935412947543e-05,0.0001910647961414788,2.952863293711774e-11,0.1691289155991142,-0.003212645199161484,-0.7116017215112719,0,0,/home/2/kj405942/Byczuk_Freericks/filling_variantB_freericks/pbs_variantB_T002_typ_21x21_mu20/chunks/T_0p02__Didx_18_18__typ/dmft_solutions/T_0p02/U_1p4__Delta_1p805__w1_0p45__typ,ok,
0.02,1.4,1.805,typ,0.4,0.6,0.6910618701957754,0.6016891293514622,0.00168912935146226,0.3705888979450076,0.3185012943969499,0.8594464004807099,1,True,0.001062149775335759,0.1459716706339819,0.009517506655803188,0.009517570782062642,6.412625945414078e-08,3.260052657637917,0.1459716706339819,-1.368255621148995e-05,0.0001903514156412528,2.928219653298549e-11,0.1563317549100423,-0.003194596461469327,-0.7013133865571991,0,0,/home/2/kj405942/Byczuk_Freericks/filling_variantB_freericks/pbs_variantB_T002_typ_21x21_mu20/chunks/T_0p02__Didx_18_18__typ/dmft_solutions/T_0p02/U_1p4__Delta_1p805__w1_0p4__typ,ok,
0.02,1.6,1.805,typ,0.5,0.5,0.8255647447273436,0.4965965118169913,-0.003403488183008729,0.3402679298491593,0.249242665881444,0.7324894414584801,1,True,0.001752782272038379,0.08158961081437481,0.005292331269065769,0.005292568186725736,2.369176599668016e-07,3.243262969538116,0.08158961081437481,-1.966215637804955e-05,0.0001058513637345147,3.129075199021154e-11,0.08215812826172914,-0.005467865703923733,-1.079195429263345,0,0,/home/2/kj405942/Byczuk_Freericks/filling_variantB_freericks/pbs_variantB_T002_typ_21x21_mu20/chunks/T_0p02__Didx_18_18__typ/dmft_solutions/T_0p02/U_1p6__Delta_1p805__w1_0p5__typ,ok,
0.02,1.6,1.805,typ,0.45,0.55,0.8301843384946032,0.546843416832048,-0.003156583167952087,0.3403510103600698,0.2482829321973903,0.7294908040223612,3,True,0.001989759134496143,0.08101404651421061,0.005254155041172084,0.005254712283853718,5.572426816341304e-07,3.242743244685634,0.08101404651421061,-3.004812291295777e-05,0.0001050942456770744,2.998338158278594e-11,0.0818472849906023,-0.00542564847553748,-1.044750488548577,0,0,/home/2/kj405942/Byczuk_Freericks/filling_variantB_freericks/pbs_variantB_T002_typ_21x21_mu20/chunks/T_0p02__Didx_18_18__typ/dmft_solutions/T_0p02/U_1p6__Delta_1p805__w1_0p45__typ,ok,
0.02,1.8,1.805,typ,0.5,0.5,1.030080660196418,0.4980489535738593,-0.00195104642614069,0.2691488307113838,0.1249877139648899,0.4643814117064394,45,True,0.001988759948799888,0.01888792208141409,0.001241990408772135,0.001242026213664821,3.580489268576065e-08,3.287789952273962,0.01888792208141409,-3.677716745977157e-06,2.484052427329641e-05,3.005790055276867e-11,0.01914936985511445,-0.0120235480673563,-2.388604419603321,0,0,/home/2/kj405942/Byczuk_Freericks/filling_variantB_freericks/pbs_variantB_T002_typ_21x21_mu20/chunks/T_0p02__Didx_18_18__typ/dmft_solutions/T_0p02/U_1p8__Delta_1p805__w1_0p5__typ,ok,
0.02,1.6,1.805,typ,0.4,0.6,0.9991886148436967,0.5987247277685803,-0.001275272231419655,0.3133794769997861,0.2279091268209557,0.7272624519094187,1,True,0.001863461281963028,0.06801532065531422,0.004405300521674923,0.004420860728540834,1.556020686591067e-05,3.238461922424771,0.06801532065531422,-0.0001454876255526865,8.841721457081668e-05,2.642863900796825e-11,0.08753702132083056,-0.005229149293657842,-0.9023416570313213,0,0,/home/2/kj405942/Byczuk_Freericks/filling_variantB_freericks/pbs_variantB_T002_typ_21x21_mu20/chunks/T_0p02__Didx_18_18__typ/dmft_solutions/T_0p02/U_1p6__Delta_1p805__w1_0p4__typ,ok,
0.02,1.8,1.805,typ,0.45,0.55,1.178672078862018,0.54618377369296,-0.003816226307040038,0.2475966377333918,0.1127019202843931,0.4551835651570874,94,True,0.001976617590353426,0.01531456493219858,0.001007879331382173,0.00100885238550545,9.730541232775259e-07,3.290590806347771,0.01531456493219858,-1.726377742759517e-05,2.0177047710109e-05,2.666439491524633e-11,0.02513740509350217,-0.01172425300640455,-2.199829318905176,0,0,/home/2/kj405942/Byczuk_Freericks/filling_variantB_freericks/pbs_variantB_T002_typ_21x21_mu20/chunks/T_0p02__Didx_18_18__typ/dmft_solutions/T_0p02/U_1p8__Delta_1p805__w1_0p45__typ,ok,
0.02,1.8,1.805,typ,0.4,0.6,1.172024330816782,0.6016695004362353,0.001669500436235372,0.2275696090271291,0.1014276305745288,0.445699366484553,1,True,0.0005007170340583733,0.01240110107892135,0.0008160341534211946,0.0008193404811596888,3.306327738494242e-06,3.29016814002202,0.01240110107892135,-2.863637703520071e-05,1.638680962319378e-05,2.557880639388786e-11,0.03195811756310581,-0.01083907222370448,-1.80518937119124,0,0,/home/2/kj405942/Byczuk_Freericks/filling_variantB_freericks/pbs_variantB_T002_typ_21x21_mu20/chunks/T_0p02__Didx_18_18__typ/dmft_solutions/T_0p02/U_1p8__Delta_1p805__w1_0p4__typ,ok,
0.02,1.7,1.805,typ,0.5,0.5,0.7805651413351499,0.4993460753498637,-0.0006539246501363061,0.3129678109192829,0.195437329454723,0.6244646338569559,1,True,0.001800332792299802,0.04797842440833857,0.003104133468821088,0.003105591433632319,1.457964811231123e-06,3.234926435268261,0.04797842440833857,3.740343687033855e-05,6.211182867264639e-05,3.079504773744375e-11,0.04928140357080645,-0.0077578886593929,-1.453787966616169,0,0,/home/2/kj405942/Byczuk_Freericks/filling_variantB_freericks/pbs_variantB_T002_typ_21x21_mu20/chunks/T_0p02__Didx_18_18__typ/dmft_solutions/T_0p02/U_1p7__Delta_1p805__w1_0p5__typ,ok,
0.02,1.7,1.805,typ,0.45,0.55,0.9156998572957528,0.5450517618732194,-0.004948238126780691,0.313778811978224,0.1949226883631213,0.6212104862473911,1,True,0.001770687116645896,0.04759372269706517,0.00307351731137029,0.003075408058571994,1.890747201703564e-06,3.22891038691518,0.04759372269706517,-4.242350716480932e-05,6.150816117143988e-05,2.956771414033978e-11,0.04909616907124895,-0.007563376499758944,-1.382349498631716,0,0,/home/2/kj405942/Byczuk_Freericks/filling_variantB_freericks/pbs_variantB_T002_typ_21x21_mu20/chunks/T_0p02__Didx_18_18__typ/dmft_solutions/T_0p02/U_1p7__Delta_1p805__w1_0p45__typ,ok,
0.02,1.7,1.805,typ,0.4,0.6,1.063198486084588,0.6034680803589246,0.003468080358924652,0.2744046991763725,0.1706687404102964,0.6219599770796919,1,True,0.001690504881131067,0.03633557950613604,0.002359978952472564,0.0023771239050136,1.714495254103553e-05,3.24747669439816,0.03633557950613604,-0.0001116218425025967,4.754247810027199e-05,2.628677601768961e-11,0.05099120570770325,-0.007250781145805904,-1.202285945644436,0,0,/home/2/kj405942/Byczuk_Freericks/filling_variantB_freericks/pbs_variantB_T002_typ_21x21_mu20/chunks/T_0p02__Didx_18_18__typ/dmft_solutions/T_0p02/U_1p7__Delta_1p805__w1_0p4__typ,ok,
0.02,1.9,1.805,typ,0.5,0.5,0.9336503383870349,0.5025985924745131,0.002598592474513106,0.09626119496907162,0.02196164136038238,0.2281463612355797,1,True,0.001881025714251439,0.0009107329778005504,0.0001177824320542808,0.0001182807808068463,4.983487525654918e-07,6.466353746118275,0.0009107329778005504,-3.012847966317451e-06,2.365615616136926e-06,3.21327400390552e-11,0.01245857402541071,-0.02138192631155387,-4.022563854666161,0,0,/home/2/kj405942/Byczuk_Freericks/filling_variantB_freericks/pbs_variantB_T002_typ_21x21_mu20/chunks/T_0p02__Didx_18_18__typ/dmft_solutions/T_0p02/U_1p9__Delta_1p805__w1_0p5__typ,ok,
0.02,1.9,1.805,typ,0.45,0.55,0.9374797962847461,0.5493527554990884,-0.0006472445009116923,0.2189753695835587,0.02167142942494465,0.09896742937874141,1,True,0.001931165173367987,0.0008768728577431522,0.0001061174209640668,0.0001215117703503488,1.539434938628204e-05,6.050901223991927,0.0008768728577431522,-1.643099944583145e-05,2.430235407006976e-06,3.110149209207918e-11,0.01966591004183393,-0.01943472983866314,-2.651584883883353,0,0,/home/2/kj405942/Byczuk_Freericks/filling_variantB_freericks/pbs_variantB_T002_typ_21x21_mu20/chunks/T_0p02__Didx_18_18__typ/dmft_solutions/T_0p02/U_1p9__Delta_1p805__w1_0p45__typ,ok,
0.02,1.9,1.805,typ,0.4,0.6,0.9915145037848829,0.5988576005913423,-0.001142399408657679,0.09816979367855753,0.02007302648998936,0.204472534145437,39,True,0.001978050409232965,0.0008228277183799746,8.795730901593261e-05,0.0001147489815884742,2.679167257254165e-05,5.344819276938523,0.0008228277183799746,-2.099758596336626e-05,2.294979631769485e-06,2.880247136140292e-11,0.02849646003649518,-0.01725503028432988,-1.084240201586755,0,0,/home/2/kj405942/Byczuk_Freericks/filling_variantB_freericks/pbs_variantB_T002_typ_21x21_mu20/chunks/T_0p02__Didx_18_18__typ/dmft_solutions/T_0p02/U_1p9__Delta_1p805__w1_0p4__typ,ok,
0.02,2,1.805,typ,0.5,0.5,1.106981901159606,0.4973527485110299,-0.002647251488970104,0.05583579280301575,0.005233653651802238,0.09373295137522543,1,True,0.001178038749142717,6.806295791072263e-05,6.2931841938378e-06,1.135366212680332e-05,5.060477932965516e-06,4.623061050397262,6.806295791072263e-05,2.624618435352356e-06,2.270732425360663e-07,3.090763662320284e-11,0.01000532893999502,-0.0330142563879782,-3.845002357438187,0,0,/home/2/kj405942/Byczuk_Freericks/filling_variantB_freericks/pbs_variantB_T002_typ_21x21_mu20/chunks/T_0p02__Didx_18_18__typ/dmft_solutions/T_0p02/U_2__Delta_1p805__w1_0p5__typ,ok,
0.02,2,1.805,typ,0.45,0.55,1.042039321437533,0.5528190167439648,0.002819016743964786,0.007270261193528017,0.003234633413123025,0.44491295801071,31,True,0.001982600139996802,2.137043882220208e-05,2.935159764881015e-06,3.969399418988304e-06,1.03423965410729e-06,6.867336205168682,2.137043882220208e-05,6.648632228600899e-07,7.938798837976609e-08,3.041591274158644e-11,0.01707271484077217,-0.02870178057391605,-0.9913100246760096,0,0,/home/2/kj405942/Byczuk_Freericks/filling_variantB_freericks/pbs_variantB_T002_typ_21x21_mu20/chunks/T_0p02__Didx_18_18__typ/dmft_solutions/T_0p02/U_2__Delta_1p805__w1_0p45__typ,ok,
0.02,2,1.805,typ,0.4,0.6,1.219849202906837,0.6035947622821821,0.00359476228218214,0.08499512433465008,0.008337464391972379,0.09809344309145782,102,True,0.001992762313579,0.0001243124457178641,8.037441561243779e-06,9.659014411170269e-06,1.621572849926489e-06,3.232758198437074,0.0001243124457178641,2.007892860110065e-06,1.931802882234054e-07,2.640360473166857e-11,0.02627873755080031,-0.02463247250446698,-0.2851923360024148,0,0,/home/2/kj405942/Byczuk_Freericks/filling_variantB_freericks/pbs_variantB_T002_typ_21x21_mu20/chunks/T_0p02__Didx_18_18__typ/dmft_solutions/T_0p02/U_2__Delta_1p805__w1_0p4__typ,ok,
0.02,0.1,1.9025,typ,0.4,0.6,0.1621729262575778,0.5995788730029737,-0.0004211269970262332,0.4433876801291073,0.299183936205659,0.6747682662687909,1,True,0.001498100619009143,0.1254588217432944,0.008196664324804946,0.00819847388619128,1.809561386333378e-06,3.26667515719876,0.1254588217432944,-6.738329754494773e-05,0.0001639694777238256,2.808963012953394e-11,0.1519221951931183,-0.004855820767731112,-0.7676388866821258,0,0,/home/2/kj405942/Byczuk_Freericks/filling_variantB_freericks/pbs_variantB_T002_typ_21x21_mu20/chunks/T_0p02__Didx_19_19__typ/dmft_solutions/T_0p02/U_0p1__Delta_1p9025__w1_0p4__typ,ok,
0.02,0.1,1.9025,typ,0.45,0.55,0.1610181948307834,0.5465179659949457,-0.003482034005054313,0.4432833490750198,0.2996564333457905,0.6759929827526132,1,True,0.001926259384208181,0.1259244125372756,0.008227367468381626,0.008228974376840814,1.60690845918722e-06,3.266788108281306,0.1259244125372756,-6.361587910645099e-05,0.0001645794875368163,2.81763810207059e-11,0.1512253274657065,-0.004847789193187915,-0.7694237916332618,0,0,/home/2/kj405942/Byczuk_Freericks/filling_variantB_freericks/pbs_variantB_T002_typ_21x21_mu20/chunks/T_0p02__Didx_19_19__typ/dmft_solutions/T_0p02/U_0p1__Delta_1p9025__w1_0p45__typ,ok,
0.02,0.1,1.9025,typ,0.5,0.5,0.1387459337856612,0.4964639551019165,-0.003536044898083457,0.4431803672556983,0.3010095478658673,0.679203254715018,1,True,0.001988712483332284,0.1271272067514877,0.008306729224108385,0.008307673014853724,9.437907453395632e-07,3.267093424127002,0.1271272067514877,-4.898601457822903e-05,0.0001661534602970745,2.856290057944857e-11,0.1473264960463868,-0.004852047763922392,-0.7765798093978544,0,0,/home/2/kj405942/Byczuk_Freericks/filling_variantB_freericks/pbs_variantB_T002_typ_21x21_mu20/chunks/T_0p02__Didx_19_19__typ/dmft_solutions/T_0p02/U_0p1__Delta_1p9025__w1_0p5__typ,ok,
0.02,0.3,1.9025,typ,0.5,0.5,0.244606483768939,0.4995725150895821,-0.0004274849104179412,0.4350390001663075,0.3254874582610356,0.7481799519965054,1,True,0.00195367699075316,0.1541530492786027,0.01008204256672211,0.01008304691171126,1.004344989153535e-06,3.270140491512663,0.1541530492786027,-5.564581612407219e-05,0.0002016609382342253,2.856505361410641e-11,0.1967469129994705,-0.003384488058146196,-0.6845411550276586,0,0,/home/2/kj405942/Byczuk_Freericks/filling_variantB_freericks/pbs_variantB_T002_typ_21x21_mu20/chunks/T_0p02__Didx_19_19__typ/dmft_solutions/T_0p02/U_0p3__Delta_1p9025__w1_0p5__typ,ok,
0.02,0.3,1.9025,typ,0.45,0.55,0.3024405025275518,0.5451772438973874,-0.004822756102612624,0.4351681670577245,0.3210398766023016,0.7377375022004219,3,True,0.001928045528930968,0.1497906879434976,0.009794460013443472,0.009797510877090857,3.050863647385168e-06,3.269382145149781,0.1497906879434976,-9.560240212082879e-05,0.0001959502175418172,2.75468443313448e-11,0.2041999633449673,-0.003367031546860327,-0.6710684702312149,0,0,/home/2/kj405942/Byczuk_Freericks/filling_variantB_freericks/pbs_variantB_T002_typ_21x21_mu20/chunks/T_0p02__Didx_19_19__typ/dmft_solutions/T_0p02/U_0p3__Delta_1p9025__w1_0p45__typ,ok,
0.02,0.2,1.9025,typ,0.5,0.5,0.0582310545194883,0.4979562934149799,-0.002043706585020066,0.4396529114979816,0.3130503551076905,0.7120397634603807,86,True,0.001990760464849217,0.1398656180397486,0.009143956775072917,0.009144159224591379,2.02449518461311e-07,3.268836510082945,0.1398656180397486,2.379736414876267e-05,0.0001828831844918276,2.928113545406366e-11,0.1584194557847809,-0.004081100596969616,-0.7458935863709055,0,0,/home/2/kj405942/Byczuk_Freericks/filling_variantB_freericks/pbs_variantB_T002_typ_21x21_mu20/chunks/T_0p02__Didx_19_19__typ/dmft_solutions/T_0p02/U_0p2__Delta_1p9025__w1_0p5__typ,ok,
0.02,0.3,1.9025,typ,0.4,0.6,0.3034545439643787,0.596883428541177,-0.003116571458822937,0.4354179251933251,0.3191456475701231,0.732963961987607,1,True,0.001901227339280946,0.1478323473589364,0.00966563563479556,0.009669270931830518,3.635297034957649e-06,3.269120665224721,0.1478323473589364,-0.0001036739595100689,0.0001933854186366104,2.732687287236782e-11,0.2034652743736629,-0.003395238363588985,-0.6704387573461885,0,0,/home/2/kj405942/Byczuk_Freericks/filling_variantB_freericks/pbs_variantB_T002_typ_21x21_mu20/chunks/T_0p02__Didx_19_19__typ/dmft_solutions/T_0p02/U_0p3__Delta_1p9025__w1_0p4__typ,ok,
0.02,0.2,1.9025,typ,0.45,0.55,0.05924754060721719,0.5466654789637744,-0.003334521036225668,0.4396844277081188,0.3131337571334756,0.7121784111520707,1,True,0.0009678131484465059,0.1399032029670442,0.009146443637669033,0.009146553247344032,1.096096749993673e-07,3.268847118469325,0.1399032029670442,1.751270659183682e-05,0.0001829310649468807,2.944371404273646e-11,0.1558513878960722,-0.004081967273562192,-0.7472005485110377,0,0,/home/2/kj405942/Byczuk_Freericks/filling_variantB_freericks/pbs_variantB_T002_typ_21x21_mu20/chunks/T_0p02__Didx_19_19__typ/dmft_solutions/T_0p02/U_0p2__Delta_1p9025__w1_0p45__typ,ok,
0.02,0.2,1.9025,typ,0.4,0.6,0.05955310112462496,0.6014616227649746,0.001461622764974635,0.4397771943178522,0.3129067979909503,0.7115121066618897,1,True,0.001719652740835764,0.1396299408625777,0.009128509791442843,0.009128558122811183,4.833136833915483e-08,3.268822479996258,0.1396299408625777,1.161766422565539e-05,0.0001825711624562237,2.959591146950979e-11,0.1529115759660071,-0.004094020615797986,-0.7494875089330456,0,0,/home/2/kj405942/Byczuk_Freericks/filling_variantB_freericks/pbs_variantB_T002_typ_21x21_mu20/chunks/T_0p02__Didx_19_19__typ/dmft_solutions/T_0p02/U_0p2__Delta_1p9025__w1_0p4__typ,ok,
0.02,0,1.9025,typ,0.5,0.5,0.1461268636168443,0.4954304826470434,-0.004569517352956631,0.44475938886703,0.2935961711062249,0.6601236049319278,1,True,0.001984133884039889,0.1201028540455723,0.007844485435267659,0.007847092642124905,2.607206857246052e-06,3.26573647962234,0.1201028540455723,-7.913696792807238e-05,0.0001569418528424981,2.774362768805959e-11,0.1474377974736635,-0.0052903558003929,-0.7731014122815403,0,0,/home/2/kj405942/Byczuk_Freericks/filling_variantB_freericks/pbs_variantB_T002_typ_21x21_mu20/chunks/T_0p02__Didx_19_19__typ/dmft_solutions/T_0p02/U_0__Delta_1p9025__w1_0p5__typ,ok,
0.02,0,1.9025,typ,0.4,0.6,0.3044802060991625,0.5967402019776058,-0.003259798022394178,0.4463866209614443,0.2758774752752471,0.6180236197067283,3,True,0.001956499169557356,0.1054797960750643,0.006879071944262813,0.00689113399577005,1.206205150723701e-05,3.260848143547483,0.1054797960750643,-0.0001595181954029246,0.000137822679915401,2.56651618971282e-11,0.1506480632138602,-0.005247909211392994,-0.7047006525784579,0,0,/home/2/kj405942/Byczuk_Freericks/filling_variantB_freericks/pbs_variantB_T002_typ_21x21_mu20/chunks/T_0p02__Didx_19_19__typ/dmft_solutions/T_0p02/U_0__Delta_1p9025__w1_0p4__typ,ok,
0.02,0,1.9025,typ,0.45,0.55,0.2462022914757478,0.545946221713733,-0.004053778286267073,0.4455937962420639,0.2840786991313268,0.6375283981220515,1,True,0.001001638864752205,0.1121351357720316,0.007318386885326105,0.00732597198600428,7.585100678174892e-06,3.263199725465277,0.1121351357720316,-0.0001304267069577141,0.0001465194397200856,2.640666685045811e-11,0.1527483918168115,-0.005263339465560014,-0.730471209021244,0,0,/home/2/kj405942/Byczuk_Freericks/filling_variantB_freericks/pbs_variantB_T002_typ_21x21_mu20/chunks/T_0p02__Didx_19_19__typ/dmft_solutions/T_0p02/U_0__Delta_1p9025__w1_0p45__typ,ok,
0.02,0.4,1.9025,typ,0.5,0.5,0.1059504891506235,0.4956783048963567,-0.004321695103643275,0.4295500496029792,0.3394230341703319,0.7901827376904064,1,True,0.001591944746648605,0.1720526628111395,0.01125745582313725,0.0112583979304352,9.421072979571252e-07,3.27151455816015,0.1720526628111395,5.693717050703011e-05,0.0002251679586087041,2.863644660057007e-11,0.2282437274346338,-0.002861857052318583,-0.6371019720511725,0,0,/home/2/kj405942/Byczuk_Freericks/filling_variantB_freericks/pbs_variantB_T002_typ_21x21_mu20/chunks/T_0p02__Didx_19_19__typ/dmft_solutions/T_0p02/U_0p4__Delta_1p9025__w1_0p5__typ,ok,
0.02,0.4,1.9025,typ,0.45,0.55,0.105322206056376,0.5517095226365123,0.001709522636512251,0.4296522040771324,0.3398232708621309,0.790926399626068,1,True,0.001146993283481907,0.1723951730677806,0.01128007376214059,0.01128067816745299,6.044053123961481e-07,3.271574708679809,0.1723951730677806,4.565009494702501e-05,0.0002256135633490598,2.891407282463947e-11,0.2243606642877033,-0.002867678179320797,-0.6391459189241468,0,0,/home/2/kj405942/Byczuk_Freericks/filling_variantB_freericks/pbs_variantB_T002_typ_21x21_mu20/chunks/T_0p02__Didx_19_19__typ/dmft_solutions/T_0p02/U_0p4__Delta_1p9025__w1_0p45__typ,ok,
0.02,0.4,1.9025,typ,0.4,0.6,0.1037888052687342,0.5974110677918529,-0.002588932208147043,0.4299850745159882,0.3393992567518594,0.7893279950098347,1,True,0.001475079431882733,0.1717101346761762,0.0112351912613931,0.0112355500999328,3.588385396991152e-07,3.271557407657173,0.1717101346761762,3.510447663154586e-05,0.000224711001998656,2.917897139363343e-11,0.218490560380739,-0.002891053594231481,-0.6440831311542951,0,0,/home/2/kj405942/Byczuk_Freericks/filling_variantB_freericks/pbs_variantB_T002_typ_21x21_mu20/chunks/T_0p02__Didx_19_19__typ/dmft_solutions/T_0p02/U_0p4__Delta_1p9025__w1_0p4__typ,ok,
0.02,0.5,1.9025,typ,0.5,0.5,0.3967145551861442,0.5007872645435584,0.0007872645435583747,0.4237713644530758,0.3499152259406785,0.8257170146271754,71,True,0.00195689063991612,0.1867401556843349,0.01222050714449226,0.012222746757274,2.239612781742419e-06,3.27206194610595,0.1867401556843349,-9.145771039504604e-05,0.0002444549351454801,2.796447654096409e-11,0.2692047972591781,-0.002476890429866371,-0.5843611643204317,0,0,/home/2/kj405942/Byczuk_Freericks/filling_variantB_freericks/pbs_variantB_T002_typ_21x21_mu20/chunks/T_0p02__Didx_19_19__typ/dmft_solutions/T_0p02/U_0p5__Delta_1p9025__w1_0p5__typ,ok,
0.02,0.5,1.9025,typ,0.45,0.55,0.3053822113703332,0.5467284081006107,-0.003271591899389303,0.4240175948391497,0.3528059376465241,0.8320549475791457,1,True,0.001768571172243934,0.1898952515721004,0.01242886259555704,0.01242948902426093,6.264287038858107e-07,3.272557500164238,0.1898952515721004,-4.877619015798197e-05,0.0002485897804852186,2.890861516270897e-11,0.2549134658774901,-0.00248715925435379,-0.6002438969635862,0,0,/home/2/kj405942/Byczuk_Freericks/filling_variantB_freericks/pbs_variantB_T002_typ_21x21_mu20/chunks/T_0p02__Didx_19_19__typ/dmft_solutions/T_0p02/U_0p5__Delta_1p9025__w1_0p45__typ,ok,
0.02,0.6000000000000001,1.9025,typ,0.5,0.5,0.4999999999999999,0.5045553476839133,0.004555347683913302,0.4175830563476371,0.3564926900787769,0.8537048729821962,126,True,0.001975134469685468,0.1975809401872769,0.01292977126764465,0.01293410333510549,4.332067460847214e-06,3.272018863608295,0.1975809401872769,-0.000130838370661584,0.0002586820667021099,2.73116637848586e-11,0.3045629916043087,-0.002234983471795226,-0.5423507577741855,0,0,/home/2/kj405942/Byczuk_Freericks/filling_variantB_freericks/pbs_variantB_T002_typ_21x21_mu20/chunks/T_0p02__Didx_19_19__typ/dmft_solutions/T_0p02/U_0p6__Delta_1p9025__w1_0p5__typ,ok,
0.02,0.5,1.9025,typ,0.4,0.6,0.3043675463729763,0.5984582564836839,-0.001541743516316085,0.424463060468261,0.3509467275715091,0.8268015765243508,1,True,0.001384970826838289,0.1873998920576158,0.01226486145672247,0.01226587583960917,1.014382886700815e-06,3.27237687334197,0.1873998920576158,-6.165958862542394e-05,0.0002453175167921834,2.855765849760343e-11,0.2555101167111647,-0.002514692519042147,-0.6019463164400196,0,0,/home/2/kj405942/Byczuk_Freericks/filling_variantB_freericks/pbs_variantB_T002_typ_21x21_mu20/chunks/T_0p02__Didx_19_19__typ/dmft_solutions/T_0p02/U_0p5__Delta_1p9025__w1_0p4__typ,ok,
0.02,0.6000000000000001,1.9025,typ,0.45,0.55,0.5051303211409498,0.5474991858333649,-0.002500814166635168,0.4175749410655823,0.3534120432976702,0.846343993717202,1,True,0.001942411437586594,0.1938388391185951,0.01268343555233059,0.01268914055000873,5.704997678148889e-06,3.271644529549253,0.1938388391185951,-0.0001487178622161212,0.0002537828110001747,2.684099299356816e-11,0.3018084558478971,-0.002229509198075262,-0.5389852936074183,0,0,/home/2/kj405942/Byczuk_Freericks/filling_variantB_freericks/pbs_variantB_T002_typ_21x21_mu20/chunks/T_0p02__Didx_19_19__typ/dmft_solutions/T_0p02/U_0p6__Delta_1p9025__w1_0p45__typ,ok,
0.02,0.6000000000000001,1.9025,typ,0.4,0.6,0.5041993103332585,0.5960697379356324,-0.003930262064367529,0.4179846169822319,0.3497524149445467,0.8367590593876194,1,True,0.0008757910109040151,0.1892189185707736,0.01237969478331811,0.01238662262843217,6.927845114065668e-06,3.271262428943575,0.1892189185707736,-0.0001619184585221415,0.0002477324525686435,2.645375724099478e-11,0.2955434956996415,-0.00225126142232869,-0.5388654152134092,0,0,/home/2/kj405942/Byczuk_Freericks/filling_variantB_freericks/pbs_variantB_T002_typ_21x21_mu20/chunks/T_0p02__Didx_19_19__typ/dmft_solutions/T_0p02/U_0p6__Delta_1p9025__w1_0p4__typ,ok,
0.02,0.7000000000000001,1.9025,typ,0.5,0.5,0.5540568139896742,0.5014236787459844,0.001423678745984369,0.411382046118091,0.3638427918203471,0.8844401335781743,125,True,0.001976988361298542,0.2091482040695167,0.01368738635670512,0.01369200514380649,4.618787101364912e-06,3.272174011151372,0.2091482040695167,-0.0001389971961753128,0.0002738401028761298,2.734414470427434e-11,0.3298793269851125,-0.002090784669476434,-0.5178043250961091,0,0,/home/2/kj405942/Byczuk_Freericks/filling_variantB_freericks/pbs_variantB_T002_typ_21x21_mu20/chunks/T_0p02__Didx_19_19__typ/dmft_solutions/T_0p02/U_0p7__Delta_1p9025__w1_0p5__typ,ok,
0.02,0.7000000000000001,1.9025,typ,0.45,0.55,0.5339269956166814,0.5515760274831502,0.001576027483150111,0.4115746172316627,0.3628996127245465,0.8817346783081171,62,True,0.001969364577656645,0.2077129370822428,0.01359334552707023,0.01359826227026451,4.916743194278267e-06,3.272147059787618,0.2077129370822428,-0.000142917540544376,0.0002719652454052902,2.714393667999082e-11,0.3288888237531283,-0.002083061808302157,-0.5207696339750979,0,0,/home/2/kj405942/Byczuk_Freericks/filling_variantB_freericks/pbs_variantB_T002_typ_21x21_mu20/chunks/T_0p02__Didx_19_19__typ/dmft_solutions/T_0p02/U_0p7__Delta_1p9025__w1_0p45__typ,ok,
0.02,1,1.9025,typ,0.5,0.5,0.4974154525179152,0.5015023331184744,0.001502333118474364,0.3946119597938166,0.375698530037939,0.9520708146662362,1,True,0.001938260565488702,0.22515718952726,0.01473486194775052,0.01473486205805234,1.103018245526635e-10,3.272127791852402,0.22515718952726,7.047729963045781e-07,0.0002946972411610468,3.063230255280458e-11,0.3177305949473383,-0.002131898713180833,-0.539800458508542,0,0,/home/2/kj405942/Byczuk_Freericks/filling_variantB_freericks/pbs_variantB_T002_typ_21x21_mu20/chunks/T_0p02__Didx_19_19__typ/dmft_solutions/T_0p02/U_1__Delta_1p9025__w1_0p5__typ,ok,
0.02,0.7000000000000001,1.9025,typ,0.4,0.6,0.5615811223929766,0.6008866345201088,0.0008866345201088421,0.4116519634110535,0.355993014888495,0.8647912472921196,1,True,0.001933903525378373,0.1989382448580697,0.0130156024188629,0.01302345734739837,7.854928535465576e-06,3.271267027651909,0.1989382448580697,-0.0001767849369336137,0.0002604691469479674,2.631076641094164e-11,0.3185043064344408,-0.002098841824908472,-0.5147717287802531,0,0,/home/2/kj405942/Byczuk_Freericks/filling_variantB_freericks/pbs_variantB_T002_typ_21x21_mu20/chunks/T_0p02__Didx_19_19__typ/dmft_solutions/T_0p02/U_0p7__Delta_1p9025__w1_0p4__typ,ok,
0.02,1,1.9025,typ,0.4,0.6,0.4471892621323308,0.6003135716563061,0.0003135716563060775,0.3959934897663595,0.3736416111162363,0.9435549340386606,23,True,0.001931745614727291,0.2217267920276966,0.01450937719880698,0.01450937779280414,5.93997163117805e-10,3.27190437071641,0.2217267920276966,1.622991592409914e-06,0.0002901875558560829,2.993719466973742e-11,0.3081997220923332,-0.002135651028389192,-0.5455910272357725,0,0,/home/2/kj405942/Byczuk_Freericks/filling_variantB_freericks/pbs_variantB_T002_typ_21x21_mu20/chunks/T_0p02__Didx_19_19__typ/dmft_solutions/T_0p02/U_1__Delta_1p9025__w1_0p4__typ,ok,
0.02,1,1.9025,typ,0.45,0.55,0.4450691756622847,0.5540534187204279,0.004053418720427859,0.3948879238368168,0.3749303951495404,0.9494602709210129,35,True,0.001916034837021699,0.2240002255574632,0.01465853046832187,0.0146586666305749,1.36162253029758e-07,3.271990113367427,0.2240002255574632,2.46983300613941e-05,0.0002931733326114979,3.057570968230426e-11,0.3243390801961206,-0.002131521486717197,-0.5418798940178242,0,0,/home/2/kj405942/Byczuk_Freericks/filling_variantB_freericks/pbs_variantB_T002_typ_21x21_mu20/chunks/T_0p02__Didx_19_19__typ/dmft_solutions/T_0p02/U_1__Delta_1p9025__w1_0p45__typ,ok,
0.02,0.9,1.9025,typ,0.5,0.5,0.4329416240773546,0.5005773838472162,0.000577383847216173,0.4006065179592999,0.3781815041853843,0.9440223441991178,9,True,0.001893630840454748,0.2294709653269035,0.01502105398504718,0.01502108956271872,3.557767154493671e-08,3.272974854062307,0.2294709653269035,1.277813964041725e-05,0.0003004217912543745,3.027317617387863e-11,0.3340326131725246,-0.002043646101559768,-0.5316614521906979,0,0,/home/2/kj405942/Byczuk_Freericks/filling_variantB_freericks/pbs_variantB_T002_typ_21x21_mu20/chunks/T_0p02__Didx_19_19__typ/dmft_solutions/T_0p02/U_0p9__Delta_1p9025__w1_0p5__typ,ok,
0.02,0.9,1.9025,typ,0.45,0.55,0.4390150713109071,0.5503327675933517,0.0003327675933516572,0.4009212627510512,0.377750749289392,0.9422068230987122,2,True,0.001978596092488776,0.2286385068258924,0.01496641233527796,0.01496644315824412,3.082296616080353e-08,3.272942196625444,0.2286385068258924,-1.187208234384443e-05,0.0002993288631648824,3.001571657869877e-11,0.3307658367760137,-0.002037489377105191,-0.5335543154274918,0,0,/home/2/kj405942/Byczuk_Freericks/filling_variantB_freericks/pbs_variantB_T002_typ_21x21_mu20/chunks/T_0p02__Didx_19_19__typ/dmft_solutions/T_0p02/U_0p9__Delta_1p9025__w1_0p45__typ,ok,
0.02,0.9,1.9025,typ,0.4,0.6,0.5252980693928899,0.5969266144579389,-0.003073385542061047,0.4011148383262433,0.3727201425380023,0.9292105574884106,1,True,0.001663693239906069,0.2215944772151497,0.01450289592088892,0.01450485771610185,1.961795212921129e-06,3.272395617244518,0.2215944772151497,-9.324408663399959e-05,0.0002900971543220369,2.807992314778084e-11,0.351609135539579,-0.0020542096155431,-0.5209949927610216,0,0,/home/2/kj405942/Byczuk_Freericks/filling_variantB_freericks/pbs_variantB_T002_typ_21x21_mu20/chunks/T_0p02__Didx_19_19__typ/dmft_solutions/T_0p02/U_0p9__Delta_1p9025__w1_0p4__typ,ok,
0.02,0.8,1.9025,typ,0.5,0.5,0.5156869261998885,0.4960959868683057,-0.003904013131694306,0.4060633629603214,0.3743091096972935,0.9217997579699629,1,True,0.001944307624524368,0.2239043532868043,0.01465662417597048,0.0146581972421762,1.573066205719071e-06,3.27296543386016,0.2239043532868043,-8.393049165456566e-05,0.000293163944843524,2.868211228971002e-11,0.3458561370298143,-0.002021541112412171,-0.5229107574254995,0,0,/home/2/kj405942/Byczuk_Freericks/filling_variantB_freericks/pbs_variantB_T002_typ_21x21_mu20/chunks/T_0p02__Didx_19_19__typ/dmft_solutions/T_0p02/U_0p8__Delta_1p9025__w1_0p5__typ,ok,
0.02,0.8,1.9025,typ,0.45,0.55,0.5240294948980666,0.5491659483311646,-0.0008340516688354338,0.4060339047682894,0.3718491879807244,0.9158082209733861,11,True,0.00192526521512116,0.2205372828884688,0.01443505905985592,0.0144377141713974,2.655111541480119e-06,3.272702662967896,0.2205372828884688,-0.0001082174741087445,0.0002887542834279481,2.799614912129267e-11,0.3480517833300126,-0.002022273094143251,-0.5192591896219156,0,0,/home/2/kj405942/Byczuk_Freericks/filling_variantB_freericks/pbs_variantB_T002_typ_21x21_mu20/chunks/T_0p02__Didx_19_19__typ/dmft_solutions/T_0p02/U_0p8__Delta_1p9025__w1_0p45__typ,ok,
0.02,0.8,1.9025,typ,0.4,0.6,0.5211465128497039,0.6010628270464142,0.00106282704641425,0.4066182635082364,0.3687989919956121,0.9069907210110885,101,True,0.001977394432860994,0.216110871972684,0.01414427237899045,0.01414779134514878,3.518966158325478e-06,3.272457384924684,0.216110871972684,-0.000123327762074732,0.0002829558269029756,2.747425485964605e-11,0.3453852616754465,-0.002045838484312971,-0.5188614780631358,0,0,/home/2/kj405942/Byczuk_Freericks/filling_variantB_freericks/pbs_variantB_T002_typ_21x21_mu20/chunks/T_0p02__Didx_19_19__typ/dmft_solutions/T_0p02/U_0p8__Delta_1p9025__w1_0p4__typ,ok,
0.02,1.3,1.9025,typ,0.5,0.5,0.7361076538489461,0.4972347801080805,-0.002765219891919468,0.3738030182040198,0.3412255075184654,0.9128484546698503,1,True,0.001872727010151954,0.1739122940091224,0.01135853306608265,0.01135989527107572,1.362204993080154e-06,3.265592329397612,0.1739122940091224,-6.883374103697259e-05,0.0002271979054215145,2.97989210791419e-11,0.2309319934034757,-0.003025292533442554,-0.6354954146709131,0,0,/home/2/kj405942/Byczuk_Freericks/filling_variantB_freericks/pbs_variantB_T002_typ_21x21_mu20/chunks/T_0p02__Didx_19_19__typ/dmft_solutions/T_0p02/U_1p3__Delta_1p9025__w1_0p5__typ,ok,
0.02,1.3,1.9025,typ,0.45,0.55,0.7317663968220131,0.5522259121154116,0.002225912115411566,0.3738775477934486,0.3398234029391496,0.9089163148328113,6,True,0.001975543075162344,0.1723676614270592,0.01125683110414135,0.01125869072429931,1.859620157960845e-06,3.265354710664478,0.1723676614270592,-8.006726893935241e-05,0.0002251738144859863,2.890674722074111e-11,0.2328026932167128,-0.003006730195336962,-0.6246945269641755,0,0,/home/2/kj405942/Byczuk_Freericks/filling_variantB_freericks/pbs_variantB_T002_typ_21x21_mu20/chunks/T_0p02__Didx_19_19__typ/dmft_solutions/T_0p02/U_1p3__Delta_1p9025__w1_0p45__typ,ok,
0.02,1.3,1.9025,typ,0.4,0.6,0.8678649910066385,0.5968046320015032,-0.003195367998496734,0.3658975710536015,0.3217748007801327,0.8794122351060779,33,True,0.001871748657796691,0.1536479465723298,0.01001955287163283,0.01003234276888767,1.278989725483476e-05,3.260555410975222,0.1536479465723298,-0.0001982494111000806,0.0002006468553777533,2.612968536853144e-11,0.2308253321012679,-0.002983505674862069,-0.5751320347544626,0,0,/home/2/kj405942/Byczuk_Freericks/filling_variantB_freericks/pbs_variantB_T002_typ_21x21_mu20/chunks/T_0p02__Didx_19_19__typ/dmft_solutions/T_0p02/U_1p3__Delta_1p9025__w1_0p4__typ,ok,
0.02,1.1,1.9025,typ,0.5,0.5,0.6593974242672793,0.4964465077377735,-0.00355349226222651,0.3873696194507348,0.3663225565125012,0.9456667175704772,1,True,0.001826584396646082,0.2107886492487942,0.01378631495603492,0.01378807956979626,1.764613761333605e-06,3.270174889674185,0.2107886492487942,-8.625086100409025e-05,0.0002757615913959251,2.914540394925382e-11,0.320656740103053,-0.002316056246613558,-0.5476500647463129,0,0,/home/2/kj405942/Byczuk_Freericks/filling_variantB_freericks/pbs_variantB_T002_typ_21x21_mu20/chunks/T_0p02__Didx_19_19__typ/dmft_solutions/T_0p02/U_1p1__Delta_1p9025__w1_0p5__typ,ok,
0.02,1.1,1.9025,typ,0.45,0.55,0.6291526695823545,0.5485615411523331,-0.001438458847666912,0.3878922924548518,0.3661149129792559,0.9438571482362448,1,True,0.001740761661920029,0.210458907928438,0.01376525716782926,0.01376677385085299,1.516683023734878e-06,3.270295684635462,0.210458907928438,-7.989986894217584e-05,0.0002753354770170598,2.879023416467898e-11,0.3192179868837813,-0.002296627635647031,-0.5460332454914187,0,0,/home/2/kj405942/Byczuk_Freericks/filling_variantB_freericks/pbs_variantB_T002_typ_21x21_mu20/chunks/T_0p02__Didx_19_19__typ/dmft_solutions/T_0p02/U_1p1__Delta_1p9025__w1_0p45__typ,ok,
0.02,1.1,1.9025,typ,0.4,0.6,0.8385376137687497,0.5965172055897346,-0.003482794410265333,0.3793348992652222,0.3383986517322285,0.8920841514653993,1,True,0.001950143513553344,0.1778696092295934,0.01161244299501296,0.01163038667118992,1.794367617695664e-05,3.264313405002106,0.1778696092295934,-0.0002526513277122304,0.0002326077334237983,2.523726250423527e-11,0.4181837488857121,-0.002291031459841715,-0.4888902604825833,0,0,/home/2/kj405942/Byczuk_Freericks/filling_variantB_freericks/pbs_variantB_T002_typ_21x21_mu20/chunks/T_0p02__Didx_19_19__typ/dmft_solutions/T_0p02/U_1p1__Delta_1p9025__w1_0p4__typ,ok,
0.02,1.4,1.9025,typ,0.5,0.5,0.7458234938551258,0.4978257863425429,-0.002174213657457125,0.366751235110451,0.322177990508329,0.878464636693866,1,True,0.001830359428472721,0.1499877155201281,0.009785461235352205,0.009785869577625389,4.083422731842759e-07,3.262087565444323,0.1499877155201281,-3.499894990002003e-05,0.0001957173915525078,3.059484021588988e-11,0.1682003070458806,-0.003692025180519103,-0.7135022967884753,0,0,/home/2/kj405942/Byczuk_Freericks/filling_variantB_freericks/pbs_variantB_T002_typ_21x21_mu20/chunks/T_0p02__Didx_19_19__typ/dmft_solutions/T_0p02/U_1p4__Delta_1p9025__w1_0p5__typ,ok,
0.02,1.4,1.9025,typ,0.45,0.55,0.9256570064518373,0.5452950194524007,-0.00470498054759938,0.3541136313026546,0.3038334300560249,0.858011110553222,79,True,0.001995990423072368,0.1323868155598997,0.008621801401815756,0.00863499778435578,1.319638254002346e-05,3.256291559454701,0.1323868155598997,-0.000186923891537918,0.0001726999556871156,2.697245478537104e-11,0.1928906025548147,-0.003658163066161351,-0.6572395746336676,0,0,/home/2/kj405942/Byczuk_Freericks/filling_variantB_freericks/pbs_variantB_T002_typ_21x21_mu20/chunks/T_0p02__Didx_19_19__typ/dmft_solutions/T_0p02/U_1p4__Delta_1p9025__w1_0p45__typ,ok,
0.02,1.4,1.9025,typ,0.4,0.6,0.9334689093973849,0.6031362413663088,0.003136241366308856,0.3526378837954982,0.2977635258102708,0.8443889312327821,56,True,0.001972328161423848,0.1271245620157938,0.008273682332825615,0.008289875658739452,1.619332591383623e-05,3.254163554875297,0.1271245620157938,-0.0002029073416303824,0.0001657975131747891,2.594272793620255e-11,0.1859674600049019,-0.003621260033657855,-0.6232295673928756,0,0,/home/2/kj405942/Byczuk_Freericks/filling_variantB_freericks/pbs_variantB_T002_typ_21x21_mu20/chunks/T_0p02__Didx_19_19__typ/dmft_solutions/T_0p02/U_1p4__Delta_1p9025__w1_0p4__typ,ok,
0.02,1.2,1.9025,typ,0.45,0.55,0.6924549703717456,0.548692333320792,-0.001307666679208008,0.3808651116352155,0.3546664995951665,0.9312128855080286,1,True,0.001835276679329177,0.193279397502198,0.01263341144590827,0.01263541975096917,2.008305060899636e-06,3.268173330725693,0.193279397502198,-8.810947646777805e-05,0.0002527083950193834,2.866850218751261e-11,0.2818603154165052,-0.002587721282348653,-0.572675402171776,0,0,/home/2/kj405942/Byczuk_Freericks/filling_variantB_freericks/pbs_variantB_T002_typ_21x21_mu20/chunks/T_0p02__Didx_19_19__typ/dmft_solutions/T_0p02/U_1p2__Delta_1p9025__w1_0p45__typ,ok,
0.02,1.2,1.9025,typ,0.5,0.5,0.4973073905736598,0.4977297289228901,-0.002270271077109864,0.380568523847501,0.3555455821824703,0.9342485253061609,83,True,0.001983969463723998,0.1946812027154032,0.01272533034466009,0.01272700957518741,1.679230527311251e-06,3.268248338095268,0.1946812027154032,8.085970797540331e-05,0.0002545401915037481,2.939041872820442e-11,0.2810668551008124,-0.002600416556699824,-0.5806573894576919,0,0,/home/2/kj405942/Byczuk_Freericks/filling_variantB_freericks/pbs_variantB_T002_typ_21x21_mu20/chunks/T_0p02__Didx_19_19__typ/dmft_solutions/T_0p02/U_1p2__Delta_1p9025__w1_0p5__typ,ok,
0.02,1.2,1.9025,typ,0.4,0.6,0.6906271593565704,0.6034699705670983,0.003469970567098302,0.38167265850661,0.3515778897200642,0.9211503152877152,1,True,0.001645880610790738,0.1892905642584879,0.01237107019162455,0.01237396499986792,2.894808243370932e-06,3.267746134120847,0.1892905642584879,-0.0001046861868450471,0.0002474792999973585,2.783166160097364e-11,0.2792835556555032,-0.002574267788352932,-0.5691368611541103,0,0,/home/2/kj405942/Byczuk_Freericks/filling_variantB_freericks/pbs_variantB_T002_typ_21x21_mu20/chunks/T_0p02__Didx_19_19__typ/dmft_solutions/T_0p02/U_1p2__Delta_1p9025__w1_0p4__typ,ok,
0.02,1.5,1.9025,typ,0.45,0.55,0.7185612254603784,0.5457619104219693,-0.004238089578030735,0.358836278257928,0.2957391572756405,0.8241618119310281,1,True,0.001822045244076697,0.1215941704394477,0.007919360395548738,0.007919439356338782,7.896079004339472e-08,3.256472068902544,0.1215941704394477,1.385725208154199e-05,0.0001583887871267757,3.084541195558462e-11,0.1220757428628901,-0.004652791518304918,-0.8181739421594239,0,0,/home/2/kj405942/Byczuk_Freericks/filling_variantB_freericks/pbs_variantB_T002_typ_21x21_mu20/chunks/T_0p02__Didx_19_19__typ/dmft_solutions/T_0p02/U_1p5__Delta_1p9025__w1_0p45__typ,ok,
0.02,1.5,1.9025,typ,0.5,0.5,0.6007471827488317,0.5029553663708711,0.002955366370871126,0.3506884897258042,0.2883014080817889,0.8221011425473519,1,True,0.001960168808844667,0.115542288187556,0.007520338909649367,0.007526066553548177,5.727643898809966e-06,3.254366443497228,0.115542288187556,0.0001150465194599122,0.0001505213310709635,2.919119534710491e-11,0.143479851524964,-0.004699045180645059,-0.81585316064052,0,0,/home/2/kj405942/Byczuk_Freericks/filling_variantB_freericks/pbs_variantB_T002_typ_21x21_mu20/chunks/T_0p02__Didx_19_19__typ/dmft_solutions/T_0p02/U_1p5__Delta_1p9025__w1_0p5__typ,ok,
0.02,1.5,1.9025,typ,0.4,0.6,0.5138331153768443,0.6044952189503879,0.004495218950387958,0.3487240418450348,0.2796866117694861,0.8020284758392787,25,True,0.001970484688931648,0.1075997995838461,0.007009902025936576,0.00702004749029607,1.014546435949369e-05,3.257395484493528,0.1075997995838461,0.0001477599358260943,0.0001404009498059214,3.00137308846818e-11,0.1474467337311808,-0.004623917450440286,-0.8470084826249871,0,0,/home/2/kj405942/Byczuk_Freericks/filling_variantB_freericks/pbs_variantB_T002_typ_21x21_mu20/chunks/T_0p02__Didx_19_19__typ/dmft_solutions/T_0p02/U_1p5__Delta_1p9025__w1_0p4__typ,ok,
0.02,1.7,1.9025,typ,0.5,0.5,0.8254425522340476,0.4978899747836905,-0.002110025216309541,0.3328397123665138,0.2207647754330714,0.6632765479317906,118,True,0.001970977987235235,0.0623563067530113,0.00403111811807499,0.004031301534761045,1.834166860549371e-07,3.232325908942899,0.0623563067530113,1.51242766037007e-05,8.06260306952209e-05,3.154013557014042e-11,0.06283208536932386,-0.009225509788655452,-1.260879535387015,0,0,/home/2/kj405942/Byczuk_Freericks/filling_variantB_freericks/pbs_variantB_T002_typ_21x21_mu20/chunks/T_0p02__Didx_19_19__typ/dmft_solutions/T_0p02/U_1p7__Delta_1p9025__w1_0p5__typ,ok,
0.02,1.7,1.9025,typ,0.45,0.55,1.092943417353081,0.5520263757315818,0.002026375731581709,0.2904319260459188,0.1927758917633497,0.6637558562789367,2,True,0.001983288865185178,0.04701400032774369,0.003048045058133401,0.00306877888031742,2.073382218401919e-05,3.241635509513006,0.04701400032774369,-0.0001396266395037034,6.13755776063484e-05,2.70420873589428e-11,0.06605557674269502,-0.00907202981922,-1.163678535085111,0,0,/home/2/kj405942/Byczuk_Freericks/filling_variantB_freericks/pbs_variantB_T002_typ_21x21_mu20/chunks/T_0p02__Didx_19_19__typ/dmft_solutions/T_0p02/U_1p7__Delta_1p9025__w1_0p45__typ,ok,
0.02,1.7,1.9025,typ,0.4,0.6,1.108926781317159,0.5982438037141475,-0.00175619628585244,0.279481787379337,0.1839915909977169,0.6583312376916621,4,True,0.001959637550608307,0.04288910092829473,0.002771055163138245,0.00279900428243877,2.794911930052489e-05,3.23048875257505,0.04288910092829473,-0.0001548362101407266,5.598008564877541e-05,2.571346202099582e-11,0.06516159796931394,-0.008588953885016154,-1.004073444835584,0,0,/home/2/kj405942/Byczuk_Freericks/filling_variantB_freericks/pbs_variantB_T002_typ_21x21_mu20/chunks/T_0p02__Didx_19_19__typ/dmft_solutions/T_0p02/U_1p7__Delta_1p9025__w1_0p4__typ,ok,
0.02,1.8,1.9025,typ,0.5,0.5,0.8911117571480059,0.4980607133746033,-0.001939286625396663,0.3111019683245113,0.1658634386357604,0.533148149235584,1,True,0.001157192199962014,0.03371545821513697,0.002162296105947782,0.002162366523449913,7.041750213137613e-08,3.206683551726122,0.03371545821513697,6.890803074714486e-06,4.324733046899826e-05,3.203375053497936e-11,0.03403136101812429,-0.01458310273493615,-1.785172330582231,0,0,/home/2/kj405942/Byczuk_Freericks/filling_variantB_freericks/pbs_variantB_T002_typ_21x21_mu20/chunks/T_0p02__Didx_19_19__typ/dmft_solutions/T_0p02/U_1p8__Delta_1p9025__w1_0p5__typ,ok,
0.02,1.8,1.9025,typ,0.45,0.55,0.8873857512121165,0.5501394453645828,0.0001394453645827687,0.3126527066391782,0.1654864587408721,0.5292980205409012,1,True,0.001818478326513896,0.03357348087409288,0.002154543174064362,0.002154554513447021,1.13393826596164e-08,3.20869793356298,0.03357348087409288,2.759356978887116e-06,4.309109026894042e-05,3.095875856116425e-11,0.03385581887073938,-0.01395337541877822,-1.715339580533598,0,0,/home/2/kj405942/Byczuk_Freericks/filling_variantB_freericks/pbs_variantB_T002_typ_21x21_mu20/chunks/T_0p02__Didx_19_19__typ/dmft_solutions/T_0p02/U_1p8__Delta_1p9025__w1_0p45__typ,ok,
0.02,1.8,1.9025,typ,0.4,0.6,1.073123934334857,0.5952796897852813,-0.004720310214718637,0.2754990745239047,0.1442235674495182,0.5234992810729172,16,True,0.001969314755104714,0.02532885688344653,0.001624963086112018,0.00164242985125123,1.746676513921256e-05,3.207730798096141,0.02532885688344653,-9.406521083034767e-05,3.28485970250246e-05,2.689063149212303e-11,0.03306498991810571,-0.01285722709590388,-1.360841265081994,0,0,/home/2/kj405942/Byczuk_Freericks/filling_variantB_freericks/pbs_variantB_T002_typ_21x21_mu20/chunks/T_0p02__Didx_19_19__typ/dmft_solutions/T_0p02/U_1p8__Delta_1p9025__w1_0p4__typ,ok,
0.02,1.6,1.9025,typ,0.5,0.5,0.5307828037277165,0.4970474525564352,-0.002952547443564768,0.314141339912776,0.2343437666046902,0.7459819413444844,1,True,0.001955332915936243,0.07290868273686507,0.004738121204969877,0.004758492271590996,2.037106662111957e-05,3.249353182027882,0.07290868273686507,0.0001723500875132211,9.516984543181993e-05,2.764067061916856e-11,0.1070681019226641,-0.00634948485721662,-0.985859247239848,0,0,/home/2/kj405942/Byczuk_Freericks/filling_variantB_freericks/pbs_variantB_T002_typ_21x21_mu20/chunks/T_0p02__Didx_19_19__typ/dmft_solutions/T_0p02/U_1p6__Delta_1p9025__w1_0p5__typ,ok,
0.02,1.6,1.9025,typ,0.45,0.55,0.8661465765428096,0.5475176927587737,-0.002482307241226334,0.3456334171926642,0.2603601910324899,0.7532841967284635,100,True,0.001981711002614407,0.09033579123661312,0.005864613260951486,0.005866402963545443,1.789702593957338e-06,3.246007579426922,0.09033579123661312,-5.686373183380687e-05,0.0001173280592709089,2.945249264849593e-11,0.09236199130748851,-0.006264868995472832,-0.9471916191944028,0,0,/home/2/kj405942/Byczuk_Freericks/filling_variantB_freericks/pbs_variantB_T002_typ_21x21_mu20/chunks/T_0p02__Didx_19_19__typ/dmft_solutions/T_0p02/U_1p6__Delta_1p9025__w1_0p45__typ,ok,
0.02,1.6,1.9025,typ,0.4,0.6,0.8221817574873143,0.5978454486110717,-0.002154551388928283,0.3498104430844144,0.2600075803877688,0.7432813557399292,1,True,0.001633423469510476,0.09013858586941328,0.0058525420553579,0.005853080152781576,5.380974236758447e-07,3.246413286223876,0.09013858586941328,-3.114589566222657e-05,0.0001170616030556315,2.891203459704732e-11,0.09100202839448285,-0.006053168035237861,-0.9187433343390701,0,0,/home/2/kj405942/Byczuk_Freericks/filling_variantB_freericks/pbs_variantB_T002_typ_21x21_mu20/chunks/T_0p02__Didx_19_19__typ/dmft_solutions/T_0p02/U_1p6__Delta_1p9025__w1_0p4__typ,ok,
0.02,1.9,1.9025,typ,0.5,0.5,1.180817395760089,0.5043532633618012,0.004353263361801196,0.2563536960376729,0.08734642806698263,0.3407262287107672,12,True,0.001969273157084528,0.00910239669387709,0.0005989143488784601,0.0005989248378494113,1.048897095127594e-08,3.28987171741994,0.00910239669387709,-1.381844958807369e-06,1.197849675698823e-05,2.877119313095112e-11,0.009311671222298234,-0.02756708154496744,-3.407371856815343,0,0,/home/2/kj405942/Byczuk_Freericks/filling_variantB_freericks/pbs_variantB_T002_typ_21x21_mu20/chunks/T_0p02__Didx_19_19__typ/dmft_solutions/T_0p02/U_1p9__Delta_1p9025__w1_0p5__typ,ok,
0.02,1.9,1.9025,typ,0.45,0.55,1.293811445945395,0.5542831032830928,0.004283103283092782,0.2356155678137105,0.07441164502089129,0.3158180323624662,78,True,0.001979299807304706,0.006575112153008547,0.0004324152316911287,0.0004330489275045044,6.336958133757133e-07,3.288272668423383,0.006575112153008547,-9.128659314310387e-06,8.660978550090088e-06,2.595038512037956e-11,0.01256293134197874,-0.02617584556493373,-3.074542246013091,0,0,/home/2/kj405942/Byczuk_Freericks/filling_variantB_freericks/pbs_variantB_T002_typ_21x21_mu20/chunks/T_0p02__Didx_19_19__typ/dmft_solutions/T_0p02/U_1p9__Delta_1p9025__w1_0p45__typ,ok,
0.02,1.9,1.9025,typ,0.4,0.6,1.164807909550415,0.5957685677734995,-0.004231432226500464,0.2147187467535847,0.0664957531007439,0.3096876919510699,1,True,0.001521246883107885,0.005284668887191105,0.0003482379082196263,0.0003511594893543802,2.921581134753965e-06,3.29479401314697,0.005284668887191105,-1.757247217908668e-05,7.023189787087605e-06,2.639906750771998e-11,0.01898935840769448,-0.02217031258031445,-2.218845088170022,0,0,/home/2/kj405942/Byczuk_Freericks/filling_variantB_freericks/pbs_variantB_T002_typ_21x21_mu20/chunks/T_0p02__Didx_19_19__typ/dmft_solutions/T_0p02/U_1p9__Delta_1p9025__w1_0p4__typ,ok,
0.02,2,1.9025,typ,0.5,0.5,0.9116097171898598,0.4953584672816596,-0.004641532718340446,0.300025270710753,0.02184811598353499,0.07282091915716733,1,True,0.001913774710501241,0.0005854413151486047,4.450285051644087e-05,4.95835395129829e-05,5.080688996542026e-06,3.800795174930945,0.0005854413151486047,-7.712905092112321e-06,9.91670790259658e-07,3.121565013383899e-11,0.005078873192804081,-0.06033038185753638,-5.802236087999541,0,0,/home/2/kj405942/Byczuk_Freericks/filling_variantB_freericks/pbs_variantB_T002_typ_21x21_mu20/chunks/T_0p02__Didx_19_19__typ/dmft_solutions/T_0p02/U_2__Delta_1p9025__w1_0p5__typ,ok,
0.02,2,1.9025,typ,0.45,0.55,1.189674369862405,0.5488783519830414,-0.001121648016958687,0.2983480233992579,0.02522447608600617,0.08454715334999907,1,True,0.00193813125730329,0.0006408302250068398,3.839846534687491e-05,3.918708757612446e-05,7.886222292495488e-07,2.995993622684157,0.0006408302250068398,3.179223051675941e-06,7.837417515224892e-07,2.819801525808098e-11,0.009913724915797988,-0.05312506273894546,-2.97037547035871,0,0,/home/2/kj405942/Byczuk_Freericks/filling_variantB_freericks/pbs_variantB_T002_typ_21x21_mu20/chunks/T_0p02__Didx_19_19__typ/dmft_solutions/T_0p02/U_2__Delta_1p9025__w1_0p45__typ,ok,
0.02,2,1.9025,typ,0.4,0.6,0.9414524579790051,0.5997711607964078,-0.0002288392035921794,0.4287033829010007,0.02087812243947525,0.04870062442286949,1,True,0.001953733624505896,0.0004668441609750111,2.890724252154189e-05,3.974031379844533e-05,1.083307127690344e-05,3.096026997656849,0.0004668441609750111,-1.005719252182087e-05,7.948062759689067e-07,3.045193036779858e-11,0.01666016667303459,-0.03927589916656925,-1.038580921545679,0,0,/home/2/kj405942/Byczuk_Freericks/filling_variantB_freericks/pbs_variantB_T002_typ_21x21_mu20/chunks/T_0p02__Didx_19_19__typ/dmft_solutions/T_0p02/U_2__Delta_1p9025__w1_0p4__typ,ok,
0.02,0.2,2,typ,0.45,0.55,0.1363612686142858,0.5470566493458953,-0.002943350654104782,0.4290512114563116,0.2840294082387716,0.6619941877677067,1,True,0.001305312179911126,0.1105561046786658,0.00722421323143253,0.007224432587947379,2.193565148500752e-07,3.267215886644112,0.1105561046786658,-2.202326125609567e-05,0.0001444886517589476,2.921729014212525e-11,0.1168107463667032,-0.005407477908947219,-0.8679291603909818,0,0,/home/2/kj405942/Byczuk_Freericks/filling_variantB_freericks/pbs_variantB_T002_typ_21x21_mu20/chunks/T_0p02__Didx_20_20__typ/dmft_solutions/T_0p02/U_0p2__Delta_2__w1_0p45__typ,ok,
0.02,0.2,2,typ,0.5,0.5,0.1353532088827979,0.4952310379692874,-0.004768962030712642,0.4290388738471139,0.2843384204631956,0.6627334672813782,1,True,0.0009764292802267984,0.1108011875233911,0.007240320402720039,0.007240466814405631,1.464116855917589e-07,3.267257582953045,0.1108011875233911,-1.801254486787931e-05,0.0001448093362881126,2.937968101180631e-11,0.1155782509928207,-0.005406957768762907,-0.8684183963075488,0,0,/home/2/kj405942/Byczuk_Freericks/filling_variantB_freericks/pbs_variantB_T002_typ_21x21_mu20/chunks/T_0p02__Didx_20_20__typ/dmft_solutions/T_0p02/U_0p2__Delta_2__w1_0p5__typ,ok,
0.02,0.2,2,typ,0.4,0.6,0.1361315131161538,0.602105242513132,0.002105242513132044,0.4291797454115882,0.2833797297251348,0.6602821609239049,1,True,0.001490423754874827,0.109980157334363,0.00718635147083984,0.007186677971961891,3.265011220507788e-07,3.267112743343242,0.109980157334363,-2.679874802037987e-05,0.0001437335594392378,2.907282044186237e-11,0.1177395165515908,-0.005434370837905666,-0.8682675418737329,0,0,/home/2/kj405942/Byczuk_Freericks/filling_variantB_freericks/pbs_variantB_T002_typ_21x21_mu20/chunks/T_0p02__Didx_20_20__typ/dmft_solutions/T_0p02/U_0p2__Delta_2__w1_0p4__typ,ok,
0.02,0,2,typ,0.5,0.5,-4.359835661116208e-17,0.4993869086812456,-0.0006130913187543663,0.4338483441486548,0.2669764761092877,0.615368203451781,88,True,0.001980987997372038,0.09569190394730162,0.006247597672297527,0.006247597672297527,9.827325425311989e-35,3.26443377892143,0.09569190394730162,4.336808689942018e-19,0.0001249519534459505,2.98556942450103e-11,0.09592176575366729,-0.007292290563339399,-0.9575102105358497,0,0,/home/2/kj405942/Byczuk_Freericks/filling_variantB_freericks/pbs_variantB_T002_typ_21x21_mu20/chunks/T_0p02__Didx_20_20__typ/dmft_solutions/T_0p02/U_0__Delta_2__w1_0p5__typ,ok,
0.02,0,2,typ,0.45,0.55,-0.05796485475754159,0.5518096213323483,0.001809621332348299,0.4339583965953264,0.2660802961452856,0.6131470164717426,1,True,0.001889315979725481,0.09509770384341028,0.0062087097070303,0.006209064958473389,3.552514430883926e-07,3.264384657096286,0.09509770384341028,2.599369020541873e-05,0.0001241812991694678,2.899285725147758e-11,0.09588775512298683,-0.007494947021861561,-0.9358788763869803,0,0,/home/2/kj405942/Byczuk_Freericks/filling_variantB_freericks/pbs_variantB_T002_typ_21x21_mu20/chunks/T_0p02__Didx_20_20__typ/dmft_solutions/T_0p02/U_0__Delta_2__w1_0p45__typ,ok,
0.02,0,2,typ,0.4,0.6,-0.05735035789574294,0.6011366680069611,0.001136668006961106,0.4339602631781508,0.2660943792432503,0.6131768316630695,1,True,0.001885567468189859,0.09510546285407523,0.006209219664018118,0.006209570151922821,3.504879047034223e-07,3.264386438844851,0.09510546285407523,2.581988164247621e-05,0.0001241914030384564,2.900178867057055e-11,0.09588823468523806,-0.007493944632311065,-0.9360520742585106,0,0,/home/2/kj405942/Byczuk_Freericks/filling_variantB_freericks/pbs_variantB_T002_typ_21x21_mu20/chunks/T_0p02__Didx_20_20__typ/dmft_solutions/T_0p02/U_0__Delta_2__w1_0p4__typ,ok,
0.02,0.1,2,typ,0.5,0.5,0.1234360546694511,0.4980872918507174,-0.001912708149282571,0.4326298400702946,0.2707474493978191,0.6258177876815604,60,True,0.001953385328199174,0.09886793862670357,0.006456155135858195,0.006456769617638154,6.14481779958664e-07,3.26503982258331,0.09886793862670357,-3.485758078472479e-05,0.0001291353923527631,2.878442375229649e-11,0.1041477231587071,-0.006702660244186003,-0.9162473601141978,0,0,/home/2/kj405942/Byczuk_Freericks/filling_variantB_freericks/pbs_variantB_T002_typ_21x21_mu20/chunks/T_0p02__Didx_20_20__typ/dmft_solutions/T_0p02/U_0p1__Delta_2__w1_0p5__typ,ok,
0.02,0.1,2,typ,0.45,0.55,0.2383649978809204,0.5456119818294034,-0.004388018170596641,0.4333470290678744,0.2631580345263358,0.6072685789317315,28,True,0.001994375108869502,0.09314275718034806,0.006078539973658912,0.00608278837388936,4.248400230447871e-06,3.263023426442763,0.09314275718034806,-8.896153225631186e-05,0.0001216557674777872,2.711661856716285e-11,0.1158664520210363,-0.006690911127783116,-0.8718638882397746,0,0,/home/2/kj405942/Byczuk_Freericks/filling_variantB_freericks/pbs_variantB_T002_typ_21x21_mu20/chunks/T_0p02__Didx_20_20__typ/dmft_solutions/T_0p02/U_0p1__Delta_2__w1_0p45__typ,ok,
0.02,0.1,2,typ,0.4,0.6,0.3626740693013857,0.5966653976662349,-0.003334602333765035,0.4350456892877292,0.2469122324912467,0.5675547156794021,81,True,0.001994738246983848,0.08157476170270521,0.00531523548978752,0.005327624485915151,1.238899612763043e-05,3.257892134063847,0.08157476170270521,-0.0001421709820495863,0.000106552489718303,2.545140525822079e-11,0.1155512328073621,-0.006694368891177636,-0.7955053728337624,0,0,/home/2/kj405942/Byczuk_Freericks/filling_variantB_freericks/pbs_variantB_T002_typ_21x21_mu20/chunks/T_0p02__Didx_20_20__typ/dmft_solutions/T_0p02/U_0p1__Delta_2__w1_0p4__typ,ok,
0.02,0.3,2,typ,0.5,0.5,0.1750349492632332,0.4997037143173702,-0.0002962856826297933,0.4243219090295638,0.3004335518236116,0.7080321459495494,1,True,0.001494579392249987,0.1263762112685469,0.008263327764650639,0.008263396241261284,6.847661064531382e-08,3.26933672156512,0.1263762112685469,-1.315584631551023e-05,0.0001652679248252257,2.958894803520101e-11,0.1374903583161919,-0.004316671125769082,-0.8023929065462245,0,0,/home/2/kj405942/Byczuk_Freericks/filling_variantB_freericks/pbs_variantB_T002_typ_21x21_mu20/chunks/T_0p02__Didx_20_20__typ/dmft_solutions/T_0p02/U_0p3__Delta_2__w1_0p5__typ,ok,
0.02,0.3,2,typ,0.45,0.55,0.1748198642258456,0.5495527819468249,-0.0004472180531751579,0.4243981483372962,0.3000032483877621,0.7068910398481062,1,True,0.001611261429353858,0.1259550421743352,0.008235636338325641,0.008235792432078755,1.560937531134338e-07,3.269276162413032,0.1259550421743352,-1.982967234048652e-05,0.0001647158486415751,2.936853624394396e-11,0.1395340282654094,-0.004323359043533815,-0.8017246088560382,0,0,/home/2/kj405942/Byczuk_Freericks/filling_variantB_freericks/pbs_variantB_T002_typ_21x21_mu20/chunks/T_0p02__Didx_20_20__typ/dmft_solutions/T_0p02/U_0p3__Delta_2__w1_0p45__typ,ok,
0.02,0.3,2,typ,0.4,0.6,0.1744603047464751,0.6030983797839305,0.003098379783930572,0.4246230327247434,0.2989763464642617,0.7040982787621637,1,True,0.001650985324341111,0.1249498337290049,0.008169577696833687,0.008169859903724742,2.822068910556287e-07,3.269143084476656,0.1249498337290049,-2.655624375343026e-05,0.0001633971980744948,2.915039353887635e-11,0.1406168748930516,-0.004360033638125097,-0.80304302461486,0,0,/home/2/kj405942/Byczuk_Freericks/filling_variantB_freericks/pbs_variantB_T002_typ_21x21_mu20/chunks/T_0p02__Didx_20_20__typ/dmft_solutions/T_0p02/U_0p3__Delta_2__w1_0p4__typ,ok,
0.02,0.4,2,typ,0.5,0.5,0.2301807333574222,0.4988804284557574,-0.001119571544242637,0.4191171621187867,0.3165753459367892,0.7553385414626974,1,True,0.001931692336842157,0.1436649192307848,0.009398499723370125,0.009398585283710978,8.556034085188041e-08,3.270979364235842,0.1436649192307848,-1.56792981079153e-05,0.0001879717056742195,2.95805987724323e-11,0.1655112337369901,-0.003547008677767427,-0.7369777460758593,0,0,/home/2/kj405942/Byczuk_Freericks/filling_variantB_freericks/pbs_variantB_T002_typ_21x21_mu20/chunks/T_0p02__Didx_20_20__typ/dmft_solutions/T_0p02/U_0p4__Delta_2__w1_0p5__typ,ok,
0.02,0.4,2,typ,0.45,0.55,0.229005341662511,0.5466583309694034,-0.003341669030596628,0.4192398227174906,0.3159802846619054,0.7536981640096538,1,True,0.00119935267235928,0.1430088221801252,0.009355363790522743,0.009355577222422711,2.134318999671356e-07,3.270904426700087,0.1430088221801252,-2.470734491197561e-05,0.0001871115444484542,2.930003034695475e-11,0.1681650121355703,-0.003555860103548632,-0.7362278809895701,0,0,/home/2/kj405942/Byczuk_Freericks/filling_variantB_freericks/pbs_variantB_T002_typ_21x21_mu20/chunks/T_0p02__Didx_20_20__typ/dmft_solutions/T_0p02/U_0p4__Delta_2__w1_0p45__typ,ok,
0.02,0.4,2,typ,0.4,0.6,0.2285342944576186,0.5958845098239776,-0.004115490176022418,0.4195558655989411,0.3145427234298874,0.7497040304295564,1,True,0.001602365203840778,0.1414698101349446,0.009254259422711955,0.009254668811106708,4.09388394754051e-07,3.270754167933266,0.1414698101349446,-3.403412948124436e-05,0.0001850933762221342,2.900971643725971e-11,0.1692506988399805,-0.003592425001710554,-0.7386564659721531,0,0,/home/2/kj405942/Byczuk_Freericks/filling_variantB_freericks/pbs_variantB_T002_typ_21x21_mu20/chunks/T_0p02__Didx_20_20__typ/dmft_solutions/T_0p02/U_0p4__Delta_2__w1_0p4__typ,ok,
0.02,0.7000000000000001,2,typ,0.5,0.5,0.4906780634662651,0.4963689337539089,-0.003631066246091108,0.4027840299536348,0.3496173272088141,0.86800195938518,1,True,0.001775125509574034,0.1861377305396806,0.0121834608379321,0.01218537961196366,1.91877403155776e-06,3.272700489741613,0.1861377305396806,-8.451700937120703e-05,0.0002437075922392732,2.823362059259612e-11,0.266912725726381,-0.002472252493572634,-0.5876060126298828,0,0,/home/2/kj405942/Byczuk_Freericks/filling_variantB_freericks/pbs_variantB_T002_typ_21x21_mu20/chunks/T_0p02__Didx_20_20__typ/dmft_solutions/T_0p02/U_0p7__Delta_2__w1_0p5__typ,ok,
0.02,0.7000000000000001,2,typ,0.45,0.55,0.4900894973993945,0.5474269482109088,-0.002573051789091285,0.4029548575559221,0.347564743399853,0.8625401502986423,1,True,0.001427175883261916,0.1835080526388727,0.01201051872276558,0.01201326276049614,2.744037730562977e-06,3.272477297331796,0.1835080526388727,-0.0001003546730654037,0.0002402652552099229,2.775273603858936e-11,0.267447633585844,-0.002471485877839254,-0.5868831421370189,0,0,/home/2/kj405942/Byczuk_Freericks/filling_variantB_freericks/pbs_variantB_T002_typ_21x21_mu20/chunks/T_0p02__Didx_20_20__typ/dmft_solutions/T_0p02/U_0p7__Delta_2__w1_0p45__typ,ok,
0.02,0.5,2,typ,0.5,0.5,0.1873608538256511,0.4951045010166965,-0.004895498983303492,0.4137299066686954,0.3305624358314015,0.7989812447764569,1,True,0.001692470878969993,0.1604827282815542,0.01050222760319833,0.01050257988014478,3.522769464500384e-07,3.272074109050854,0.1604827282815542,3.362569418673676e-05,0.0002100515976028957,2.917792444160406e-11,0.2005215442617777,-0.003024222229370445,-0.6768886611415668,0,0,/home/2/kj405942/Byczuk_Freericks/filling_variantB_freericks/pbs_variantB_T002_typ_21x21_mu20/chunks/T_0p02__Didx_20_20__typ/dmft_solutions/T_0p02/U_0p5__Delta_2__w1_0p5__typ,ok,
0.02,0.7000000000000001,2,typ,0.4,0.6,0.4890910168259142,0.5950814924025608,-0.00491850759743917,0.4034055387193523,0.3441503388224345,0.8531125772714254,1,True,0.001447338413313405,0.1793386229311411,0.0117365072602261,0.01174015029467081,3.643034444713107e-06,3.272163873125213,0.1793386229311411,-0.0001143098229029827,0.0002348030058934162,2.728031594971505e-11,0.2641698962876881,-0.002502855373737096,-0.5887282347991307,0,0,/home/2/kj405942/Byczuk_Freericks/filling_variantB_freericks/pbs_variantB_T002_typ_21x21_mu20/chunks/T_0p02__Didx_20_20__typ/dmft_solutions/T_0p02/U_0p7__Delta_2__w1_0p4__typ,ok,
0.02,0.8,2,typ,0.5,0.5,0.3699669750148032,0.5030601621511986,0.003060162151198642,0.3977228004030875,0.3598000533700816,0.9046503067096692,45,True,0.001953095988215094,0.2000533063457781,0.01309690716396672,0.01309699149383049,8.432986376806341e-08,3.273354338200647,0.2000533063457781,1.836870603526015e-05,0.0002619398298766098,2.996586796609645e-11,0.2670903599357092,-0.002368937781589215,-0.5846558875614223,0,0,/home/2/kj405942/Byczuk_Freericks/filling_variantB_freericks/pbs_variantB_T002_typ_21x21_mu20/chunks/T_0p02__Didx_20_20__typ/dmft_solutions/T_0p02/U_0p8__Delta_2__w1_0p5__typ,ok,
0.02,0.5,2,typ,0.4,0.6,0.1851416014015747,0.5978551034524916,-0.002144896547508379,0.4143121281902147,0.3297080243550455,0.7957962172028752,1,True,0.001352878084406782,0.1591858181169944,0.01041722684218714,0.01041726230924566,3.546705852248075e-08,3.27203357856004,0.1591858181169944,1.062624367037046e-05,0.0002083452461849132,2.987885865121874e-11,0.1887859524648587,-0.00306865790509471,-0.6857833778049414,0,0,/home/2/kj405942/Byczuk_Freericks/filling_variantB_freericks/pbs_variantB_T002_typ_21x21_mu20/chunks/T_0p02__Didx_20_20__typ/dmft_solutions/T_0p02/U_0p5__Delta_2__w1_0p4__typ,ok,
0.02,0.5,2,typ,0.45,0.55,0.1864085654976575,0.553234825451091,0.003234825451090995,0.4138873472142641,0.3306485824743083,0.7988854568756262,1,True,0.001331208113005854,0.1604345127078806,0.01049914186920916,0.0104992945122105,1.526430013431178e-07,3.272095789116776,0.1604345127078806,2.213106664340943e-05,0.00020998589024421,2.953031256948474e-11,0.1958147300677246,-0.003030922661828278,-0.6796830320574858,0,0,/home/2/kj405942/Byczuk_Freericks/filling_variantB_freericks/pbs_variantB_T002_typ_21x21_mu20/chunks/T_0p02__Didx_20_20__typ/dmft_solutions/T_0p02/U_0p5__Delta_2__w1_0p45__typ,ok,
0.02,0.8,2,typ,0.45,0.55,0.3748856188324661,0.5506294504819143,0.0006294504819142066,0.397985756639987,0.3595081049342607,0.9033190231967704,37,True,0.001992893050699772,0.1994783703634819,0.01305922682440838,0.0130592280145589,1.190150512957875e-09,3.273344072495769,0.1994783703634819,-2.179033202188985e-06,0.000261184560291178,3.019989753336569e-11,0.2588749868374469,-0.002370254015955134,-0.5892106526454597,0,0,/home/2/kj405942/Byczuk_Freericks/filling_variantB_freericks/pbs_variantB_T002_typ_21x21_mu20/chunks/T_0p02__Didx_20_20__typ/dmft_solutions/T_0p02/U_0p8__Delta_2__w1_0p45__typ,ok,
0.02,0.6000000000000001,2,typ,0.5,0.5,0.090618385121253,0.5005025198357732,0.0005025198357732075,0.4079673393611331,0.3344880258906844,0.8198892254818353,1,True,0.001597250919794055,0.1678927269830212,0.01098542400123759,0.01098955335781256,4.129356574973337e-06,3.271560417965138,0.1678927269830212,0.0001177530412394977,0.0002197910671562513,2.719461220442668e-11,0.2450724862758329,-0.002677492773794299,-0.6018730400200319,0,0,/home/2/kj405942/Byczuk_Freericks/filling_variantB_freericks/pbs_variantB_T002_typ_21x21_mu20/chunks/T_0p02__Didx_20_20__typ/dmft_solutions/T_0p02/U_0p6__Delta_2__w1_0p5__typ,ok,
0.02,0.8,2,typ,0.4,0.6,0.3930782112191147,0.5981406207007588,-0.001859379299241182,0.3986777756211613,0.3575386909874643,0.8968111915202696,1,True,0.001586716400446167,0.1965554204968969,0.01286730685046268,0.01286754797382606,2.411233633751729e-07,3.273200713044143,0.1965554204968969,-3.078769367128144e-05,0.0002573509594765212,2.93109545347199e-11,0.2661703230534321,-0.002402619688983017,-0.5921044847229051,0,0,/home/2/kj405942/Byczuk_Freericks/filling_variantB_freericks/pbs_variantB_T002_typ_21x21_mu20/chunks/T_0p02__Didx_20_20__typ/dmft_solutions/T_0p02/U_0p8__Delta_2__w1_0p4__typ,ok,
0.02,0.6000000000000001,2,typ,0.45,0.55,0.2450702676031261,0.5499883219703682,-1.167802963186748e-05,0.4085508974173759,0.3432152342678625,0.8400795015687691,1,True,0.001889182658638265,0.1765256783149537,0.01155496877481627,0.01155505107623387,8.230141760206621e-08,3.272886099380997,0.1765256783149537,1.704600455736593e-05,0.0002311010215246774,2.982376932298238e-11,0.2200260372033117,-0.002690675410770753,-0.637986217577875,0,0,/home/2/kj405942/Byczuk_Freericks/filling_variantB_freericks/pbs_variantB_T002_typ_21x21_mu20/chunks/T_0p02__Didx_20_20__typ/dmft_solutions/T_0p02/U_0p6__Delta_2__w1_0p45__typ,ok,
0.02,0.6000000000000001,2,typ,0.4,0.6,0.2277826221452181,0.596805991384647,-0.003194008615353017,0.4090751896880155,0.3418953854766841,0.8357763904905436,1,True,0.001809013469299483,0.1747490325086992,0.01143828095579032,0.01143832980307249,4.884728216624425e-08,3.272773757766272,0.1747490325086992,1.306599808604809e-05,0.0002287665960614497,3.000503256168703e-11,0.214382445982957,-0.002726642623472987,-0.6431761078930783,0,0,/home/2/kj405942/Byczuk_Freericks/filling_variantB_freericks/pbs_variantB_T002_typ_21x21_mu20/chunks/T_0p02__Didx_20_20__typ/dmft_solutions/T_0p02/U_0p6__Delta_2__w1_0p4__typ,ok,
0.02,1,2,typ,0.45,0.55,0.2439596148761474,0.5484293542695573,-0.001570645730442743,0.3846567146551676,0.3497892583084123,0.9093543541076287,1,True,0.00156261493558298,0.1898987863607095,0.01241836420137665,0.01242478666408988,6.422462713231019e-06,3.269732376748364,0.1898987863607095,0.0001561805285360169,0.0002484957332817976,2.763284477854681e-11,0.2916439174033076,-0.002428032278307323,-0.5401455650852134,0,0,/home/2/kj405942/Byczuk_Freericks/filling_variantB_freericks/pbs_variantB_T002_typ_21x21_mu20/chunks/T_0p02__Didx_20_20__typ/dmft_solutions/T_0p02/U_1__Delta_2__w1_0p45__typ,ok,
0.02,1,2,typ,0.5,0.5,0.2450739540448779,0.4950204668859223,-0.004979533114077728,0.3837628387951623,0.3474985634367587,0.9055034211434942,1,True,0.001411096777115506,0.1874539186445056,0.01225731912706221,0.01226529347304935,7.974345987138401e-06,3.269421950657493,0.1874539186445056,0.0001729058937061535,0.000245305869460987,2.698542974710967e-11,0.2910009452725352,-0.002425208613470261,-0.5317294136265864,0,0,/home/2/kj405942/Byczuk_Freericks/filling_variantB_freericks/pbs_variantB_T002_typ_21x21_mu20/chunks/T_0p02__Didx_20_20__typ/dmft_solutions/T_0p02/U_1__Delta_2__w1_0p5__typ,ok,
0.02,1,2,typ,0.4,0.6,0.2422682134374627,0.5992213684385573,-0.0007786315614426442,0.3862281529444919,0.3506350425808495,0.9078443399521999,1,True,0.001816622667898329,0.1901461200953873,0.01243490025395387,0.01244004336615561,5.143112201744267e-06,3.269827501007084,0.1901461200953873,0.0001398529821188606,0.0002488008673231122,2.82783160431415e-11,0.2873042409988852,-0.002448123206386144,-0.5529099629780144,0,0,/home/2/kj405942/Byczuk_Freericks/filling_variantB_freericks/pbs_variantB_T002_typ_21x21_mu20/chunks/T_0p02__Didx_20_20__typ/dmft_solutions/T_0p02/U_1__Delta_2__w1_0p4__typ,ok,
0.02,0.9,2,typ,0.5,0.5,0.4344038241310884,0.5027224875453369,0.002722487545336882,0.392456888406025,0.3631202075733848,0.9252486535481848,114,True,0.00191578361333447,0.2050098805095008,0.01342031443450867,0.01342033769206077,2.325755210771877e-08,3.273089667960353,0.2050098805095008,9.765273143693331e-06,0.0002684067538412155,3.031032728690551e-11,0.2752088012780147,-0.002372560161914687,-0.57642633352989,0,0,/home/2/kj405942/Byczuk_Freericks/filling_variantB_freericks/pbs_variantB_T002_typ_21x21_mu20/chunks/T_0p02__Didx_20_20__typ/dmft_solutions/T_0p02/U_0p9__Delta_2__w1_0p5__typ,ok,
0.02,0.9,2,typ,0.4,0.6,0.6695259196002608,0.5966614739334754,-0.003338526066524627,0.3909716170981641,0.3446605979800543,0.8815488974319019,1,True,0.001951332618481963,0.1828313783138467,0.01195825402498869,0.01196673924731768,8.485222328982499e-06,3.270295869142676,0.1828313783138467,-0.0001761456723117147,0.0002393347849463536,2.615203896355319e-11,0.2845005308467764,-0.002368664994748782,-0.5360215950313187,0,0,/home/2/kj405942/Byczuk_Freericks/filling_variantB_freericks/pbs_variantB_T002_typ_21x21_mu20/chunks/T_0p02__Didx_20_20__typ/dmft_solutions/T_0p02/U_0p9__Delta_2__w1_0p4__typ,ok,
0.02,0.9,2,typ,0.45,0.55,0.5289932603790187,0.5503709196795418,0.0003709196795417258,0.3923834700459159,0.3603214517742195,0.9182890699551015,45,True,0.001991515680037807,0.2013220804528307,0.01317736430387666,0.01317860061510243,1.236311225775533e-06,3.272707165114977,0.2013220804528307,-7.055448221910776e-05,0.0002635720123020487,2.86918486210807e-11,0.2915153358868413,-0.00235930592840474,-0.5669017660708273,0,0,/home/2/kj405942/Byczuk_Freericks/filling_variantB_freericks/pbs_variantB_T002_typ_21x21_mu20/chunks/T_0p02__Didx_20_20__typ/dmft_solutions/T_0p02/U_0p9__Delta_2__w1_0p45__typ,ok,
0.02,1.2,2,typ,0.5,0.5,0.4986218901867778,0.5004368543232092,0.0004368543232091682,0.3753102427669579,0.3480074746942506,0.9272528032504019,1,True,0.001732929235085785,0.1838846018302325,0.01202298888921566,0.01202441680800132,1.427918785668093e-06,3.269166849629863,0.1838846018302325,7.246685826617382e-05,0.0002404883361600265,2.942790433954202e-11,0.2544965061487081,-0.002944399463543555,-0.6022459290947668,0,0,/home/2/kj405942/Byczuk_Freericks/filling_variantB_freericks/pbs_variantB_T002_typ_21x21_mu20/chunks/T_0p02__Didx_20_20__typ/dmft_solutions/T_0p02/U_1p2__Delta_2__w1_0p5__typ,ok,
0.02,1.2,2,typ,0.45,0.55,0.5966628695152693,0.5488211176038755,-0.001178882396124514,0.3766333271468481,0.3500800387539379,0.9294983038435229,1,True,0.001941547487851215,0.1857525224422311,0.01214702412257725,0.01214708432323642,6.020065917075172e-08,3.26967945384294,0.1857525224422311,-1.495488167365571e-05,0.0002429416864647285,3.011857202034324e-11,0.2344868721928632,-0.002925669070049492,-0.6156987011991137,0,0,/home/2/kj405942/Byczuk_Freericks/filling_variantB_freericks/pbs_variantB_T002_typ_21x21_mu20/chunks/T_0p02__Didx_20_20__typ/dmft_solutions/T_0p02/U_1p2__Delta_2__w1_0p45__typ,ok,
0.02,1.1,2,typ,0.5,0.5,0.435130223962405,0.5018052136011567,0.001805213601156708,0.3808609395955898,0.3553813567453133,0.9331000367815837,1,True,0.001983994472831222,0.1946597538202449,0.0127334105552076,0.01273513761417931,1.727058971708734e-06,3.270683925493413,0.1946597538202449,8.199864319192941e-05,0.0002547027522835862,2.908149035976252e-11,0.2808626626978947,-0.002626392466098807,-0.5768636626435071,0,0,/home/2/kj405942/Byczuk_Freericks/filling_variantB_freericks/pbs_variantB_T002_typ_21x21_mu20/chunks/T_0p02__Didx_20_20__typ/dmft_solutions/T_0p02/U_1p1__Delta_2__w1_0p5__typ,ok,
0.02,1.2,2,typ,0.4,0.6,0.5942374102549776,0.6002132593995549,0.0002132593995549659,0.3777260595363598,0.3479979883550179,0.9212972723729157,1,True,0.001738724899297628,0.182926947974543,0.01196146935629201,0.01196171248511362,2.431288216107628e-07,3.269466169073303,0.182926947974543,-2.982442398501736e-05,0.0002392342497022724,2.923650422156982e-11,0.236539679342202,-0.00292920049697231,-0.61466523507511,0,0,/home/2/kj405942/Byczuk_Freericks/filling_variantB_freericks/pbs_variantB_T002_typ_21x21_mu20/chunks/T_0p02__Didx_20_20__typ/dmft_solutions/T_0p02/U_1p2__Delta_2__w1_0p4__typ,ok,
0.02,1.1,2,typ,0.45,0.55,0.6895861714985234,0.5493093293868324,-0.0006906706131676321,0.3804093644897905,0.3518342292575358,0.9248831971563582,1,True,0.001903899616824306,0.1900320816893377,0.0124284178721425,0.01243196862715902,3.550755016523338e-06,3.27008412517954,0.1900320816893377,-0.000116168616016443,0.0002486393725431804,2.79430106890026e-11,0.2842318770964943,-0.002611807237511627,-0.5664551201665644,0,0,/home/2/kj405942/Byczuk_Freericks/filling_variantB_freericks/pbs_variantB_T002_typ_21x21_mu20/chunks/T_0p02__Didx_20_20__typ/dmft_solutions/T_0p02/U_1p1__Delta_2__w1_0p45__typ,ok,
0.02,1.1,2,typ,0.4,0.6,0.6296788606985758,0.6006047436271191,0.0006047436271191531,0.3822078677501634,0.3525409563288128,0.9223801655471341,1,True,0.001768064545770429,0.1902989294436227,0.01244762525340136,0.01244981971420612,2.194460804765127e-06,3.27054526522942,0.1902989294436227,-9.13896648262586e-05,0.0002489963942841224,2.800176093922168e-11,0.2785935792818628,-0.002626850936940561,-0.5761211193955198,0,0,/home/2/kj405942/Byczuk_Freericks/filling_variantB_freericks/pbs_variantB_T002_typ_21x21_mu20/chunks/T_0p02__Didx_20_20__typ/dmft_solutions/T_0p02/U_1p1__Delta_2__w1_0p4__typ,ok,
0.02,1.3,2,typ,0.5,0.5,0.6995378216467597,0.501605325857751,0.001605325857750972,0.370243820684976,0.3378864556889787,0.9126052531109525,54,True,0.001957941717335694,0.1693393862382058,0.01106548283060077,0.01106590734871047,4.24518109700932e-07,3.267250188044029,0.1693393862382058,-3.791770988436911e-05,0.0002213181469742094,3.038251734595857e-11,0.2098279224081256,-0.00339655233699616,-0.6552817418036581,0,0,/home/2/kj405942/Byczuk_Freericks/filling_variantB_freericks/pbs_variantB_T002_typ_21x21_mu20/chunks/T_0p02__Didx_20_20__typ/dmft_solutions/T_0p02/U_1p3__Delta_2__w1_0p5__typ,ok,
0.02,1.3,2,typ,0.45,0.55,0.9005152751793298,0.5477823960852191,-0.002217603914780986,0.3616559022984687,0.3180444991114992,0.8794118859672926,1,True,0.001260262403506955,0.1491180030735387,0.009727857878129345,0.009740333812792464,1.247593466311942e-05,3.261798601652402,0.1491180030735387,-0.000192893051375124,0.0001948066762558493,2.657679786753049e-11,0.2224518595277194,-0.003362488120150203,-0.5867422494895389,0,0,/home/2/kj405942/Byczuk_Freericks/filling_variantB_freericks/pbs_variantB_T002_typ_21x21_mu20/chunks/T_0p02__Didx_20_20__typ/dmft_solutions/T_0p02/U_1p3__Delta_2__w1_0p45__typ,ok,
0.02,1.3,2,typ,0.4,0.6,0.7586261915091479,0.5962754148243405,-0.003724585175659434,0.369686444473192,0.3300627882826799,0.8928182063938633,1,True,0.001732760692201758,0.1609535206792532,0.01051310547680716,0.0105166216536831,3.516176875930872e-06,3.265882421347462,0.1609535206792532,-0.0001063899475995784,0.0002103324330736619,2.760685740738122e-11,0.2216043037198483,-0.003356092666394962,-0.6199785256334538,0,0,/home/2/kj405942/Byczuk_Freericks/filling_variantB_freericks/pbs_variantB_T002_typ_21x21_mu20/chunks/T_0p02__Didx_20_20__typ/dmft_solutions/T_0p02/U_1p3__Delta_2__w1_0p4__typ,ok,
0.02,1.5,2,typ,0.5,0.5,0.7968765774921539,0.5010249567284969,0.001024956728496895,0.3571719725439176,0.2989933276821737,0.8371130734380614,21,True,0.001897123190814151,0.124826817495806,0.008136272523825981,0.008136752716478275,4.801926522937988e-07,3.259024257387378,0.124826817495806,-3.462395718883244e-05,0.0001627350543295655,3.078916501237277e-11,0.1263697033719838,-0.005213240022595112,-0.8033363747312137,0,0,/home/2/kj405942/Byczuk_Freericks/filling_variantB_freericks/pbs_variantB_T002_typ_21x21_mu20/chunks/T_0p02__Didx_20_20__typ/dmft_solutions/T_0p02/U_1p5__Delta_2__w1_0p5__typ,ok,
0.02,1.5,2,typ,0.45,0.55,0.87012550220959,0.5522256945236749,0.002225694523674826,0.353927113241252,0.2930274100448464,0.8279315121164685,1,True,0.001758258319675775,0.1195848179229324,0.007789382934856343,0.00779353480112692,4.151866270577706e-06,3.256844418108444,0.1195848179229324,-9.964940260808386e-05,0.0001558706960225384,2.856216519014564e-11,0.1454981473068162,-0.005162316283811969,-0.7671516239088367,0,0,/home/2/kj405942/Byczuk_Freericks/filling_variantB_freericks/pbs_variantB_T002_typ_21x21_mu20/chunks/T_0p02__Didx_20_20__typ/dmft_solutions/T_0p02/U_1p5__Delta_2__w1_0p45__typ,ok,
0.02,1.5,2,typ,0.4,0.6,0.864599258929471,0.600025936410474,2.593641047399231e-05,0.3552236911423889,0.2902066175297862,0.8169686447333797,4,True,0.001922198794814726,0.1171135710186184,0.007626811115404036,0.007631501698393588,4.690582989551972e-06,3.256160259254475,0.1171135710186184,-0.0001048170715165825,0.0001526300339678718,2.757075184318426e-11,0.1434330381266035,-0.005091604843693033,-0.7407730221245119,0,0,/home/2/kj405942/Byczuk_Freericks/filling_variantB_freericks/pbs_variantB_T002_typ_21x21_mu20/chunks/T_0p02__Didx_20_20__typ/dmft_solutions/T_0p02/U_1p5__Delta_2__w1_0p4__typ,ok,
0.02,1.4,2,typ,0.5,0.5,0.7010430690185794,0.5001096232669443,0.0001096232669443031,0.3643600666641985,0.3216302361416174,0.8827263621016906,1,True,0.001857216313571255,0.1493424958828019,0.009749507516192416,0.009749508811233447,1.295041031098286e-09,3.26414375846626,0.1493424958828019,-1.966746856384193e-06,0.0001949901762246689,3.133423375215901e-11,0.1541474550899246,-0.004117955500287917,-0.7201465290770782,0,0,/home/2/kj405942/Byczuk_Freericks/filling_variantB_freericks/pbs_variantB_T002_typ_21x21_mu20/chunks/T_0p02__Didx_20_20__typ/dmft_solutions/T_0p02/U_1p4__Delta_2__w1_0p5__typ,ok,
0.02,1.4,2,typ,0.45,0.55,0.6979444769735073,0.5471122186586108,-0.002887781341389228,0.3648053218372188,0.3209379293672394,0.8797512266294359,17,True,0.001921972432191001,0.148556968549132,0.009697877088943409,0.00969793510293359,5.801399018206204e-08,3.264026313829919,0.148556968549132,-1.312888610270212e-05,0.0001939587020586718,3.029093912563954e-11,0.1591156996606035,-0.004074912182731922,-0.7153647724158613,0,0,/home/2/kj405942/Byczuk_Freericks/filling_variantB_freericks/pbs_variantB_T002_typ_21x21_mu20/chunks/T_0p02__Didx_20_20__typ/dmft_solutions/T_0p02/U_1p4__Delta_2__w1_0p45__typ,ok,
0.02,1.4,2,typ,0.4,0.6,0.6939186604570639,0.6002105788625554,0.0002105788625553773,0.366221552692695,0.3188891325077541,0.8707546843244951,1,True,0.001765091155906516,0.1462671450277791,0.009547656381187312,0.00954783045404629,1.740728589771244e-07,3.263773412468678,0.1462671450277791,-2.256596557181066e-05,0.0001909566090809258,2.927576123575975e-11,0.1603504236452598,-0.004056826435865421,-0.7075388290249141,0,0,/home/2/kj405942/Byczuk_Freericks/filling_variantB_freericks/pbs_variantB_T002_typ_21x21_mu20/chunks/T_0p02__Didx_20_20__typ/dmft_solutions/T_0p02/U_1p4__Delta_2__w1_0p4__typ,ok,
0.02,1.6,2,typ,0.5,0.5,0.8076759977283519,0.4957039013970297,-0.004296098602970311,0.3499252113713237,0.2716884683226061,0.7764186731727182,52,True,0.001964909608326629,0.09950537098391717,0.00647154872525404,0.006471553187674583,4.462420543533816e-09,3.251859000807113,0.09950537098391717,-2.980049703178072e-06,0.0001294310637534917,3.162740201897239e-11,0.09987020980811309,-0.006972894329956428,-0.9322782314362758,0,0,/home/2/kj405942/Byczuk_Freericks/filling_variantB_freericks/pbs_variantB_T002_typ_21x21_mu20/chunks/T_0p02__Didx_20_20__typ/dmft_solutions/T_0p02/U_1p6__Delta_2__w1_0p5__typ,ok,
0.02,1.6,2,typ,0.45,0.55,0.8802274748187183,0.5519030322007836,0.001903032200783583,0.3477324253720255,0.2679593546341907,0.7705906469536493,1,True,0.001596799879242014,0.09658797916156274,0.006278269418583773,0.006280597766452668,2.328347868894915e-06,3.250026283333928,0.09658797916156274,-6.706570143399546e-05,0.0001256119553290534,2.926423746311606e-11,0.09933969851253441,-0.006902087413286521,-0.8948220344305176,0,0,/home/2/kj405942/Byczuk_Freericks/filling_variantB_freericks/pbs_variantB_T002_typ_21x21_mu20/chunks/T_0p02__Didx_20_20__typ/dmft_solutions/T_0p02/U_1p6__Delta_2__w1_0p45__typ,ok,
0.02,1.6,2,typ,0.4,0.6,0.8753866286063944,0.5970412889304784,-0.002958711069521613,0.3494172777082073,0.2653684154334671,0.7594599132990554,1,True,0.001808234006463173,0.09458269487389477,0.006146107500153025,0.006148860924358211,2.753424205186619e-06,3.24906554436174,0.09458269487389477,-7.21701159009132e-05,0.0001229772184871642,2.816144145319593e-11,0.09772109415477828,-0.006783377063274098,-0.8613330265207402,0,0,/home/2/kj405942/Byczuk_Freericks/filling_variantB_freericks/pbs_variantB_T002_typ_21x21_mu20/chunks/T_0p02__Didx_20_20__typ/dmft_solutions/T_0p02/U_1p6__Delta_2__w1_0p4__typ,ok,
0.02,1.8,2,typ,0.5,0.5,1,0.4972763685246359,-0.002723631475364086,0.3194241319782621,0.1874017725936579,0.5866863327859373,122,True,0.001951967469000901,0.0436209571913698,0.002806864945405427,0.002811602470973291,4.737525567864083e-06,3.217335343068483,0.0436209571913698,-6.428925259929828e-05,5.623204941946583e-05,3.057244061490995e-11,0.04654445565932726,-0.01676706569736917,-1.492515733870912,0,0,/home/2/kj405942/Byczuk_Freericks/filling_variantB_freericks/pbs_variantB_T002_typ_21x21_mu20/chunks/T_0p02__Didx_20_20__typ/dmft_solutions/T_0p02/U_1p8__Delta_2__w1_0p5__typ,ok,
0.02,1.8,2,typ,0.45,0.55,0.9995600415856493,0.5478270449263687,-0.002172955073631355,0.3199037281019655,0.1864144981933287,0.5827206181664482,1,True,0.001614128386704716,0.04319668385369746,0.002772883745975049,0.002778053072128647,5.169326153597181e-06,3.209602565056278,0.04319668385369746,-6.682780074094722e-05,5.556106144257294e-05,2.924004900216981e-11,0.04617423197256166,-0.0158223383144576,-1.343079455952428,0,0,/home/2/kj405942/Byczuk_Freericks/filling_variantB_freericks/pbs_variantB_T002_typ_21x21_mu20/chunks/T_0p02__Didx_20_20__typ/dmft_solutions/T_0p02/U_1p8__Delta_2__w1_0p45__typ,ok,
0.02,1.8,2,typ,0.4,0.6,0.9572173661085944,0.5992908405455811,-0.0007091594544188506,0.3272200633632436,0.1875193435355308,0.5730679885828625,1,True,0.001060827930781107,0.04386751423200123,0.002817318356492432,0.002819132118333074,1.813761840641901e-06,3.211167085502654,0.04386751423200123,-3.989115775653029e-05,5.638264236666149e-05,2.853989990186126e-11,0.04512272531826794,-0.01478248907571875,-1.247952267170673,0,0,/home/2/kj405942/Byczuk_Freericks/filling_variantB_freericks/pbs_variantB_T002_typ_21x21_mu20/chunks/T_0p02__Didx_20_20__typ/dmft_solutions/T_0p02/U_1p8__Delta_2__w1_0p4__typ,ok,
0.02,1.7,2,typ,0.5,0.5,0.7596984461267982,0.5033005001358581,0.003300500135858142,0.3362593824944203,0.2331412149194159,0.6933374265721328,22,True,0.001938133808921298,0.07061977352229828,0.004573478877797682,0.004576099655564565,2.620777766882936e-06,3.238100782320974,0.07061977352229828,6.084056744468244e-05,9.152199311129132e-05,3.050854158692733e-11,0.07302545464481075,-0.0100833459862476,-1.11639124086282,0,0,/home/2/kj405942/Byczuk_Freericks/filling_variantB_freericks/pbs_variantB_T002_typ_21x21_mu20/chunks/T_0p02__Didx_20_20__typ/dmft_solutions/T_0p02/U_1p7__Delta_2__w1_0p5__typ,ok,
0.02,1.7,2,typ,0.45,0.55,0.9155788552605816,0.5531437706373655,0.003143770637365484,0.3386835057472906,0.2338571953807686,0.6904888824295495,54,True,0.001929714001652563,0.0708706463868408,0.00458905866424447,0.004590827569119403,1.768904874933117e-06,3.237630033170237,0.0708706463868408,-5.007263362024087e-05,9.181655138238806e-05,2.961387308136537e-11,0.07259279705635431,-0.009908706661601908,-1.06422141617561,0,0,/home/2/kj405942/Byczuk_Freericks/filling_variantB_freericks/pbs_variantB_T002_typ_21x21_mu20/chunks/T_0p02__Didx_20_20__typ/dmft_solutions/T_0p02/U_1p7__Delta_2__w1_0p45__typ,ok,
0.02,1.7,2,typ,0.4,0.6,0.9221140584324078,0.5984209814595337,-0.00157901854046627,0.3392202027550282,0.2304584706890652,0.6793771975176062,7,True,0.001974780345519891,0.06879226447394952,0.004451430316924644,0.004454255591496933,2.825274572288701e-06,3.235414876196091,0.06879226447394952,-6.234693827100236e-05,8.908511182993865e-05,2.826049282989543e-11,0.07127071646903631,-0.009639612241037094,-1.016510177579077,0,0,/home/2/kj405942/Byczuk_Freericks/filling_variantB_freericks/pbs_variantB_T002_typ_21x21_mu20/chunks/T_0p02__Didx_20_20__typ/dmft_solutions/T_0p02/U_1p7__Delta_2__w1_0p4__typ,ok,
0.02,1.9,2,typ,0.5,0.5,1.267997656487384,0.4954791662015416,-0.004520833798458412,0.2519511671284881,0.09603639536629453,0.3811706707328673,1,True,0.001910901055890668,0.01107236224547901,0.0007358582266087025,0.0007440029707113109,8.144744102608366e-06,3.32295047025382,0.01107236224547901,-4.246917873018236e-05,1.488005941422622e-05,2.754691113274259e-11,0.02204181440974801,-0.03191807019186969,-2.251632262525826,0,0,/home/2/kj405942/Byczuk_Freericks/filling_variantB_freericks/pbs_variantB_T002_typ_21x21_mu20/chunks/T_0p02__Didx_20_20__typ/dmft_solutions/T_0p02/U_1p9__Delta_2__w1_0p5__typ,ok,
0.02,1.9,2,typ,0.4,0.6,1.196992582176087,0.6025290574786079,0.002529057478607877,0.2257969033137685,0.08995785535600161,0.3984016345476435,1,True,0.001217839868850169,0.009767117534004981,0.0006409868101440786,0.0006690173997859082,2.803058964182956e-05,3.281350961081573,0.009767117534004981,-7.399703555943466e-05,1.338034799571816e-05,2.600126013950305e-11,0.02080341765688311,-0.026031595206992,-1.456642662840367,0,0,/home/2/kj405942/Byczuk_Freericks/filling_variantB_freericks/pbs_variantB_T002_typ_21x21_mu20/chunks/T_0p02__Didx_20_20__typ/dmft_solutions/T_0p02/U_1p9__Delta_2__w1_0p4__typ,ok,
0.02,1.9,2,typ,0.45,0.55,1.293736218784796,0.5497291991683283,-0.000270800831671747,0.2302817341159707,0.08653803938782903,0.3757920258853364,24,True,0.00193852387235954,0.008992885657339363,0.0005990805541430079,0.0006081663427718264,9.085788628818447e-06,3.330858286039033,0.008992885657339363,-4.042461088142185e-05,1.216332685543653e-05,2.597264185657817e-11,0.02195198423878166,-0.03116602817205071,-2.195550465350581,0,0,/home/2/kj405942/Byczuk_Freericks/filling_variantB_freericks/pbs_variantB_T002_typ_21x21_mu20/chunks/T_0p02__Didx_20_20__typ/dmft_solutions/T_0p02/U_1p9__Delta_2__w1_0p45__typ,ok,
0.02,2,2,typ,0.5,0.5,0.3940837566806707,0.5045614541993456,0.004561454199345616,0.2525067057274604,0.0480173734245351,0.1901627653261692,1,True,0.0008752311882319085,0.002716593615181436,0.0001767698213166825,0.0001770416606408642,2.718393241816084e-07,3.253519781700517,0.002716593615181436,3.84311585156366e-06,3.540833212817283e-06,2.405416216893521e-11,0.003331206998280263,-0.08680378114295892,-4.397962465814503,0,0,/home/2/kj405942/Byczuk_Freericks/filling_variantB_freericks/pbs_variantB_T002_typ_21x21_mu20/chunks/T_0p02__Didx_20_20__typ/dmft_solutions/T_0p02/U_2__Delta_2__w1_0p5__typ,ok,
0.02,2,2,typ,0.45,0.55,0.3935968474001283,0.5510539073960843,0.001053907396084242,0.2735571018779083,0.06432213006876812,0.2351323713667497,1,True,0.001887186896164521,0.004861976173072633,0.0003167173451317315,0.000316717345189063,5.733150317272245e-14,3.257084504916187,0.004861976173072633,-2.3611200833173e-09,6.334346903781261e-06,2.51731913693652e-11,0.00490761797664083,-0.07551868866787868,-4.137310449520667,0,0,/home/2/kj405942/Byczuk_Freericks/filling_variantB_freericks/pbs_variantB_T002_typ_21x21_mu20/chunks/T_0p02__Didx_20_20__typ/dmft_solutions/T_0p02/U_2__Delta_2__w1_0p45__typ,ok,
0.02,2,2,typ,0.4,0.6,0.9534384963252095,0.597528668114489,-0.002471331885510963,0.2798033850834177,0.04539074863664171,0.1622237294345434,36,True,0.00199309700881261,0.002456863562765916,0.0001621235474805084,0.0001642437301913856,2.120182710877181e-06,3.299400706199393,0.002456863562765916,-1.020686009383925e-05,3.284874603827712e-06,3.02844156918805e-11,0.009338998056602845,-0.05737806278997105,-3.307901854790518,0,0,/home/2/kj405942/Byczuk_Freericks/filling_variantB_freericks/pbs_variantB_T002_typ_21x21_mu20/chunks/T_0p02__Didx_20_20__typ/dmft_solutions/T_0p02/U_2__Delta_2__w1_0p4__typ,ok,
0.02,0.1,0.245,typ,0.5,0.5,0.08551443664800396,0.4985063223818046,-0.00149367761819541,0.6264389254911,0.6263218196050712,0.9998130609684942,75,True,0.001989486918331289,10.06359684331365,0.6670775789268795,0.6670850381260808,7.45919920136373e-06,3.314309929705165,10.06359684331365,-0.001225286689199648,0.01334170076252162,2.936389851116446e-11,46.78810601335804,0.2002396898012695,-0.01272098459630755,5,0,/home/2/kj405942/Byczuk_Freericks/filling_variantB_freericks/pbs_variantB_T002_typ_21x21_mu20/chunks/T_0p02__Didx_2_2__typ/dmft_solutions/T_0p02/U_0p1__Delta_0p245__w1_0p5__typ,ok,
0.02,0.1,0.245,typ,0.45,0.55,0.1627703700042502,0.5508030014607771,0.000803001460777053,0.6228610788610164,0.6224628831356614,0.999360698976274,39,True,0.001954227276153471,9.753804745519631,0.6459440323103517,0.6459661445309046,2.21122205529276e-05,3.31124135228903,9.753804745519631,-0.002076912524701616,0.01291932289061809,2.817881864878225e-11,60.62619281924663,0.1933227691804577,-0.01241779468170567,4,0,/home/2/kj405942/Byczuk_Freericks/filling_variantB_freericks/pbs_variantB_T002_typ_21x21_mu20/chunks/T_0p02__Didx_2_2__typ/dmft_solutions/T_0p02/U_0p1__Delta_0p245__w1_0p45__typ,ok,
0.02,0,0.245,typ,0.5,0.5,0.0343434022662652,0.4984110529301125,-0.001588947069887547,0.6294381101306822,0.6293137508802044,0.9998024281522261,71,True,0.001955451728246862,14.39370105966214,0.9595822579851978,0.9595854218411918,3.163855993948013e-06,3.333340931591231,14.39370105966214,-0.0009543542043990577,0.01919170843682384,2.937426999689609e-11,40.51395553812529,0.2034094610408069,-0.00793944978461375,5,0,/home/2/kj405942/Byczuk_Freericks/filling_variantB_freericks/pbs_variantB_T002_typ_21x21_mu20/chunks/T_0p02__Didx_2_2__typ/dmft_solutions/T_0p02/U_0__Delta_0p245__w1_0p5__typ,ok,
0.02,0.1,0.245,typ,0.4,0.6,0.2356288315671443,0.5992918711174169,-0.0007081288825830923,0.6157013654352562,0.6147516336837954,0.9984574798680372,39,True,0.001888551941717138,9.153509114087885,0.6052530062891093,0.6053357948305943,8.278854148501554e-05,3.306125545653212,9.153509114087885,-0.003893085329209039,0.01210671589661189,2.711116760043884e-11,67.63807489365804,0.184505707515666,-0.01269394036390492,4,0,/home/2/kj405942/Byczuk_Freericks/filling_variantB_freericks/pbs_variantB_T002_typ_21x21_mu20/chunks/T_0p02__Didx_2_2__typ/dmft_solutions/T_0p02/U_0p1__Delta_0p245__w1_0p4__typ,ok,
0.02,0,0.245,typ,0.45,0.55,0.1159956102194152,0.5503177848611713,0.0003177848611712886,0.6259114391632974,0.6254985023029602,0.9993402631195091,51,True,0.001944413043567532,13.8305186262811,0.9206265362135306,0.9206361925927931,9.656379262390599e-06,3.328243000461792,13.8305186262811,-0.001634336154228547,0.01841272385185586,2.819726412022593e-11,70.91493312265665,0.1976390495534212,-0.007805644407720413,4,0,/home/2/kj405942/Byczuk_Freericks/filling_variantB_freericks/pbs_variantB_T002_typ_21x21_mu20/chunks/T_0p02__Didx_2_2__typ/dmft_solutions/T_0p02/U_0__Delta_0p245__w1_0p45__typ,ok,
0.02,0,0.245,typ,0.4,0.6,0.1950105414994426,0.5993064983564035,-0.0006935016435964947,0.6185509380730957,0.6175520870321606,0.9983851757721899,36,True,0.001920597981396523,12.55664166102142,0.833523077698761,0.8336117462669701,8.866856820913278e-05,3.319052578709003,12.55664166102142,-0.004718854601697145,0.0166722349253394,2.711352849756494e-11,25.25257979684967,0.188302342127514,-0.008484178486608984,4,0,/home/2/kj405942/Byczuk_Freericks/filling_variantB_freericks/pbs_variantB_T002_typ_21x21_mu20/chunks/T_0p02__Didx_2_2__typ/dmft_solutions/T_0p02/U_0__Delta_0p245__w1_0p4__typ,ok,
0.02,0.3,0.245,typ,0.5,0.5,0.1858674677882907,0.5029011729361965,0.002901172936196517,0.6021675201048586,0.6021129720730278,0.9999094138590847,65,True,0.00181944220900529,2.863289107796502,0.1882980033838473,0.1882982953230771,2.919392298017792e-07,3.288141649250982,2.863289107796502,-0.0001292986014487345,0.003765965906461542,2.941833309747586e-11,60.77843955290297,0.173921984429345,-0.05077245548444403,4,0,/home/2/kj405942/Byczuk_Freericks/filling_variantB_freericks/pbs_variantB_T002_typ_21x21_mu20/chunks/T_0p02__Didx_2_2__typ/dmft_solutions/T_0p02/U_0p3__Delta_0p245__w1_0p5__typ,ok,
0.02,0.3,0.245,typ,0.45,0.55,0.2520361152894035,0.549522563016566,-0.0004774369834340542,0.5989129418231297,0.5986782739046098,0.9996081769116467,55,True,0.001998643523505812,2.824903221291793,0.1858013002507722,0.1858142683934869,1.296814271467038e-05,3.288631250273551,2.824903221291793,-0.0008559643465570754,0.003716285367869738,2.82414809744906e-11,64.41748857375154,0.1657187566888346,-0.04989416583129336,4,0,/home/2/kj405942/Byczuk_Freericks/filling_variantB_freericks/pbs_variantB_T002_typ_21x21_mu20/chunks/T_0p02__Didx_2_2__typ/dmft_solutions/T_0p02/U_0p3__Delta_0p245__w1_0p45__typ,ok,
0.02,0.2,0.245,typ,0.5,0.5,0.1341339409746682,0.4990226042172365,-0.0009773957827635127,0.6174679376527107,0.6173788410276346,0.99985570647536,142,True,0.001932417136977035,5.24842010950966,0.345812733734941,0.3458153276495281,2.59391458706189e-06,3.294446009651169,5.24842010950966,-0.0005218036696131231,0.006916306552990562,2.940700448780365e-11,26.79935190511698,0.1898085428982704,-0.02691811316867893,5,0,/home/2/kj405942/Byczuk_Freericks/filling_variantB_freericks/pbs_variantB_T002_typ_21x21_mu20/chunks/T_0p02__Didx_2_2__typ/dmft_solutions/T_0p02/U_0p2__Delta_0p245__w1_0p5__typ,ok,
0.02,0.2,0.245,typ,0.45,0.55,0.2195240453672809,0.5548328468556185,0.004832846855618467,0.6130980688972207,0.6127092015906196,0.9993657339236109,83,True,0.001977494635980182,5.085424233707649,0.3350284791683892,0.3350637650474378,3.52858790485952e-05,3.294007183783454,5.085424233707649,-0.001894432181005185,0.006701275300948757,2.803280807208058e-11,57.5972175504176,0.1807191907969277,-0.02665664812401136,5,0,/home/2/kj405942/Byczuk_Freericks/filling_variantB_freericks/pbs_variantB_T002_typ_21x21_mu20/chunks/T_0p02__Didx_2_2__typ/dmft_solutions/T_0p02/U_0p2__Delta_0p245__w1_0p45__typ,ok,
0.02,0.2,0.245,typ,0.4,0.6,0.2822464616798475,0.6012936730003552,0.001293673000355211,0.60634035139275,0.6054829896017517,0.9985860057160488,28,True,0.001891385820943045,4.936458968107337,0.3250110417596004,0.3250856090984163,7.456733881588906e-05,3.291945135768152,4.936458968107337,-0.00271329544438343,0.006501712181968326,2.704011693177413e-11,17.83045242738651,0.1723033098589448,-0.02597744566001176,4,0,/home/2/kj405942/Byczuk_Freericks/filling_variantB_freericks/pbs_variantB_T002_typ_21x21_mu20/chunks/T_0p02__Didx_2_2__typ/dmft_solutions/T_0p02/U_0p2__Delta_0p245__w1_0p4__typ,ok,
0.02,0.4,0.245,typ,0.5,0.5,0.2332714647590398,0.5009872299768756,0.0009872299768756143,0.5801692877848664,0.5801505614232483,0.9999677225906086,28,True,0.001888670178190241,1.697544289137102,0.1117332639454578,0.111733271940992,7.995534212037097e-09,3.291026474550899,1.697544289137102,1.647590570514647e-05,0.002234665438819841,2.950479316324823e-11,69.14159119183152,0.1505542208318739,-0.08528020295333671,4,0,/home/2/kj405942/Byczuk_Freericks/filling_variantB_freericks/pbs_variantB_T002_typ_21x21_mu20/chunks/T_0p02__Didx_2_2__typ/dmft_solutions/T_0p02/U_0p4__Delta_0p245__w1_0p5__typ,ok,
0.02,0.3,0.245,typ,0.4,0.6,0.3326991681321241,0.6028590550375673,0.002859055037567337,0.5902873830105411,0.5895743962615164,0.998792136221194,99,True,0.001965203843765202,2.709924238275294,0.1781945753992247,0.1782525472229969,5.797182377225391e-05,3.287814708662021,2.709924238275294,-0.001772564528458441,0.003565050944459939,2.692932977627828e-11,25.63560504107429,0.1523038459159322,-0.04933131711337768,5,0,/home/2/kj405942/Byczuk_Freericks/filling_variantB_freericks/pbs_variantB_T002_typ_21x21_mu20/chunks/T_0p02__Didx_2_2__typ/dmft_solutions/T_0p02/U_0p3__Delta_0p245__w1_0p4__typ,ok,
0.02,0.4,0.245,typ,0.45,0.55,0.2976360990432644,0.5503923268196527,0.0003923268196526219,0.5769991039070798,0.5768585887366101,0.9997564724632705,40,True,0.001932729058783163,1.677766005945608,0.1104368782464485,0.1104444213812696,7.54313482108861e-06,3.291188337798187,1.677766005945608,-0.0005031026770170692,0.002208888427625393,2.827925091695371e-11,12.46155711317809,0.1479268120016592,-0.08448034574838109,4,0,/home/2/kj405942/Byczuk_Freericks/filling_variantB_freericks/pbs_variantB_T002_typ_21x21_mu20/chunks/T_0p02__Didx_2_2__typ/dmft_solutions/T_0p02/U_0p4__Delta_0p245__w1_0p45__typ,ok,
0.02,0.4,0.245,typ,0.4,0.6,0.3633993264730507,0.5988771639621554,-0.001122836037844577,0.5698921820374663,0.5694533973617434,0.9992300566851888,81,True,0.001963642709406336,1.62976110451782,0.107263926891202,0.1073006396336233,3.671274242130925e-05,3.290786808994836,1.62976110451782,-0.001093919554980449,0.002146012792672466,2.709811760801384e-11,44.03698889516299,0.1303519969674906,-0.08404120653158398,4,0,/home/2/kj405942/Byczuk_Freericks/filling_variantB_freericks/pbs_variantB_T002_typ_21x21_mu20/chunks/T_0p02__Didx_2_2__typ/dmft_solutions/T_0p02/U_0p4__Delta_0p245__w1_0p4__typ,ok,
0.02,0.6000000000000001,0.245,typ,0.5,0.5,0.3385600796097423,0.5019189057714206,0.00191890577142062,0.5123141935824145,0.5122987867650469,0.9999699270143975,98,True,0.001811486529155116,0.6913622671226354,0.04597427631585926,0.04597684194981119,2.565633951930977e-06,3.324904937840949,0.6913622671226354,0.0001883498078371097,0.0009195368389962238,2.95672696544195e-11,41.95397356218735,0.07963407927856925,-0.1887871482906391,4,0,/home/2/kj405942/Byczuk_Freericks/filling_variantB_freericks/pbs_variantB_T002_typ_21x21_mu20/chunks/T_0p02__Didx_2_2__typ/dmft_solutions/T_0p02/U_0p6__Delta_0p245__w1_0p5__typ,ok,
0.02,0.6000000000000001,0.245,typ,0.4,0.6,0.4637186536576151,0.6007691422021345,0.0007691422021345318,0.5008273009145373,0.5007362622628208,0.9998182234643552,73,True,0.001989434549289376,0.6559528886651731,0.04365625237179638,0.04366431163011082,8.059258314442218e-06,3.327697242147555,0.6559528886651731,-0.0003251613067957867,0.0008732862326022165,2.694517611480139e-11,84.80893009866092,0.08096669010021157,-0.1900045133479497,4,0,/home/2/kj405942/Byczuk_Freericks/filling_variantB_freericks/pbs_variantB_T002_typ_21x21_mu20/chunks/T_0p02__Didx_2_2__typ/dmft_solutions/T_0p02/U_0p6__Delta_0p245__w1_0p4__typ,ok,
0.02,0.6000000000000001,0.245,typ,0.45,0.55,0.3956389389565164,0.5482983271916928,-0.001701672808307242,0.5087814188652425,0.5087587140537333,0.9999553741338277,81,True,0.001988597538828972,0.6788221553927253,0.04515972251390678,0.04516042286987797,7.003559711905707e-07,3.326329448379606,0.6788221553927253,-9.75107327329406e-05,0.0009032084573975595,2.829781806721112e-11,24.38790000594573,0.08345982074916869,-0.1916656098198929,4,0,/home/2/kj405942/Byczuk_Freericks/filling_variantB_freericks/pbs_variantB_T002_typ_21x21_mu20/chunks/T_0p02__Didx_2_2__typ/dmft_solutions/T_0p02/U_0p6__Delta_0p245__w1_0p45__typ,ok,
0.02,0.5,0.245,typ,0.5,0.5,0.2878155869586994,0.4999674778726681,-3.252212733190207e-05,0.5505551708610434,0.5505545416949094,0.9999988572151033,200,True,0.00198221944119343,1.066840593005814,0.07044437495289929,0.07044468965576139,3.147028621018246e-07,3.301541739915561,1.066840593005814,8.19436132990653e-05,0.001408893793115228,2.949956510531034e-11,63.29302998905283,0.1185242187733389,-0.1315561800204207,4,0,/home/2/kj405942/Byczuk_Freericks/filling_variantB_freericks/pbs_variantB_T002_typ_21x21_mu20/chunks/T_0p02__Didx_2_2__typ/dmft_solutions/T_0p02/U_0p5__Delta_0p245__w1_0p5__typ,ok,
0.02,0.5,0.245,typ,0.4,0.6,0.4063221890680579,0.5986106703755871,-0.001389329624412849,0.5404112958501646,0.5401616617607913,0.9995380664851193,50,True,0.001904721330706936,1.023264140757,0.06758351214262238,0.06760692604995874,2.341390733635787e-05,3.302349288455708,1.023264140757,-0.0006922226776450227,0.001352138520999175,2.711410693877683e-11,72.09065869602279,0.1092144934553432,-0.1316515863881981,4,0,/home/2/kj405942/Byczuk_Freericks/filling_variantB_freericks/pbs_variantB_T002_typ_21x21_mu20/chunks/T_0p02__Didx_2_2__typ/dmft_solutions/T_0p02/U_0p5__Delta_0p245__w1_0p4__typ,ok,
0.02,0.5,0.245,typ,0.45,0.55,0.3541842450531137,0.5531278501786465,0.003127850178646474,0.5467787125618538,0.5467102006682036,0.9998746990472084,65,True,0.001915922637068201,1.047486821081374,0.06916951957404595,0.06917360098431989,4.081410273937935e-06,3.301689251929619,1.047486821081374,-0.0002924114728725981,0.001383472019686398,2.8177196253833e-11,17.04693171319991,0.1179593552286884,-0.1319921447108727,4,0,/home/2/kj405942/Byczuk_Freericks/filling_variantB_freericks/pbs_variantB_T002_typ_21x21_mu20/chunks/T_0p02__Didx_2_2__typ/dmft_solutions/T_0p02/U_0p5__Delta_0p245__w1_0p45__typ,ok,
0.02,0.7000000000000001,0.245,typ,0.5,0.5,0.39394769372207,0.5003403780339446,0.0003403780339445994,0.4639144431002752,0.4638087608460852,0.9997721945161187,83,True,0.001983781010456404,0.4493776658350146,0.03031015914858842,0.03032408110896103,1.392196037261552e-05,3.372459453705533,0.4493776658350146,0.0003537292200566284,0.0006064816221792207,2.957361166838515e-11,47.59047077374279,0.03650347066453069,-0.2538268028490741,3,0,/home/2/kj405942/Byczuk_Freericks/filling_variantB_freericks/pbs_variantB_T002_typ_21x21_mu20/chunks/T_0p02__Didx_2_2__typ/dmft_solutions/T_0p02/U_0p7__Delta_0p245__w1_0p5__typ,ok,
0.02,0.7000000000000001,0.245,typ,0.45,0.55,0.4601017371623949,0.5542482302957954,0.004248230295795352,0.4603377591882736,0.4602712069668474,0.9998554274115086,31,True,0.001866599768974299,0.4408446400728697,0.02971703190552622,0.02972254874955281,5.516844026581513e-06,3.370465375354697,0.4408446400728697,0.0002205480047171812,0.0005944509749910562,2.810610153006009e-11,50.28126368601167,0.0480262391160724,-0.2562948752932241,3,0,/home/2/kj405942/Byczuk_Freericks/filling_variantB_freericks/pbs_variantB_T002_typ_21x21_mu20/chunks/T_0p02__Didx_2_2__typ/dmft_solutions/T_0p02/U_0p7__Delta_0p245__w1_0p45__typ,ok,
0.02,0.8,0.245,typ,0.5,0.5,0.4550060587387581,0.5013783652554384,0.001378365255438441,0.4057836290018684,0.405324258846611,0.9988679431045866,152,True,0.001974196928353854,0.2882068670816776,0.01984713603932265,0.01992548308684987,7.834704752721343e-05,3.443210122002053,0.2882068670816776,0.0006720142426008169,0.0003985096617369974,2.951086116815272e-11,5.889445918166882,0.0009126257998109462,-0.3190732450257113,2,0,/home/2/kj405942/Byczuk_Freericks/filling_variantB_freericks/pbs_variantB_T002_typ_21x21_mu20/chunks/T_0p02__Didx_2_2__typ/dmft_solutions/T_0p02/U_0p8__Delta_0p245__w1_0p5__typ,ok,
0.02,0.8,0.245,typ,0.45,0.55,0.5091942234745057,0.5474967982996308,-0.002503201700369218,0.4017446304772732,0.4013645603509449,0.9990539509491967,131,True,0.001994970055183314,0.2801120457983691,0.01930576735831067,0.01935718541082164,5.141805251096998e-05,3.446079461396565,0.2801120457983691,0.0005367087828574407,0.0003871437082164328,2.814580534095788e-11,14.97462782876653,0.002554495664785161,-0.3313515380575388,3,0,/home/2/kj405942/Byczuk_Freericks/filling_variantB_freericks/pbs_variantB_T002_typ_21x21_mu20/chunks/T_0p02__Didx_2_2__typ/dmft_solutions/T_0p02/U_0p8__Delta_0p245__w1_0p45__typ,ok,
0.02,0.7000000000000001,0.245,typ,0.4,0.6,0.5039819888006496,0.5970839992468727,-0.002916000753127257,0.4523134825550708,0.4522690309444548,0.9999017238876788,118,True,0.001908567560146793,0.4229065709828205,0.02861103367219994,0.02861146409763086,4.304254309211022e-07,3.38266601127867,0.4229065709828205,-6.033734217789945e-05,0.0005722292819526172,2.702125255208298e-11,51.6674319560378,0.04468567224578085,-0.2643626289692672,3,0,/home/2/kj405942/Byczuk_Freericks/filling_variantB_freericks/pbs_variantB_T002_typ_21x21_mu20/chunks/T_0p02__Didx_2_2__typ/dmft_solutions/T_0p02/U_0p7__Delta_0p245__w1_0p4__typ,ok,
0.02,0.8,0.245,typ,0.4,0.6,0.5707921623653818,0.6002150362911471,0.0002150362911471637,0.3950114652415072,0.394648907453955,0.9990821588246038,84,True,0.001983566038015783,0.2693104621453708,0.01851633251576077,0.0185556759835912,3.93434678304287e-05,3.437729891415407,0.2693104621453708,0.0004603391685228247,0.000371113519671824,2.675306491462486e-11,19.97804814199407,0.01096155463607185,-0.3355084067190702,2,0,/home/2/kj405942/Byczuk_Freericks/filling_variantB_freericks/pbs_variantB_T002_typ_21x21_mu20/chunks/T_0p02__Didx_2_2__typ/dmft_solutions/T_0p02/U_0p8__Delta_0p245__w1_0p4__typ,ok,
0.02,1,0.245,typ,0.5,0.5,0.6079159227442236,0.4961819858328467,-0.003818014167153327,0.3318038775943516,0.3278088531781649,0.9879596813480559,75,True,0.00196699048868357,0.1628630731988095,0.01009186119502701,0.0106350029139015,0.0005431417188744916,3.098265615652395,0.1628630731988095,0.001330095707220977,0.00021270005827803,2.89661838598225e-11,0.6913856595103951,0.0004615020560092878,-0.4018102629775372,1,0,/home/2/kj405942/Byczuk_Freericks/filling_variantB_freericks/pbs_variantB_T002_typ_21x21_mu20/chunks/T_0p02__Didx_2_2__typ/dmft_solutions/T_0p02/U_1__Delta_0p245__w1_0p5__typ,ok,
0.02,1,0.245,typ,0.45,0.55,0.6734242018980416,0.549116935979756,-0.0008830640202440732,0.338730771798952,0.3347004560132815,0.9881017134514645,82,True,0.001949935119874876,0.1686102705936809,0.01052500962573901,0.01093379293879802,0.0004087833130590099,3.121105727628631,0.1686102705936809,0.001174095950329964,0.0002186758587759605,2.733994242014933e-11,0.9330877956531899,0.0006293505721626578,-0.4203611941186666,1,0,/home/2/kj405942/Byczuk_Freericks/filling_variantB_freericks/pbs_variantB_T002_typ_21x21_mu20/chunks/T_0p02__Didx_2_2__typ/dmft_solutions/T_0p02/U_1__Delta_0p245__w1_0p45__typ,ok,
0.02,1,0.245,typ,0.4,0.6,0.7486056310956893,0.6045344573389699,0.004534457338969955,0.3460676913523433,0.3421262047601611,0.988610648463658,90,True,0.001941116254367789,0.1767026501439258,0.01114566913212255,0.01142584590346899,0.0002801767713464371,3.153792295430858,0.1767026501439258,0.0009950676158501407,0.0002285169180693797,2.569281065817996e-11,1.33731181256879,0.0007156915308669181,-0.4263060384534356,1,0,/home/2/kj405942/Byczuk_Freericks/filling_variantB_freericks/pbs_variantB_T002_typ_21x21_mu20/chunks/T_0p02__Didx_2_2__typ/dmft_solutions/T_0p02/U_1__Delta_0p245__w1_0p4__typ,ok,
0.02,0.9,0.245,typ,0.45,0.55,0.5750090586599169,0.548312609682471,-0.001687390317529069,0.347013849265629,0.3453938062853537,0.9953314745687996,32,True,0.00185992467060484,0.1837741040076263,0.01241265882271565,0.01269873548835868,0.0002860766656430258,3.377151228608506,0.1837741040076263,0.001025411945571499,0.0002539747097671735,2.796159819089519e-11,1.42044052540734,0.0006958890772852913,-0.3945150850686887,1,0,/home/2/kj405942/Byczuk_Freericks/filling_variantB_freericks/pbs_variantB_T002_typ_21x21_mu20/chunks/T_0p02__Didx_2_2__typ/dmft_solutions/T_0p02/U_0p9__Delta_0p245__w1_0p45__typ,ok,
0.02,0.9,0.245,typ,0.5,0.5,0.5186871966725128,0.4969436247668969,-0.003056375233103148,0.3484945571346272,0.3468705860434992,0.9953400388675208,29,True,0.00189746949936114,0.1877251063405862,0.01275985456041928,0.01309675469642136,0.0003369001360020735,3.398547698055185,0.1877251063405862,0.001124674298249473,0.0002619350939284272,2.942176150227893e-11,1.036915665296607,0.0006767735719070771,-0.3762149669606649,1,0,/home/2/kj405942/Byczuk_Freericks/filling_variantB_freericks/pbs_variantB_T002_typ_21x21_mu20/chunks/T_0p02__Didx_2_2__typ/dmft_solutions/T_0p02/U_0p9__Delta_0p245__w1_0p5__typ,ok,
0.02,0.9,0.245,typ,0.4,0.6,0.6363605376154646,0.6001050690762293,0.0001050690762293138,0.3445151597949631,0.3428051951594515,0.995036605540002,42,True,0.001895451014366689,0.1797895105099443,0.01198927656913256,0.01223618931352494,0.0002469127443923821,3.334253632241083,0.1797895105099443,0.0009422560315856129,0.0002447237862704989,2.651477694263174e-11,2.040099153697875,0.0006977951987160509,-0.4038529626016588,1,0,/home/2/kj405942/Byczuk_Freericks/filling_variantB_freericks/pbs_variantB_T002_typ_21x21_mu20/chunks/T_0p02__Didx_2_2__typ/dmft_solutions/T_0p02/U_0p9__Delta_0p245__w1_0p4__typ,ok,
0.02,1.1,0.245,typ,0.5,0.5,0.722624687706655,0.4993828908659688,-0.0006171091340311796,0.3469388875650026,0.3410615191172082,0.9830593552396363,249,True,0.001962844138723361,0.1828660379832986,0.01150869235135494,0.0118921716591634,0.000383479307808455,3.146754990231167,0.1828660379832986,0.001184274813271903,0.000237843433183268,2.816721594986069e-11,0.6674614353038747,0.0005518045865950923,-0.3883628906055219,1,0,/home/2/kj405942/Byczuk_Freericks/filling_variantB_freericks/pbs_variantB_T002_typ_21x21_mu20/chunks/T_0p02__Didx_2_2__typ/dmft_solutions/T_0p02/U_1p1__Delta_0p245__w1_0p5__typ,ok,
0.02,1.1,0.245,typ,0.45,0.55,0.7735746518483252,0.5487435305282727,-0.001256469471727306,0.3413133457202087,0.3355804555931021,0.9832034398918402,230,True,0.001981294495840576,0.1715060814287849,0.01080493766257421,0.01112862995752289,0.0003236922949486796,3.15001589814201,0.1715060814287849,0.001053709609857844,0.0002225725991504579,2.672395483027277e-11,0.7547280168574592,0.0006217705671910066,-0.4341484199387074,1,0,/home/2/kj405942/Byczuk_Freericks/filling_variantB_freericks/pbs_variantB_T002_typ_21x21_mu20/chunks/T_0p02__Didx_2_2__typ/dmft_solutions/T_0p02/U_1p1__Delta_0p245__w1_0p45__typ,ok,
0.02,1.1,0.245,typ,0.4,0.6,0.8409606025980934,0.602456105592024,0.002456105592024027,0.3421533151790689,0.336749316436031,0.9842059144152681,221,True,0.001983727604910161,0.1702904369322332,0.01079917772277703,0.0110381092901062,0.0002389315673291738,3.170811560920048,0.1702904369322332,0.0009020838209101005,0.000220762185802124,2.515513288527354e-11,0.9179971761724945,0.0006966162684572568,-0.4531046082301424,1,0,/home/2/kj405942/Byczuk_Freericks/filling_variantB_freericks/pbs_variantB_T002_typ_21x21_mu20/chunks/T_0p02__Didx_2_2__typ/dmft_solutions/T_0p02/U_1p1__Delta_0p245__w1_0p4__typ,ok,
0.02,1.2,0.245,typ,0.5,0.5,0.8070948906493303,0.4997378918705204,-0.0002621081294795768,0.3379592984168736,0.3307659683540959,0.9787153953257868,246,True,0.001963779733345486,0.1718853635515263,0.01083065108330141,0.01119651871200123,0.0003658676286998251,3.150544892106154,0.1718853635515263,0.001121492669354591,0.0002239303742400247,2.782907761003366e-11,0.5292518314898609,0.0003807753571770554,-0.09155192407468785,1,0,/home/2/kj405942/Byczuk_Freericks/filling_variantB_freericks/pbs_variantB_T002_typ_21x21_mu20/chunks/T_0p02__Didx_2_2__typ/dmft_solutions/T_0p02/U_1p2__Delta_0p245__w1_0p5__typ,ok,
0.02,1.2,0.245,typ,0.45,0.55,0.8617818468113911,0.5500457707787992,4.577077879919234e-05,0.335085757991094,0.3280587881123422,0.9790293388746815,58,True,0.001985995570893979,0.1636753614866605,0.01034049220410912,0.01064096968435764,0.0003004774802485213,3.158842024293274,0.1636753614866605,0.0009917737665241766,0.0002128193936871528,2.629374133756327e-11,0.6036471023944764,0.0005475822834264707,-0.1729115991331744,1,0,/home/2/kj405942/Byczuk_Freericks/filling_variantB_freericks/pbs_variantB_T002_typ_21x21_mu20/chunks/T_0p02__Didx_2_2__typ/dmft_solutions/T_0p02/U_1p2__Delta_0p245__w1_0p45__typ,ok,
0.02,1.2,0.245,typ,0.4,0.6,0.9196523183668849,0.5992043746734331,-0.0007956253265668511,0.3306959795220661,0.3239107976565753,0.9794821156419954,248,True,0.001966711742472713,0.1554549073688996,0.009847705609453526,0.01008775285820043,0.0002400472487469081,3.167383319101209,0.1554549073688996,0.0008639041939718756,0.0002017550571640087,2.480774264534137e-11,0.6629933459343735,0.0006221375975779219,-0.4837234719914673,1,0,/home/2/kj405942/Byczuk_Freericks/filling_variantB_freericks/pbs_variantB_T002_typ_21x21_mu20/chunks/T_0p02__Didx_2_2__typ/dmft_solutions/T_0p02/U_1p2__Delta_0p245__w1_0p4__typ,ok,
0.02,1.3,0.245,typ,0.5,0.5,0.8882099156993623,0.5000842000026789,8.420000267894689e-05,0.3260431713367394,0.3177240838343718,0.9744847056042907,246,True,0.001975233745230728,0.1579457667928062,0.009920102232149897,0.01029417235739067,0.0003740701252407776,3.140350777860074,0.1579457667928062,0.001087039951109762,0.0002058834471478135,2.755436037922794e-11,0.4441087114129072,6.213367924105687e-05,-0.04699749702309904,1,0,/home/2/kj405942/Byczuk_Freericks/filling_variantB_freericks/pbs_variantB_T002_typ_21x21_mu20/chunks/T_0p02__Didx_2_2__typ/dmft_solutions/T_0p02/U_1p3__Delta_0p245__w1_0p5__typ,ok,
0.02,1.3,0.245,typ,0.45,0.55,0.9456873169672273,0.5506772363253851,0.0006772363253850777,0.3257833901527971,0.3176204290856808,0.9749435934616317,229,True,0.001984925824460372,0.1526733213219539,0.009630215296155356,0.009931721506502535,0.0003015062103471797,3.153863167700199,0.1526733213219539,0.0009594993958611916,0.0001986344301300507,2.593839747773915e-11,0.5317683708338445,0.0004217516326911451,-0.0770917883826045,1,0,/home/2/kj405942/Byczuk_Freericks/filling_variantB_freericks/pbs_variantB_T002_typ_21x21_mu20/chunks/T_0p02__Didx_2_2__typ/dmft_solutions/T_0p02/U_1p3__Delta_0p245__w1_0p45__typ,ok,
0.02,1.4,0.245,typ,0.5,0.5,0.9587087890946515,0.4963811147160704,-0.003618885283929618,0.3046873128088664,0.2953116331477382,0.9692285196429898,232,True,0.001999349832145483,0.1348707801014242,0.00836408554311829,0.008793137007714731,0.0004290514645964408,3.100777476347514,0.1348707801014242,0.001075792784264521,0.0001758627401542946,2.743839783237625e-11,0.4358953022857778,-0.0001734895043914914,-0.03150953864469966,0,0,/home/2/kj405942/Byczuk_Freericks/filling_variantB_freericks/pbs_variantB_T002_typ_21x21_mu20/chunks/T_0p02__Didx_2_2__typ/dmft_solutions/T_0p02/U_1p4__Delta_0p245__w1_0p5__typ,ok,
0.02,1.3,0.245,typ,0.4,0.6,0.998796223159051,0.601659867841956,0.001659867841956042,0.3189046329409515,0.3108479095701063,0.9747362611306527,224,True,0.001992396151467899,0.141567973302421,0.00893868638088785,0.009190126222385551,0.0002514398414977007,3.157029860769712,0.141567973302421,0.0008437514891045997,0.000183802524447711,2.447336064694554e-11,0.6353685171418408,0.0005161583180538175,-0.1585257428993609,1,0,/home/2/kj405942/Byczuk_Freericks/filling_variantB_freericks/pbs_variantB_T002_typ_21x21_mu20/chunks/T_0p02__Didx_2_2__typ/dmft_solutions/T_0p02/U_1p3__Delta_0p245__w1_0p4__typ,ok,
0.02,1.4,0.245,typ,0.45,0.55,1.007037528559104,0.5486585515796554,-0.001341448420344671,0.2991254901590382,0.2896236531257188,0.9682346127430748,183,True,0.00199845532709542,0.1244444289219978,0.007723822564331025,0.008095768053853293,0.0003719454895222689,3.103321953115451,0.1244444289219978,0.0009621490948258663,0.0001619153610770659,2.58857224892465e-11,0.5199819957215063,-0.0001650009973651152,-0.0493193785336108,0,0,/home/2/kj405942/Byczuk_Freericks/filling_variantB_freericks/pbs_variantB_T002_typ_21x21_mu20/chunks/T_0p02__Didx_2_2__typ/dmft_solutions/T_0p02/U_1p4__Delta_0p245__w1_0p45__typ,ok,
0.02,1.4,0.245,typ,0.4,0.6,1.059855560903998,0.6010573894689881,0.001057389468988146,0.2947405266402254,0.2851591139982341,0.9674920420642157,169,True,0.001981206208895799,0.1168121733347174,0.007268223444783865,0.007579861375862631,0.0003116379310787665,3.1110727749056,0.1168121733347174,0.0008532655392413968,0.0001515972275172526,2.436902949128137e-11,0.6209658219317795,0.0002015421486231252,-0.08131092205490002,1,0,/home/2/kj405942/Byczuk_Freericks/filling_variantB_freericks/pbs_variantB_T002_typ_21x21_mu20/chunks/T_0p02__Didx_2_2__typ/dmft_solutions/T_0p02/U_1p4__Delta_0p245__w1_0p4__typ,ok,
0.02,1.5,0.245,typ,0.45,0.55,1.064819385618694,0.545315794212734,-0.004684205787266027,0.2656414028029938,0.2551420993999428,0.9604756514147852,193,True,0.001990849047135258,0.09509142412854793,0.00571175274874697,0.006207176022557658,0.0004954232738106878,3.003295408125144,0.09509142412854793,0.0009706750707944019,0.0001241435204511532,2.589294069266089e-11,0.5107483038531648,-0.0001497744522652856,-0.03680941032556309,0,0,/home/2/kj405942/Byczuk_Freericks/filling_variantB_freericks/pbs_variantB_T002_typ_21x21_mu20/chunks/T_0p02__Didx_2_2__typ/dmft_solutions/T_0p02/U_1p5__Delta_0p245__w1_0p45__typ,ok,
0.02,1.5,0.245,typ,0.5,0.5,1.034432816034437,0.5011575004271528,0.001157500427152791,0.2792543771596616,0.2690716113719008,0.9635358776061768,217,True,0.00196875082879833,0.109772615624389,0.006664438033394191,0.00716826695929997,0.0005038289259057786,3.035564924588305,0.109772615624389,0.001051728282627256,0.0001433653391859994,2.725966027225161e-11,0.4281572667473825,-0.0001796243553349908,-0.02663226178430083,0,0,/home/2/kj405942/Byczuk_Freericks/filling_variantB_freericks/pbs_variantB_T002_typ_21x21_mu20/chunks/T_0p02__Didx_2_2__typ/dmft_solutions/T_0p02/U_1p5__Delta_0p245__w1_0p5__typ,ok,
0.02,1.5,0.245,typ,0.4,0.6,1.127819809584977,0.5994926970130874,-0.0005073029869125945,0.2724658617666161,0.2617119492855315,0.9605311564121896,173,True,0.001983185074230987,0.09722260183334137,0.005932238943666947,0.006312503064170353,0.0003802641205034055,3.050853830180337,0.09722260183334137,0.0008598868202177347,0.0001262500612834071,2.419384458294092e-11,0.6145617259185869,-0.0001417953179855917,-0.06017885671384921,0,0,/home/2/kj405942/Byczuk_Freericks/filling_variantB_freericks/pbs_variantB_T002_typ_21x21_mu20/chunks/T_0p02__Didx_2_2__typ/dmft_solutions/T_0p02/U_1p5__Delta_0p245__w1_0p4__typ,ok,
0.02,1.6,0.245,typ,0.45,0.55,1.178370078102297,0.5530391923133406,0.0030391923133406,0.2814387015378026,0.2704437361718254,0.960933001375078,163,True,0.001978587515543999,0.1085267175938341,0.006655171039654458,0.007061865203626327,0.0004066941639718688,3.066144073647248,0.1085267175938341,0.0009395443861833825,0.0001412373040725265,2.520409338097098e-11,0.5014155660329901,-0.0001506421237190052,-0.02835745575539234,0,0,/home/2/kj405942/Byczuk_Freericks/filling_variantB_freericks/pbs_variantB_T002_typ_21x21_mu20/chunks/T_0p02__Didx_2_2__typ/dmft_solutions/T_0p02/U_1p6__Delta_0p245__w1_0p45__typ,ok,
0.02,1.6,0.245,typ,0.4,0.6,1.203682612868418,0.5956338955669822,-0.00436610443301777,0.2560017688075206,0.2444479547124799,0.9548682255249276,198,True,0.001983290709782061,0.08457472497558965,0.005070458805371175,0.005503673187300378,0.000433214381929203,2.997620628878565,0.08457472497558965,0.0008560255511038488,0.0001100734637460076,2.393497006793456e-11,0.6029092469405661,-0.0001465048949032838,-0.04417862994216111,0,0,/home/2/kj405942/Byczuk_Freericks/filling_variantB_freericks/pbs_variantB_T002_typ_21x21_mu20/chunks/T_0p02__Didx_2_2__typ/dmft_solutions/T_0p02/U_1p6__Delta_0p245__w1_0p4__typ,ok,
0.02,1.6,0.245,typ,0.5,0.5,1.104847944027628,0.5000123270643506,1.232706435061459e-05,0.2508994053242202,0.2402839619931302,0.9576904404481454,173,True,0.001977972115619877,0.08687112413374065,0.005098084959887608,0.005721424127322531,0.0006233391674349228,2.934280528037692,0.08687112413374065,0.001040674533095355,0.0001144284825464506,2.716932719284613e-11,0.4201863307145992,-0.000175638134776557,-0.02181812858298907,0,0,/home/2/kj405942/Byczuk_Freericks/filling_variantB_freericks/pbs_variantB_T002_typ_21x21_mu20/chunks/T_0p02__Didx_2_2__typ/dmft_solutions/T_0p02/U_1p6__Delta_0p245__w1_0p5__typ,ok,
0.02,1.7,0.245,typ,0.5,0.5,1.204666601545098,0.501165854102646,0.001165854102646025,0.2559530503422696,0.2448284529821315,0.9565365704950112,168,True,0.001991185331025712,0.09119312908609913,0.005403793151635563,0.00598202185847774,0.000578228706842177,2.962829111025252,0.09119312908609913,0.001026941917581971,0.0001196404371695548,2.669284872887937e-11,0.4136252995288988,-0.0001799283605122283,-0.01762903052453779,0,0,/home/2/kj405942/Byczuk_Freericks/filling_variantB_freericks/pbs_variantB_T002_typ_21x21_mu20/chunks/T_0p02__Didx_2_2__typ/dmft_solutions/T_0p02/U_1p7__Delta_0p245__w1_0p5__typ,ok,
0.02,1.7,0.245,typ,0.4,0.6,1.322504796081637,0.5996194761395029,-0.0003805238604970285,0.2766876130177756,0.2649427246465778,0.9575518099885327,176,True,0.001992352917676947,0.101105707871365,0.006226216079367334,0.006558900132326272,0.0003326840529589372,3.079062602127685,0.101105707871365,0.0008201982281366869,0.0001311780026465254,2.320214967814977e-11,0.5950978429243563,-0.0001532970588231973,-0.03314142692440832,0,0,/home/2/kj405942/Byczuk_Freericks/filling_variantB_freericks/pbs_variantB_T002_typ_21x21_mu20/chunks/T_0p02__Didx_2_2__typ/dmft_solutions/T_0p02/U_1p7__Delta_0p245__w1_0p4__typ,ok,
0.02,1.7,0.245,typ,0.45,0.55,1.274678195303355,0.5536571147708145,0.003657114770814429,0.2819772015095171,0.2705403083647661,0.9594403622579218,148,True,0.001970360754293756,0.1093976912063048,0.006724180641342035,0.00711494130742874,0.0003907606660867056,3.073273561441719,0.1093976912063048,0.0009246438739766072,0.0001422988261485748,2.475442642883439e-11,0.4952090801911908,-0.0001542187221868852,-0.02265216163769026,0,0,/home/2/kj405942/Byczuk_Freericks/filling_variantB_freericks/pbs_variantB_T002_typ_21x21_mu20/chunks/T_0p02__Didx_2_2__typ/dmft_solutions/T_0p02/U_1p7__Delta_0p245__w1_0p45__typ,ok,
0.02,1.8,0.245,typ,0.5,0.5,1.304617760593902,0.5020051784279841,0.002005178427984089,0.260367951632036,0.2488477680285033,0.9557542180928104,171,True,0.00195368033110489,0.09516185341012051,0.005682078387765598,0.006224480026965459,0.0005424016391998601,2.985481148248268,0.09516185341012051,0.001016030956998321,0.0001244896005393092,2.623407070913103e-11,0.4080589927369496,-0.0001844353192031424,-0.01475435337235617,0,0,/home/2/kj405942/Byczuk_Freericks/filling_variantB_freericks/pbs_variantB_T002_typ_21x21_mu20/chunks/T_0p02__Didx_2_2__typ/dmft_solutions/T_0p02/U_1p8__Delta_0p245__w1_0p5__typ,ok,
0.02,1.9,0.245,typ,0.5,0.5,1.399966045080734,0.5000461147858748,4.611478587479567e-05,0.2597016668658051,0.2478865887957058,0.954505189694433,187,True,0.001996930705916083,0.09515954683752947,0.005685109120525032,0.006219717473800603,0.0005346083532755708,2.987145961419665,0.09515954683752947,0.001008693101327269,0.0001243943494760121,2.585250173237991e-11,0.4040854312343399,-0.0001923758166183889,-0.01267707750644194,0,0,/home/2/kj405942/Byczuk_Freericks/filling_variantB_freericks/pbs_variantB_T002_typ_21x21_mu20/chunks/T_0p02__Didx_2_2__typ/dmft_solutions/T_0p02/U_1p9__Delta_0p245__w1_0p5__typ,ok,
0.02,1.8,0.245,typ,0.45,0.55,1.349284563524812,0.5483144377532095,-0.001685562246790506,0.2589278248036134,0.2469289545842929,0.9536594020807877,215,True,0.001992014702906915,0.09019427427576174,0.005411237531219567,0.005880213416101955,0.0004689758848823883,2.99976776501086,0.09019427427576174,0.0009197710540107271,0.0001176042683220391,2.457988201637521e-11,0.4913815189176317,-0.0001734727864825853,-0.02010989090947875,0,0,/home/2/kj405942/Byczuk_Freericks/filling_variantB_freericks/pbs_variantB_T002_typ_21x21_mu20/chunks/T_0p02__Didx_2_2__typ/dmft_solutions/T_0p02/U_1p8__Delta_0p245__w1_0p45__typ,ok,
0.02,1.8,0.245,typ,0.4,0.6,1.409665214075166,0.6014902947684865,0.0014902947684865,0.2692836182413202,0.2569896950988915,0.9543458186475666,182,True,0.001983701211845915,0.09517292279060414,0.005822793923288231,0.006174148524867265,0.0003513546015790336,3.059060157319809,0.09517292279060414,0.00081779513777235,0.0001234829704973453,2.285068909394743e-11,0.5872166910495195,-0.0001480701207379788,-0.02761312303700455,0,0,/home/2/kj405942/Byczuk_Freericks/filling_variantB_freericks/pbs_variantB_T002_typ_21x21_mu20/chunks/T_0p02__Didx_2_2__typ/dmft_solutions/T_0p02/U_1p8__Delta_0p245__w1_0p4__typ,ok,
0.02,1.9,0.245,typ,0.45,0.55,1.439798295469302,0.5477314646567836,-0.002268535343216471,0.2533125239558315,0.2409874645159663,0.9513444529019253,211,True,0.001970184431599019,0.0862546443321508,0.005144694765115523,0.00562812086640337,0.0004834261012878472,2.982271160555858,0.0862546443321508,0.000913211327431516,0.0001125624173280674,2.422981282507954e-11,0.4855716536537364,-0.0001761714150040319,-0.0172519861663967,0,0,/home/2/kj405942/Byczuk_Freericks/filling_variantB_freericks/pbs_variantB_T002_typ_21x21_mu20/chunks/T_0p02__Didx_2_2__typ/dmft_solutions/T_0p02/U_1p9__Delta_0p245__w1_0p45__typ,ok,
0.02,1.9,0.245,typ,0.4,0.6,1.496897037384627,0.6023741043502359,0.002374104350235884,0.2617482556894265,0.2489855642598642,0.9512405865095596,145,True,0.001952338827853751,0.0894500761546911,0.005432480623636137,0.005805082884146111,0.000372602260509974,3.036599216663292,0.0894500761546911,0.0008164471884699858,0.0001161016576829222,2.251279887178213e-11,0.5795596488223079,-0.0001448661567866442,-0.02370486030887279,0,0,/home/2/kj405942/Byczuk_Freericks/filling_variantB_freericks/pbs_variantB_T002_typ_21x21_mu20/chunks/T_0p02__Didx_2_2__typ/dmft_solutions/T_0p02/U_1p9__Delta_0p245__w1_0p4__typ,ok,
0.02,2,0.245,typ,0.45,0.55,1.558369247818899,0.5545469672082026,0.004546967208202579,0.2773581630351771,0.2649380612463002,0.9552199882889272,146,True,0.001945826618439975,0.1065761504213257,0.006542170887527021,0.006924614896181,0.000382444008653979,3.069247135341239,0.1065761504213257,0.0009028777347353436,0.00013849229792362,2.357473493838967e-11,0.4823609707900536,-0.0001589551932785799,-0.01411254381666021,0,0,/home/2/kj405942/Byczuk_Freericks/filling_variantB_freericks/pbs_variantB_T002_typ_21x21_mu20/chunks/T_0p02__Didx_2_2__typ/dmft_solutions/T_0p02/U_2__Delta_0p245__w1_0p45__typ,ok,
0.02,2,0.245,typ,0.5,0.5,1.49966372586939,0.5000218555085274,2.185550852740192e-05,0.2628880264094213,0.2508167528708362,0.9540820717342777,195,True,0.001997714118990074,0.0982240872295095,0.005897048050133235,0.006408148277897898,0.0005111002277646624,3.0018339780314,0.0982240872295095,0.00100202149033819,0.000128162965557958,2.543168736803653e-11,0.4009155759549412,-0.0001981072409511133,-0.01114494834965266,0,0,/home/2/kj405942/Byczuk_Freericks/filling_variantB_freericks/pbs_variantB_T002_typ_21x21_mu20/chunks/T_0p02__Didx_2_2__typ/dmft_solutions/T_0p02/U_2__Delta_0p245__w1_0p5__typ,ok,
0.02,2,0.245,typ,0.4,0.6,1.590118573373093,0.6023385600120206,0.002338560012020596,0.2592339908319561,0.2461527024895408,0.9495386839494556,147,True,0.00198754633711504,0.0877755045633347,0.005320625377774684,0.005695868070575517,0.0003752426928008324,3.030814464834873,0.0877755045633347,0.0008116294313822961,0.0001139173614115103,2.21248480091366e-11,0.5754711665501779,-0.0001465967330549958,-0.02035484240561065,0,0,/home/2/kj405942/Byczuk_Freericks/filling_variantB_freericks/pbs_variantB_T002_typ_21x21_mu20/chunks/T_0p02__Didx_2_2__typ/dmft_solutions/T_0p02/U_2__Delta_0p245__w1_0p4__typ,ok,
0.02,0,0.3425,typ,0.45,0.55,0.1176522119939941,0.5504544428685256,0.0004544428685255841,0.6203657519361148,0.6193950247664008,0.9984352341071628,55,True,0.001913613992418334,7.47758961193,0.4939311824722372,0.4939471687676315,1.598629539428245e-05,3.302743317741071,7.47758961193,-0.001546214450673197,0.00987894337535263,2.817296890581384e-11,43.01373958915217,0.1896956891320174,-0.01692771451842201,4,0,/home/2/kj405942/Byczuk_Freericks/filling_variantB_freericks/pbs_variantB_T002_typ_21x21_mu20/chunks/T_0p02__Didx_3_3__typ/dmft_solutions/T_0p02/U_0__Delta_0p3425__w1_0p45__typ,ok,
0.02,0,0.3425,typ,0.5,0.5,0.03489560752671619,0.4981367955702375,-0.001863204429762455,0.6236998246496065,0.6232799904978137,0.9993268650475753,70,True,0.001969662627939678,7.685540619176086,0.5079976102498167,0.5080002163250478,2.606075231092098e-06,3.304891844448254,7.685540619176086,-0.000632915429503611,0.01016000432650096,2.936517990832435e-11,32.15060773910519,0.1964205683045104,-0.01734787804122939,5,0,/home/2/kj405942/Byczuk_Freericks/filling_variantB_freericks/pbs_variantB_T002_typ_21x21_mu20/chunks/T_0p02__Didx_3_3__typ/dmft_solutions/T_0p02/U_0__Delta_0p3425__w1_0p5__typ,ok,
0.02,0,0.3425,typ,0.4,0.6,0.1961732010288994,0.5991289823498168,-0.000871017650183159,0.6135707055306695,0.6115073881035488,0.9966371969709079,40,True,0.001861533813377503,7.021211635839935,0.4631700452825652,0.4632401491718917,7.010388932648687e-05,3.29836265665532,7.021211635839935,-0.003137560337130633,0.009264802983437834,2.709711789561918e-11,78.05796745099161,0.1803597444089942,-0.01730440965613916,4,0,/home/2/kj405942/Byczuk_Freericks/filling_variantB_freericks/pbs_variantB_T002_typ_21x21_mu20/chunks/T_0p02__Didx_3_3__typ/dmft_solutions/T_0p02/U_0__Delta_0p3425__w1_0p4__typ,ok,
0.02,0.1,0.3425,typ,0.5,0.5,0.08591036897014115,0.4980295133249337,-0.001970486675066274,0.6208797190085192,0.6204873181128938,0.9993679920866927,68,True,0.001954458639740244,6.313117094386715,0.4164961678383577,0.4165008841712683,4.71633291060232e-06,3.298657078677376,6.313117094386715,-0.0007716833796414455,0.008330017683425367,2.935720650410458e-11,54.33390209503148,0.1934516486072104,-0.02191285212688643,5,0,/home/2/kj405942/Byczuk_Freericks/filling_variantB_freericks/pbs_variantB_T002_typ_21x21_mu20/chunks/T_0p02__Didx_3_3__typ/dmft_solutions/T_0p02/U_0p1__Delta_0p3425__w1_0p5__typ,ok,
0.02,0.1,0.3425,typ,0.4,0.6,0.2370109202327556,0.5991945219216019,-0.0008054780783980364,0.6108200062725563,0.6088515855907596,0.9967774128850024,42,True,0.001947192858040335,5.862677680858946,0.3862153042002567,0.3862815596967321,6.625549647540608e-05,3.293847327316073,5.862677680858946,-0.002787237415149961,0.007725631193934643,2.709186330032333e-11,40.7923110505301,0.1765827785571433,-0.02134361600150603,4,0,/home/2/kj405942/Byczuk_Freericks/filling_variantB_freericks/pbs_variantB_T002_typ_21x21_mu20/chunks/T_0p02__Didx_3_3__typ/dmft_solutions/T_0p02/U_0p1__Delta_0p3425__w1_0p4__typ,ok,
0.02,0.1,0.3425,typ,0.45,0.55,0.1646626334551791,0.5509676868021938,0.0009676868021937235,0.6174638834109717,0.616529519711621,0.9984867718996143,41,True,0.001921411678876735,6.157571222534045,0.4060334648790545,0.4060544027481487,2.093786909422048e-05,3.297026134209765,6.157571222534045,-0.001605779687228338,0.008121088054962974,2.815127597374129e-11,20.41228364285143,0.185539781409046,-0.02133918780965033,4,0,/home/2/kj405942/Byczuk_Freericks/filling_variantB_freericks/pbs_variantB_T002_typ_21x21_mu20/chunks/T_0p02__Didx_3_3__typ/dmft_solutions/T_0p02/U_0p1__Delta_0p3425__w1_0p45__typ,ok,
0.02,0.3,0.3425,typ,0.5,0.5,0.1868410624620966,0.5034860459614171,0.003486045961417106,0.5980738907707742,0.5978854712847093,0.9996849561751942,63,True,0.001823737732125022,2.536647017704762,0.1666524657269781,0.1666529891834103,5.234564321785938e-07,3.28489664828831,2.536647017704762,-0.0001629616026911987,0.003333059783668206,2.940352507505313e-11,60.41810712481394,0.1684153367978143,-0.05799383239830835,4,0,/home/2/kj405942/Byczuk_Freericks/filling_variantB_freericks/pbs_variantB_T002_typ_21x21_mu20/chunks/T_0p02__Didx_3_3__typ/dmft_solutions/T_0p02/U_0p3__Delta_0p3425__w1_0p5__typ,ok,
0.02,0.3,0.3425,typ,0.45,0.55,0.2524705691823096,0.5494648616221595,-0.0005351383778405827,0.5949795606412538,0.59444153484599,0.9990957239023742,53,True,0.001987822958917411,2.502203510728637,0.1644054499382638,0.1644182377795742,1.278784131035505e-05,3.285213397578306,2.502203510728637,-0.000799972267286949,0.003288364755591483,2.823506958653237e-11,68.4488682951084,0.160878869607134,-0.05703305765418332,4,0,/home/2/kj405942/Byczuk_Freericks/filling_variantB_freericks/pbs_variantB_T002_typ_21x21_mu20/chunks/T_0p02__Didx_3_3__typ/dmft_solutions/T_0p02/U_0p3__Delta_0p3425__w1_0p45__typ,ok,
0.02,0.2,0.3425,typ,0.5,0.5,0.1345642251008592,0.4990523327754378,-0.0009476672245621875,0.6124454869089196,0.6121427852663388,0.9995057492478088,138,True,0.001969471217457271,4.091112855381954,0.2691175915833262,0.269119828513512,2.236930185877033e-06,3.289051183583163,4.091112855381954,-0.0004278208466176811,0.00538239657027024,2.940009932868954e-11,43.50220858260138,0.1835262704955303,-0.03536774093865047,4,0,/home/2/kj405942/Byczuk_Freericks/filling_variantB_freericks/pbs_variantB_T002_typ_21x21_mu20/chunks/T_0p02__Didx_3_3__typ/dmft_solutions/T_0p02/U_0p2__Delta_0p3425__w1_0p5__typ,ok,
0.02,0.3,0.3425,typ,0.4,0.6,0.3328963862415559,0.6017144333671326,0.001714433367132617,0.5868052768686074,0.5853427031963688,0.9975075655760232,99,True,0.001985465995045814,2.401214842721952,0.1577348082961914,0.1577882503061117,5.344200992029596e-05,3.284479287105095,2.401214842721952,-0.001602034627874869,0.003155765006122234,2.69262306839445e-11,58.70255737485977,0.1454625271495099,-0.05629674765297843,5,0,/home/2/kj405942/Byczuk_Freericks/filling_variantB_freericks/pbs_variantB_T002_typ_21x21_mu20/chunks/T_0p02__Didx_3_3__typ/dmft_solutions/T_0p02/U_0p3__Delta_0p3425__w1_0p4__typ,ok,
0.02,0.2,0.3425,typ,0.45,0.55,0.2202353919087142,0.5541427698777922,0.004142769877792163,0.6083187294408597,0.6074429135024321,0.9985602680041881,87,True,0.001984019993831371,3.975105118658719,0.2614681267717464,0.2614972265634731,2.90997917267083e-05,3.288820282317101,3.975105118658719,-0.001521017626753489,0.005229944531269463,2.802216878009326e-11,51.97278490343761,0.1736302184104708,-0.03492356090667814,5,0,/home/2/kj405942/Byczuk_Freericks/filling_variantB_freericks/pbs_variantB_T002_typ_21x21_mu20/chunks/T_0p02__Didx_3_3__typ/dmft_solutions/T_0p02/U_0p2__Delta_0p3425__w1_0p45__typ,ok,
0.02,0.2,0.3425,typ,0.4,0.6,0.2846829248894898,0.601487573517307,0.001487573517306995,0.6017822110264581,0.5999908553583372,0.9970232492165805,28,True,0.001913668163503568,3.853563898365592,0.2533344823047995,0.2533985180146873,6.40357098877601e-05,3.287015461353139,3.853563898365592,-0.002221556660675954,0.005067970360293746,2.70069089668654e-11,71.84967088040545,0.1644539758880559,-0.03406845610221443,4,0,/home/2/kj405942/Byczuk_Freericks/filling_variantB_freericks/pbs_variantB_T002_typ_21x21_mu20/chunks/T_0p02__Didx_3_3__typ/dmft_solutions/T_0p02/U_0p2__Delta_0p3425__w1_0p4__typ,ok,
0.02,0.4,0.3425,typ,0.45,0.55,0.2983435838883784,0.5506358284964423,0.0006358284964422811,0.5743918728914822,0.5740738024753318,0.9994462484043355,44,True,0.001999954139547788,1.592898514296534,0.104717651551302,0.1047259820581229,8.330506820931716e-06,3.287015795778679,1.592898514296534,-0.0005151631186022399,0.002094519641162458,2.826934348884014e-11,29.37966055640684,0.1429907659525859,-0.0900124982758993,4,0,/home/2/kj405942/Byczuk_Freericks/filling_variantB_freericks/pbs_variantB_T002_typ_21x21_mu20/chunks/T_0p02__Didx_3_3__typ/dmft_solutions/T_0p02/U_0p4__Delta_0p3425__w1_0p45__typ,ok,
0.02,0.4,0.3425,typ,0.5,0.5,0.2338022273676328,0.5011624373856273,0.001162437385627269,0.5774869778640516,0.5774162979258982,0.9998776077368623,27,True,0.00187065976545942,1.612581673103876,0.1060107439049812,0.1060107667355038,2.283052256942435e-08,3.28698836384929,1.612581673103876,-2.713524729308289e-05,0.002120215334710076,2.94967339791953e-11,60.84049697868541,0.145951465251582,-0.09086116644442965,4,0,/home/2/kj405942/Byczuk_Freericks/filling_variantB_freericks/pbs_variantB_T002_typ_21x21_mu20/chunks/T_0p02__Didx_3_3__typ/dmft_solutions/T_0p02/U_0p4__Delta_0p3425__w1_0p5__typ,ok,
0.02,0.4,0.3425,typ,0.4,0.6,0.3635761928945558,0.5986592061948073,-0.001340793805192697,0.5675820394160445,0.5666704679753805,0.998393938889254,78,True,0.001960053037663884,1.54652525506529,0.1016505125795761,0.1016873682007696,3.685562119353568e-05,3.286416185142889,1.54652525506529,-0.001067690488549209,0.002033747364015392,2.709589809854811e-11,47.54492460812368,0.1256522237820676,-0.08957468289379689,4,0,/home/2/kj405942/Byczuk_Freericks/filling_variantB_freericks/pbs_variantB_T002_typ_21x21_mu20/chunks/T_0p02__Didx_3_3__typ/dmft_solutions/T_0p02/U_0p4__Delta_0p3425__w1_0p4__typ,ok,
0.02,0.5,0.3425,typ,0.45,0.55,0.3555991011981389,0.5533866328329818,0.003386632832981795,0.5460210961375955,0.5458626670236264,0.9997098479983836,61,True,0.001889175196837381,1.036270550368804,0.06829022075554876,0.06829583000219792,5.609246649160215e-06,3.294999589211744,1.036270550368804,-0.0003409603235650632,0.001365916600043959,2.815743189983696e-11,14.0899370185251,0.1134541275208854,-0.135675256840347,4,0,/home/2/kj405942/Byczuk_Freericks/filling_variantB_freericks/pbs_variantB_T002_typ_21x21_mu20/chunks/T_0p02__Didx_3_3__typ/dmft_solutions/T_0p02/U_0p5__Delta_0p3425__w1_0p45__typ,ok,
0.02,0.5,0.3425,typ,0.4,0.6,0.4058078517021879,0.5981677181645911,-0.001832281835408844,0.5400157624235816,0.539482969104601,0.9990133745048674,50,True,0.001838370085324222,1.013454755714562,0.06679097332436486,0.06681633613514702,2.536281078215804e-05,3.295212388503331,1.013454755714562,-0.0007169945774615962,0.001336326722702941,2.712110840913952e-11,68.4527475981608,0.1045397281685386,-0.1350779478917317,4,0,/home/2/kj405942/Byczuk_Freericks/filling_variantB_freericks/pbs_variantB_T002_typ_21x21_mu20/chunks/T_0p02__Didx_3_3__typ/dmft_solutions/T_0p02/U_0p5__Delta_0p3425__w1_0p4__typ,ok,
0.02,0.5,0.3425,typ,0.5,0.5,0.2889935054733099,0.5004898821618468,0.0004898821618467553,0.5498249937411898,0.5498195532389906,0.9999901050293073,194,True,0.001968056954031002,1.056015608156992,0.06959068802686924,0.06959072740264065,3.937577140851814e-08,3.294964936565767,1.056015608156992,2.883797121526303e-05,0.001391814548052813,2.948240172562322e-11,36.28149831584794,0.1149138540030238,-0.1353068407292328,4,0,/home/2/kj405942/Byczuk_Freericks/filling_variantB_freericks/pbs_variantB_T002_typ_21x21_mu20/chunks/T_0p02__Didx_3_3__typ/dmft_solutions/T_0p02/U_0p5__Delta_0p3425__w1_0p5__typ,ok,
0.02,0.6000000000000001,0.3425,typ,0.5,0.5,0.3392578015692176,0.5030308817113487,0.003030881711348687,0.5142632964223609,0.5142328166284424,0.9999407311505011,93,True,0.001946531972816374,0.7040556757067949,0.0466484472007221,0.04664957772811559,1.130527393489834e-06,3.312837948070808,0.7040556757067949,0.000126170854632005,0.0009329915545623119,2.955744667038028e-11,27.62531953248849,0.07716338990727206,-0.1909441820549056,4,0,/home/2/kj405942/Byczuk_Freericks/filling_variantB_freericks/pbs_variantB_T002_typ_21x21_mu20/chunks/T_0p02__Didx_3_3__typ/dmft_solutions/T_0p02/U_0p6__Delta_0p3425__w1_0p5__typ,ok,
0.02,0.6000000000000001,0.3425,typ,0.4,0.6,0.4633650426302274,0.6005988122552195,0.0005988122552195163,0.5028545397993698,0.5026141886753314,0.9995220265404499,72,True,0.001986663682020268,0.6683983847705646,0.04431369401455099,0.04432569041892905,1.199640437806137e-05,3.314916300236286,0.6683983847705646,-0.0004004591691883393,0.000886513808378581,2.695018937910568e-11,22.41177891346682,0.07614374786216183,-0.1918068915301367,4,0,/home/2/kj405942/Byczuk_Freericks/filling_variantB_freericks/pbs_variantB_T002_typ_21x21_mu20/chunks/T_0p02__Didx_3_3__typ/dmft_solutions/T_0p02/U_0p6__Delta_0p3425__w1_0p4__typ,ok,
0.02,0.6000000000000001,0.3425,typ,0.45,0.55,0.3948871194460291,0.5483289251686964,-0.001671074831303687,0.5107956499753328,0.5107285183691267,0.9998685744363537,78,True,0.00195863412031767,0.6917374907612754,0.04584714013536417,0.04584899108642745,1.850951063282702e-06,3.313911761881532,0.6917374907612754,-0.0001600232635610892,0.000916979821728549,2.830889411598149e-11,17.67367719512691,0.07980235301964606,-0.193566384674276,4,0,/home/2/kj405942/Byczuk_Freericks/filling_variantB_freericks/pbs_variantB_T002_typ_21x21_mu20/chunks/T_0p02__Didx_3_3__typ/dmft_solutions/T_0p02/U_0p6__Delta_0p3425__w1_0p45__typ,ok,
0.02,0.7000000000000001,0.3425,typ,0.45,0.55,0.4590446357598236,0.5545705939572775,0.004570593957277436,0.4653930219002786,0.4652508621887839,0.9996945383690664,30,True,0.00198643425059624,0.4587333635966548,0.03073169032351234,0.03073280512506954,1.114801557196191e-06,3.34962450546037,0.4587333635966548,0.0001011332455798188,0.0006146561025013907,2.812146506022203e-11,42.31265411808464,0.04437281217323436,-0.2584747728665158,3,0,/home/2/kj405942/Byczuk_Freericks/filling_variantB_freericks/pbs_variantB_T002_typ_21x21_mu20/chunks/T_0p02__Didx_3_3__typ/dmft_solutions/T_0p02/U_0p7__Delta_0p3425__w1_0p45__typ,ok,
0.02,0.7000000000000001,0.3425,typ,0.5,0.5,0.3932372604478785,0.5006924611069712,0.0006924611069711872,0.4692727995254077,0.4690585128177451,0.999543364312018,84,True,0.001967383115825214,0.4680636656314957,0.03135978812460238,0.03136676470048047,6.97657587809405e-06,3.34994899489718,0.4680636656314957,0.0002555574956465559,0.0006273352940096094,2.958479867485005e-11,27.59690723678141,0.0345635142773324,-0.2561726636772569,4,0,/home/2/kj405942/Byczuk_Freericks/filling_variantB_freericks/pbs_variantB_T002_typ_21x21_mu20/chunks/T_0p02__Didx_3_3__typ/dmft_solutions/T_0p02/U_0p7__Delta_0p3425__w1_0p5__typ,ok,
0.02,0.7000000000000001,0.3425,typ,0.4,0.6,0.5015050731493377,0.596805708929788,-0.003194291070211963,0.4579144993498573,0.45775201719661,0.9996451692325139,102,True,0.001941956174661951,0.4418967599416244,0.02967371006636689,0.0296770800168117,3.369950444809672e-06,3.35753876881637,0.4418967599416244,-0.0001725786882975549,0.0005935416003362339,2.705515864906463e-11,40.25915978227763,0.03954452362481897,-0.2629510111643496,3,0,/home/2/kj405942/Byczuk_Freericks/filling_variantB_freericks/pbs_variantB_T002_typ_21x21_mu20/chunks/T_0p02__Didx_3_3__typ/dmft_solutions/T_0p02/U_0p7__Delta_0p3425__w1_0p4__typ,ok,
0.02,0.9,0.3425,typ,0.5,0.5,0.4999999999999999,0.495155094824203,-0.004844905175796999,0.3456137693516687,0.3437468465903252,0.994598239633665,94,True,0.0019476310339366,0.184987003965036,0.01308519675317918,0.01323907768250782,0.000153880929328641,3.536788118275699,0.184987003965036,0.0007545325981541254,0.0002647815536501564,2.970326070262535e-11,0.85655284692353,0.0007096754467518555,-0.3987969762853577,1,0,/home/2/kj405942/Byczuk_Freericks/filling_variantB_freericks/pbs_variantB_T002_typ_21x21_mu20/chunks/T_0p02__Didx_3_3__typ/dmft_solutions/T_0p02/U_0p9__Delta_0p3425__w1_0p5__typ,ok,
0.02,0.9,0.3425,typ,0.45,0.55,0.5712587570311197,0.5503856712448554,0.0003856712448553345,0.3524108988541984,0.3499974756158247,0.9931516782079655,61,True,0.001945754250042253,0.1908032061730112,0.01307575121239186,0.01324458197621287,0.0001688307638210082,3.426501963634561,0.1908032061730112,0.0008026637033987122,0.0002648916395242574,2.80148322534961e-11,1.268190949755915,0.0006917749074120366,-0.4050207454427238,1,0,/home/2/kj405942/Byczuk_Freericks/filling_variantB_freericks/pbs_variantB_T002_typ_21x21_mu20/chunks/T_0p02__Didx_3_3__typ/dmft_solutions/T_0p02/U_0p9__Delta_0p3425__w1_0p45__typ,ok,
0.02,0.9,0.3425,typ,0.4,0.6,0.6316910531323003,0.6017611573273463,0.001761157327346274,0.3481595457310069,0.3456533461014764,0.9928015771497278,44,True,0.001944528101496562,0.1847002918241798,0.01253452527863116,0.01268109693058697,0.0001465716519558086,3.393206679544135,0.1847002918241798,0.0007358237137982163,0.0002536219386117393,2.657633969509042e-11,2.426422754744356,0.0006721192888937835,-0.4140054390854769,1,0,/home/2/kj405942/Byczuk_Freericks/filling_variantB_freericks/pbs_variantB_T002_typ_21x21_mu20/chunks/T_0p02__Didx_3_3__typ/dmft_solutions/T_0p02/U_0p9__Delta_0p3425__w1_0p4__typ,ok,
0.02,0.8,0.3425,typ,0.5,0.5,0.4520156678492321,0.5017952754416084,0.001795275441608402,0.4141353659017369,0.413366337622106,0.9981430509370857,142,True,0.001987204237047987,0.3045781138991414,0.02080827596873372,0.02084880193321439,4.052596448067579e-05,3.415917792376936,0.3045781138991414,0.0004968565552645517,0.0004169760386642879,2.955721075923103e-11,4.604631240540172,0.0009310233704962102,-0.3249637702916121,2,0,/home/2/kj405942/Byczuk_Freericks/filling_variantB_freericks/pbs_variantB_T002_typ_21x21_mu20/chunks/T_0p02__Didx_3_3__typ/dmft_solutions/T_0p02/U_0p8__Delta_0p3425__w1_0p5__typ,ok,
0.02,0.8,0.3425,typ,0.45,0.55,0.507410839891171,0.5487633798157316,-0.0012366201842684,0.4100434048626378,0.409418878954692,0.9984769273190603,91,True,0.001982729110276023,0.2965955228849101,0.02027491948957351,0.02029708595709422,2.216646752070322e-05,3.417940920409801,0.2965955228849101,0.0003626148100895591,0.0004059417191418843,2.817198941228758e-11,11.13521115347722,0.0009126326936646579,-0.3358273068759334,2,0,/home/2/kj405942/Byczuk_Freericks/filling_variantB_freericks/pbs_variantB_T002_typ_21x21_mu20/chunks/T_0p02__Didx_3_3__typ/dmft_solutions/T_0p02/U_0p8__Delta_0p3425__w1_0p45__typ,ok,
0.02,0.8,0.3425,typ,0.4,0.6,0.5650447663672716,0.5995911503618669,-0.0004088496381330353,0.4020501944038652,0.4015305289031111,0.9987074611379689,81,True,0.001944266832837634,0.2837616129894495,0.01942261578596533,0.01943310181385972,1.048602789438899e-05,3.422347297322327,0.2837616129894495,0.0002439480350059898,0.0003886620362771944,2.6829616251374e-11,44.1108959349151,0.004438000508214412,-0.3412597861278333,2,0,/home/2/kj405942/Byczuk_Freericks/filling_variantB_freericks/pbs_variantB_T002_typ_21x21_mu20/chunks/T_0p02__Didx_3_3__typ/dmft_solutions/T_0p02/U_0p8__Delta_0p3425__w1_0p4__typ,ok,
0.02,1,0.3425,typ,0.5,0.5,0.5942014058411123,0.4978424530974641,-0.002157546902535945,0.323233140037211,0.3167311615687545,0.9798845549447436,39,True,0.001966622213896907,0.1488078997484425,0.009353959015721437,0.009865188745000869,0.0005112297292794316,3.142964530624437,0.1488078997484425,0.001233491161727858,0.0001973037749000174,2.916905299190396e-11,0.6109235993372923,0.0003513586835135422,-0.4260455913398684,1,0,/home/2/kj405942/Byczuk_Freericks/filling_variantB_freericks/pbs_variantB_T002_typ_21x21_mu20/chunks/T_0p02__Didx_3_3__typ/dmft_solutions/T_0p02/U_1__Delta_0p3425__w1_0p5__typ,ok,
0.02,1,0.3425,typ,0.45,0.55,0.6590759241385337,0.5499990413680447,-9.586319553722689e-07,0.3301978774850866,0.3234781207533565,0.9796493036753893,55,True,0.001942074187093372,0.154402941297397,0.00970610878711281,0.01009840394124441,0.0003922951541315964,3.143110068226544,0.154402941297397,0.001100650041154173,0.0002019680788248881,2.753671522809553e-11,0.768683767895214,0.0005481439275481211,-0.444897007792477,1,0,/home/2/kj405942/Byczuk_Freericks/filling_variantB_freericks/pbs_variantB_T002_typ_21x21_mu20/chunks/T_0p02__Didx_3_3__typ/dmft_solutions/T_0p02/U_1__Delta_0p3425__w1_0p45__typ,ok,
0.02,1,0.3425,typ,0.4,0.6,0.7285341332315726,0.6033702870058992,0.003370287005899253,0.3345035805695779,0.3277150869518897,0.9797057669573251,65,True,0.001963817109680289,0.1582953431623905,0.009973640356786519,0.01026059719715066,0.0002869568403641384,3.150326521783669,0.1582953431623905,0.0009531414534919419,0.0002052119439430132,2.594723757420818e-11,0.9436066742353402,0.0006215324260265083,-0.4544771826688053,1,0,/home/2/kj405942/Byczuk_Freericks/filling_variantB_freericks/pbs_variantB_T002_typ_21x21_mu20/chunks/T_0p02__Didx_3_3__typ/dmft_solutions/T_0p02/U_1__Delta_0p3425__w1_0p4__typ,ok,
0.02,1.1,0.3425,typ,0.5,0.5,0.7004653093703028,0.4977672335480273,-0.002232766451972679,0.3332490914936095,0.3224540084111026,0.9676065641045747,242,True,0.001985056921008222,0.1581294838787102,0.009848248777641041,0.01026414490666606,0.0004158961290250194,3.113982457944063,0.1581294838787102,0.001146869131417179,0.0002052828981333212,2.848370898557446e-11,0.5431706089659711,0.0003617265681248529,-0.4298887334796798,1,0,/home/2/kj405942/Byczuk_Freericks/filling_variantB_freericks/pbs_variantB_T002_typ_21x21_mu20/chunks/T_0p02__Didx_3_3__typ/dmft_solutions/T_0p02/U_1p1__Delta_0p3425__w1_0p5__typ,ok,
0.02,1.1,0.3425,typ,0.4,0.6,0.8307568934499424,0.6021955854919638,0.002195585491963858,0.3372325099287785,0.3273172342527046,0.9705981025430558,202,True,0.001967353968072657,0.1582011924715714,0.0100128267849055,0.01024330020787898,0.0002304734229734867,3.164586381580149,0.1582011924715714,0.0008539457868906018,0.0002048660041575797,2.527967119917102e-11,0.7402198377899317,0.0006359508951790045,-0.4774376585456109,1,0,/home/2/kj405942/Byczuk_Freericks/filling_variantB_freericks/pbs_variantB_T002_typ_21x21_mu20/chunks/T_0p02__Didx_3_3__typ/dmft_solutions/T_0p02/U_1p1__Delta_0p3425__w1_0p4__typ,ok,
0.02,1.1,0.3425,typ,0.45,0.55,0.7741740598876773,0.5535124519658016,0.003512451965801522,0.3433828725641793,0.3330366641762004,0.9698697599250667,218,True,0.001987573238485368,0.1673681587092103,0.01056548452856523,0.01085536317346424,0.0002898786448990116,3.156360388394418,0.1673681587092103,0.0009850528416878821,0.0002171072634692848,2.671604672410698e-11,0.7046540225081205,0.0006199990247832867,-0.4500509044904019,1,0,/home/2/kj405942/Byczuk_Freericks/filling_variantB_freericks/pbs_variantB_T002_typ_21x21_mu20/chunks/T_0p02__Didx_3_3__typ/dmft_solutions/T_0p02/U_1p1__Delta_0p3425__w1_0p45__typ,ok,
0.02,1.3,0.3425,typ,0.5,0.5,0.88722125206129,0.5015457914714696,0.001545791471469604,0.3300768597697489,0.3144554076616613,0.9526732891273122,244,True,0.001977127764297654,0.1529028834267105,0.009617111205067747,0.009959503980616681,0.0003423927755489343,3.144842984493954,0.1529028834267105,0.001023257960104944,0.0001991900796123336,2.756574244619145e-11,0.4198741093690476,0.0001054405896287101,-0.05538556152998578,1,0,/home/2/kj405942/Byczuk_Freericks/filling_variantB_freericks/pbs_variantB_T002_typ_21x21_mu20/chunks/T_0p02__Didx_3_3__typ/dmft_solutions/T_0p02/U_1p3__Delta_0p3425__w1_0p5__typ,ok,
0.02,1.3,0.3425,typ,0.45,0.55,0.9426120807355989,0.5504433340055275,0.0004433340055274293,0.327635074160303,0.3123712984902743,0.9534122660427968,208,True,0.001965420232363492,0.1458795138800721,0.009206487959852022,0.009484657518780495,0.0002781695589284726,3.155510912731961,0.1458795138800721,0.0009008800145715261,0.0001896931503756099,2.597512227165083e-11,0.4961664884881588,0.0004027136266550701,-0.09770787080237943,1,0,/home/2/kj405942/Byczuk_Freericks/filling_variantB_freericks/pbs_variantB_T002_typ_21x21_mu20/chunks/T_0p02__Didx_3_3__typ/dmft_solutions/T_0p02/U_1p3__Delta_0p3425__w1_0p45__typ,ok,
0.02,1.3,0.3425,typ,0.4,0.6,0.9980625571953228,0.6025305336014239,0.002530533601423968,0.3213154150097602,0.30645743938442,0.9537589081280496,221,True,0.001994518334345529,0.13625368187195,0.008615311743736451,0.008841773542890528,0.0002264617991540765,3.16149685842363,0.13625368187195,0.0007855730893823817,0.0001768354708578106,2.447972975487289e-11,0.5897662797623409,0.0004916177888678638,-0.3325033694299549,1,0,/home/2/kj405942/Byczuk_Freericks/filling_variantB_freericks/pbs_variantB_T002_typ_21x21_mu20/chunks/T_0p02__Didx_3_3__typ/dmft_solutions/T_0p02/U_1p3__Delta_0p3425__w1_0p4__typ,ok,
0.02,1.4,0.3425,typ,0.45,0.55,1.005277870717979,0.5488287995363474,-0.0011712004636526,0.3036994317050754,0.2857443155615537,0.9408786640043567,248,True,0.001973190106610169,0.1198736983992279,0.007451153636348876,0.007792530271746631,0.0003413766353977554,3.107918474131631,0.1198736983992279,0.0009046776202848583,0.0001558506054349326,2.590515861291431e-11,0.4839809100761336,-0.0001892584609705134,-0.05617163324184282,0,0,/home/2/kj405942/Byczuk_Freericks/filling_variantB_freericks/pbs_variantB_T002_typ_21x21_mu20/chunks/T_0p02__Didx_3_3__typ/dmft_solutions/T_0p02/U_1p4__Delta_0p3425__w1_0p45__typ,ok,
0.02,1.4,0.3425,typ,0.5,0.5,0.955817856203776,0.4958891293856219,-0.004110870614378093,0.3088215505296023,0.2909771796522613,0.9422178573783487,236,True,0.001966949542398623,0.1293633424166775,0.008029143630296214,0.008428021540541996,0.0003988779102457828,3.103330309924451,0.1293633424166775,0.001015875776712625,0.0001685604308108399,2.747502142677744e-11,0.4072653103550191,-0.0002081739960405463,-0.03508962210222345,0,0,/home/2/kj405942/Byczuk_Freericks/filling_variantB_freericks/pbs_variantB_T002_typ_21x21_mu20/chunks/T_0p02__Didx_3_3__typ/dmft_solutions/T_0p02/U_1p4__Delta_0p3425__w1_0p5__typ,ok,
0.02,1.6,0.3425,typ,0.5,0.5,1.092088319124671,0.4966689034074448,-0.003331096592555205,0.2477252553888001,0.2272520065066004,0.9173550195757502,222,True,0.001977767389356209,0.07683691172401357,0.004446390816390167,0.005086950536128117,0.00064055971973795,2.893395060150858,0.07683691172401357,0.000992155538607367,0.0001017390107225623,2.734175840582474e-11,0.3915063880286637,-0.0002088559174959195,-0.02313647717062827,0,0,/home/2/kj405942/Byczuk_Freericks/filling_variantB_freericks/pbs_variantB_T002_typ_21x21_mu20/chunks/T_0p02__Didx_3_3__typ/dmft_solutions/T_0p02/U_1p6__Delta_0p3425__w1_0p5__typ,ok,
0.02,1.6,0.3425,typ,0.45,0.55,1.1631891235273,0.5516190952177984,0.00161909521779835,0.2757905256806451,0.2544561106980003,0.9226426835004866,182,True,0.001972564925643906,0.09439416273549626,0.005719174589585624,0.006145835737216473,0.0004266611476308497,3.029411154168206,0.09439416273549626,0.000897488961518525,0.0001229167147443295,2.539158858553244e-11,0.4699053903657401,-0.0001801517228267873,-0.03168943185475818,0,0,/home/2/kj405942/Byczuk_Freericks/filling_variantB_freericks/pbs_variantB_T002_typ_21x21_mu20/chunks/T_0p02__Didx_3_3__typ/dmft_solutions/T_0p02/U_1p6__Delta_0p3425__w1_0p45__typ,ok,
0.02,1.4,0.3425,typ,0.4,0.6,1.058505822351289,0.6015629550948551,0.001562955094855156,0.2990100987168111,0.2810772858819184,0.9400260629595772,250,True,0.001953380186098882,0.1124476129652522,0.007009321051589217,0.007292176556588256,0.0002828555049990393,3.116705133507454,0.1124476129652522,0.0007975766590268666,0.0001458435311317651,2.438247722020199e-11,0.5778543227425637,0.0001860158674254595,-0.09457759287039277,1,0,/home/2/kj405942/Byczuk_Freericks/filling_variantB_freericks/pbs_variantB_T002_typ_21x21_mu20/chunks/T_0p02__Didx_3_3__typ/dmft_solutions/T_0p02/U_1p4__Delta_0p3425__w1_0p4__typ,ok,
0.02,1.6,0.3425,typ,0.4,0.6,1.224065113047493,0.5996732387273357,-0.0003267612726642888,0.2810885447272747,0.2595890269307049,0.9235133618930305,165,True,0.001994113922786162,0.09548255490415872,0.005870494697198148,0.006192467338506026,0.0003219726413078788,3.074118985971154,0.09548255490415872,0.0007841271631733789,0.0001238493467701205,2.369663631335023e-11,0.5612769385560108,-0.0001841890812150078,-0.04789611399341932,0,0,/home/2/kj405942/Byczuk_Freericks/filling_variantB_freericks/pbs_variantB_T002_typ_21x21_mu20/chunks/T_0p02__Didx_3_3__typ/dmft_solutions/T_0p02/U_1p6__Delta_0p3425__w1_0p4__typ,ok,
0.02,1.5,0.3425,typ,0.5,0.5,1.029805617475393,0.5002546205809941,0.0002546205809941249,0.2844296198723748,0.2648337889919332,0.9311048164068343,243,True,0.001974085703056242,0.1053713853104864,0.006401815870811082,0.006876297276518541,0.0004744814057074583,3.037739255276727,0.1053713853104864,0.0009999676297107003,0.0001375259455303708,2.732074281781443e-11,0.3994974694587249,-0.0002113938227228096,-0.02835693666157001,0,0,/home/2/kj405942/Byczuk_Freericks/filling_variantB_freericks/pbs_variantB_T002_typ_21x21_mu20/chunks/T_0p02__Didx_3_3__typ/dmft_solutions/T_0p02/U_1p5__Delta_0p3425__w1_0p5__typ,ok,
0.02,1.5,0.3425,typ,0.45,0.55,1.080264111495699,0.5532901143158033,0.003290114315803283,0.2862674832692984,0.2663420965864927,0.9303959134469303,160,True,0.001997855598152949,0.1033402496905129,0.006326976025351563,0.006722528409218219,0.0003955523838666563,3.061235116181652,0.1033402496905129,0.000904173458076025,0.0001344505681843644,2.56939155830267e-11,0.4755324048390114,-0.0001785996793533815,-0.0421400538038561,0,0,/home/2/kj405942/Byczuk_Freericks/filling_variantB_freericks/pbs_variantB_T002_typ_21x21_mu20/chunks/T_0p02__Didx_3_3__typ/dmft_solutions/T_0p02/U_1p5__Delta_0p3425__w1_0p45__typ,ok,
0.02,1.5,0.3425,typ,0.4,0.6,1.122537529861811,0.5974511348366699,-0.002548865163330083,0.2756063854691407,0.2551029580695852,0.9256061235132333,170,True,0.001974238269002295,0.09141247400561824,0.005574288321827233,0.005931703535977465,0.0003574152141502311,3.048975745632175,0.09141247400561824,0.0008083589422121893,0.0001186340707195493,2.425253663610732e-11,0.5708772990012004,-0.0001796744879379991,-0.06783677558314338,0,0,/home/2/kj405942/Byczuk_Freericks/filling_variantB_freericks/pbs_variantB_T002_typ_21x21_mu20/chunks/T_0p02__Didx_3_3__typ/dmft_solutions/T_0p02/U_1p5__Delta_0p3425__w1_0p4__typ,ok,
0.02,1.7,0.3425,typ,0.5,0.5,1.202948546957561,0.5021800395121503,0.002180039512150289,0.2650742139061693,0.2433828997312035,0.9181689012472407,165,True,0.001983967226811647,0.08940532450701039,0.005319134068444908,0.00585436442971191,0.0005352303612670018,2.974730027420139,0.08940532450701039,0.0009782887522105188,0.0001170872885942382,2.671433903775575e-11,0.3858073491392914,-0.0002098362575403039,-0.01847570180730748,0,0,/home/2/kj405942/Byczuk_Freericks/filling_variantB_freericks/pbs_variantB_T002_typ_21x21_mu20/chunks/T_0p02__Didx_3_3__typ/dmft_solutions/T_0p02/U_1p7__Delta_0p3425__w1_0p5__typ,ok,
0.02,1.7,0.3425,typ,0.45,0.55,1.251163435771049,0.5499850295331703,-1.497046682974457e-05,0.2692720768342423,0.2468430843758241,0.9167050935169008,136,True,0.001977792343605497,0.08917227906716943,0.005367614969530313,0.005810840809529629,0.0004432258399993166,3.009688114782359,0.08917227906716943,0.0008890833289877799,0.0001162168161905926,2.504032997411186e-11,0.4644685437239896,-0.0001849650107098413,-0.02561234520133825,0,0,/home/2/kj405942/Byczuk_Freericks/filling_variantB_freericks/pbs_variantB_T002_typ_21x21_mu20/chunks/T_0p02__Didx_3_3__typ/dmft_solutions/T_0p02/U_1p7__Delta_0p3425__w1_0p45__typ,ok,
0.02,1.7,0.3425,typ,0.4,0.6,1.303037436214086,0.6005368090851858,0.0005368090851858298,0.2676806616986457,0.2446078270990389,0.9138046265531795,172,True,0.001934929064119947,0.08452083440047269,0.00512081976517722,0.005486441092232765,0.0003656213270555451,3.029323953969733,0.08452083440047269,0.0007861630827931669,0.0001097288218446553,2.341951784352199e-11,0.5521056893652232,-0.0001797232888611469,-0.03832556078470494,0,0,/home/2/kj405942/Byczuk_Freericks/filling_variantB_freericks/pbs_variantB_T002_typ_21x21_mu20/chunks/T_0p02__Didx_3_3__typ/dmft_solutions/T_0p02/U_1p7__Delta_0p3425__w1_0p4__typ,ok,
0.02,1.8,0.3425,typ,0.5,0.5,1.291135113338079,0.496072657223634,-0.003927342776366027,0.2577360291567373,0.2353502719863426,0.9131446338967951,211,True,0.001981078626888085,0.08412650623678618,0.004959566452225002,0.005519532716688938,0.000559966264463936,2.947683598238103,0.08412650623678618,0.0009706493232863779,0.0001103906543337788,2.640836658885572e-11,0.3822539636624142,-0.0002245288033583641,-0.0153391124653261,0,0,/home/2/kj405942/Byczuk_Freericks/filling_variantB_freericks/pbs_variantB_T002_typ_21x21_mu20/chunks/T_0p02__Didx_3_3__typ/dmft_solutions/T_0p02/U_1p8__Delta_0p3425__w1_0p5__typ,ok,
0.02,1.8,0.3425,typ,0.45,0.55,1.343284171476172,0.5481333666275024,-0.001866633372497595,0.263523485202758,0.2402236424115295,0.9115834295630187,159,True,0.00194586020449206,0.08451218679651937,0.005060579830220038,0.005511282122844694,0.0004507022926246566,2.993994133890083,0.08451218679651937,0.0008728096739142447,0.0001102256424568939,2.465048734129348e-11,0.458342144385131,-0.0002046686628879889,-0.02131956140884886,0,0,/home/2/kj405942/Byczuk_Freericks/filling_variantB_freericks/pbs_variantB_T002_typ_21x21_mu20/chunks/T_0p02__Didx_3_3__typ/dmft_solutions/T_0p02/U_1p8__Delta_0p3425__w1_0p45__typ,ok,
0.02,1.8,0.3425,typ,0.4,0.6,1.39999798268496,0.6025436403885183,0.002543640388518287,0.2689805658144509,0.2451184510699699,0.9112868445635524,141,True,0.001986037653136072,0.08535472597086949,0.005186546677861811,0.005537625289451025,0.0003510786115892135,3.038230524945927,0.08535472597086949,0.0007741604315183079,0.0001107525057890205,2.295473388033347e-11,0.5449170436244509,-0.0001802346802551133,-0.03123158773133799,0,0,/home/2/kj405942/Byczuk_Freericks/filling_variantB_freericks/pbs_variantB_T002_typ_21x21_mu20/chunks/T_0p02__Didx_3_3__typ/dmft_solutions/T_0p02/U_1p8__Delta_0p3425__w1_0p4__typ,ok,
0.02,1.2,0.3425,typ,0.5,0.5,0.698572762801696,0.4696314071996416,-0.03036859280035842,0.2289513718161703,0.2169934959049575,0.9477711104486676,216,True,0.001958913836477742,0.0668737438785043,0.00366532152242899,0.004601993075296703,0.0009366715528677132,2.740478781244936,0.0668737438785043,0.001119274171280266,9.203986150593406e-05,2.9386629937121e-11,0.419469049806273,-0.0002359197188098708,-0.1647592692235754,0,0,/home/2/kj405942/Byczuk_Freericks/filling_variantB_freericks/pbs_variantB_T002_typ_21x21_mu20/chunks/T_0p02__Didx_3_3__typ/dmft_solutions/T_0p02/U_1p2__Delta_0p3425__w1_0p5__typ,ok,
0.02,1.2,0.3425,typ,0.45,0.55,0.8593099484024129,0.5517417137299021,0.001741713729902061,0.3362611963967953,0.3232820076269434,0.9614014673446406,235,True,0.00198513866001018,0.1570413646053068,0.009928174329431735,0.01020389888171187,0.000275724552280138,3.161006131850766,0.1570413646053068,0.0009305929286778417,0.0002040779776342375,2.632426936353504e-11,0.5562460856766226,0.0005323622470421801,-0.2177733385764276,1,0,/home/2/kj405942/Byczuk_Freericks/filling_variantB_freericks/pbs_variantB_T002_typ_21x21_mu20/chunks/T_0p02__Didx_3_3__typ/dmft_solutions/T_0p02/U_1p2__Delta_0p3425__w1_0p45__typ,ok,
0.02,1.2,0.3425,typ,0.4,0.6,0.9558265209426087,0.6193850957394776,0.01938509573947766,0.3488873371603912,0.3379203198996286,0.9685657342853896,237,True,0.001970567133226078,0.1716090757049115,0.01098266484987945,0.01114866856109049,0.0001660037112110419,3.199907931665738,0.1716090757049115,0.0007548210840260354,0.0002229733712218098,2.437721438892267e-11,0.7514300574170852,0.0007087728133270191,-0.4757421514724726,1,0,/home/2/kj405942/Byczuk_Freericks/filling_variantB_freericks/pbs_variantB_T002_typ_21x21_mu20/chunks/T_0p02__Didx_3_3__typ/dmft_solutions/T_0p02/U_1p2__Delta_0p3425__w1_0p4__typ,ok,
0.02,1.9,0.3425,typ,0.5,0.5,1.400845640369542,0.5020863055035639,0.002086305503563923,0.2712894469596062,0.2482267350446689,0.9149885401979118,191,True,0.00197663475332351,0.09465544315350964,0.005689381620964488,0.0061753067996713,0.0004859251787068111,3.005311385916604,0.09465544315350964,0.0009591190033561171,0.000123506135993426,2.583974187901645e-11,0.3778606084858011,-0.0002229571444086985,-0.01318800353644928,0,0,/home/2/kj405942/Byczuk_Freericks/filling_variantB_freericks/pbs_variantB_T002_typ_21x21_mu20/chunks/T_0p02__Didx_3_3__typ/dmft_solutions/T_0p02/U_1p9__Delta_0p3425__w1_0p5__typ,ok,
0.02,1.9,0.3425,typ,0.45,0.55,1.442758923539513,0.5493225102640708,-0.0006774897359292931,0.2669805464168516,0.2430604733866063,0.9104051836312539,199,True,0.00197341433115206,0.08717517287424645,0.005248198087199917,0.005675595086180644,0.0004273969989807264,3.010144926681502,0.08717517287424645,0.000863231223625269,0.0001135119017236129,2.419332326904412e-11,0.4534074251196468,-0.0002073098121767975,-0.01804744677784343,0,0,/home/2/kj405942/Byczuk_Freericks/filling_variantB_freericks/pbs_variantB_T002_typ_21x21_mu20/chunks/T_0p02__Didx_3_3__typ/dmft_solutions/T_0p02/U_1p9__Delta_0p3425__w1_0p45__typ,ok,
0.02,1.9,0.3425,typ,0.4,0.6,1.488734146969787,0.6021299797443834,0.002129979744383448,0.2632763825409273,0.2384992697782743,0.9058893451682806,135,True,0.001941057122086395,0.08100917254674495,0.004892019745465372,0.005258889502963729,0.0003668697574983574,3.019423351499187,0.08100917254674495,0.0007709710174496434,0.0001051777900592746,2.259800074588425e-11,0.540790248912881,-0.0001818752483941899,-0.02613552334292717,0,0,/home/2/kj405942/Byczuk_Freericks/filling_variantB_freericks/pbs_variantB_T002_typ_21x21_mu20/chunks/T_0p02__Didx_3_3__typ/dmft_solutions/T_0p02/U_1p9__Delta_0p3425__w1_0p4__typ,ok,
0.02,2,0.3425,typ,0.5,0.5,1.501042533882631,0.5022286108649143,0.002228610864914327,0.2747946160872471,0.2512561730870397,0.9143416878563081,184,True,0.001980125348541217,0.09775127350749901,0.005905059040404129,0.006368291165234234,0.0004632321248301057,3.020451206679737,0.09775127350749901,0.000951646259192223,0.0001273658233046847,2.541284793992318e-11,0.3748430683870089,-0.0002291917330343462,-0.01156807555837071,0,0,/home/2/kj405942/Byczuk_Freericks/filling_variantB_freericks/pbs_variantB_T002_typ_21x21_mu20/chunks/T_0p02__Didx_3_3__typ/dmft_solutions/T_0p02/U_2__Delta_0p3425__w1_0p5__typ,ok,
0.02,2,0.3425,typ,0.45,0.55,1.535102795431814,0.5485533588000351,-0.00144664119996496,0.2631981395124661,0.2386806794721225,0.9068478976114405,209,True,0.001981152759496038,0.08440799852091628,0.005059474943264712,0.005496544097332049,0.0004370691540673368,2.997035252536509,0.08440799852091628,0.0008589776773590091,0.000109930881946641,2.383697234552828e-11,0.4483609255591667,-0.0002115761359120635,-0.01574822988689141,0,0,/home/2/kj405942/Byczuk_Freericks/filling_variantB_freericks/pbs_variantB_T002_typ_21x21_mu20/chunks/T_0p02__Didx_3_3__typ/dmft_solutions/T_0p02/U_2__Delta_0p3425__w1_0p45__typ,ok,
0.02,2,0.3425,typ,0.4,0.6,1.580851770113291,0.6011178183802298,0.00111781838022984,0.2601067016324567,0.2346373813234091,0.9020812606934021,145,True,0.001971065271456989,0.07870015185117601,0.004735983334262138,0.005109921574139916,0.000373938239877778,3.008878142457719,0.07870015185117601,0.0007671896279453029,0.0001021984314827983,2.221975228675018e-11,0.5366599572582096,-0.0001861101515110582,-0.02212446307218683,0,0,/home/2/kj405942/Byczuk_Freericks/filling_variantB_freericks/pbs_variantB_T002_typ_21x21_mu20/chunks/T_0p02__Didx_3_3__typ/dmft_solutions/T_0p02/U_2__Delta_0p3425__w1_0p4__typ,ok,
0.02,0,0.44,typ,0.5,0.5,0.0356342048972039,0.4977290859290214,-0.002270914070978569,0.6163561928715919,0.6152950630863148,0.9982783822121858,70,True,0.001942152483672177,4.72779363293627,0.3113469915833166,0.3113490462204589,2.054637142288002e-06,3.292730349039682,4.72779363293627,-0.0004407697902375704,0.006226980924409178,2.935302884216751e-11,40.37757131702039,0.1870419590477556,-0.02994799736474285,5,0,/home/2/kj405942/Byczuk_Freericks/filling_variantB_freericks/pbs_variantB_T002_typ_21x21_mu20/chunks/T_0p02__Didx_4_4__typ/dmft_solutions/T_0p02/U_0__Delta_0p44__w1_0p5__typ,ok,
0.02,0,0.44,typ,0.4,0.6,0.1978087181984918,0.5989117066628307,-0.00108829333716931,0.6071338226083225,0.6034896079244827,0.9939976747330863,45,True,0.001927284659711168,4.407755780003053,0.2899274495257455,0.2899797660208095,5.231649506406691e-05,3.288832957137483,4.407755780003053,-0.00214754899133008,0.00579959532041619,2.707411980648825e-11,16.77559560435344,0.169735893303853,-0.02912402394836505,4,0,/home/2/kj405942/Byczuk_Freericks/filling_variantB_freericks/pbs_variantB_T002_typ_21x21_mu20/chunks/T_0p02__Didx_4_4__typ/dmft_solutions/T_0p02/U_0__Delta_0p44__w1_0p4__typ,ok,
0.02,0,0.44,typ,0.45,0.55,0.1201238210122863,0.5506965666862658,0.0006965666862657205,0.6132437132148462,0.6112952374301963,0.9968226730373879,60,True,0.001962863738671571,4.624394905586154,0.3044334302683792,0.3044484019985157,1.497173013648362e-05,3.291602863551199,4.624394905586154,-0.001176734401391967,0.006088968039970315,2.813690737940629e-11,27.82484243948129,0.1791098362326928,-0.02913305716980386,4,0,/home/2/kj405942/Byczuk_Freericks/filling_variantB_freericks/pbs_variantB_T002_typ_21x21_mu20/chunks/T_0p02__Didx_4_4__typ/dmft_solutions/T_0p02/U_0__Delta_0p44__w1_0p45__typ,ok,
0.02,0.1,0.44,typ,0.5,0.5,0.08644587860911787,0.4973432790390118,-0.002656720960988235,0.6137443014351449,0.612753842746388,0.9983862030385604,59,True,0.001959486313809869,4.206557319520325,0.2767994939176152,0.2768027462441837,3.252326568440984e-06,3.290095354616239,4.206557319520325,-0.0005230888668657716,0.005536054924883673,2.934819335243994e-11,62.18904841328575,0.1843329730293175,-0.03423538794875047,5,0,/home/2/kj405942/Byczuk_Freericks/filling_variantB_freericks/pbs_variantB_T002_typ_21x21_mu20/chunks/T_0p02__Didx_4_4__typ/dmft_solutions/T_0p02/U_0p1__Delta_0p44__w1_0p5__typ,ok,
0.02,0.1,0.44,typ,0.45,0.55,0.1674304691245263,0.5512094611431375,0.001209461143137469,0.6105177186687258,0.6086439814992184,0.9969309045221599,43,True,0.001963185267909061,4.115468490917461,0.2707275892633632,0.2707453072058584,1.771794249522014e-05,3.289146665329101,4.115468490917461,-0.001207622739624971,0.005414906144117168,2.811115855532294e-11,20.81119508230749,0.1751609794851274,-0.03328129256930251,4,0,/home/2/kj405942/Byczuk_Freericks/filling_variantB_freericks/pbs_variantB_T002_typ_21x21_mu20/chunks/T_0p02__Didx_4_4__typ/dmft_solutions/T_0p02/U_0p1__Delta_0p44__w1_0p45__typ,ok,
0.02,0.1,0.44,typ,0.4,0.6,0.2391547332481002,0.5991696035170806,-0.0008303964829193822,0.6044838907427014,0.6009888427058565,0.9942181287369781,47,True,0.001875099458760353,3.94931543932867,0.2596160030828655,0.2596674809445212,5.147786165571516e-05,3.286848152182505,3.94931543932867,-0.002016443968081143,0.005193349618890425,2.706213193220994e-11,12.04464936308579,0.1660119768655929,-0.03293492602634224,4,0,/home/2/kj405942/Byczuk_Freericks/filling_variantB_freericks/pbs_variantB_T002_typ_21x21_mu20/chunks/T_0p02__Didx_4_4__typ/dmft_solutions/T_0p02/U_0p1__Delta_0p44__w1_0p4__typ,ok,
0.02,0.3,0.44,typ,0.5,0.5,0.1882867807663109,0.5042921212802712,0.004292121280271233,0.5926491392114085,0.5921529623701846,0.9991627814698522,60,True,0.001928284324096732,2.193203985892667,0.1439614336495494,0.1439621894449663,7.557954168591377e-07,3.281989148650826,2.193203985892667,-0.0001820776494122697,0.002879243788899326,2.93815779698364e-11,67.52267914659897,0.1609675877208373,-0.06774421413180798,4,0,/home/2/kj405942/Byczuk_Freericks/filling_variantB_freericks/pbs_variantB_T002_typ_21x21_mu20/chunks/T_0p02__Didx_4_4__typ/dmft_solutions/T_0p02/U_0p3__Delta_0p44__w1_0p5__typ,ok,
0.02,0.3,0.44,typ,0.45,0.55,0.2530014578884733,0.5493846039938765,-0.0006153960061235919,0.589773065775394,0.5887091485603274,0.9981960566244784,51,True,0.00195125841159974,2.16324640987145,0.1420013707981738,0.1420133640313897,1.19932332158389e-05,3.282135824892279,2.16324640987145,-0.0007203376804931771,0.002840267280627794,2.822717831984397e-11,27.79518593116148,0.1542320214420334,-0.06663974547052898,4,0,/home/2/kj405942/Byczuk_Freericks/filling_variantB_freericks/pbs_variantB_T002_typ_21x21_mu20/chunks/T_0p02__Didx_4_4__typ/dmft_solutions/T_0p02/U_0p3__Delta_0p44__w1_0p45__typ,ok,
0.02,0.2,0.44,typ,0.5,0.5,0.1350323260883555,0.499097784342991,-0.0009022156570089868,0.6059382332620596,0.6051635712895634,0.9987215496069198,133,True,0.001934444470163049,3.15188718763926,0.2070726842355756,0.2070744992211239,1.8149855483493e-06,3.28489999654257,3.15188718763926,-0.0003382493073338828,0.004141489984422479,2.939245514614454e-11,57.2933247105052,0.1753822459855824,-0.04670511590184501,4,0,/home/2/kj405942/Byczuk_Freericks/filling_variantB_freericks/pbs_variantB_T002_typ_21x21_mu20/chunks/T_0p02__Didx_4_4__typ/dmft_solutions/T_0p02/U_0p2__Delta_0p44__w1_0p5__typ,ok,
0.02,0.3,0.44,typ,0.4,0.6,0.3332114982277518,0.6001645702846959,0.000164570284695964,0.5821797762232828,0.5796169905831048,0.9955979480139223,99,True,0.001999996215703507,2.076568518614728,0.1362827491452459,0.1363301391115508,4.738996630494866e-05,3.281441183461638,2.076568518614728,-0.001402914909230557,0.002726602782231017,2.692143955839026e-11,76.32678230774722,0.1365901869581702,-0.06566278349528376,4,0,/home/2/kj405942/Byczuk_Freericks/filling_variantB_freericks/pbs_variantB_T002_typ_21x21_mu20/chunks/T_0p02__Didx_4_4__typ/dmft_solutions/T_0p02/U_0p3__Delta_0p44__w1_0p4__typ,ok,
0.02,0.2,0.44,typ,0.4,0.6,0.2882205464221067,0.6017186412208891,0.001718641220889161,0.5958398019842556,0.5926301104956823,0.9946131636760679,28,True,0.001943081447103515,2.969389950014099,0.1949793603163788,0.1950333439115206,5.398359514186947e-05,3.283155186732093,2.969389950014099,-0.001790521403836867,0.003900666878230413,2.695886257268838e-11,24.34234618211036,0.1539590820997114,-0.04491969811025182,4,0,/home/2/kj405942/Byczuk_Freericks/filling_variantB_freericks/pbs_variantB_T002_typ_21x21_mu20/chunks/T_0p02__Didx_4_4__typ/dmft_solutions/T_0p02/U_0p2__Delta_0p44__w1_0p4__typ,ok,
0.02,0.2,0.44,typ,0.45,0.55,0.2210743409925524,0.5531242459806774,0.003124245980677398,0.6021234815584975,0.6004321167869503,0.9971910001463996,90,True,0.001968635239629015,3.069188140189787,0.2016310960729562,0.2016544851507478,2.338907779160485e-05,3.284762726544487,3.069188140189787,-0.001198211001184432,0.004033089703014955,2.800954468190112e-11,69.80159657853261,0.1644180208004694,-0.04602203617413547,5,0,/home/2/kj405942/Byczuk_Freericks/filling_variantB_freericks/pbs_variantB_T002_typ_21x21_mu20/chunks/T_0p02__Didx_4_4__typ/dmft_solutions/T_0p02/U_0p2__Delta_0p44__w1_0p45__typ,ok,
0.02,0.4,0.44,typ,0.5,0.5,0.2347980000638439,0.5013572408745115,0.001357240874511501,0.5737193125423693,0.5735143267963135,0.9996427072584547,25,True,0.001950666615356373,1.504307314314128,0.09877749092613725,0.09877763853022854,1.476040913007121e-07,3.283155309630788,1.504307314314128,-6.663961496982881e-05,0.001975552770604571,2.94816803189808e-11,46.44890545553868,0.1396924407393131,-0.09847238094223698,4,0,/home/2/kj405942/Byczuk_Freericks/filling_variantB_freericks/pbs_variantB_T002_typ_21x21_mu20/chunks/T_0p02__Didx_4_4__typ/dmft_solutions/T_0p02/U_0p4__Delta_0p44__w1_0p5__typ,ok,
0.02,0.4,0.44,typ,0.4,0.6,0.3637158180910052,0.598270178756826,-0.001729821243174001,0.5643595788174572,0.5627388876385194,0.9971282649577177,75,True,0.001999434412333316,1.441051926239489,0.0945974156824365,0.09463308160072065,3.566591828414841e-05,3.282234802228608,1.441051926239489,-0.0010138682384262,0.001892661632014413,2.709416361717301e-11,40.54035037425538,0.1195819424285491,-0.09704191606039086,4,0,/home/2/kj405942/Byczuk_Freericks/filling_variantB_freericks/pbs_variantB_T002_typ_21x21_mu20/chunks/T_0p02__Didx_4_4__typ/dmft_solutions/T_0p02/U_0p4__Delta_0p44__w1_0p4__typ,ok,
0.02,0.4,0.44,typ,0.45,0.55,0.2996510433073902,0.5510824876360495,0.001082487636049456,0.5707109368319957,0.5700782818361625,0.9988914615876383,75,True,0.001995897436932603,1.484126144977919,0.09744724278232218,0.09745639778283241,9.155000510222289e-06,3.282983832340344,1.484126144977919,-0.0005212902380537562,0.001949127955656648,2.825135479750088e-11,73.0407866231719,0.1359813143722439,-0.09768555812141433,4,0,/home/2/kj405942/Byczuk_Freericks/filling_variantB_freericks/pbs_variantB_T002_typ_21x21_mu20/chunks/T_0p02__Didx_4_4__typ/dmft_solutions/T_0p02/U_0p4__Delta_0p44__w1_0p45__typ,ok,
0.02,0.5,0.44,typ,0.5,0.5,0.2906184074116958,0.5014123942766678,0.001412394276667839,0.5483555010353315,0.5483272480178846,0.9999484768231676,185,True,0.001949862290856611,1.035243787369801,0.0680893932898677,0.06808942102141036,2.773154266341942e-08,3.28856807065993,1.035243787369801,-2.396201463002873e-05,0.001361788420428207,2.945877933046855e-11,34.59191629458023,0.1099594667755366,-0.140422140223677,4,0,/home/2/kj405942/Byczuk_Freericks/filling_variantB_freericks/pbs_variantB_T002_typ_21x21_mu20/chunks/T_0p02__Didx_4_4__typ/dmft_solutions/T_0p02/U_0p5__Delta_0p44__w1_0p5__typ,ok,
0.02,0.5,0.44,typ,0.45,0.55,0.3578554650002334,0.5536093468284821,0.003609346828482018,0.5445304918118732,0.5442080750671893,0.999407899558368,55,True,0.001953390312910618,1.015026563842641,0.06675778590920955,0.06676504846089076,7.262551681207366e-06,3.288474818653071,1.015026563842641,-0.0003839709071715072,0.001335300969217815,2.81258231926347e-11,67.72011867122953,0.1074142972317818,-0.1406633571032507,4,0,/home/2/kj405942/Byczuk_Freericks/filling_variantB_freericks/pbs_variantB_T002_typ_21x21_mu20/chunks/T_0p02__Didx_4_4__typ/dmft_solutions/T_0p02/U_0p5__Delta_0p44__w1_0p45__typ,ok,
0.02,0.5,0.44,typ,0.4,0.6,0.4111001294927318,0.6002735152012539,0.0002735152012539599,0.5383929048103022,0.5373984327818428,0.9981528879382061,41,True,0.001880687666823346,0.9901209580086811,0.06511516111960017,0.06514189004470265,2.672892510247793e-05,3.288242744126888,0.9901209580086811,-0.0007275282665162603,0.001302837800894053,2.705045124616211e-11,13.70265470963464,0.09750456956584508,-0.1395300416625873,4,0,/home/2/kj405942/Byczuk_Freericks/filling_variantB_freericks/pbs_variantB_T002_typ_21x21_mu20/chunks/T_0p02__Didx_4_4__typ/dmft_solutions/T_0p02/U_0p5__Delta_0p44__w1_0p4__typ,ok,
0.02,0.6000000000000001,0.44,typ,0.5,0.5,0.3404966940646401,0.504449975672277,0.004449975672277007,0.5159455462318661,0.5159041769304524,0.9999198184736436,88,True,0.001950448601996709,0.7153136112684435,0.04722673492652963,0.04722701674427082,2.818177411871522e-07,3.301120947690616,0.7153136112684435,6.349615203586709e-05,0.0009445403348854163,2.95396322416727e-11,42.76997145755304,0.07371176952640274,-0.193608498539772,4,0,/home/2/kj405942/Byczuk_Freericks/filling_variantB_freericks/pbs_variantB_T002_typ_21x21_mu20/chunks/T_0p02__Didx_4_4__typ/dmft_solutions/T_0p02/U_0p6__Delta_0p44__w1_0p5__typ,ok,
0.02,0.6000000000000001,0.44,typ,0.45,0.55,0.3942725308696952,0.5485119741083215,-0.001488025891678513,0.5126051641629926,0.5124595422362132,0.9997159179482376,72,True,0.001978326293655691,0.703413080474526,0.0464504793711468,0.04645376832004084,3.28894889403744e-06,3.301792407656897,0.703413080474526,-0.0002151041456168691,0.0009290753664008168,2.831815430015765e-11,73.57364729792178,0.07504678939935983,-0.1957339242310029,4,0,/home/2/kj405942/Byczuk_Freericks/filling_variantB_freericks/pbs_variantB_T002_typ_21x21_mu20/chunks/T_0p02__Didx_4_4__typ/dmft_solutions/T_0p02/U_0p6__Delta_0p44__w1_0p45__typ,ok,
0.02,0.6000000000000001,0.44,typ,0.4,0.6,0.4626218425242333,0.6000309587122475,3.095871224756408e-05,0.5048264608507746,0.5043111210300502,0.9989791743090171,73,True,0.001992203816235379,0.6798316961588124,0.04490053351118757,0.04491658045281764,1.60469416300674e-05,3.302327161625791,0.6798316961588124,-0.0004671021204518382,0.0008983316090563527,2.696046018919771e-11,15.50263005148562,0.06993355985712651,-0.1938620616389773,4,0,/home/2/kj405942/Byczuk_Freericks/filling_variantB_freericks/pbs_variantB_T002_typ_21x21_mu20/chunks/T_0p02__Didx_4_4__typ/dmft_solutions/T_0p02/U_0p6__Delta_0p44__w1_0p4__typ,ok,
0.02,0.8,0.44,typ,0.5,0.5,0.4493902317418027,0.5025779521507419,0.002577952150741858,0.4243348470005132,0.423199834301277,0.9973251956391062,120,True,0.001998843843142447,0.3263235596498286,0.02205960302603093,0.02207649497834406,1.689195231312817e-05,3.380019979204483,0.3263235596498286,0.0003320313843074218,0.0004415298995668812,2.959813376571141e-11,3.747869911331498,0.0009493079403288583,-0.3299695864054636,2,0,/home/2/kj405942/Byczuk_Freericks/filling_variantB_freericks/pbs_variantB_T002_typ_21x21_mu20/chunks/T_0p02__Didx_4_4__typ/dmft_solutions/T_0p02/U_0p8__Delta_0p44__w1_0p5__typ,ok,
0.02,0.8,0.44,typ,0.45,0.55,0.5031792213823377,0.5482824056878739,-0.001717594312126147,0.4199359862808379,0.4190341590121007,0.9978524649037006,91,True,0.001985162239222032,0.3178539398084921,0.0215097394140916,0.02151481092842726,5.071514335655008e-06,3.383588611022296,0.3178539398084921,0.0001795550507439538,0.0004302962185685451,2.823259300712961e-11,7.305908362570963,0.001055789443257695,-0.3402599363924622,2,0,/home/2/kj405942/Byczuk_Freericks/filling_variantB_freericks/pbs_variantB_T002_typ_21x21_mu20/chunks/T_0p02__Didx_4_4__typ/dmft_solutions/T_0p02/U_0p8__Delta_0p44__w1_0p45__typ,ok,
0.02,0.8,0.44,typ,0.4,0.6,0.5626180430419484,0.5999828453991189,-1.715460088103082e-05,0.4118718134288822,0.411105808448883,0.9981401859631468,77,True,0.001996098141600584,0.3047807082610586,0.02064383003908557,0.02064442103413021,5.909950446375902e-07,3.386669411733762,0.3047807082610586,6.002064449561013e-05,0.0004128884206826042,2.686236673927915e-11,20.36342085904471,0.006433948543894757,-0.3435227135732369,2,0,/home/2/kj405942/Byczuk_Freericks/filling_variantB_freericks/pbs_variantB_T002_typ_21x21_mu20/chunks/T_0p02__Didx_4_4__typ/dmft_solutions/T_0p02/U_0p8__Delta_0p44__w1_0p4__typ,ok,
0.02,0.7000000000000001,0.44,typ,0.5,0.5,0.3930060769927184,0.5010769365021664,0.001076936502166448,0.4750548935929685,0.4747045374669719,0.9992624933860869,86,True,0.001941823564932195,0.4896318323838517,0.03258630353408525,0.03258901383952863,2.71030544338092e-06,3.327633272476747,0.4896318323838517,0.0001629141995384397,0.0006517802767905727,2.958894199203362e-11,32.02841521160513,0.03202688816272209,-0.2580241910668454,4,0,/home/2/kj405942/Byczuk_Freericks/filling_variantB_freericks/pbs_variantB_T002_typ_21x21_mu20/chunks/T_0p02__Didx_4_4__typ/dmft_solutions/T_0p02/U_0p7__Delta_0p44__w1_0p5__typ,ok,
0.02,0.7000000000000001,0.44,typ,0.45,0.55,0.4563893439961412,0.5541341555281053,0.004134155528105254,0.470988813241931,0.4707238351188995,0.9994374003891779,30,True,0.001999226036157828,0.4796453172601359,0.03192877132202043,0.03192880675785077,3.543583033421351e-08,3.328373088723791,0.4796453172601359,-1.843726122992793e-05,0.0006385761351570153,2.815941934830519e-11,11.4437821268026,0.03939811592174119,-0.2604206712706778,3,0,/home/2/kj405942/Byczuk_Freericks/filling_variantB_freericks/pbs_variantB_T002_typ_21x21_mu20/chunks/T_0p02__Didx_4_4__typ/dmft_solutions/T_0p02/U_0p7__Delta_0p44__w1_0p45__typ,ok,
0.02,0.7000000000000001,0.44,typ,0.4,0.6,0.5101071892890997,0.6021059368838485,0.002105936883848525,0.4632334706393727,0.4628884026143475,0.9992550883152962,60,True,0.001997852787805291,0.4618882865756108,0.03077280416041583,0.03077844851256449,5.644352148659536e-06,3.331195556891259,0.4618882865756108,-0.0002283444828662922,0.0006155689702512898,2.694129033755963e-11,36.37377068972761,0.03476491477658172,-0.2633883269597173,3,0,/home/2/kj405942/Byczuk_Freericks/filling_variantB_freericks/pbs_variantB_T002_typ_21x21_mu20/chunks/T_0p02__Didx_4_4__typ/dmft_solutions/T_0p02/U_0p7__Delta_0p44__w1_0p4__typ,ok,
0.02,0.9,0.44,typ,0.5,0.5,0.4999999999999999,0.497030345912386,-0.00296965408761396,0.3612471881117549,0.3586045753574327,0.9926847520443407,89,True,0.001995202749148441,0.204492107091809,0.0142445409404712,0.01431965975455575,7.511881408454624e-05,3.482907272816148,0.204492107091809,0.0005542779911630394,0.000286393195091115,2.970389927873605e-11,0.858158133381041,0.0008136595313189146,-0.4068659791597251,1,0,/home/2/kj405942/Byczuk_Freericks/filling_variantB_freericks/pbs_variantB_T002_typ_21x21_mu20/chunks/T_0p02__Didx_4_4__typ/dmft_solutions/T_0p02/U_0p9__Delta_0p44__w1_0p5__typ,ok,
0.02,0.9,0.44,typ,0.45,0.55,0.5651967143929373,0.5516954668084505,0.001695466808450452,0.3614916085489366,0.3586305228699781,0.992085333071926,55,True,0.001997864112403379,0.2034691148494149,0.01401615170572316,0.0140870585346354,7.090682891224195e-05,3.444294657716565,0.2034691148494149,0.0005371657047048475,0.0002817411706927081,2.810055197296028e-11,1.104009126757471,0.0006765592635685647,-0.4166861117734857,1,0,/home/2/kj405942/Byczuk_Freericks/filling_variantB_freericks/pbs_variantB_T002_typ_21x21_mu20/chunks/T_0p02__Didx_4_4__typ/dmft_solutions/T_0p02/U_0p9__Delta_0p44__w1_0p45__typ,ok,
0.02,0.9,0.44,typ,0.4,0.6,0.626241854839884,0.6032976228233782,0.003297622823378199,0.3558178845939329,0.3529268107601784,0.99187484958196,46,True,0.001949307527537472,0.1959320228314666,0.01341328659520201,0.0134724234622222,5.913686702018192e-05,3.422943937739984,0.1959320228314666,0.0004813897792678961,0.0002694484692444439,2.664830346304762e-11,4.843165242199206,0.000631994819410436,-0.4235480472103327,1,0,/home/2/kj405942/Byczuk_Freericks/filling_variantB_freericks/pbs_variantB_T002_typ_21x21_mu20/chunks/T_0p02__Didx_4_4__typ/dmft_solutions/T_0p02/U_0p9__Delta_0p44__w1_0p4__typ,ok,
0.02,1,0.44,typ,0.5,0.5,0.571249127234895,0.4961068284135248,-0.00389317158647523,0.3093468974922896,0.3019039033541778,0.9759396515741772,117,True,0.001990724013704695,0.1330465682844195,0.008910039996129311,0.009287626876304933,0.0003775868801756219,3.348466672617187,0.1330465682844195,0.001002363593079745,0.0001857525375260987,2.951022894251628e-11,0.5178684448193198,-1.489890218960357e-05,-0.4611042363955374,0,0,/home/2/kj405942/Byczuk_Freericks/filling_variantB_freericks/pbs_variantB_T002_typ_21x21_mu20/chunks/T_0p02__Didx_4_4__typ/dmft_solutions/T_0p02/U_1__Delta_0p44__w1_0p5__typ,ok,
0.02,1,0.44,typ,0.4,0.6,0.7143684332691109,0.6024535599310904,0.002453559931090421,0.3284746384083417,0.3194747845581963,0.9726010693131283,123,True,0.00197238105520868,0.1487690010313915,0.009520746105029412,0.009758237841004828,0.0002374917359754155,3.199842050099017,0.1487690010313915,0.0008406117809580539,0.0001951647568200966,2.612823159898967e-11,0.9806335034557377,0.0005178220918249461,-0.4798573325927171,1,0,/home/2/kj405942/Byczuk_Freericks/filling_variantB_freericks/pbs_variantB_T002_typ_21x21_mu20/chunks/T_0p02__Didx_4_4__typ/dmft_solutions/T_0p02/U_1__Delta_0p44__w1_0p4__typ,ok,
0.02,1,0.44,typ,0.45,0.55,0.6359876887123079,0.5475572404822149,-0.002442759517785165,0.3173307069008952,0.3091594974818063,0.9742501773657826,68,True,0.001989839989090698,0.1384178326239164,0.009041346003028396,0.009361541892104794,0.0003201958890763987,3.265961412498736,0.1384178326239164,0.0009414969036703526,0.0001872308378420959,2.785530656564514e-11,0.6857442103710273,0.0003571017978716777,-0.4794424512037324,1,0,/home/2/kj405942/Byczuk_Freericks/filling_variantB_freericks/pbs_variantB_T002_typ_21x21_mu20/chunks/T_0p02__Didx_4_4__typ/dmft_solutions/T_0p02/U_1__Delta_0p44__w1_0p45__typ,ok,
0.02,1.1,0.44,typ,0.5,0.5,0.6837478144604827,0.4991359393488269,-0.0008640606511730597,0.3233655783276941,0.3074565291329368,0.9508016614599736,125,True,0.001988367453586644,0.1395976700624646,0.008630617230077178,0.00905176024592007,0.0004211430158428914,3.091246876189017,0.1395976700624646,0.001084348502786325,0.0001810352049184014,2.872481421877137e-11,0.4712399345744388,0.000135498026757809,-0.4631165865958273,1,0,/home/2/kj405942/Byczuk_Freericks/filling_variantB_freericks/pbs_variantB_T002_typ_21x21_mu20/chunks/T_0p02__Didx_4_4__typ/dmft_solutions/T_0p02/U_1p1__Delta_0p44__w1_0p5__typ,ok,
0.02,1.1,0.44,typ,0.45,0.55,0.7528859094654444,0.5522604862657162,0.002260486265716177,0.3315947032042092,0.3160200078461934,0.953030928396874,166,True,0.001999559954820484,0.1462860684479792,0.009169779871663822,0.009468579448368767,0.0002987995767049444,3.134194516590174,0.1462860684479792,0.0009349889339461372,0.0001893715889673753,2.699893548258068e-11,0.5580988778473459,0.0004635040547909597,-0.4870495302623432,1,0,/home/2/kj405942/Byczuk_Freericks/filling_variantB_freericks/pbs_variantB_T002_typ_21x21_mu20/chunks/T_0p02__Didx_4_4__typ/dmft_solutions/T_0p02/U_1p1__Delta_0p44__w1_0p45__typ,ok,
0.02,1.1,0.44,typ,0.4,0.6,0.804862010794314,0.5960601351604621,-0.003939864839537899,0.3233571886589366,0.3082282493905719,0.9532129181011587,152,True,0.001991720752766782,0.1361994039939712,0.008549862562870091,0.008794775321665449,0.0002449127587953573,3.138729800626934,0.1361994039939712,0.0008167860402632614,0.000175895506433309,2.559945852797709e-11,0.570601914413964,0.0004624865480953786,-0.5193431815453262,1,0,/home/2/kj405942/Byczuk_Freericks/filling_variantB_freericks/pbs_variantB_T002_typ_21x21_mu20/chunks/T_0p02__Didx_4_4__typ/dmft_solutions/T_0p02/U_1p1__Delta_0p44__w1_0p4__typ,ok,
0.02,1.3,0.44,typ,0.45,0.55,0.9366911483448851,0.549545008537936,-0.0004549914620640694,0.328192067641469,0.3044087954400998,0.9275324587450083,237,True,0.001998894471301841,0.1362826709941609,0.00860157686155308,0.008854901563298982,0.0002533247017459019,3.155785250907512,0.1362826709941609,0.0008309484578808806,0.0001770980312659797,2.604757167676513e-11,0.454127751790493,0.00032318894550324,-0.1248622557988833,1,0,/home/2/kj405942/Byczuk_Freericks/filling_variantB_freericks/pbs_variantB_T002_typ_21x21_mu20/chunks/T_0p02__Didx_4_4__typ/dmft_solutions/T_0p02/U_1p3__Delta_0p44__w1_0p45__typ,ok,
0.02,1.3,0.44,typ,0.5,0.5,0.8813718556655981,0.5015120854936812,0.001512085493681203,0.3315673590547574,0.3070436736142209,0.9260370939092153,202,True,0.001973145363274994,0.1432061309325087,0.009006992817963176,0.009321090345639976,0.0003140975276767998,3.144765087679123,0.1432061309325087,0.0009484797485878238,0.0001864218069127995,2.764321586870205e-11,0.3907737568120545,1.29613723624496e-06,-0.06747780509214168,1,0,/home/2/kj405942/Byczuk_Freericks/filling_variantB_freericks/pbs_variantB_T002_typ_21x21_mu20/chunks/T_0p02__Didx_4_4__typ/dmft_solutions/T_0p02/U_1p3__Delta_0p44__w1_0p5__typ,ok,
0.02,1.3,0.44,typ,0.4,0.6,0.9966860397916912,0.6038007888894227,0.003800788889422702,0.3231425786578992,0.3004825940942221,0.929876203074846,239,True,0.001998940662800461,0.1293750108116218,0.00819482469160302,0.008392299265330944,0.0001974745737279236,3.16708174174965,0.1293750108116218,0.0007148185099879623,0.0001678459853066189,2.449311691473019e-11,0.5368336541751724,0.0004298440189125432,-0.5600871556668411,1,0,/home/2/kj405942/Byczuk_Freericks/filling_variantB_freericks/pbs_variantB_T002_typ_21x21_mu20/chunks/T_0p02__Didx_4_4__typ/dmft_solutions/T_0p02/U_1p3__Delta_0p44__w1_0p4__typ,ok,
0.02,1.4,0.44,typ,0.5,0.5,0.9506357774577953,0.4952523692030099,-0.004747630796990143,0.3125663262256166,0.28418968370049,0.9092140126936009,236,True,0.001982299923946496,0.1214064983910136,0.007537715761117579,0.00790357967498352,0.0003658639138659407,3.104329612094106,0.1214064983910136,0.0009425312373613436,0.0001580715934996704,2.754229202267101e-11,0.37311869095077,-0.0002565094356584573,-0.04091041148731107,0,0,/home/2/kj405942/Byczuk_Freericks/filling_variantB_freericks/pbs_variantB_T002_typ_21x21_mu20/chunks/T_0p02__Didx_4_4__typ/dmft_solutions/T_0p02/U_1p4__Delta_0p44__w1_0p5__typ,ok,
0.02,1.4,0.44,typ,0.45,0.55,1.004085304761419,0.5497018451973972,-0.000298154802602868,0.3096487783662745,0.2815055198289414,0.9091123217542837,243,True,0.001972207623815301,0.1149048124131919,0.00716312429744986,0.007464528876401917,0.000301404578952057,3.116981850895691,0.1149048124131919,0.0008322600147185156,0.0001492905775280383,2.5916869893125e-11,0.4419233704307092,-0.0002288099671372817,-0.06647470783238134,0,0,/home/2/kj405942/Byczuk_Freericks/filling_variantB_freericks/pbs_variantB_T002_typ_21x21_mu20/chunks/T_0p02__Didx_4_4__typ/dmft_solutions/T_0p02/U_1p4__Delta_0p44__w1_0p45__typ,ok,
0.02,1.4,0.44,typ,0.4,0.6,1.056397171145249,0.6022600646921572,0.002260064692157226,0.3033065217066893,0.2754811105316216,0.9082597663297988,232,True,0.001987989259670318,0.1067562429478312,0.006670581813352648,0.006919504345444732,0.0002489225320920833,3.124211581992621,0.1067562429478312,0.0007290272191243859,0.0001383900869088946,2.44041954908458e-11,0.5275004086569826,0.0001141529046274931,-0.1186817738782674,1,0,/home/2/kj405942/Byczuk_Freericks/filling_variantB_freericks/pbs_variantB_T002_typ_21x21_mu20/chunks/T_0p02__Didx_4_4__typ/dmft_solutions/T_0p02/U_1p4__Delta_0p44__w1_0p4__typ,ok,
0.02,1.5,0.44,typ,0.5,0.5,1.030341491255635,0.5013503933396274,0.001350393339627387,0.2962919150726894,0.2648651354326102,0.8939330503420274,238,True,0.001942586551231674,0.1044526627246263,0.006391368366573891,0.006806104888862276,0.0004147365222883853,3.059456886907597,0.1044526627246263,0.0009308096914211108,0.0001361220977772455,2.731110550671452e-11,0.3658348714437719,-0.0002535115469289009,-0.03109467287180252,0,0,/home/2/kj405942/Byczuk_Freericks/filling_variantB_freericks/pbs_variantB_T002_typ_21x21_mu20/chunks/T_0p02__Didx_4_4__typ/dmft_solutions/T_0p02/U_1p5__Delta_0p44__w1_0p5__typ,ok,
0.02,1.5,0.44,typ,0.45,0.55,1.080003025428512,0.5544186513779383,0.004418651377938287,0.2949285977213116,0.2633015719755548,0.8927637876078661,147,True,0.001987437770133232,0.09983201778142972,0.006140371016166705,0.006487724795886754,0.0003473537797200487,3.075351551848984,0.09983201778142972,0.0008327908346452754,0.0001297544959177351,2.56933066700584e-11,0.4356503170405886,-0.0002264644713517085,-0.04947094966942207,0,0,/home/2/kj405942/Byczuk_Freericks/filling_variantB_freericks/pbs_variantB_T002_typ_21x21_mu20/chunks/T_0p02__Didx_4_4__typ/dmft_solutions/T_0p02/U_1p5__Delta_0p44__w1_0p45__typ,ok,
0.02,1.5,0.44,typ,0.4,0.6,1.130679998825965,0.603403611194143,0.003403611194143008,0.289195394404489,0.2573979986603918,0.8900487478039738,158,True,0.001988524682020379,0.09238324059055891,0.005696538826698216,0.005987506836932327,0.0002909680102341108,3.083101864733879,0.09238324059055891,0.0007332198537084776,0.0001197501367386466,2.415392258417753e-11,0.5202243633728069,-0.0002213735184208969,-0.08266874689908126,0,0,/home/2/kj405942/Byczuk_Freericks/filling_variantB_freericks/pbs_variantB_T002_typ_21x21_mu20/chunks/T_0p02__Didx_4_4__typ/dmft_solutions/T_0p02/U_1p5__Delta_0p44__w1_0p4__typ,ok,
0.02,1.7,0.44,typ,0.5,0.5,1.200446926335726,0.5032707669445585,0.003270766944558523,0.276153197068539,0.2406787977865621,0.8715408705799901,158,True,0.001986851739812189,0.08647582899314334,0.00516893962627567,0.005652823419924517,0.0004838837936488473,2.988661506029341,0.08647582899314334,0.000914814212746295,0.0001130564683984903,2.674532844677155e-11,0.353858341626041,-0.0002538044803336095,-0.01982899580855249,0,0,/home/2/kj405942/Byczuk_Freericks/filling_variantB_freericks/pbs_variantB_T002_typ_21x21_mu20/chunks/T_0p02__Didx_4_4__typ/dmft_solutions/T_0p02/U_1p7__Delta_0p44__w1_0p5__typ,ok,
0.02,1.7,0.44,typ,0.4,0.6,1.299102320114628,0.6024473326283175,0.002447332628317533,0.2740685535095918,0.2369875964069026,0.86470189072096,135,True,0.001971508690641595,0.07826706745664515,0.004743158334853916,0.005077717754340096,0.0003345594194861803,3.030111187876891,0.07826706745664515,0.0007236709839862438,0.0001015543550868019,2.346031429394009e-11,0.5036955351328674,-0.0002280253900905807,-0.04609649825260646,0,0,/home/2/kj405942/Byczuk_Freericks/filling_variantB_freericks/pbs_variantB_T002_typ_21x21_mu20/chunks/T_0p02__Didx_4_4__typ/dmft_solutions/T_0p02/U_1p7__Delta_0p44__w1_0p4__typ,ok,
0.02,1.7,0.44,typ,0.45,0.55,1.258088575738068,0.5549342102208763,0.004934210220876256,0.2854323917124699,0.2495031080136489,0.8741233134639664,106,True,0.001994445394570982,0.09015782225551,0.005492064789794075,0.005861283730387969,0.0003692189405938935,3.045806039008683,0.09015782225551,0.0008159408755471435,0.0001172256746077594,2.495152857267644e-11,0.4247356831846287,-0.0002320866404733467,-0.02803035694459416,0,0,/home/2/kj405942/Byczuk_Freericks/filling_variantB_freericks/pbs_variantB_T002_typ_21x21_mu20/chunks/T_0p02__Didx_4_4__typ/dmft_solutions/T_0p02/U_1p7__Delta_0p44__w1_0p45__typ,ok,
0.02,1.6,0.44,typ,0.5,0.5,1.093062440142887,0.4991180323336882,-0.0008819676663118226,0.2633431604556699,0.2296030920396818,0.8718779391968764,215,True,0.001957945008461985,0.0777138828118733,0.0045563762364434,0.005112823454075476,0.0005564472176320759,2.931507262012178,0.0777138828118733,0.0009299857403428518,0.0001022564690815095,2.732626376979636e-11,0.359169707725015,-0.0002496849946553082,-0.02504074844001214,0,0,/home/2/kj405942/Byczuk_Freericks/filling_variantB_freericks/pbs_variantB_T002_typ_21x21_mu20/chunks/T_0p02__Didx_4_4__typ/dmft_solutions/T_0p02/U_1p6__Delta_0p44__w1_0p5__typ,ok,
0.02,1.6,0.44,typ,0.45,0.55,1.152535551090972,0.550926879480081,0.0009268794800809665,0.2763760347616392,0.2417647972287852,0.874767587708158,131,True,0.001995111640816876,0.08376438584513309,0.005038042361282876,0.005455447897413063,0.0004174055361301868,3.007269921728673,0.08376438584513309,0.0008362262658192889,0.0001091089579482613,2.552141473915132e-11,0.4308438927430422,-0.0002285512694329339,-0.03874233100038405,0,0,/home/2/kj405942/Byczuk_Freericks/filling_variantB_freericks/pbs_variantB_T002_typ_21x21_mu20/chunks/T_0p02__Didx_4_4__typ/dmft_solutions/T_0p02/U_1p6__Delta_0p44__w1_0p45__typ,ok,
0.02,1.6,0.44,typ,0.4,0.6,1.211112764430299,0.5996863178055951,-0.0003136821944048629,0.2794140718889279,0.2445874887838043,0.875358521245244,191,True,0.001977892169402415,0.08325606643959547,0.005078531632539155,0.005398535799000972,0.0003200041664618168,3.049946898598535,0.08325606643959547,0.0007299628503409251,0.0001079707159800195,2.384229628635127e-11,0.5110735072393555,-0.0002303994737371622,-0.05736766367668231,0,0,/home/2/kj405942/Byczuk_Freericks/filling_variantB_freericks/pbs_variantB_T002_typ_21x21_mu20/chunks/T_0p02__Didx_4_4__typ/dmft_solutions/T_0p02/U_1p6__Delta_0p44__w1_0p4__typ,ok,
0.02,1.2,0.44,typ,0.5,0.5,0.7903771400261905,0.5014858164623469,0.001485816462346912,0.3341901097280188,0.3133164278399258,0.9375394983858706,246,True,0.00196899068238062,0.1483796266726817,0.009315938225643573,0.009646581193438216,0.000330642967794644,3.139224176036674,0.1483796266726817,0.0009905622658199413,0.0001929316238687643,2.806034965491122e-11,0.441717105932686,0.0001992245708279409,-0.190530431233912,1,0,/home/2/kj405942/Byczuk_Freericks/filling_variantB_freericks/pbs_variantB_T002_typ_21x21_mu20/chunks/T_0p02__Didx_4_4__typ/dmft_solutions/T_0p02/U_1p2__Delta_0p44__w1_0p5__typ,ok,
0.02,1.2,0.44,typ,0.45,0.55,0.8537986437293767,0.553487639976231,0.003487639976230916,0.3357119958610965,0.3158243669640778,0.9407598502817653,230,True,0.001988987627032656,0.1474262180601047,0.009321797883961406,0.009571699273841799,0.0002499013898803937,3.161512927151455,0.1474262180601047,0.0008583940446907838,0.000191433985476836,2.639402986767643e-11,0.4944274964526064,0.0004702157392483671,-0.4301583328339215,1,0,/home/2/kj405942/Byczuk_Freericks/filling_variantB_freericks/pbs_variantB_T002_typ_21x21_mu20/chunks/T_0p02__Didx_4_4__typ/dmft_solutions/T_0p02/U_1p2__Delta_0p44__w1_0p45__typ,ok,
0.02,1.2,0.44,typ,0.4,0.6,0.9706195345230104,0.6275729450446814,0.02757294504468144,0.3532016702988691,0.3377127780624488,0.9561471716050661,247,True,0.001964667603911144,0.170665594157823,0.01096210849908663,0.01109006296720969,0.000127954468123059,3.211575406625141,0.170665594157823,0.0006608695079570561,0.0002218012593441938,2.420124588317275e-11,0.672663767694111,0.0006868937982241814,-0.4895499192512748,1,0,/home/2/kj405942/Byczuk_Freericks/filling_variantB_freericks/pbs_variantB_T002_typ_21x21_mu20/chunks/T_0p02__Didx_4_4__typ/dmft_solutions/T_0p02/U_1p2__Delta_0p44__w1_0p4__typ,ok,
0.02,1.8,0.44,typ,0.5,0.5,1.300137232254023,0.5035342610931925,0.003534261093192548,0.2801936265978116,0.2434551089888892,0.8688816799475005,219,True,0.00197660712451253,0.08927405092355814,0.005367043076092659,0.005824812259177989,0.0004577691830853299,3.005936787100793,0.08927405092355814,0.0009040675789120562,0.0001164962451835598,2.628856865642553e-11,0.3499623336600582,-0.000261654248446032,-0.01638675502386138,0,0,/home/2/kj405942/Byczuk_Freericks/filling_variantB_freericks/pbs_variantB_T002_typ_21x21_mu20/chunks/T_0p02__Didx_4_4__typ/dmft_solutions/T_0p02/U_1p8__Delta_0p44__w1_0p5__typ,ok,
0.02,1.8,0.44,typ,0.4,0.6,1.390964791687984,0.6029930145419687,0.002993014541968764,0.271769907786461,0.2330027667246111,0.8573530771761876,122,True,0.001964995954422007,0.07593260853673715,0.004590222097556919,0.004927677251044875,0.0003374551534879561,3.022563155680416,0.07593260853673715,0.00071587499004373,9.85535450208975e-05,2.305070400723933e-11,0.4989040889501791,-0.0002308077763183254,-0.03704643819125023,0,0,/home/2/kj405942/Byczuk_Freericks/filling_variantB_freericks/pbs_variantB_T002_typ_21x21_mu20/chunks/T_0p02__Didx_4_4__typ/dmft_solutions/T_0p02/U_1p8__Delta_0p44__w1_0p4__typ,ok,
0.02,1.8,0.44,typ,0.45,0.55,1.340457054081875,0.548685249027663,-0.00131475097233702,0.273628857437675,0.2357249379640195,0.8614768930857777,209,True,0.001984614911253556,0.08042147581622093,0.004828877406580341,0.005237863590012977,0.000408986183432636,3.002231280619176,0.08042147581622093,0.0008110643927592461,0.0001047572718002595,2.46817357105739e-11,0.4192211142111794,-0.0002513194474299998,-0.02317600660007445,0,0,/home/2/kj405942/Byczuk_Freericks/filling_variantB_freericks/pbs_variantB_T002_typ_21x21_mu20/chunks/T_0p02__Didx_4_4__typ/dmft_solutions/T_0p02/U_1p8__Delta_0p44__w1_0p45__typ,ok,
0.02,2,0.44,typ,0.45,0.55,1.526146591636197,0.54698373656127,-0.003016263438730071,0.2681436568802621,0.2278982970033692,0.849911199298426,196,True,0.001994631218742966,0.07586080553545234,0.004522612246362303,0.004944841063252315,0.0004222288168900125,2.980862261111063,0.07586080553545234,0.0008003826356132091,9.889682126504631e-05,2.393774896620633e-11,0.4091076636879141,-0.0002632689836769386,-0.0169763184949743,0,0,/home/2/kj405942/Byczuk_Freericks/filling_variantB_freericks/pbs_variantB_T002_typ_21x21_mu20/chunks/T_0p02__Didx_4_4__typ/dmft_solutions/T_0p02/U_2__Delta_0p44__w1_0p45__typ,ok,
0.02,2,0.44,typ,0.5,0.5,1.50087233601497,0.5038218193266543,0.003821819326654263,0.2876746126207952,0.2492380386093397,0.8663887172340731,141,True,0.001944345397782649,0.09503875871717433,0.00577238117724446,0.006186273278798604,0.0004138921015541432,3.036856360057521,0.09503875871717433,0.0008869700285189848,0.0001237254655759721,2.541244144586326e-11,0.3438341538224178,-0.0002766987241342089,-0.01222524505740436,0,0,/home/2/kj405942/Byczuk_Freericks/filling_variantB_freericks/pbs_variantB_T002_typ_21x21_mu20/chunks/T_0p02__Didx_4_4__typ/dmft_solutions/T_0p02/U_2__Delta_0p44__w1_0p5__typ,ok,
0.02,2,0.44,typ,0.4,0.6,1.581991738536543,0.6029932150205444,0.002993215020544393,0.2718437644834992,0.2308333023937123,0.8491395888086436,137,True,0.001962428507897204,0.07518761342717414,0.004549014106250805,0.004876963504959747,0.0003279493987089416,3.025108723963507,0.07518761342717414,0.0007022497079216495,9.753927009919494e-05,2.220352908714818e-11,0.490567385105917,-0.0002396824525672629,-0.02475611832225346,0,0,/home/2/kj405942/Byczuk_Freericks/filling_variantB_freericks/pbs_variantB_T002_typ_21x21_mu20/chunks/T_0p02__Didx_4_4__typ/dmft_solutions/T_0p02/U_2__Delta_0p44__w1_0p4__typ,ok,
0.02,1.9,0.44,typ,0.5,0.5,1.401899605785804,0.5047255981346909,0.004725598134690867,0.2853840110614727,0.2477217706322908,0.8680296058314586,174,True,0.001974898506048968,0.09322581629423066,0.005643772234523305,0.006072597485003091,0.0004288252504797857,3.026936345996133,0.09322581629423066,0.0008941765376429417,0.0001214519497000618,2.582380638267939e-11,0.3465574284689567,-0.000268073892413796,-0.01398475916883063,0,0,/home/2/kj405942/Byczuk_Freericks/filling_variantB_freericks/pbs_variantB_T002_typ_21x21_mu20/chunks/T_0p02__Didx_4_4__typ/dmft_solutions/T_0p02/U_1p9__Delta_0p44__w1_0p5__typ,ok,
0.02,1.9,0.44,typ,0.45,0.55,1.452805334315886,0.5544875498861438,0.004487549886143749,0.2884049541726117,0.2502268163735151,0.8676231554044428,113,True,0.00197235212856093,0.09184306773964371,0.005620421856677495,0.005965206798706036,0.0003447849420285413,3.059796452253881,0.09184306773964371,0.00079581539048119,0.0001193041359741207,2.407390763064476e-11,0.4155710029165962,-0.0002453807209456848,-0.01903477215136691,0,0,/home/2/kj405942/Byczuk_Freericks/filling_variantB_freericks/pbs_variantB_T002_typ_21x21_mu20/chunks/T_0p02__Didx_4_4__typ/dmft_solutions/T_0p02/U_1p9__Delta_0p44__w1_0p45__typ,ok,
0.02,1.9,0.44,typ,0.4,0.6,1.487962316695677,0.6036399014750149,0.003639901475014917,0.2730948161503681,0.2332168774612842,0.853977679799214,125,True,0.001989749512518934,0.07645418148709862,0.004632552001031189,0.004959471790335921,0.0003269197893047323,3.029626314038112,0.07645418148709862,0.0007070273672670393,9.918943580671842e-05,2.260221637286026e-11,0.4944590963468691,-0.000234703517934988,-0.02966306764729887,0,0,/home/2/kj405942/Byczuk_Freericks/filling_variantB_freericks/pbs_variantB_T002_typ_21x21_mu20/chunks/T_0p02__Didx_4_4__typ/dmft_solutions/T_0p02/U_1p9__Delta_0p44__w1_0p4__typ,ok,
0.02,0,0.5375,typ,0.5,0.5,0.03654585722353026,0.4971549379348539,-0.002845062065146065,0.6076255847533415,0.6054002042140045,0.9963375792672714,69,True,0.001964232560901656,3.181140768540415,0.2090931123252675,0.2090947560852003,1.643759932804212e-06,3.286448597199371,3.181140768540415,-0.0003233892928325467,0.004181895121704007,2.933805316231103e-11,55.1070128618895,0.175217932763622,-0.04580975049551739,4,0,/home/2/kj405942/Byczuk_Freericks/filling_variantB_freericks/pbs_variantB_T002_typ_21x21_mu20/chunks/T_0p02__Didx_5_5__typ/dmft_solutions/T_0p02/U_0__Delta_0p5375__w1_0p5__typ,ok,
0.02,0,0.5375,typ,0.45,0.55,0.1235539600027525,0.5510145970204351,0.001014597020435049,0.6047483650661104,0.6012269083210989,0.9941769883997512,71,True,0.001964858192812531,3.118273448079724,0.204919934702602,0.2049328055375407,1.287083493872057e-05,3.285791610559275,3.118273448079724,-0.0008959328417245255,0.004098656110750815,2.808711861458923e-11,36.19079656276053,0.1658147558361148,-0.04446889770068763,4,0,/home/2/kj405942/Byczuk_Freericks/filling_variantB_freericks/pbs_variantB_T002_typ_21x21_mu20/chunks/T_0p02__Didx_5_5__typ/dmft_solutions/T_0p02/U_0__Delta_0p5375__w1_0p45__typ,ok,
0.02,0,0.5375,typ,0.4,0.6,0.2004616359988714,0.59889819510422,-0.001101804895779934,0.5993531215901081,0.5934650816762007,0.990176008596925,52,True,0.001896999711254335,2.994001806479051,0.1966277110456914,0.1966679505333787,4.023948768735744e-05,3.283693927976045,2.994001806479051,-0.001552269943197637,0.003933359010667574,2.703729177373449e-11,38.2568902170181,0.1563660055743136,-0.04400887838088002,4,0,/home/2/kj405942/Byczuk_Freericks/filling_variantB_freericks/pbs_variantB_T002_typ_21x21_mu20/chunks/T_0p02__Didx_5_5__typ/dmft_solutions/T_0p02/U_0__Delta_0p5375__w1_0p4__typ,ok,
0.02,0.1,0.5375,typ,0.5,0.5,0.08718714670156197,0.4964749561604654,-0.003525043839534558,0.6052331569810353,0.6031531327718952,0.9965632679155989,58,True,0.001929951526843694,2.957836283747855,0.1943373875184987,0.1943396790116905,2.291493191806887e-06,3.285127520179294,2.957836283747855,-0.0003681809801357912,0.00388679358023381,2.933581789718506e-11,64.80697758583079,0.1728078655146121,-0.04972247859138396,4,0,/home/2/kj405942/Byczuk_Freericks/filling_variantB_freericks/pbs_variantB_T002_typ_21x21_mu20/chunks/T_0p02__Didx_5_5__typ/dmft_solutions/T_0p02/U_0p1__Delta_0p5375__w1_0p5__typ,ok,
0.02,0.1,0.5375,typ,0.45,0.55,0.1712954216263922,0.5515288344787856,0.001528834478785601,0.6022068260388018,0.5988181549592262,0.9943729115429235,47,True,0.001928968685705973,2.896736296103846,0.1902865036386077,0.1903013997294306,1.489609082288886e-05,3.284498210875218,2.896736296103846,-0.0009289784384658405,0.003806027994588613,2.805543554223314e-11,68.93408604313015,0.1622218652276998,-0.04829979213351338,4,0,/home/2/kj405942/Byczuk_Freericks/filling_variantB_freericks/pbs_variantB_T002_typ_21x21_mu20/chunks/T_0p02__Didx_5_5__typ/dmft_solutions/T_0p02/U_0p1__Delta_0p5375__w1_0p45__typ,ok,
0.02,0.1,0.5375,typ,0.4,0.6,0.242225282606056,0.5992140723377267,-0.0007859276622732558,0.5968392267915199,0.5911707460714928,0.9905024997259317,53,True,0.001826422470758494,2.791653377403603,0.1832798083086758,0.1833205154774985,4.070716882275185e-05,3.282639058849356,2.791653377403603,-0.00150758286889029,0.003666410309549971,2.701981478278664e-11,79.62196134690301,0.152714962328335,-0.04752843699268355,4,0,/home/2/kj405942/Byczuk_Freericks/filling_variantB_freericks/pbs_variantB_T002_typ_21x21_mu20/chunks/T_0p02__Didx_5_5__typ/dmft_solutions/T_0p02/U_0p1__Delta_0p5375__w1_0p4__typ,ok,
0.02,0.3,0.5375,typ,0.5,0.5,0.1812094242998028,0.5000284197612838,2.841976128376e-05,0.5860834867458975,0.5850273014758255,0.9981978928020371,31,True,0.001930209725849745,1.867732808528326,0.1225151755164316,0.1225156630669782,4.875505466351583e-07,3.279783247288113,1.867732808528326,-0.0001349528919116893,0.002450313261339564,2.948561937110616e-11,51.02679975388212,0.1517525979648786,-0.08020158013570389,4,0,/home/2/kj405942/Byczuk_Freericks/filling_variantB_freericks/pbs_variantB_T002_typ_21x21_mu20/chunks/T_0p02__Didx_5_5__typ/dmft_solutions/T_0p02/U_0p3__Delta_0p5375__w1_0p5__typ,ok,
0.02,0.3,0.5375,typ,0.45,0.55,0.2536462877105221,0.5493746600240668,-0.0006253399759332812,0.5833447582854506,0.5814278472865486,0.9967139312187596,47,True,0.001996676294323813,1.840703766372933,0.12073984624683,0.1207505702904669,1.072404363685509e-05,3.279719649966961,1.840703766372933,-0.0006283277411209352,0.002415011405809338,2.821756131862402e-11,11.29419873113001,0.1455232212799555,-0.07880374439008853,4,0,/home/2/kj405942/Byczuk_Freericks/filling_variantB_freericks/pbs_variantB_T002_typ_21x21_mu20/chunks/T_0p02__Didx_5_5__typ/dmft_solutions/T_0p02/U_0p3__Delta_0p5375__w1_0p45__typ,ok,
0.02,0.3,0.5375,typ,0.4,0.6,0.3345108837481389,0.5986746453872058,-0.00132535461279415,0.5763525402306057,0.572233413259231,0.9928531121425673,99,True,0.001970390755870045,1.76600195276625,0.1158140608519082,0.115855196519908,4.113566799985868e-05,3.278990169588941,1.76600195276625,-0.001205368574470851,0.00231710393039816,2.690349214521664e-11,22.69408701037192,0.1257848709897557,-0.07754414384576491,4,0,/home/2/kj405942/Byczuk_Freericks/filling_variantB_freericks/pbs_variantB_T002_typ_21x21_mu20/chunks/T_0p02__Didx_5_5__typ/dmft_solutions/T_0p02/U_0p3__Delta_0p5375__w1_0p4__typ,ok,
0.02,0.2,0.5375,typ,0.5,0.5,0.1355258453667025,0.4992426299175282,-0.0007573700824718421,0.598094078988622,0.5964437043619811,0.9972406103243295,126,True,0.001943323997092652,2.438920244218855,0.1600876937799078,0.1600891193380753,1.425558167503953e-06,3.281937860809,2.438920244218855,-0.0002636976554327673,0.003201782386761507,2.938425491596035e-11,63.51264072399503,0.1649242687314984,-0.06100981328441923,4,0,/home/2/kj405942/Byczuk_Freericks/filling_variantB_freericks/pbs_variantB_T002_typ_21x21_mu20/chunks/T_0p02__Didx_5_5__typ/dmft_solutions/T_0p02/U_0p2__Delta_0p5375__w1_0p5__typ,ok,
0.02,0.2,0.5375,typ,0.45,0.55,0.2217682680844939,0.5515628929650819,0.00156289296508183,0.5946586477478798,0.5917001765020937,0.9950249252121524,86,True,0.001970263072217385,2.378664756048821,0.1561261995954914,0.1561448900145923,1.86904191008688e-05,3.281803356241574,2.378664756048821,-0.000942955366823036,0.003122897800291845,2.799875466580702e-11,52.22035158007531,0.1535024943027932,-0.06005330249728041,4,0,/home/2/kj405942/Byczuk_Freericks/filling_variantB_freericks/pbs_variantB_T002_typ_21x21_mu20/chunks/T_0p02__Didx_5_5__typ/dmft_solutions/T_0p02/U_0p2__Delta_0p5375__w1_0p45__typ,ok,
0.02,0.4,0.5375,typ,0.5,0.5,0.2364968206805316,0.5015021954689254,0.001502195468925382,0.5687874301128578,0.5682895176049109,0.9991246070472265,23,True,0.001912169147575913,1.378826706354475,0.09045208676928637,0.09045243078964663,3.440203602542389e-07,3.28003825108797,1.378826706354475,-9.740066326758071e-05,0.001809048615792932,2.945606227759338e-11,38.99047427263565,0.1316842032280706,-0.108284931822727,4,0,/home/2/kj405942/Byczuk_Freericks/filling_variantB_freericks/pbs_variantB_T002_typ_21x21_mu20/chunks/T_0p02__Didx_5_5__typ/dmft_solutions/T_0p02/U_0p4__Delta_0p5375__w1_0p5__typ,ok,
0.02,0.2,0.5375,typ,0.4,0.6,0.2930910896320845,0.6019309605193318,0.001930960519331837,0.5886271774326552,0.5833696360089451,0.9910681300060908,28,True,0.001941635004696613,2.294781957784656,0.1505531908716751,0.1505987965239627,4.560565228759887e-05,3.280337601595417,2.294781957784656,-0.001446755183454218,0.003011975930479254,2.689299961564669e-11,25.90696894223322,0.1408051152377879,-0.05859300091009301,4,0,/home/2/kj405942/Byczuk_Freericks/filling_variantB_freericks/pbs_variantB_T002_typ_21x21_mu20/chunks/T_0p02__Didx_5_5__typ/dmft_solutions/T_0p02/U_0p2__Delta_0p5375__w1_0p4__typ,ok,
0.02,0.4,0.5375,typ,0.45,0.55,0.3019905197485079,0.5517814523111506,0.001781452311150566,0.565883615518887,0.5647155097427244,0.9979357844190426,83,True,0.0019897421889754,1.358768695606229,0.089127428950868,0.08913688035634972,9.451405481717162e-06,3.279713068128306,1.358768695606229,-0.0005067992481848881,0.001782737607126994,2.821847717607962e-11,38.05907607879297,0.1273241729356291,-0.107371300692683,4,0,/home/2/kj405942/Byczuk_Freericks/filling_variantB_freericks/pbs_variantB_T002_typ_21x21_mu20/chunks/T_0p02__Didx_5_5__typ/dmft_solutions/T_0p02/U_0p4__Delta_0p5375__w1_0p45__typ,ok,
0.02,0.4,0.5375,typ,0.4,0.6,0.3640015245150245,0.5977977293860536,-0.0022022706139464,0.5601329310387968,0.5574989202680474,0.9952975255965321,75,True,0.001960509807801372,1.319427775065413,0.08652311649661867,0.08655615945071539,3.304295409671311e-05,3.278812153712967,1.319427775065413,-0.0009337857506453474,0.001731123189014308,2.709039346802732e-11,20.75292146250842,0.1117275236484976,-0.1065334879246553,4,0,/home/2/kj405942/Byczuk_Freericks/filling_variantB_freericks/pbs_variantB_T002_typ_21x21_mu20/chunks/T_0p02__Didx_5_5__typ/dmft_solutions/T_0p02/U_0p4__Delta_0p5375__w1_0p4__typ,ok,
0.02,0.6000000000000001,0.5375,typ,0.5,0.5,0.3308586935194832,0.5002586163042372,0.0002586163042371803,0.5169239282018454,0.516881793378679,0.9999184893156079,29,True,0.001907311628090736,0.7213644048937783,0.04748559192173644,0.04748559494921509,3.027478644302911e-09,3.291373375203393,0.7213644048937783,6.608956544835488e-06,0.0009497118989843017,2.96843682536986e-11,67.97369576421323,0.06771487948108662,-0.197839669344732,4,0,/home/2/kj405942/Byczuk_Freericks/filling_variantB_freericks/pbs_variantB_T002_typ_21x21_mu20/chunks/T_0p02__Didx_5_5__typ/dmft_solutions/T_0p02/U_0p6__Delta_0p5375__w1_0p5__typ,ok,
0.02,0.5,0.5375,typ,0.5,0.5,0.2924666270322512,0.503078399628942,0.003078399628941964,0.5458928359186257,0.545788687859707,0.9998092151937781,172,True,0.001963420637007542,1.001897833081496,0.06578818474107812,0.06578841545568216,2.30714604041382e-07,3.283178312639727,1.001897833081496,-6.799300873609228e-05,0.001315768309113643,2.943211673302988e-11,59.40922626689485,0.1035576677370154,-0.1470993917500943,4,0,/home/2/kj405942/Byczuk_Freericks/filling_variantB_freericks/pbs_variantB_T002_typ_21x21_mu20/chunks/T_0p02__Didx_5_5__typ/dmft_solutions/T_0p02/U_0p5__Delta_0p5375__w1_0p5__typ,ok,
0.02,0.6000000000000001,0.5375,typ,0.4,0.6,0.4612805203057347,0.598883730334192,-0.001116269665808023,0.5063206043549843,0.5053679543447477,0.9981184846082846,76,True,0.00199949708608458,0.6867081221971165,0.0452071194876231,0.04522618501275242,1.906552512931794e-05,3.291581825403734,0.6867081221971165,-0.0005117118517340763,0.0009045237002550485,2.69788121884787e-11,49.5612802886704,0.06250385120800933,-0.1962724388399985,4,0,/home/2/kj405942/Byczuk_Freericks/filling_variantB_freericks/pbs_variantB_T002_typ_21x21_mu20/chunks/T_0p02__Didx_5_5__typ/dmft_solutions/T_0p02/U_0p6__Delta_0p5375__w1_0p4__typ,ok,
0.02,0.6000000000000001,0.5375,typ,0.45,0.55,0.3940076159291931,0.54895302604568,-0.001046973954320074,0.5137008176754666,0.5134366731100258,0.9994858007689456,65,True,0.001946913989502681,0.7100544692171633,0.04674334212623124,0.04674790867550721,4.566549275969701e-06,3.291532139623449,0.7100544692171633,-0.0002546565813915944,0.0009349581735101442,2.832256006598861e-11,59.76369536976715,0.06924232069697506,-0.1983162578367221,4,0,/home/2/kj405942/Byczuk_Freericks/filling_variantB_freericks/pbs_variantB_T002_typ_21x21_mu20/chunks/T_0p02__Didx_5_5__typ/dmft_solutions/T_0p02/U_0p6__Delta_0p5375__w1_0p45__typ,ok,
0.02,0.5,0.5375,typ,0.45,0.55,0.3610688083466772,0.5536205414130176,0.003620541413017597,0.5420589072028964,0.5414442942831216,0.9988661510555258,48,True,0.001888210479578596,0.9811120973235787,0.06441922155321332,0.06442797395324137,8.752400028049014e-06,3.28296948579808,0.9811120973235787,-0.0004144173149889883,0.001288559479064828,2.808076994007858e-11,33.23953982175816,0.09977500639231579,-0.1471665281262334,4,0,/home/2/kj405942/Byczuk_Freericks/filling_variantB_freericks/pbs_variantB_T002_typ_21x21_mu20/chunks/T_0p02__Didx_5_5__typ/dmft_solutions/T_0p02/U_0p5__Delta_0p5375__w1_0p45__typ,ok,
0.02,0.5,0.5375,typ,0.4,0.6,0.41344284233345,0.6003570669615921,0.0003570669615921007,0.5362847696479586,0.5346051667923192,0.9968680765319106,47,True,0.001965497106440727,0.9566410263281119,0.06280157603456761,0.06282884276603172,2.726673146410896e-05,3.282400310366144,0.9566410263281119,-0.000722280748358119,0.001256576855320634,2.70192396084883e-11,54.40342089962488,0.08924169909499829,-0.1455520217991049,4,0,/home/2/kj405942/Byczuk_Freericks/filling_variantB_freericks/pbs_variantB_T002_typ_21x21_mu20/chunks/T_0p02__Didx_5_5__typ/dmft_solutions/T_0p02/U_0p5__Delta_0p5375__w1_0p4__typ,ok,
0.02,0.7000000000000001,0.5375,typ,0.5,0.5,0.3935977802447472,0.5014746023647065,0.001474602364706534,0.4804042421593169,0.4799289969319301,0.9990107389034478,88,True,0.001978213263445936,0.5110786470926664,0.03382015090632376,0.03382085258574002,7.016794162679486e-07,3.308703180881635,0.5110786470926664,8.468923978392946e-05,0.0006764170517148005,2.958089297219169e-11,42.52542424650474,0.0288493505772654,-0.2591249051610522,4,0,/home/2/kj405942/Byczuk_Freericks/filling_variantB_freericks/pbs_variantB_T002_typ_21x21_mu20/chunks/T_0p02__Didx_5_5__typ/dmft_solutions/T_0p02/U_0p7__Delta_0p5375__w1_0p5__typ,ok,
0.02,0.7000000000000001,0.5375,typ,0.45,0.55,0.4571794019257079,0.5546659386405967,0.004665938640596612,0.4762237779267382,0.4757994796290252,0.9991090358831721,29,True,0.001966457783056683,0.500574406517694,0.03313080178716636,0.03313192229079549,1.120503629133532e-06,3.309278436511043,0.500574406517694,-0.0001059146296933941,0.0006626384458159099,2.814917232661176e-11,8.622115085735997,0.03399886535266611,-0.260748316402011,3,0,/home/2/kj405942/Byczuk_Freericks/filling_variantB_freericks/pbs_variantB_T002_typ_21x21_mu20/chunks/T_0p02__Didx_5_5__typ/dmft_solutions/T_0p02/U_0p7__Delta_0p5375__w1_0p45__typ,ok,
0.02,0.7000000000000001,0.5375,typ,0.4,0.6,0.5101777429609688,0.6029578462156248,0.002957846215624782,0.4687488219153616,0.4680560203071107,0.998522019521201,77,True,0.0019852266288362,0.4827445015798681,0.0319638240137568,0.03197414021884207,1.031620508526399e-05,3.310635740971617,0.4827445015798681,-0.0003155975691313691,0.0006394828043768414,2.69413154643826e-11,23.06994946752839,0.02724415193843022,-0.2608002009791621,3,0,/home/2/kj405942/Byczuk_Freericks/filling_variantB_freericks/pbs_variantB_T002_typ_21x21_mu20/chunks/T_0p02__Didx_5_5__typ/dmft_solutions/T_0p02/U_0p7__Delta_0p5375__w1_0p4__typ,ok,
0.02,0.8,0.5375,typ,0.5,0.5,0.4478453176767354,0.5039654636151634,0.003965463615163367,0.4350374725941619,0.433487392017816,0.9964369033152417,100,True,0.001898859033619233,0.3514965459693878,0.02351464786199833,0.02352029957021539,5.651708217065159e-06,3.344932991752106,0.3514965459693878,0.000199326662397443,0.0004704059914043078,2.962290584844713e-11,3.170603078944561,0.000965003203888943,-0.3325832215618469,2,0,/home/2/kj405942/Byczuk_Freericks/filling_variantB_freericks/pbs_variantB_T002_typ_21x21_mu20/chunks/T_0p02__Didx_5_5__typ/dmft_solutions/T_0p02/U_0p8__Delta_0p5375__w1_0p5__typ,ok,
0.02,0.8,0.5375,typ,0.45,0.55,0.4992022978783529,0.5476911145266735,-0.002308885473326527,0.4306389258164167,0.4293589017783956,0.9970276164989164,89,True,0.001985673403624406,0.3429295910502604,0.02296216719749801,0.02296232885243617,1.616549381653973e-07,3.347941938631454,0.3429295910502604,3.329752598506827e-05,0.0004592465770487235,2.828979968831286e-11,4.128705819094916,0.001169555411103993,-0.3417236616076869,2,0,/home/2/kj405942/Byczuk_Freericks/filling_variantB_freericks/pbs_variantB_T002_typ_21x21_mu20/chunks/T_0p02__Didx_5_5__typ/dmft_solutions/T_0p02/U_0p8__Delta_0p5375__w1_0p45__typ,ok,
0.02,0.9,0.5375,typ,0.5,0.5,0.4999999999999999,0.498504247354236,-0.001495752645764015,0.3784710913297098,0.3749902013295893,0.9908027585729446,84,True,0.001939864179005007,0.2285865797325987,0.01563946742230241,0.01566946801238372,3.000059008130831e-05,3.420906739275226,0.2285865797325987,0.0003703439557126858,0.0003133893602476744,2.970464723813272e-11,0.8501549252754089,0.0009270785995227735,-0.4132643720849234,1,0,/home/2/kj405942/Byczuk_Freericks/filling_variantB_freericks/pbs_variantB_T002_typ_21x21_mu20/chunks/T_0p02__Didx_5_5__typ/dmft_solutions/T_0p02/U_0p9__Delta_0p5375__w1_0p5__typ,ok,
0.02,0.8,0.5375,typ,0.4,0.6,0.5608271398076278,0.5994180751165308,-0.0005819248834691981,0.4224604617166475,0.4212987886446889,0.9972502206070644,114,True,0.001995192218748291,0.3292331756318989,0.02205801007712172,0.02205927163009756,1.261552975838651e-06,3.349906951932422,0.3292331756318989,-9.114220673905491e-05,0.0004411854326019512,2.688655078111915e-11,4.512141227831753,0.009525175341748696,-0.342032917165128,2,0,/home/2/kj405942/Byczuk_Freericks/filling_variantB_freericks/pbs_variantB_T002_typ_21x21_mu20/chunks/T_0p02__Didx_5_5__typ/dmft_solutions/T_0p02/U_0p8__Delta_0p5375__w1_0p4__typ,ok,
0.02,0.9,0.5375,typ,0.4,0.6,0.6210417896405209,0.6047260979041905,0.00472609790419054,0.3679134987474331,0.3647966700781233,0.9915283655535307,47,True,0.001966415877017427,0.2144244569150293,0.01461398358353874,0.01462634609582339,1.236251228465246e-05,3.407723119319796,0.2144244569150293,0.000230253120836265,0.0002925269219164678,2.671731536696395e-11,10.17353385088359,0.007029009554101462,-0.4290549951785861,2,0,/home/2/kj405942/Byczuk_Freericks/filling_variantB_freericks/pbs_variantB_T002_typ_21x21_mu20/chunks/T_0p02__Didx_5_5__typ/dmft_solutions/T_0p02/U_0p9__Delta_0p5375__w1_0p4__typ,ok,
0.02,0.9,0.5375,typ,0.45,0.55,0.5585128960405241,0.5524458229872484,0.002445822987248381,0.3749319966187665,0.3716954337004588,0.9913676001315015,52,True,0.001906838705726089,0.2233931895785159,0.0152671466114415,0.01528553145995173,1.838484851022834e-05,3.417102070176487,0.2233931895785159,0.0002866025104083262,0.0003057106291990347,2.819526399967632e-11,0.9675536454735627,0.0006486857955156828,-0.4254147970660782,1,0,/home/2/kj405942/Byczuk_Freericks/filling_variantB_freericks/pbs_variantB_T002_typ_21x21_mu20/chunks/T_0p02__Didx_5_5__typ/dmft_solutions/T_0p02/U_0p9__Delta_0p5375__w1_0p45__typ,ok,
0.02,1,0.5375,typ,0.5,0.5,0.5656999834448948,0.4997131448316444,-0.000286855168355582,0.3194402004494316,0.311223080475671,0.974276500070437,108,True,0.001926361088084364,0.1429354463183527,0.009851043394881451,0.01003630823541666,0.000185264840535207,3.445976365072081,0.1429354463183527,0.0007277487570446032,0.0002007261647083332,2.95947468495488e-11,0.499361419042485,-0.000138263538907917,-0.4816760120930896,0,0,/home/2/kj405942/Byczuk_Freericks/filling_variantB_freericks/pbs_variantB_T002_typ_21x21_mu20/chunks/T_0p02__Didx_5_5__typ/dmft_solutions/T_0p02/U_1__Delta_0p5375__w1_0p5__typ,ok,
0.02,1,0.5375,typ,0.45,0.55,0.6217661088473945,0.5459131291248839,-0.004086870875116166,0.31911347866575,0.3107322334795645,0.9737358471311569,138,True,0.001986587271825206,0.1409851375503494,0.009615590423577335,0.009773826929750193,0.0001582365061728582,3.41014329263727,0.1409851375503494,0.0006679669990091893,0.0001954765385950039,2.805606199411072e-11,0.7092236569338543,0.0001966446053598024,-0.5050579414126257,1,0,/home/2/kj405942/Byczuk_Freericks/filling_variantB_freericks/pbs_variantB_T002_typ_21x21_mu20/chunks/T_0p02__Didx_5_5__typ/dmft_solutions/T_0p02/U_1__Delta_0p5375__w1_0p45__typ,ok,
0.02,1.1,0.5375,typ,0.5,0.5,0.6705743541110616,0.5021668276034416,0.002166827603441557,0.3170302421956036,0.2970134456379059,0.9368615548501915,71,True,0.001997058985940094,0.1272240984233798,0.007900973141112317,0.00828571475181648,0.0003847416107041627,3.105140157810058,0.1272240984233798,0.0009894281636156923,0.0001657142950363296,2.891665130982791e-11,0.4246053297530519,-0.0002482522699336612,-0.4986457748739256,0,0,/home/2/kj405942/Byczuk_Freericks/filling_variantB_freericks/pbs_variantB_T002_typ_21x21_mu20/chunks/T_0p02__Didx_5_5__typ/dmft_solutions/T_0p02/U_1p1__Delta_0p5375__w1_0p5__typ,ok,
0.02,1,0.5375,typ,0.4,0.6,0.6908796680814877,0.5987194722975997,-0.00128052770240028,0.3218627749312086,0.3125613478470671,0.9711012648600652,131,True,0.001976440188620629,0.1420139622539519,0.009439767973850025,0.009581890678217662,0.0001421227043676367,3.323535173594292,0.1420139622539519,0.0006353488549371144,0.0001916378135643532,2.643423227298292e-11,1.380242508611063,0.0003302631162340457,-0.5114946480222213,1,0,/home/2/kj405942/Byczuk_Freericks/filling_variantB_freericks/pbs_variantB_T002_typ_21x21_mu20/chunks/T_0p02__Didx_5_5__typ/dmft_solutions/T_0p02/U_1__Delta_0p5375__w1_0p4__typ,ok,
0.02,1.1,0.5375,typ,0.45,0.55,0.7344705561636814,0.5527911562218912,0.002791156221891189,0.3217006078259241,0.3018764070750317,0.9383768626212248,44,True,0.001994278163858572,0.1301546664533341,0.008145541928769592,0.008430725722946989,0.000285183794177397,3.129177827707819,0.1301546664533341,0.0008616031755867127,0.0001686145144589398,2.724675654272652e-11,0.4648679484062274,0.0002028777073831414,-0.5264492451778549,1,0,/home/2/kj405942/Byczuk_Freericks/filling_variantB_freericks/pbs_variantB_T002_typ_21x21_mu20/chunks/T_0p02__Didx_5_5__typ/dmft_solutions/T_0p02/U_1p1__Delta_0p5375__w1_0p45__typ,ok,
0.02,1.4,0.5375,typ,0.5,0.5,0.9527162930825228,0.4972994169109283,-0.002700583089071729,0.3220103712149195,0.2822840956123064,0.8766304468619164,156,True,0.001997166635393419,0.118060135970641,0.007372559928833353,0.007680193308440776,0.0003076333796074235,3.122374825430808,0.118060135970641,0.0008522820967914349,0.0001536038661688155,2.750928281512568e-11,0.3362628638971756,-0.0003174155036446958,-0.04980667899834684,0,0,/home/2/kj405942/Byczuk_Freericks/filling_variantB_freericks/pbs_variantB_T002_typ_21x21_mu20/chunks/T_0p02__Didx_5_5__typ/dmft_solutions/T_0p02/U_1p4__Delta_0p5375__w1_0p5__typ,ok,
0.02,1.1,0.5375,typ,0.4,0.6,0.7879450724678289,0.5987184173447735,-0.001281582655226488,0.3148316806096714,0.2955795100274489,0.9388493224540152,137,True,0.001983920999796895,0.1228436038079892,0.007704888211105887,0.007932053649585928,0.0002271654384800412,3.136055916736626,0.1228436038079892,0.0007470718991303358,0.0001586410729917186,2.581423943360218e-11,0.5141295828994873,0.0002422566020833959,-0.5568914797048968,1,0,/home/2/kj405942/Byczuk_Freericks/filling_variantB_freericks/pbs_variantB_T002_typ_21x21_mu20/chunks/T_0p02__Didx_5_5__typ/dmft_solutions/T_0p02/U_1p1__Delta_0p5375__w1_0p4__typ,ok,
0.02,1.4,0.5375,typ,0.45,0.55,0.9928852733777291,0.5484986599993807,-0.0015013400006193,0.309833742206622,0.2700241584443865,0.8715130783409403,180,True,0.001986209464841932,0.1037869344834096,0.006460727935143599,0.006737677334035149,0.000276949398891549,3.112495791161626,0.1037869344834096,0.000758204841952053,0.000134753546680703,2.605750952692191e-11,0.3982672289161074,-0.00030308095308777,-0.08331755856179476,0,0,/home/2/kj405942/Byczuk_Freericks/filling_variantB_freericks/pbs_variantB_T002_typ_21x21_mu20/chunks/T_0p02__Didx_5_5__typ/dmft_solutions/T_0p02/U_1p4__Delta_0p5375__w1_0p45__typ,ok,
0.02,1.4,0.5375,typ,0.4,0.6,1.056114638637773,0.6044085522055563,0.00440855220555636,0.3079478965209038,0.2699376674190935,0.8765692848327991,249,True,0.001974420215401675,0.1012209317969019,0.00635026345357453,0.006558678910649772,0.0002084154570752415,3.136833133642866,0.1012209317969019,0.0006495537970951006,0.0001311735782129954,2.440357665018858e-11,0.4737440038504871,-3.697173955111762e-05,-0.1559508042509115,0,0,/home/2/kj405942/Byczuk_Freericks/filling_variantB_freericks/pbs_variantB_T002_typ_21x21_mu20/chunks/T_0p02__Didx_5_5__typ/dmft_solutions/T_0p02/U_1p4__Delta_0p5375__w1_0p4__typ,ok,
0.02,1.5,0.5375,typ,0.5,0.5,1.024909574529892,0.5006024787297106,0.0006024787297106426,0.3038607272613895,0.2587766567775198,0.8516291628398325,210,True,0.001986464530795133,0.0982226043009117,0.006024945840933253,0.006393961360330255,0.0003690155193970027,3.066985386823698,0.0982226043009117,0.0008514184088052971,0.0001278792272066051,2.73817219432245e-11,0.3286037285866984,-0.0003139282087795451,-0.03549154170476189,0,0,/home/2/kj405942/Byczuk_Freericks/filling_variantB_freericks/pbs_variantB_T002_typ_21x21_mu20/chunks/T_0p02__Didx_5_5__typ/dmft_solutions/T_0p02/U_1p5__Delta_0p5375__w1_0p5__typ,ok,
0.02,1.5,0.5375,typ,0.45,0.55,1.076612695625938,0.554471824991565,0.004471824991564954,0.3019070166015722,0.2571453805239639,0.8517370129999982,241,True,0.001970697656233736,0.0938284461231096,0.005790131847203268,0.006092507002951292,0.0003023751557480245,3.085488509319553,0.0938284461231096,0.0007532780497275942,0.0001218501400590259,2.573153437601112e-11,0.3925457922496983,-0.0002905380979442743,-0.05598910191775208,0,0,/home/2/kj405942/Byczuk_Freericks/filling_variantB_freericks/pbs_variantB_T002_typ_21x21_mu20/chunks/T_0p02__Didx_5_5__typ/dmft_solutions/T_0p02/U_1p5__Delta_0p5375__w1_0p45__typ,ok,
0.02,1.5,0.5375,typ,0.4,0.6,1.127530658545071,0.6030405417179385,0.00304054171793855,0.2947965436046466,0.2503694145645114,0.8492956243757164,151,True,0.001990667242539349,0.08623044531687096,0.005335242779500184,0.005585749190757821,0.0002505064112576371,3.093595747937269,0.08623044531687096,0.000657286534130698,0.0001117149838151564,2.418582642539428e-11,0.4660493815318584,-0.0002876242749222729,-0.1063345413237712,0,0,/home/2/kj405942/Byczuk_Freericks/filling_variantB_freericks/pbs_variantB_T002_typ_21x21_mu20/chunks/T_0p02__Didx_5_5__typ/dmft_solutions/T_0p02/U_1p5__Delta_0p5375__w1_0p4__typ,ok,
0.02,1.6,0.5375,typ,0.5,0.5,1.092746380146246,0.5014028338626105,0.001402833862610531,0.2789859566138847,0.2295215409001717,0.8226992630235809,207,True,0.001987523479173037,0.07670662906957773,0.004549778745879647,0.005024489518999468,0.0004747107731198211,2.965701140218736,0.07670662906957773,0.0008533869367295774,0.0001004897903799894,2.732703384705236e-11,0.3238895208283186,-0.0003083475672491091,-0.02799876308295789,0,0,/home/2/kj405942/Byczuk_Freericks/filling_variantB_freericks/pbs_variantB_T002_typ_21x21_mu20/chunks/T_0p02__Didx_5_5__typ/dmft_solutions/T_0p02/U_1p6__Delta_0p5375__w1_0p5__typ,ok,
0.02,1.6,0.5375,typ,0.45,0.55,1.13361257119751,0.5454930236468796,-0.004506976353120473,0.2715241392627423,0.2208334833337976,0.8133106836593504,208,True,0.001942091103061999,0.06840327143119897,0.004043983465346151,0.004471295786544121,0.0004273123211979701,2.955986885374079,0.06840327143119897,0.0007645856484763552,8.942591573088242e-05,2.575370350696241e-11,0.3867907804346832,-0.0003048943574742017,-0.04323595022831919,0,0,/home/2/kj405942/Byczuk_Freericks/filling_variantB_freericks/pbs_variantB_T002_typ_21x21_mu20/chunks/T_0p02__Didx_5_5__typ/dmft_solutions/T_0p02/U_1p6__Delta_0p5375__w1_0p45__typ,ok,
0.02,1.6,0.5375,typ,0.4,0.6,1.19732395374935,0.6025274778527915,0.002527477852791504,0.2785590198264988,0.2280198085146373,0.8185691084663494,130,True,0.001942954122758979,0.07098534595314848,0.004291965868981854,0.00460420098029033,0.0003122351113084761,3.02313513539444,0.07098534595314848,0.0006657945237827057,9.20840196058066e-05,2.399817163520786e-11,0.4588922590609589,-0.0002889660976525786,-0.08201563502780429,0,0,/home/2/kj405942/Byczuk_Freericks/filling_variantB_freericks/pbs_variantB_T002_typ_21x21_mu20/chunks/T_0p02__Didx_5_5__typ/dmft_solutions/T_0p02/U_1p6__Delta_0p5375__w1_0p4__typ,ok,
0.02,1.7,0.5375,typ,0.5,0.5,1.192255632354868,0.5014969958476572,0.001496995847657168,0.283868707233547,0.2317930714233694,0.8165502766483751,78,True,0.001996102111594879,0.07896298435607552,0.004713599923115029,0.005161160195755237,0.0004475602726402076,2.984689574205765,0.07896298435607552,0.0008407222467246791,0.0001032232039151047,2.685072503484129e-11,0.3194239397972096,-0.0003194544703999111,-0.02194324357267277,0,0,/home/2/kj405942/Byczuk_Freericks/filling_variantB_freericks/pbs_variantB_T002_typ_21x21_mu20/chunks/T_0p02__Didx_5_5__typ/dmft_solutions/T_0p02/U_1p7__Delta_0p5375__w1_0p5__typ,ok,
0.02,1.7,0.5375,typ,0.45,0.55,1.249224683376685,0.5505409304904473,0.0005409304904472334,0.2897274079513596,0.2374719710658517,0.819639304217015,118,True,0.001946150823185427,0.08016123859441358,0.004869173827302637,0.00521233762031924,0.0003431637930166032,3.037112395392783,0.08016123859441358,0.0007417335733127885,0.0001042467524063848,2.505361776789401e-11,0.38224753901719,-0.0003110050176878345,-0.03227944869265217,0,0,/home/2/kj405942/Byczuk_Freericks/filling_variantB_freericks/pbs_variantB_T002_typ_21x21_mu20/chunks/T_0p02__Didx_5_5__typ/dmft_solutions/T_0p02/U_1p7__Delta_0p5375__w1_0p45__typ,ok,
0.02,1.7,0.5375,typ,0.4,0.6,1.274816244716343,0.5993684223967254,-0.0006315776032745912,0.2667084414159521,0.2116505130225446,0.7935651076467412,121,True,0.001976205885870574,0.06115001536485202,0.003624571862891152,0.003984390093646997,0.0003598182307558455,2.963672078629185,0.06115001536485202,0.0006633685301440492,7.968780187293994e-05,2.373176909110603e-11,0.4535037790758218,-0.0002980409989254747,-0.05682352468481697,0,0,/home/2/kj405942/Byczuk_Freericks/filling_variantB_freericks/pbs_variantB_T002_typ_21x21_mu20/chunks/T_0p02__Didx_5_5__typ/dmft_solutions/T_0p02/U_1p7__Delta_0p5375__w1_0p4__typ,ok,
0.02,1.3,0.5375,typ,0.5,0.5,0.868063849720752,0.4971970867857773,-0.002802913214222713,0.3286881850303208,0.2941511839476667,0.8949247260607555,204,True,0.001967613410017909,0.1282849329900733,0.008046953049967305,0.008341763632890048,0.0002948105829227425,3.136359376899693,0.1282849329900733,0.0008697097892401634,0.000166835272657801,2.782323388186975e-11,0.346785855972443,-0.0003096321313257172,-0.09218440691478749,0,0,/home/2/kj405942/Byczuk_Freericks/filling_variantB_freericks/pbs_variantB_T002_typ_21x21_mu20/chunks/T_0p02__Didx_5_5__typ/dmft_solutions/T_0p02/U_1p3__Delta_0p5375__w1_0p5__typ,ok,
0.02,1.3,0.5375,typ,0.4,0.6,1.049038262328361,0.6326243965434526,0.03262439654345262,0.3429577477066212,0.3176148334293253,0.9261048498050694,228,True,0.001969949719201689,0.1464048576427153,0.009397935014122078,0.009511535705971734,0.0001136006918496567,3.209570763374768,0.1464048576427153,0.0005767441914464844,0.0001902307141194347,2.388141697581969e-11,0.4855230432686555,0.0005500801467343806,-0.5535804277473637,1,0,/home/2/kj405942/Byczuk_Freericks/filling_variantB_freericks/pbs_variantB_T002_typ_21x21_mu20/chunks/T_0p02__Didx_5_5__typ/dmft_solutions/T_0p02/U_1p3__Delta_0p5375__w1_0p4__typ,ok,
0.02,1.3,0.5375,typ,0.45,0.55,0.9278391027617526,0.5492713326686423,-0.0007286673313577907,0.327007296740954,0.2939840805920116,0.8990138248349167,64,True,0.001964902342502387,0.124622342308605,0.007863164011815095,0.008091290026086091,0.0002281260142709969,3.154797071757555,0.124622342308605,0.0007540503728528737,0.0001618258005217218,2.61577586334223e-11,0.4083715967874041,0.0001207026125435331,-0.1578866254949921,1,0,/home/2/kj405942/Byczuk_Freericks/filling_variantB_freericks/pbs_variantB_T002_typ_21x21_mu20/chunks/T_0p02__Didx_5_5__typ/dmft_solutions/T_0p02/U_1p3__Delta_0p5375__w1_0p45__typ,ok,
0.02,1.8,0.5375,typ,0.5,0.5,1.286699946992191,0.4959215677228119,-0.004078432277188071,0.2836467338455952,0.2293981739309494,0.8087460441403272,197,True,0.001991460751211541,0.07790191162595207,0.004646009678916011,0.005090804984740313,0.0004447953058243023,2.981961277936246,0.07790191162595207,0.0008324710758454389,0.0001018160996948063,2.645985320142358e-11,0.3159731095669918,-0.0003380778356498004,-0.01782985069117837,0,0,/home/2/kj405942/Byczuk_Freericks/filling_variantB_freericks/pbs_variantB_T002_typ_21x21_mu20/chunks/T_0p02__Didx_5_5__typ/dmft_solutions/T_0p02/U_1p8__Delta_0p5375__w1_0p5__typ,ok,
0.02,1.8,0.5375,typ,0.4,0.6,1.383612959068481,0.6031785868315466,0.003178586831546593,0.2776941082120079,0.2215397114466391,0.7977832618526524,116,True,0.00195492987699339,0.06753703376266029,0.004074957132183889,0.004384243954120954,0.0003092868219370645,3.016831584952463,0.06753703376266029,0.0006463484282569181,8.768487908241908e-05,2.312706070194987e-11,0.4486589959280506,-0.0003017838574606269,-0.0446018753705003,0,0,/home/2/kj405942/Byczuk_Freericks/filling_variantB_freericks/pbs_variantB_T002_typ_21x21_mu20/chunks/T_0p02__Didx_5_5__typ/dmft_solutions/T_0p02/U_1p8__Delta_0p5375__w1_0p4__typ,ok,
0.02,1.9,0.5375,typ,0.5,0.5,1.392362714052195,0.4996397402263621,-0.0003602597736379054,0.2922330291824372,0.2367329643453694,0.810082847266317,107,True,0.00198433824980634,0.08369274381892547,0.005051385281944543,0.005454647797199673,0.000403262515255129,3.017815554520195,0.08369274381892547,0.0008215856179488907,0.0001090929559439935,2.594158669694813e-11,0.3126797021847375,-0.0003427990258228443,-0.01516873292400432,0,0,/home/2/kj405942/Byczuk_Freericks/filling_variantB_freericks/pbs_variantB_T002_typ_21x21_mu20/chunks/T_0p02__Didx_5_5__typ/dmft_solutions/T_0p02/U_1p9__Delta_0p5375__w1_0p5__typ,ok,
0.02,1.8,0.5375,typ,0.45,0.55,1.335884175309032,0.548549067931984,-0.001450932068016053,0.2834614258906867,0.2282565595523538,0.8052473412744986,172,True,0.001968077520839964,0.07425403732732215,0.00446785706075221,0.004834106762212371,0.0003662497014601607,3.008494367152908,0.07425403732732215,0.0007375028000400184,9.668213524424742e-05,2.473238825019631e-11,0.3764770367565574,-0.0003190992057981524,-0.02610674911828778,0,0,/home/2/kj405942/Byczuk_Freericks/filling_variantB_freericks/pbs_variantB_T002_typ_21x21_mu20/chunks/T_0p02__Didx_5_5__typ/dmft_solutions/T_0p02/U_1p8__Delta_0p5375__w1_0p45__typ,ok,
0.02,1.9,0.5375,typ,0.45,0.55,1.448998235451561,0.5544535092686866,0.004453509268686595,0.2968668842715983,0.2415862118526432,0.8137863286617724,76,True,0.001998550599459043,0.08408771400341181,0.005151137352787293,0.005460540589585437,0.000309403236798144,3.062954804894737,0.08408771400341181,0.0007213461150877882,0.0001092108117917087,2.411314152300098e-11,0.3735246373599739,-0.0003185296877446404,-0.0216477206836048,0,0,/home/2/kj405942/Byczuk_Freericks/filling_variantB_freericks/pbs_variantB_T002_typ_21x21_mu20/chunks/T_0p02__Didx_5_5__typ/dmft_solutions/T_0p02/U_1p9__Delta_0p5375__w1_0p45__typ,ok,
0.02,1.2,0.5375,typ,0.5,0.5,0.7702402238359298,0.4991579996658668,-0.0008420003341332305,0.3245784645097887,0.2958795592185776,0.911580993721949,240,True,0.0019798075202111,0.1282895258074117,0.007996054420877871,0.008325692671246257,0.0003296382503683854,3.116409687600512,0.1282895258074117,0.0009196644478041434,0.0001665138534249252,2.834300966906167e-11,0.3777849589961271,-0.0002868657055234165,-0.3983584886305068,0,0,/home/2/kj405942/Byczuk_Freericks/filling_variantB_freericks/pbs_variantB_T002_typ_21x21_mu20/chunks/T_0p02__Didx_5_5__typ/dmft_solutions/T_0p02/U_1p2__Delta_0p5375__w1_0p5__typ,ok,
0.02,1.9,0.5375,typ,0.4,0.6,1.480037507070682,0.6031798781909835,0.003179878190983532,0.2788670011389199,0.2208952184873529,0.792116735164775,187,True,0.001970566288653873,0.06743951128448503,0.004074485419912517,0.004376913958626281,0.000302428538713764,3.020844414726567,0.06743951128448503,0.0006386804028516485,8.753827917252563e-05,2.26828092696425e-11,0.4444827866272469,-0.0003083316846999252,-0.03351560643803989,0,0,/home/2/kj405942/Byczuk_Freericks/filling_variantB_freericks/pbs_variantB_T002_typ_21x21_mu20/chunks/T_0p02__Didx_5_5__typ/dmft_solutions/T_0p02/U_1p9__Delta_0p5375__w1_0p4__typ,ok,
0.02,1.2,0.5375,typ,0.4,0.6,0.9627498373138415,0.6288905103457463,0.0288905103457463,0.3480374452591163,0.3269471294867933,0.9394021647394261,159,True,0.001987229171729074,0.1569323068368121,0.01008404781797563,0.01019414327907679,0.0001100954611011599,3.212865477234604,0.1569323068368121,0.0005878356008760875,0.0002038828655815359,2.429185221406249e-11,0.5202534312017689,0.0005852662864189009,-0.5245532759517499,1,0,/home/2/kj405942/Byczuk_Freericks/filling_variantB_freericks/pbs_variantB_T002_typ_21x21_mu20/chunks/T_0p02__Didx_5_5__typ/dmft_solutions/T_0p02/U_1p2__Delta_0p5375__w1_0p4__typ,ok,
0.02,1.2,0.5375,typ,0.45,0.55,0.8985896235107047,0.5745847380674719,0.02458473806747186,0.3573770195964079,0.3336506705092782,0.933609751645687,212,True,0.001974227965180265,0.1668435772833897,0.0106983828498577,0.01085048695375262,0.0001521041038949297,3.20611168378574,0.1668435772833897,0.000712426737472906,0.0002170097390750525,2.581707958892105e-11,0.5554647006766631,0.000621607953969792,-0.4980839933444343,1,0,/home/2/kj405942/Byczuk_Freericks/filling_variantB_freericks/pbs_variantB_T002_typ_21x21_mu20/chunks/T_0p02__Didx_5_5__typ/dmft_solutions/T_0p02/U_1p2__Delta_0p5375__w1_0p45__typ,ok,
0.02,2,0.5375,typ,0.5,0.5,1.487725745375627,0.4958549851702097,-0.004145014829790294,0.2916909017434046,0.2347319086728433,0.804728249218184,167,True,0.00198533978702608,0.08275030718256714,0.004988379207513938,0.005391935517259101,0.0004035563097451628,3.014115220447684,0.08275030718256714,0.0008172442547595601,0.000107838710345182,2.557348658166245e-11,0.3101138380483673,-0.0003542970190675396,-0.01317691574538643,0,0,/home/2/kj405942/Byczuk_Freericks/filling_variantB_freericks/pbs_variantB_T002_typ_21x21_mu20/chunks/T_0p02__Didx_5_5__typ/dmft_solutions/T_0p02/U_2__Delta_0p5375__w1_0p5__typ,ok,
0.02,2,0.5375,typ,0.45,0.55,1.514454325258717,0.5452290915948148,-0.004770908405185237,0.2729263021801077,0.2133007843214572,0.7815325332063349,205,True,0.001961817024207851,0.06529787813149764,0.003858364597988531,0.004267570248706018,0.0004092056507174879,2.954433366286811,0.06529787813149764,0.0007310302416626923,8.535140497412038e-05,2.406958220523139e-11,0.3693096005878166,-0.0003365606519695594,-0.01896405994387455,0,0,/home/2/kj405942/Byczuk_Freericks/filling_variantB_freericks/pbs_variantB_T002_typ_21x21_mu20/chunks/T_0p02__Didx_5_5__typ/dmft_solutions/T_0p02/U_2__Delta_0p5375__w1_0p45__typ,ok,
0.02,2,0.5375,typ,0.4,0.6,1.576128963261663,0.6026949899347053,0.002694989934705294,0.2794093118003363,0.2198681817641259,0.7869035586088194,185,True,0.001962030001884481,0.06708088894469086,0.004054220009784417,0.004352831795352181,0.0002986117855677638,3.021889001148434,0.06708088894469086,0.0006329477707559606,8.705663590704362e-05,2.226037164945596e-11,0.4408113963067317,-0.0003151059935944385,-0.02832103637985993,0,0,/home/2/kj405942/Byczuk_Freericks/filling_variantB_freericks/pbs_variantB_T002_typ_21x21_mu20/chunks/T_0p02__Didx_5_5__typ/dmft_solutions/T_0p02/U_2__Delta_0p5375__w1_0p4__typ,ok,
0.02,0.3,0.635,typ,0.5,0.5,0.1820063923490264,0.5003932807364732,0.0003932807364731561,0.5782274600286279,0.576168694043122,0.9964395222852197,31,True,0.001926025702401033,1.574820652973137,0.1032504506323907,0.1032509597681179,5.091357272078556e-07,3.278165371957182,1.574820652973137,-0.0001266331282385007,0.002065019195362358,2.947286930209655e-11,69.3685739296868,0.140225208504717,-0.09538568872009051,4,0,/home/2/kj405942/Byczuk_Freericks/filling_variantB_freericks/pbs_variantB_T002_typ_21x21_mu20/chunks/T_0p02__Didx_6_6__typ/dmft_solutions/T_0p02/U_0p3__Delta_0p635__w1_0p5__typ,ok,
0.02,0.3,0.635,typ,0.45,0.55,0.2545423530796816,0.5495334180052478,-0.0004665819947522465,0.5757713969437568,0.5725443696323873,0.994395297632882,43,True,0.001961465627869591,1.551746499974763,0.1017320511388634,0.1017413758329209,9.32469405756083e-06,3.2779855195587,1.551746499974763,-0.0005379509525441049,0.002034827516658419,2.82042836865921e-11,19.11774031177518,0.1345909415048401,-0.09367051229361939,4,0,/home/2/kj405942/Byczuk_Freericks/filling_variantB_freericks/pbs_variantB_T002_typ_21x21_mu20/chunks/T_0p02__Didx_6_6__typ/dmft_solutions/T_0p02/U_0p3__Delta_0p635__w1_0p45__typ,ok,
0.02,0.3,0.635,typ,0.4,0.6,0.3373937880559603,0.6010406803358145,0.001040680335814503,0.5694069578649494,0.5631554307452015,0.9890209857231308,168,True,0.001985050418727495,1.490641262558356,0.09770122695216436,0.09773521222929664,3.398527713227586e-05,3.277154249188092,1.490641262558356,-0.001006576936084384,0.001954704244585933,2.686504110922588e-11,29.62284448519702,0.113362607313962,-0.09148107662632049,4,0,/home/2/kj405942/Byczuk_Freericks/filling_variantB_freericks/pbs_variantB_T002_typ_21x21_mu20/chunks/T_0p02__Didx_6_6__typ/dmft_solutions/T_0p02/U_0p3__Delta_0p635__w1_0p4__typ,ok,
0.02,0,0.635,typ,0.5,0.5,0.03766604861227865,0.4963780412197902,-0.003621958780209822,0.5977420202900737,0.5936428584308546,0.9931422558226208,68,True,0.001973130499636889,2.27392180071842,0.1492951722506798,0.1492965208374156,1.348586735756271e-06,3.282768391672742,2.27392180071842,-0.0002476522068787547,0.002985930416748312,2.931973355383038e-11,64.88006738904672,0.160873578600821,-0.06501568332399249,4,0,/home/2/kj405942/Byczuk_Freericks/filling_variantB_freericks/pbs_variantB_T002_typ_21x21_mu20/chunks/T_0p02__Didx_6_6__typ/dmft_solutions/T_0p02/U_0__Delta_0p635__w1_0p5__typ,ok,
0.02,0,0.635,typ,0.45,0.55,0.1273519731149952,0.551015632234322,0.001015632234321995,0.5951374709425431,0.5892797595268885,0.9901573809385964,93,True,0.001941103839463623,2.230632110500249,0.1464338467830477,0.146444850138536,1.100335548825581e-05,3.282339703031711,2.230632110500249,-0.0007006345420453169,0.00292889700277072,2.803200017612758e-11,41.76852506234378,0.1499235219887169,-0.06301813275242746,4,0,/home/2/kj405942/Byczuk_Freericks/filling_variantB_freericks/pbs_variantB_T002_typ_21x21_mu20/chunks/T_0p02__Didx_6_6__typ/dmft_solutions/T_0p02/U_0__Delta_0p635__w1_0p45__typ,ok,
0.02,0.1,0.635,typ,0.5,0.5,0.08793071415740444,0.4952572733244329,-0.004742726675567133,0.5955678374655408,0.5917278249286262,0.9935523507225376,57,True,0.001896560755762905,2.170717726422562,0.1424867139582097,0.1424884287061808,1.714747971092301e-06,3.282018482270241,2.170717726422562,-0.0002728455173609118,0.002849768574123615,2.93231749805598e-11,62.65869337523885,0.1588040172864607,-0.06849501320504708,4,0,/home/2/kj405942/Byczuk_Freericks/filling_variantB_freericks/pbs_variantB_T002_typ_21x21_mu20/chunks/T_0p02__Didx_6_6__typ/dmft_solutions/T_0p02/U_0p1__Delta_0p635__w1_0p5__typ,ok,
0.02,0,0.635,typ,0.4,0.6,0.205959902310884,0.5998447401020127,-0.0001552598979872588,0.5902855934253071,0.5812394140192872,0.9846749107435832,59,True,0.001853646648327695,2.146232300187174,0.1408158146527335,0.1408488517863401,3.303713360667709e-05,3.28053525800662,2.146232300187174,-0.001190843090018576,0.002816977035726803,2.696236411417746e-11,26.06943900616226,0.1398730326586693,-0.06203261425758921,4,0,/home/2/kj405942/Byczuk_Freericks/filling_variantB_freericks/pbs_variantB_T002_typ_21x21_mu20/chunks/T_0p02__Didx_6_6__typ/dmft_solutions/T_0p02/U_0__Delta_0p635__w1_0p4__typ,ok,
0.02,0.1,0.635,typ,0.45,0.55,0.1764760653813512,0.5519689645743674,0.001968964574367349,0.592740898016323,0.5870702828978123,0.9904332312187533,54,True,0.001931497289717452,2.125370649529428,0.1394900921236681,0.139502888606836,1.279648316787892e-05,3.281547436315455,2.125370649529428,-0.0007375265383999033,0.00279005777213672,2.798118724337843e-11,58.0840338008326,0.1468690069756212,-0.06645075619223284,4,0,/home/2/kj405942/Byczuk_Freericks/filling_variantB_freericks/pbs_variantB_T002_typ_21x21_mu20/chunks/T_0p02__Didx_6_6__typ/dmft_solutions/T_0p02/U_0p1__Delta_0p635__w1_0p45__typ,ok,
0.02,0.2,0.635,typ,0.5,0.5,0.136194229304595,0.4997217131813667,-0.0002782868186332887,0.5890843705434975,0.5859903650673102,0.9947477719136687,118,True,0.001925435206641151,1.908334209352041,0.1251817895092183,0.1251829097990255,1.120289807269828e-06,3.279870708593614,1.908334209352041,-0.0002067794653054997,0.002503658195980511,2.93732960198891e-11,64.77301181495197,0.1520934347953415,-0.07838838754136856,4,0,/home/2/kj405942/Byczuk_Freericks/filling_variantB_freericks/pbs_variantB_T002_typ_21x21_mu20/chunks/T_0p02__Didx_6_6__typ/dmft_solutions/T_0p02/U_0p2__Delta_0p635__w1_0p5__typ,ok,
0.02,0.1,0.635,typ,0.4,0.6,0.2463000750779946,0.5991899179181204,-0.000810082081879604,0.5880711539623293,0.5794264476555296,0.9852998973873263,36,True,0.001899864225604348,2.053053239872118,0.134679243801524,0.1347122522100371,3.300840851314979e-05,3.279974459159983,2.053053239872118,-0.001164199467797031,0.002694245044200743,2.696393494274959e-11,19.33480291155405,0.1375834670066853,-0.065154474674254,4,0,/home/2/kj405942/Byczuk_Freericks/filling_variantB_freericks/pbs_variantB_T002_typ_21x21_mu20/chunks/T_0p02__Didx_6_6__typ/dmft_solutions/T_0p02/U_0p1__Delta_0p635__w1_0p4__typ,ok,
0.02,0.2,0.635,typ,0.4,0.6,0.2993933964469702,0.6020236095306486,0.002023609530648618,0.5803029797680389,0.5722019010723622,0.9860399153922752,27,True,0.001948256106236305,1.79092043091605,0.1174237532178653,0.1174627889097075,3.903569184219781e-05,3.27830737733567,1.79092043091605,-0.001182453534437062,0.00234925577819415,2.680818818122055e-11,46.21383576345611,0.1250632661225076,-0.07515198151558411,4,0,/home/2/kj405942/Byczuk_Freericks/filling_variantB_freericks/pbs_variantB_T002_typ_21x21_mu20/chunks/T_0p02__Didx_6_6__typ/dmft_solutions/T_0p02/U_0p2__Delta_0p635__w1_0p4__typ,ok,
0.02,0.2,0.635,typ,0.45,0.55,0.2216203332481952,0.5489520648233612,-0.001047935176638815,0.5861083890918313,0.5813113606972431,0.9918154585672778,71,True,0.001951189884242286,1.863688392586792,0.1222466196517695,0.1222614973097935,1.487765802407235e-05,3.279695794050948,1.863688392586792,-0.0007446787034465184,0.002445229946195871,2.799951894043432e-11,56.5600753761619,0.1412848562667985,-0.07715238861298357,4,0,/home/2/kj405942/Byczuk_Freericks/filling_variantB_freericks/pbs_variantB_T002_typ_21x21_mu20/chunks/T_0p02__Didx_6_6__typ/dmft_solutions/T_0p02/U_0p2__Delta_0p635__w1_0p45__typ,ok,
0.02,0.4,0.635,typ,0.5,0.5,0.2391490519212716,0.5014603777971572,0.001460377797157242,0.5626655553648455,0.5616047937093067,0.9981147563673931,20,True,0.001867765697563832,1.24372389616139,0.08153358873818348,0.0815341645698844,5.758317009132261e-07,3.277801005103604,1.24372389616139,-0.000119680879558352,0.001630683291397688,2.941623235183919e-11,44.86676669463677,0.12177108331983,-0.1205323588789257,4,0,/home/2/kj405942/Byczuk_Freericks/filling_variantB_freericks/pbs_variantB_T002_typ_21x21_mu20/chunks/T_0p02__Didx_6_6__typ/dmft_solutions/T_0p02/U_0p4__Delta_0p635__w1_0p5__typ,ok,
0.02,0.4,0.635,typ,0.4,0.6,0.3651110333031455,0.5976680947926628,-0.00233190520733717,0.5548010354685902,0.550749503887478,0.992697325127214,77,True,0.001897526624965586,1.188695446885729,0.07789155600952898,0.07792111774956607,2.956174003709625e-05,3.276346191684236,1.188695446885729,-0.0008383305527548887,0.001558422354991322,2.707548451041261e-11,63.81027194661179,0.1017855241649547,-0.1181937301527641,4,0,/home/2/kj405942/Byczuk_Freericks/filling_variantB_freericks/pbs_variantB_T002_typ_21x21_mu20/chunks/T_0p02__Didx_6_6__typ/dmft_solutions/T_0p02/U_0p4__Delta_0p635__w1_0p4__typ,ok,
0.02,0.4,0.635,typ,0.45,0.55,0.3060693006626008,0.5527144742325819,0.002714474232581865,0.5598527602175927,0.5578008752276663,0.9963349560174913,82,True,0.001996117216058163,1.223883024482127,0.08022221468626634,0.08023165929856953,9.444612303185141e-06,3.277364465456635,1.223883024482127,-0.0004808139072590006,0.00160463318597139,2.816082786543555e-11,29.08697558820543,0.1168166788818003,-0.1193046393657814,4,0,/home/2/kj405942/Byczuk_Freericks/filling_variantB_freericks/pbs_variantB_T002_typ_21x21_mu20/chunks/T_0p02__Didx_6_6__typ/dmft_solutions/T_0p02/U_0p4__Delta_0p635__w1_0p45__typ,ok,
0.02,0.6000000000000001,0.635,typ,0.5,0.5,0.3307532398026931,0.5007672923776971,0.0007672923776971263,0.5167265929796522,0.5166841905892119,0.9999179403750138,28,True,0.001968867213743612,0.7193736617201104,0.04724609702063908,0.04724614008677327,4.306613418673727e-08,3.283835615253683,0.7193736617201104,-2.489202388157412e-05,0.0009449228017354654,2.968656884049419e-11,23.18204433576375,0.0621980626458547,-0.2019922399454459,4,0,/home/2/kj405942/Byczuk_Freericks/filling_variantB_freericks/pbs_variantB_T002_typ_21x21_mu20/chunks/T_0p02__Didx_6_6__typ/dmft_solutions/T_0p02/U_0p6__Delta_0p635__w1_0p5__typ,ok,
0.02,0.6000000000000001,0.635,typ,0.45,0.55,0.3944635632950421,0.5499590069210414,-4.099307895866211e-05,0.5136550173487607,0.5132122647259354,0.9991380350471205,56,True,0.001946517986088613,0.7082393639635896,0.04651424491251791,0.04651965863300469,5.413720486777322e-06,3.283794101206523,0.7082393639635896,-0.0002769191201138638,0.0009303931726600939,2.831687901733809e-11,59.35840208149765,0.06239943375645957,-0.2017598089366202,4,0,/home/2/kj405942/Byczuk_Freericks/filling_variantB_freericks/pbs_variantB_T002_typ_21x21_mu20/chunks/T_0p02__Didx_6_6__typ/dmft_solutions/T_0p02/U_0p6__Delta_0p635__w1_0p45__typ,ok,
0.02,0.6000000000000001,0.635,typ,0.4,0.6,0.4585963057446909,0.5967375091239517,-0.003262490876048241,0.5070188906759445,0.5054426278016011,0.9968911160839747,81,True,0.001998798368431336,0.6858739312492018,0.04504012173559016,0.04506048507751437,2.03633419242067e-05,3.283411111248776,0.6858739312492018,-0.0005285203000628706,0.0009012097015502873,2.701546939815355e-11,63.19389996370541,0.05388993945882659,-0.1996138711359186,4,0,/home/2/kj405942/Byczuk_Freericks/filling_variantB_freericks/pbs_variantB_T002_typ_21x21_mu20/chunks/T_0p02__Didx_6_6__typ/dmft_solutions/T_0p02/U_0p6__Delta_0p635__w1_0p4__typ,ok,
0.02,0.5,0.635,typ,0.5,0.5,0.2831778707923467,0.4971625824285436,-0.002837417571456446,0.5424158741048465,0.5421387741260634,0.9994891374091136,128,True,0.001932879070992708,0.9558175815920227,0.06268561155773729,0.06268594972836895,3.381706316600497e-07,3.279161880100975,0.9558175815920227,-8.040266604021976e-05,0.001253718994567379,2.957148711473623e-11,66.400929853072,0.09470679486237221,-0.1561826089756689,4,0,/home/2/kj405942/Byczuk_Freericks/filling_variantB_freericks/pbs_variantB_T002_typ_21x21_mu20/chunks/T_0p02__Didx_6_6__typ/dmft_solutions/T_0p02/U_0p5__Delta_0p635__w1_0p5__typ,ok,
0.02,0.5,0.635,typ,0.45,0.55,0.3484408290056369,0.5478408423145553,-0.002159157685444724,0.5394980399286367,0.5385308954823923,0.9982073253753205,68,True,0.001965645711977514,0.940154330529267,0.06165220864883698,0.06166024237992872,8.033731091740455e-06,3.278834476789008,0.940154330529267,-0.0003886630179527608,0.001233204847598574,2.825936041089413e-11,50.89699799888916,0.09171652993367646,-0.1556175599861854,4,0,/home/2/kj405942/Byczuk_Freericks/filling_variantB_freericks/pbs_variantB_T002_typ_21x21_mu20/chunks/T_0p02__Didx_6_6__typ/dmft_solutions/T_0p02/U_0p5__Delta_0p635__w1_0p45__typ,ok,
0.02,0.5,0.635,typ,0.4,0.6,0.4248301141948899,0.6031282375819587,0.003128237581958682,0.5321931611310387,0.5293871714376108,0.994727497648665,28,True,0.001973047732327194,0.9043853441566734,0.05929144446224269,0.05931987553599346,2.843107375077488e-05,3.277996754664967,0.9043853441566734,-0.0007171143063534335,0.001186397510719869,2.686767793819964e-11,31.11018592235267,0.07767776338523502,-0.1533380826147611,4,0,/home/2/kj405942/Byczuk_Freericks/filling_variantB_freericks/pbs_variantB_T002_typ_21x21_mu20/chunks/T_0p02__Didx_6_6__typ/dmft_solutions/T_0p02/U_0p5__Delta_0p635__w1_0p4__typ,ok,
0.02,0.8,0.635,typ,0.5,0.5,0.4347787760223282,0.4995619168272272,-0.0004380831727727741,0.4445962512062742,0.4427094681466533,0.9957561876545253,39,True,0.001948996548741978,0.3763716038166739,0.02497756199838654,0.02497830199085011,7.39992463571692e-07,3.318204899771452,0.3763716038166739,7.46340606327606e-05,0.0004995660398170022,2.982137606527826e-11,2.354061802695985,0.001014981524586926,-0.3354708803523109,2,0,/home/2/kj405942/Byczuk_Freericks/filling_variantB_freericks/pbs_variantB_T002_typ_21x21_mu20/chunks/T_0p02__Didx_6_6__typ/dmft_solutions/T_0p02/U_0p8__Delta_0p635__w1_0p5__typ,ok,
0.02,0.8,0.635,typ,0.45,0.55,0.4961501780984665,0.547359368827864,-0.002640631172136088,0.4407607647678399,0.4390411587900858,0.996098550244916,85,True,0.001979718878304257,0.368946898145785,0.02448845945326471,0.0244890856154323,6.261621675932732e-07,3.31869702338416,0.368946898145785,-6.797361097805226e-05,0.0004897817123086461,2.833411577495969e-11,2.900357318839423,0.001262570297139234,-0.3394735595337823,2,0,/home/2/kj405942/Byczuk_Freericks/filling_variantB_freericks/pbs_variantB_T002_typ_21x21_mu20/chunks/T_0p02__Didx_6_6__typ/dmft_solutions/T_0p02/U_0p8__Delta_0p635__w1_0p45__typ,ok,
0.02,0.8,0.635,typ,0.4,0.6,0.5584407355545929,0.5985180346452561,-0.001481965354743875,0.4326439622473499,0.4309014150952528,0.9959723298967459,111,True,0.001982494943810495,0.354619199125044,0.02354667159133411,0.02355264959985628,5.97800852217269e-06,3.319993904649139,0.354619199125044,-0.0002059085522505351,0.0004710529919971256,2.691894013126499e-11,2.551668340234608,0.009053083541169328,-0.3343632349332387,2,0,/home/2/kj405942/Byczuk_Freericks/filling_variantB_freericks/pbs_variantB_T002_typ_21x21_mu20/chunks/T_0p02__Didx_6_6__typ/dmft_solutions/T_0p02/U_0p8__Delta_0p635__w1_0p4__typ,ok,
0.02,0.7000000000000001,0.635,typ,0.5,0.5,0.3953187597058037,0.5020543966463217,0.002054396646321677,0.4845961402048358,0.4840540983416693,0.9988814564991431,91,True,0.001982345036997165,0.5291194088213625,0.03486289473606734,0.03486294192921566,4.719314831789001e-08,3.294425998634789,0.5291194088213625,2.234762212781523e-05,0.0006972588385843132,2.955612427769511e-11,66.35146132638302,0.02494454309544036,-0.2597909484384436,4,0,/home/2/kj405942/Byczuk_Freericks/filling_variantB_freericks/pbs_variantB_T002_typ_21x21_mu20/chunks/T_0p02__Didx_6_6__typ/dmft_solutions/T_0p02/U_0p7__Delta_0p635__w1_0p5__typ,ok,
0.02,0.7000000000000001,0.635,typ,0.45,0.55,0.4589669783051439,0.5546900236110937,0.004690023611093608,0.4803146236763082,0.4797173183202192,0.998756428960007,108,True,0.001985245832796221,0.5176306542574337,0.03410816468550418,0.03411112971479575,2.965029291571146e-06,3.294643043738783,0.5176306542574337,-0.0001752021719093931,0.0006822225942959149,2.812679244008197e-11,11.33567809492813,0.02641883323377964,-0.2613383670415272,3,0,/home/2/kj405942/Byczuk_Freericks/filling_variantB_freericks/pbs_variantB_T002_typ_21x21_mu20/chunks/T_0p02__Didx_6_6__typ/dmft_solutions/T_0p02/U_0p7__Delta_0p635__w1_0p45__typ,ok,
0.02,0.7000000000000001,0.635,typ,0.4,0.6,0.5097804066676823,0.6031536218674753,0.003153621867475365,0.4734350471370496,0.4722336206990423,0.99746232044866,75,True,0.00194284291744786,0.5005659132646122,0.03298702731588404,0.0330012579723816,1.423065649756446e-05,3.294973393288791,0.5005659132646122,-0.0003774488459661347,0.0006600251594476319,2.694756432899734e-11,9.712648071275472,0.01878079041888958,-0.2588145498694584,3,0,/home/2/kj405942/Byczuk_Freericks/filling_variantB_freericks/pbs_variantB_T002_typ_21x21_mu20/chunks/T_0p02__Didx_6_6__typ/dmft_solutions/T_0p02/U_0p7__Delta_0p635__w1_0p4__typ,ok,
0.02,0.9,0.635,typ,0.45,0.55,0.5502190869822357,0.5520098956197235,0.002009895619723423,0.3905498630390744,0.3867240326317695,0.9902039898886815,50,True,0.001911452862467885,0.2486580613213585,0.01676717901356341,0.01676875611247686,1.577098913450546e-06,3.371533366837844,0.2486580613213585,8.856165742923217e-05,0.0003353751222495373,2.831313059860958e-11,0.8553866298299156,0.0005976477583795397,-0.4287540207140396,1,0,/home/2/kj405942/Byczuk_Freericks/filling_variantB_freericks/pbs_variantB_T002_typ_21x21_mu20/chunks/T_0p02__Didx_6_6__typ/dmft_solutions/T_0p02/U_0p9__Delta_0p635__w1_0p45__typ,ok,
0.02,0.9,0.635,typ,0.5,0.5,0.4999999999999999,0.4992490272738832,-0.0007509727261168497,0.3953775622574152,0.3910329842931412,0.9890115717759282,79,True,0.001945801871386027,0.2555177981429339,0.01720412671858372,0.01721370012712452,9.573408540805155e-06,3.366522184290254,0.2555177981429339,0.0002211866302952912,0.0003442740025424904,2.970552933917346e-11,0.8329200584450188,0.001065106438033802,-0.4159880227202076,1,0,/home/2/kj405942/Byczuk_Freericks/filling_variantB_freericks/pbs_variantB_T002_typ_21x21_mu20/chunks/T_0p02__Didx_6_6__typ/dmft_solutions/T_0p02/U_0p9__Delta_0p635__w1_0p5__typ,ok,
0.02,0.9,0.635,typ,0.4,0.6,0.6017459384178511,0.5991833810488818,-0.0008166189511181754,0.3825074591610467,0.3789535688124122,0.9907089645874378,56,True,0.001959453590801342,0.238098349951702,0.01607944839781459,0.0160795897635177,1.413657031016692e-07,3.376640031540809,0.238098349951702,-2.594568967989467e-05,0.0003215917952703539,2.69766351722815e-11,6.659362812756806,0.01344468818188593,-0.423557659280123,2,0,/home/2/kj405942/Byczuk_Freericks/filling_variantB_freericks/pbs_variantB_T002_typ_21x21_mu20/chunks/T_0p02__Didx_6_6__typ/dmft_solutions/T_0p02/U_0p9__Delta_0p635__w1_0p4__typ,ok,
0.02,1,0.635,typ,0.45,0.55,0.6220844885997556,0.5523095402785699,0.002309540278569888,0.3362722520423885,0.3273353663401738,0.9734236600018721,90,True,0.001946676464669074,0.1597322029889392,0.0108952135013634,0.01095210436400312,5.689086263972347e-05,3.410462416936003,0.1597322029889392,0.0004263168497581152,0.0002190420872800624,2.805399950903282e-11,0.8058370844226187,9.374241311818502e-05,-0.5142012079849434,1,0,/home/2/kj405942/Byczuk_Freericks/filling_variantB_freericks/pbs_variantB_T002_typ_21x21_mu20/chunks/T_0p02__Didx_6_6__typ/dmft_solutions/T_0p02/U_1__Delta_0p635__w1_0p45__typ,ok,
0.02,1.1,0.635,typ,0.5,0.5,0.6513235023089574,0.4996977124132201,-0.0003022875867798591,0.3089234525965148,0.2875861293624147,0.930930063565071,147,True,0.001997806916392814,0.117107669105214,0.007497865080276005,0.007796773070394589,0.0002989079901185848,3.201269881624762,0.117107669105214,0.0008367128300643155,0.0001559354614078918,2.920004010021882e-11,0.40878685129152,-0.0002906749485982122,-0.5405732056540753,0,0,/home/2/kj405942/Byczuk_Freericks/filling_variantB_freericks/pbs_variantB_T002_typ_21x21_mu20/chunks/T_0p02__Didx_6_6__typ/dmft_solutions/T_0p02/U_1p1__Delta_0p635__w1_0p5__typ,ok,
0.02,1,0.635,typ,0.4,0.6,0.6790231235311388,0.6003158040992443,0.0003158040992443656,0.3296995524046073,0.3209277677889367,0.9733946116951174,83,True,0.001960881086555074,0.1525728637701087,0.01035597204890273,0.01039999701815643,4.402496925370488e-05,3.393779140341342,0.1525728637701087,0.0003665246413661362,0.0002079999403631286,2.659154853392915e-11,2.567725233568046,9.57696330992912e-05,-0.526829922472591,1,0,/home/2/kj405942/Byczuk_Freericks/filling_variantB_freericks/pbs_variantB_T002_typ_21x21_mu20/chunks/T_0p02__Didx_6_6__typ/dmft_solutions/T_0p02/U_1__Delta_0p635__w1_0p4__typ,ok,
0.02,1,0.635,typ,0.5,0.5,0.561018015904527,0.5031517740998456,0.003151774099845572,0.3369238530684197,0.3281539977673532,0.9739708090679898,86,True,0.001985021936912032,0.1615438425448708,0.01112134646831668,0.01118783832954803,6.649186123135068e-05,3.442206862582083,0.1615438425448708,0.0004634943529596173,0.0002237567665909606,2.966709441287053e-11,0.4828527883841962,-0.0002441596572851775,-0.4979146066530018,0,0,/home/2/kj405942/Byczuk_Freericks/filling_variantB_freericks/pbs_variantB_T002_typ_21x21_mu20/chunks/T_0p02__Didx_6_6__typ/dmft_solutions/T_0p02/U_1__Delta_0p635__w1_0p5__typ,ok,
0.02,1.1,0.635,typ,0.45,0.55,0.7106507786670622,0.5502966128774543,0.0002966128774543053,0.3109635950135489,0.289607800269455,0.931323810611453,122,True,0.001960358013950018,0.1175838784891408,0.007498316487284337,0.007731564767206435,0.0002332482799220987,3.18849683461361,0.1175838784891408,0.0007406245662163949,0.0001546312953441287,2.757464539255332e-11,0.5177290124904722,-0.0002868952156305819,-0.5707963674897327,0,0,/home/2/kj405942/Byczuk_Freericks/filling_variantB_freericks/pbs_variantB_T002_typ_21x21_mu20/chunks/T_0p02__Didx_6_6__typ/dmft_solutions/T_0p02/U_1p1__Delta_0p635__w1_0p45__typ,ok,
0.02,1.1,0.635,typ,0.4,0.6,0.7660923157726223,0.6025425346616744,0.002542534661674423,0.3055822487219327,0.2846447023933817,0.9314831067049211,79,True,0.001930718823624126,0.1123695178819712,0.00715139401482117,0.007335208971833811,0.0001838149570126414,3.182088056270176,0.1123695178819712,0.0006427316407180492,0.0001467041794366762,2.609650304952892e-11,0.6129251428245726,-0.0002275533984543486,-0.597617889054646,0,0,/home/2/kj405942/Byczuk_Freericks/filling_variantB_freericks/pbs_variantB_T002_typ_21x21_mu20/chunks/T_0p02__Didx_6_6__typ/dmft_solutions/T_0p02/U_1p1__Delta_0p635__w1_0p4__typ,ok,
0.02,1.2,0.635,typ,0.45,0.55,0.7893613947531319,0.5464837542480944,-0.003516245751905678,0.3016473213138713,0.2674023969222669,0.8864736333727566,199,True,0.001990028701810312,0.09863515667834395,0.006080754089531792,0.006368908582411907,0.0002881544928801144,3.082447625323672,0.09863515667834395,0.0007539517697147323,0.0001273781716482381,2.725021519707782e-11,0.374260261225794,-0.00032984157833677,-0.6143532679088975,0,0,/home/2/kj405942/Byczuk_Freericks/filling_variantB_freericks/pbs_variantB_T002_typ_21x21_mu20/chunks/T_0p02__Didx_6_6__typ/dmft_solutions/T_0p02/U_1p2__Delta_0p635__w1_0p45__typ,ok,
0.02,1.2,0.635,typ,0.4,0.6,0.8628464636462498,0.6010465272482042,0.001046527248204199,0.3071334472984494,0.2743290694852502,0.893191776728497,193,True,0.001981955907329961,0.1032628061282704,0.006474378461139517,0.006662973551195249,0.0001885950900557325,3.134903409993143,0.1032628061282704,0.0006240970793261063,0.000133259471023905,2.550040102293117e-11,0.4415506011961498,-0.0002925535559849483,-0.6272921590510138,0,0,/home/2/kj405942/Byczuk_Freericks/filling_variantB_freericks/pbs_variantB_T002_typ_21x21_mu20/chunks/T_0p02__Didx_6_6__typ/dmft_solutions/T_0p02/U_1p2__Delta_0p635__w1_0p4__typ,ok,
0.02,1.2,0.635,typ,0.5,0.5,0.7533426998632184,0.4974268942609518,-0.002573105739048176,0.3170655794170724,0.2817832914867209,0.8887224277223081,173,True,0.001967640755080323,0.1131621515630716,0.007022980967413588,0.007332194136784242,0.0003092131693706536,3.103060904378124,0.1131621515630716,0.0008365551689831299,0.0001466438827356849,2.858328779064482e-11,0.3316881841505214,-0.0003443414422882281,-0.5519403149174975,0,0,/home/2/kj405942/Byczuk_Freericks/filling_variantB_freericks/pbs_variantB_T002_typ_21x21_mu20/chunks/T_0p02__Didx_6_6__typ/dmft_solutions/T_0p02/U_1p2__Delta_0p635__w1_0p5__typ,ok,
0.02,1.4,0.635,typ,0.5,0.5,0.9285838839422851,0.495360881253409,-0.004639118746590953,0.3137934614147433,0.2606902379950609,0.8307701403965984,203,True,0.001988522971775511,0.09775322132214162,0.00604697998533681,0.006354676345410258,0.0003076963600734485,3.092982463160596,0.09775322132214162,0.0007756069930870556,0.0001270935269082052,2.783915663015874e-11,0.2967121629696025,-0.000395552809837065,-0.06581887670160375,0,0,/home/2/kj405942/Byczuk_Freericks/filling_variantB_freericks/pbs_variantB_T002_typ_21x21_mu20/chunks/T_0p02__Didx_6_6__typ/dmft_solutions/T_0p02/U_1p4__Delta_0p635__w1_0p5__typ,ok,
0.02,1.4,0.635,typ,0.45,0.55,0.9830200801507307,0.5493194800216872,-0.0006805199783128657,0.3106412184360428,0.2590846929279066,0.8340319234913413,214,True,0.001988867763212382,0.0937468133013188,0.005837314264317939,0.006081559041088485,0.0002442447767705468,3.113340101255378,0.0937468133013188,0.0006767151466862661,0.0001216311808217697,2.618066119716952e-11,0.3544076053715152,-0.0003780060906255205,-0.1127825396834997,0,0,/home/2/kj405942/Byczuk_Freericks/filling_variantB_freericks/pbs_variantB_T002_typ_21x21_mu20/chunks/T_0p02__Didx_6_6__typ/dmft_solutions/T_0p02/U_1p4__Delta_0p635__w1_0p45__typ,ok,
0.02,1.4,0.635,typ,0.4,0.6,1.039894047750827,0.6013029946695717,0.001302994669571733,0.304014200834386,0.2545455908114648,0.8372819102293528,149,True,0.001971527284994005,0.08823354768333232,0.00552242312360878,0.005712497721544587,0.0001900745979358067,3.129435044042771,0.08823354768333232,0.0005791537982325458,0.0001142499544308917,2.459172186011834e-11,0.4187698606044936,-0.0003706071406918035,-0.2425880418135142,0,0,/home/2/kj405942/Byczuk_Freericks/filling_variantB_freericks/pbs_variantB_T002_typ_21x21_mu20/chunks/T_0p02__Didx_6_6__typ/dmft_solutions/T_0p02/U_1p4__Delta_0p635__w1_0p4__typ,ok,
0.02,1.5,0.635,typ,0.5,0.5,1.017044617871881,0.4999016537255746,-9.834627442539823e-05,0.3098546201558291,0.2501716616313455,0.8073839967450914,188,True,0.001966379117106975,0.09015301933823107,0.005540992524197364,0.005865133688524658,0.0003241411643272935,3.073104242581703,0.09015301933823107,0.0007644907410284997,0.0001173026737704932,2.748524245659165e-11,0.290830734344136,-0.0003930607304954664,-0.04262256091245827,0,0,/home/2/kj405942/Byczuk_Freericks/filling_variantB_freericks/pbs_variantB_T002_typ_21x21_mu20/chunks/T_0p02__Didx_6_6__typ/dmft_solutions/T_0p02/U_1p5__Delta_0p635__w1_0p5__typ,ok,
0.02,1.5,0.635,typ,0.45,0.55,1.060976676153617,0.5488647210761286,-0.001135278923871441,0.3013429225522888,0.2418860045351144,0.8026934977812281,230,True,0.001962715418797035,0.08136311573148494,0.005000977647910825,0.005281438361431052,0.0002804607135202273,3.073246152725445,0.08136311573148494,0.0006755613590530634,0.000105628767228621,2.592413192467069e-11,0.3481990593325084,-0.0003817594002910401,-0.06983877301764793,0,0,/home/2/kj405942/Byczuk_Freericks/filling_variantB_freericks/pbs_variantB_T002_typ_21x21_mu20/chunks/T_0p02__Didx_6_6__typ/dmft_solutions/T_0p02/U_1p5__Delta_0p635__w1_0p45__typ,ok,
0.02,1.5,0.635,typ,0.4,0.6,1.123203455358936,0.599880480094886,-0.0001195199051139406,0.2988033123978019,0.241881593035761,0.8095010429929235,140,True,0.001977790171159749,0.07930227181675624,0.004925785129190339,0.005135495717393984,0.0002097105882036449,3.105702406970352,0.07930227181675624,0.0005767239559542725,0.0001027099143478797,2.423032351138852e-11,0.4116874337837832,-0.0003782113018495684,-0.1281983948018583,0,0,/home/2/kj405942/Byczuk_Freericks/filling_variantB_freericks/pbs_variantB_T002_typ_21x21_mu20/chunks/T_0p02__Didx_6_6__typ/dmft_solutions/T_0p02/U_1p5__Delta_0p635__w1_0p4__typ,ok,
0.02,1.6,0.635,typ,0.5,0.5,1.090585475428897,0.5029559623725833,0.002955962372583332,0.2929576601767852,0.2264184298184277,0.7728708294631912,203,True,0.001961968690674303,0.07349684445478624,0.004401045969194285,0.004800911578969016,0.0003998656097747313,2.994037364353594,0.07349684445478624,0.0007666662966953964,9.601823157938031e-05,2.735130227250178e-11,0.2874697887203119,-0.0003904796783770318,-0.03251179984754168,0,0,/home/2/kj405942/Byczuk_Freericks/filling_variantB_freericks/pbs_variantB_T002_typ_21x21_mu20/chunks/T_0p02__Didx_6_6__typ/dmft_solutions/T_0p02/U_1p6__Delta_0p635__w1_0p5__typ,ok,
0.02,1.6,0.635,typ,0.45,0.55,1.142572286387048,0.54921671011149,-0.0007832898885100636,0.2922460814366351,0.2258905513252017,0.7729463820858089,159,True,0.001997329151803814,0.07075056371216627,0.004279571211680475,0.004601586650595014,0.0003220154389145382,3.024407854254707,0.07075056371216627,0.0006750225748406377,9.203173301190028e-05,2.563484221500629e-11,0.3431108175963896,-0.0003876101820223295,-0.0516108830456025,0,0,/home/2/kj405942/Byczuk_Freericks/filling_variantB_freericks/pbs_variantB_T002_typ_21x21_mu20/chunks/T_0p02__Didx_6_6__typ/dmft_solutions/T_0p02/U_1p6__Delta_0p635__w1_0p45__typ,ok,
0.02,1.7,0.635,typ,0.5,0.5,1.188115467008192,0.500822097367692,0.0008220973676920096,0.2962664055103956,0.2258602143703397,0.7623551309546451,198,True,0.001995646554342046,0.07371100765718849,0.004424762235794353,0.004811716163432572,0.0003869539276382182,3.001425686902029,0.07371100765718849,0.0007552848988708812,9.623432326865145e-05,2.690037896548205e-11,0.2833480050607461,-0.0004088240172983059,-0.02487731580526439,0,0,/home/2/kj405942/Byczuk_Freericks/filling_variantB_freericks/pbs_variantB_T002_typ_21x21_mu20/chunks/T_0p02__Didx_6_6__typ/dmft_solutions/T_0p02/U_1p7__Delta_0p635__w1_0p5__typ,ok,
0.02,1.6,0.635,typ,0.4,0.6,1.191386006044429,0.6043126746919436,0.00431267469194363,0.2844656595921815,0.218108793814957,0.7667315419641314,96,True,0.001985798237961544,0.06393008902822972,0.003874646798476919,0.004145203478263894,0.0002705566797869744,3.030378071870028,0.06393008902822972,0.0005881617571036647,8.290406956527787e-05,2.406162101168972e-11,0.407121525656015,-0.0003735802660451968,-0.145083492558935,0,0,/home/2/kj405942/Byczuk_Freericks/filling_variantB_freericks/pbs_variantB_T002_typ_21x21_mu20/chunks/T_0p02__Didx_6_6__typ/dmft_solutions/T_0p02/U_1p6__Delta_0p635__w1_0p4__typ,ok,
0.02,1.7,0.635,typ,0.45,0.55,1.252987965392167,0.5546353278383298,0.004635327838329761,0.3033415894797059,0.2350810706165465,0.7749714472709118,150,True,0.001997718409503407,0.0773749356635384,0.004748177452186281,0.005025527466620358,0.0002773500144340775,3.068291696443877,0.0773749356635384,0.0006551326510427975,0.0001005105493324072,2.500170621120176e-11,0.3386250352989733,-0.0003970721995014935,-0.0383967161032404,0,0,/home/2/kj405942/Byczuk_Freericks/filling_variantB_freericks/pbs_variantB_T002_typ_21x21_mu20/chunks/T_0p02__Didx_6_6__typ/dmft_solutions/T_0p02/U_1p7__Delta_0p635__w1_0p45__typ,ok,
0.02,1.7,0.635,typ,0.4,0.6,1.264736485775263,0.5977236594054246,-0.002276340594575377,0.2727066211503096,0.1988375128567243,0.7291260916878494,203,True,0.001967672187203285,0.05312768566760027,0.003141208878218059,0.003465515952708473,0.0003243070744904144,2.956282434239097,0.05312768566760027,0.000587021027107305,6.931031905416946e-05,2.384182182664187e-11,0.4013012503695644,-0.0003892186765920194,-0.06558331176240492,0,0,/home/2/kj405942/Byczuk_Freericks/filling_variantB_freericks/pbs_variantB_T002_typ_21x21_mu20/chunks/T_0p02__Didx_6_6__typ/dmft_solutions/T_0p02/U_1p7__Delta_0p635__w1_0p4__typ,ok,
0.02,1.8,0.635,typ,0.5,0.5,1.288996458771463,0.5002670197964647,0.000267019796464707,0.3012620288325852,0.2281821590913902,0.7574209068949529,99,True,0.001986554942035633,0.07581448796597368,0.004577313496703511,0.004943308502455303,0.0003659950057517918,3.01875909177007,0.07581448796597368,0.0007449526690894621,9.886617004910606e-05,2.642433219452824e-11,0.2799101265493311,-0.000422975659968542,-0.02014874774684196,0,0,/home/2/kj405942/Byczuk_Freericks/filling_variantB_freericks/pbs_variantB_T002_typ_21x21_mu20/chunks/T_0p02__Didx_6_6__typ/dmft_solutions/T_0p02/U_1p8__Delta_0p635__w1_0p5__typ,ok,
0.02,1.8,0.635,typ,0.45,0.55,1.344655767057051,0.55179601378855,0.001796013788549988,0.3020091849365873,0.2300223860234188,0.7616403655793333,124,True,0.001993785375838754,0.07434243043436728,0.004546530300316516,0.004830083001859305,0.0002835527015427885,3.057830012922695,0.07434243043436728,0.0006493072768562148,9.66016600371861e-05,2.462048770846202e-11,0.3339556394699228,-0.0004100226912978047,-0.03040202908965098,0,0,/home/2/kj405942/Byczuk_Freericks/filling_variantB_freericks/pbs_variantB_T002_typ_21x21_mu20/chunks/T_0p02__Didx_6_6__typ/dmft_solutions/T_0p02/U_1p8__Delta_0p635__w1_0p45__typ,ok,
0.02,1.8,0.635,typ,0.4,0.6,1.373438241831265,0.6017447960178728,0.001744796017872807,0.2826185191212821,0.2072116290031152,0.7331848940663118,88,True,0.001986554234729938,0.05805930517545983,0.003492023925299481,0.00377398738769724,0.0002819634623977584,3.007290489221588,0.05805930517545983,0.0005721993133809363,7.54797477539448e-05,2.323404753378105e-11,0.3971765579257564,-0.0003979013719555907,-0.05282310814997641,0,0,/home/2/kj405942/Byczuk_Freericks/filling_variantB_freericks/pbs_variantB_T002_typ_21x21_mu20/chunks/T_0p02__Didx_6_6__typ/dmft_solutions/T_0p02/U_1p8__Delta_0p635__w1_0p4__typ,ok,
0.02,1.3,0.635,typ,0.5,0.5,0.8568113416658135,0.4974588398684281,-0.002541160131571851,0.3268652192483556,0.2825063562092462,0.8642900485370851,171,True,0.001981528585712339,0.1154889973964468,0.007236845386629367,0.007501994585250131,0.0002651491986207642,3.133131964851579,0.1154889973964468,0.0007825830960247405,0.0001500398917050026,2.797683057733674e-11,0.3079252186255996,-0.0003803237043729587,-0.1470947557516085,0,0,/home/2/kj405942/Byczuk_Freericks/filling_variantB_freericks/pbs_variantB_T002_typ_21x21_mu20/chunks/T_0p02__Didx_6_6__typ/dmft_solutions/T_0p02/U_1p3__Delta_0p635__w1_0p5__typ,ok,
0.02,1.3,0.635,typ,0.45,0.55,0.8949668522138884,0.5478808379514678,-0.002119162048532242,0.3126865863883143,0.2689442613519734,0.8601080860500396,245,True,0.001988932780152307,0.1009780779539652,0.006302950448106822,0.006542798255780406,0.0002398478076735839,3.120949901116294,0.1009780779539652,0.0006959794626330693,0.0001308559651156081,2.658536675724147e-11,0.3624672665394026,-0.0003664496019706975,-0.2747450356906204,0,0,/home/2/kj405942/Byczuk_Freericks/filling_variantB_freericks/pbs_variantB_T002_typ_21x21_mu20/chunks/T_0p02__Didx_6_6__typ/dmft_solutions/T_0p02/U_1p3__Delta_0p635__w1_0p45__typ,ok,
0.02,1.3,0.635,typ,0.4,0.6,1.021269286373813,0.6210211566850659,0.02102115668506588,0.332142565955323,0.2977604870550303,0.8964839727741566,244,True,0.001996728991261183,0.1250688595996036,0.008010203616210023,0.008118964425448452,0.0001087608092384294,3.202317364152016,0.1250688595996036,0.000521585858331692,0.000162379288508969,2.419811184941953e-11,0.4286874876201502,0.0002654394624987983,-0.6143967401453414,1,0,/home/2/kj405942/Byczuk_Freericks/filling_variantB_freericks/pbs_variantB_T002_typ_21x21_mu20/chunks/T_0p02__Didx_6_6__typ/dmft_solutions/T_0p02/U_1p3__Delta_0p635__w1_0p4__typ,ok,
0.02,2,0.635,typ,0.45,0.55,1.517184366606504,0.5460257296755557,-0.003974270324444307,0.2909140115799913,0.2108535390225688,0.7247967805929876,128,True,0.001986159129760762,0.0627527140396303,0.003755548743052061,0.00409035650483398,0.0003348077617819187,2.992339694407731,0.0627527140396303,0.0006482298316700553,8.18071300966796e-05,2.40314772042166e-11,0.3278461638544931,-0.0004329348038030446,-0.02196054542866243,0,0,/home/2/kj405942/Byczuk_Freericks/filling_variantB_freericks/pbs_variantB_T002_typ_21x21_mu20/chunks/T_0p02__Didx_6_6__typ/dmft_solutions/T_0p02/U_2__Delta_0p635__w1_0p45__typ,ok,
0.02,2,0.635,typ,0.5,0.5,1.466924741601879,0.495551333729559,-0.004448666270441048,0.2904551343964218,0.2110037881610017,0.7264591435075733,238,True,0.001984329681571642,0.06530313740924669,0.003858838213795001,0.004278728345400355,0.0004198901316053538,2.954558055620007,0.06530313740924669,0.000740542273756348,8.55745669080071e-05,2.583384178582599e-11,0.2742312064479358,-0.000444108068652847,-0.01499698378060384,0,0,/home/2/kj405942/Byczuk_Freericks/filling_variantB_freericks/pbs_variantB_T002_typ_21x21_mu20/chunks/T_0p02__Didx_6_6__typ/dmft_solutions/T_0p02/U_2__Delta_0p635__w1_0p5__typ,ok,
0.02,2,0.635,typ,0.4,0.6,1.56494068453542,0.5997890546645952,-0.0002109453354047774,0.2844193241944094,0.2037156482738134,0.7162510805157789,130,True,0.001958983895470466,0.05653220548255172,0.003397290709395656,0.003675336547667558,0.0002780458382719018,3.004739228194632,0.05653220548255172,0.0005606878715070533,7.350673095335116e-05,2.237300941169898e-11,0.3897658685524997,-0.0004187178879587812,-0.03463720511997628,0,0,/home/2/kj405942/Byczuk_Freericks/filling_variantB_freericks/pbs_variantB_T002_typ_21x21_mu20/chunks/T_0p02__Didx_6_6__typ/dmft_solutions/T_0p02/U_2__Delta_0p635__w1_0p4__typ,ok,
0.02,1.9,0.635,typ,0.5,0.5,1.389214007200045,0.4996742694865421,-0.0003257305134578559,0.3049298788126812,0.229786534707145,0.7535717247580817,194,True,0.001998180486616864,0.07738439988511396,0.004689401731793223,0.005040708653877437,0.0003513069220842133,3.029939974177728,0.07738439988511396,0.0007373693150785885,0.0001008141730775487,2.597633845212363e-11,0.2770330988092528,-0.0004341668590095975,-0.01697044567582866,0,0,/home/2/kj405942/Byczuk_Freericks/filling_variantB_freericks/pbs_variantB_T002_typ_21x21_mu20/chunks/T_0p02__Didx_6_6__typ/dmft_solutions/T_0p02/U_1p9__Delta_0p635__w1_0p5__typ,ok,
0.02,1.9,0.635,typ,0.45,0.55,1.445500871595622,0.5535779872603704,0.003577987260370397,0.3055055858266189,0.2318263482825098,0.7588285093224985,64,True,0.001974293959348738,0.07592918910748607,0.004661398497537363,0.004931215220028218,0.0002698167224908541,3.069569524138236,0.07592918910748607,0.0006401088180359672,9.862430440056436e-05,2.41473417559991e-11,0.3304106105639943,-0.0004178859372729624,-0.02527735394327383,0,0,/home/2/kj405942/Byczuk_Freericks/filling_variantB_freericks/pbs_variantB_T002_typ_21x21_mu20/chunks/T_0p02__Didx_6_6__typ/dmft_solutions/T_0p02/U_1p9__Delta_0p635__w1_0p45__typ,ok,
0.02,1.9,0.635,typ,0.4,0.6,1.470855730493952,0.6016770986093526,0.001677098609352612,0.2846960265581687,0.2067660422201136,0.7262695047760613,129,True,0.001957315858408609,0.05804951607610825,0.003498141064261565,0.003772717855241947,0.0002745767909803817,3.013066516932872,0.05804951607610825,0.0005646069401298904,7.545435710483894e-05,2.277638785823331e-11,0.3933239710341128,-0.0004070519896546441,-0.04073900603960347,0,0,/home/2/kj405942/Byczuk_Freericks/filling_variantB_freericks/pbs_variantB_T002_typ_21x21_mu20/chunks/T_0p02__Didx_6_6__typ/dmft_solutions/T_0p02/U_1p9__Delta_0p635__w1_0p4__typ,ok,
0.02,0.2,0.7325,typ,0.45,0.55,0.2205106315229927,0.5458332435787304,-0.004166756421269624,0.5766311759242588,0.569299690193509,0.9872856584297606,68,True,0.001956394305074881,1.479538977044731,0.09700421619263455,0.09701587577376156,1.165958112700375e-05,3.278190628894185,1.479538977044731,-0.0005873807067552899,0.001940317515475231,2.801366631074352e-11,41.90501456696638,0.1270713863811115,-0.09739315428987805,4,0,/home/2/kj405942/Byczuk_Freericks/filling_variantB_freericks/pbs_variantB_T002_typ_21x21_mu20/chunks/T_0p02__Didx_7_7__typ/dmft_solutions/T_0p02/U_0p2__Delta_0p7325__w1_0p45__typ,ok,
0.02,0.2,0.7325,typ,0.5,0.5,0.1369099056517176,0.5005705393024633,0.0005705393024633132,0.5791004040718627,0.5738257430915148,0.990891629597804,108,True,0.001990644341919083,1.512668673634623,0.09918324640021275,0.09918413841143439,8.920112216343465e-07,3.278419396426594,1.512668673634623,-0.0001642752222032785,0.001983682768228688,2.936145652778619e-11,68.25973709258949,0.1367989781968107,-0.0989817981041819,4,0,/home/2/kj405942/Byczuk_Freericks/filling_variantB_freericks/pbs_variantB_T002_typ_21x21_mu20/chunks/T_0p02__Didx_7_7__typ/dmft_solutions/T_0p02/U_0p2__Delta_0p7325__w1_0p5__typ,ok,
0.02,0.2,0.7325,typ,0.4,0.6,0.3121236107262304,0.6033137416069462,0.003313741606946197,0.5706369432782722,0.5584062604539771,0.9785666123296705,69,True,0.001974796660160435,1.407700181480084,0.09225236394918002,0.09228860906760618,3.624511842616209e-05,3.276704981744906,1.407700181480084,-0.00101017087451852,0.001845772181352124,2.663886669520498e-11,82.66405666106115,0.1060588520381187,-0.09481851021298282,4,0,/home/2/kj405942/Byczuk_Freericks/filling_variantB_freericks/pbs_variantB_T002_typ_21x21_mu20/chunks/T_0p02__Didx_7_7__typ/dmft_solutions/T_0p02/U_0p2__Delta_0p7325__w1_0p4__typ,ok,
0.02,0.3,0.7325,typ,0.5,0.5,0.1838576937447931,0.5010484598458786,0.001048459845878646,0.5693177460409083,0.5656709610166026,0.9935944645153505,30,True,0.001867070237024176,1.32190908114286,0.08663971586196928,0.08664025186862417,5.360066548995328e-07,3.27706788227314,1.32190908114286,-0.000119042182831524,0.001732805037372484,2.944432279806254e-11,40.28100584417591,0.126420612280705,-0.1135401555448399,4,0,/home/2/kj405942/Byczuk_Freericks/filling_variantB_freericks/pbs_variantB_T002_typ_21x21_mu20/chunks/T_0p02__Didx_7_7__typ/dmft_solutions/T_0p02/U_0p3__Delta_0p7325__w1_0p5__typ,ok,
0.02,0.3,0.7325,typ,0.4,0.6,0.3323224770250121,0.5993463264738358,-0.0006536735261641891,0.5621703712452569,0.5535012262406392,0.984579149937385,41,True,0.001948094302053149,1.257854658150936,0.08241376107332922,0.08243987524232944,2.611416900023096e-05,3.275965173690202,1.257854658150936,-0.0008105285821077661,0.001648797504846589,2.693200614841584e-11,50.69008323521306,0.10342890535542,-0.1083706173743677,4,0,/home/2/kj405942/Byczuk_Freericks/filling_variantB_freericks/pbs_variantB_T002_typ_21x21_mu20/chunks/T_0p02__Didx_7_7__typ/dmft_solutions/T_0p02/U_0p3__Delta_0p7325__w1_0p4__typ,ok,
0.02,0.3,0.7325,typ,0.45,0.55,0.2558901693910963,0.5499983223583224,-1.67764167768869e-06,0.5671626166692281,0.5620177528351724,0.9909287677240262,39,True,0.001914833544047486,1.30221474268835,0.08534197448663694,0.08535001893405932,8.044447422381594e-06,3.276801117704026,1.30221474268835,-0.0004577247651199705,0.001707000378681186,2.818457095515721e-11,65.26547431961333,0.121260154023639,-0.1114164030814792,4,0,/home/2/kj405942/Byczuk_Freericks/filling_variantB_freericks/pbs_variantB_T002_typ_21x21_mu20/chunks/T_0p02__Didx_7_7__typ/dmft_solutions/T_0p02/U_0p3__Delta_0p7325__w1_0p45__typ,ok,
0.02,0,0.7325,typ,0.5,0.5,0.03909562303424924,0.4953655131825687,-0.004634486817431283,0.5869397130614152,0.5800740961882793,0.9883026881290319,67,True,0.001982138547555193,1.696293886054795,0.1112905959349912,0.1112917398943365,1.143959345322282e-06,3.280404322915664,1.696293886054795,-0.0001970020935607251,0.002225834797886731,2.929659488078003e-11,48.74944800927983,0.1441666800455796,-0.08768057914244154,4,0,/home/2/kj405942/Byczuk_Freericks/filling_variantB_freericks/pbs_variantB_T002_typ_21x21_mu20/chunks/T_0p02__Didx_7_7__typ/dmft_solutions/T_0p02/U_0__Delta_0p7325__w1_0p5__typ,ok,
0.02,0,0.7325,typ,0.45,0.55,0.1242267524721855,0.5474489018050863,-0.002551098194913726,0.5849051672283019,0.5760399882894292,0.984843390970741,40,True,0.001931943039282443,1.666786802777542,0.1093387165763054,0.1093476753671255,8.958790820116502e-06,3.279925074823691,1.666786802777542,-0.0005464868581734564,0.00218695350734251,2.807431228985849e-11,21.94040036225633,0.1324169095280259,-0.08535142653520222,4,0,/home/2/kj405942/Byczuk_Freericks/filling_variantB_freericks/pbs_variantB_T002_typ_21x21_mu20/chunks/T_0p02__Didx_7_7__typ/dmft_solutions/T_0p02/U_0__Delta_0p7325__w1_0p45__typ,ok,
0.02,0,0.7325,typ,0.4,0.6,0.2068191947940043,0.5978743945615244,-0.00212560543847562,0.5807084002585735,0.5678297025533758,0.977822436011838,83,True,0.001868829594889105,1.607133040732568,0.1053813963931235,0.1054075581409596,2.616174783613042e-05,3.278552357591013,1.607133040732568,-0.0009170104617806599,0.002108151162819193,2.694900179872778e-11,33.16127198700839,0.1220464336943671,-0.08328623931576201,4,0,/home/2/kj405942/Byczuk_Freericks/filling_variantB_freericks/pbs_variantB_T002_typ_21x21_mu20/chunks/T_0p02__Didx_7_7__typ/dmft_solutions/T_0p02/U_0__Delta_0p7325__w1_0p4__typ,ok,
0.02,0.1,0.7325,typ,0.5,0.5,0.09889740635632782,0.4988313236568002,-0.001168676343199782,0.5848403930914429,0.5782687162413463,0.9887632986234776,47,True,0.001947705577369003,1.644593131777017,0.1078865868546251,0.1078885267154078,1.939860782716431e-06,3.280038836658991,1.644593131777017,-0.0002525977719560896,0.002157770534308157,2.915909093968375e-11,59.4056033016883,0.1419058950255347,-0.09041611506844499,4,0,/home/2/kj405942/Byczuk_Freericks/filling_variantB_freericks/pbs_variantB_T002_typ_21x21_mu20/chunks/T_0p02__Didx_7_7__typ/dmft_solutions/T_0p02/U_0p1__Delta_0p7325__w1_0p5__typ,ok,
0.02,0.4,0.7325,typ,0.5,0.5,0.2499999999999999,0.503633181850257,0.003633181850256961,0.5552695911027246,0.5531779170421398,0.996233047704934,81,True,0.0019573555520873,1.105424253426456,0.0724347968640939,0.07243604348808995,1.246623996046804e-06,3.276334703149923,1.105424253426456,-0.0001660149631890779,0.001448720869761799,2.925538106851501e-11,45.0247990756746,0.1093528320363939,-0.1355792082129975,4,0,/home/2/kj405942/Byczuk_Freericks/filling_variantB_freericks/pbs_variantB_T002_typ_21x21_mu20/chunks/T_0p02__Didx_7_7__typ/dmft_solutions/T_0p02/U_0p4__Delta_0p7325__w1_0p5__typ,ok,
0.02,0.1,0.7325,typ,0.45,0.55,0.1685009233573296,0.5473214900717279,-0.002678509928272121,0.5829388187023007,0.5745734612878982,0.9856496820146154,71,True,0.001941944637808718,1.619414450945312,0.1062163394030869,0.1062252191390913,8.879736004327042e-06,3.279467443960518,1.619414450945312,-0.0005362830000286527,0.002124504382781825,2.809160838629126e-11,16.67019669643174,0.1301139273826719,-0.08813155661990213,4,0,/home/2/kj405942/Byczuk_Freericks/filling_variantB_freericks/pbs_variantB_T002_typ_21x21_mu20/chunks/T_0p02__Didx_7_7__typ/dmft_solutions/T_0p02/U_0p1__Delta_0p7325__w1_0p45__typ,ok,
0.02,0.4,0.7325,typ,0.45,0.55,0.3133082016800853,0.5539016450323403,0.003901645032340251,0.5526020790778894,0.5491307055093326,0.9937181315453077,64,True,0.001992961041561353,1.086755277993013,0.07120146670704784,0.07121083747276716,9.370765719321988e-06,3.275873977743205,1.086755277993013,-0.0004513032041612193,0.001424216749455343,2.80583779694093e-11,67.60393696621382,0.104368489179797,-0.1335808795248637,4,0,/home/2/kj405942/Byczuk_Freericks/filling_variantB_freericks/pbs_variantB_T002_typ_21x21_mu20/chunks/T_0p02__Didx_7_7__typ/dmft_solutions/T_0p02/U_0p4__Delta_0p7325__w1_0p45__typ,ok,
0.02,0.1,0.7325,typ,0.4,0.6,0.2574851824743006,0.6011375414077006,0.001137541407700615,0.5779364877487793,0.5649637984025659,0.9775534342938867,70,True,0.001985721409798096,1.549984389721278,0.1016160574193812,0.1016460883034761,3.003088409480982e-05,3.277970349032163,1.549984389721278,-0.0009648564821410927,0.002032921766069521,2.681364954722924e-11,31.21745030933311,0.1173005080963586,-0.08600911562307306,4,0,/home/2/kj405942/Byczuk_Freericks/filling_variantB_freericks/pbs_variantB_T002_typ_21x21_mu20/chunks/T_0p02__Didx_7_7__typ/dmft_solutions/T_0p02/U_0p1__Delta_0p7325__w1_0p4__typ,ok,
0.02,0.6000000000000001,0.7325,typ,0.5,0.5,0.3318729519029558,0.501319409175191,0.001319409175191022,0.515085178839232,0.5149908422945614,0.9998168525351803,25,True,0.001940045567870278,0.7067579860048698,0.04634533529421239,0.04634549156618234,1.562719699577183e-07,3.278727387021917,0.7067579860048698,-4.699924738893815e-05,0.0009269098313236468,2.967035852271752e-11,11.81402877748799,0.05557614997948745,-0.207711290150106,4,0,/home/2/kj405942/Byczuk_Freericks/filling_variantB_freericks/pbs_variantB_T002_typ_21x21_mu20/chunks/T_0p02__Didx_7_7__typ/dmft_solutions/T_0p02/U_0p6__Delta_0p7325__w1_0p5__typ,ok,
0.02,0.6000000000000001,0.7325,typ,0.45,0.55,0.3964432063941811,0.5517983056855826,0.001798305685582591,0.512154869832917,0.5114141009816143,0.9985536233375183,47,True,0.001936661292628722,0.6955607374595261,0.04560820795512149,0.04561408190100508,5.873945883583035e-06,3.278520875236678,0.6955607374595261,-0.0002858561222217346,0.0009122816380201016,2.82897993870025e-11,50.604057698198,0.05439059591986406,-0.2067405303540216,4,0,/home/2/kj405942/Byczuk_Freericks/filling_variantB_freericks/pbs_variantB_T002_typ_21x21_mu20/chunks/T_0p02__Didx_7_7__typ/dmft_solutions/T_0p02/U_0p6__Delta_0p7325__w1_0p45__typ,ok,
0.02,0.6000000000000001,0.7325,typ,0.4,0.6,0.4662967741037178,0.5982314812312065,-0.00176851876879347,0.5052273033067967,0.5027197033303688,0.9950366895058615,30,True,0.001983342180847792,0.6688885675496392,0.04384899611821003,0.04387081967798943,2.18235597793906e-05,3.277750453924146,0.6688885675496392,-0.0005403245254413406,0.0008774163935597886,2.691475400208515e-11,49.13604915433536,0.04150938221998007,-0.2052217968335804,4,0,/home/2/kj405942/Byczuk_Freericks/filling_variantB_freericks/pbs_variantB_T002_typ_21x21_mu20/chunks/T_0p02__Didx_7_7__typ/dmft_solutions/T_0p02/U_0p6__Delta_0p7325__w1_0p4__typ,ok,
0.02,0.4,0.7325,typ,0.4,0.6,0.3673024854212056,0.597889813714625,-0.00211018628537496,0.5483630995290092,0.5423642839501949,0.9890605046474376,76,True,0.00192078400918298,1.056096547958884,0.06916900792419685,0.0691949425481687,2.593462397185248e-05,3.274748320022428,1.056096547958884,-0.0007401279193394224,0.001383898850963374,2.704600022142047e-11,64.26131587026065,0.08971346033924915,-0.1322606099954769,4,0,/home/2/kj405942/Byczuk_Freericks/filling_variantB_freericks/pbs_variantB_T002_typ_21x21_mu20/chunks/T_0p02__Didx_7_7__typ/dmft_solutions/T_0p02/U_0p4__Delta_0p7325__w1_0p4__typ,ok,
0.02,0.5,0.7325,typ,0.45,0.55,0.3463741796671584,0.5451363574297974,-0.004863642570202664,0.5350461235967774,0.5334299305460846,0.996979338828159,73,True,0.001949123192038536,0.8832050926700633,0.05786998888765092,0.05787742935078792,7.440463137004955e-06,3.276135371496848,0.8832050926700633,-0.0003625315140626164,0.001157548587015758,2.828860081286743e-11,52.44339439421118,0.08193666117314469,-0.1658636342141528,4,0,/home/2/kj405942/Byczuk_Freericks/filling_variantB_freericks/pbs_variantB_T002_typ_21x21_mu20/chunks/T_0p02__Didx_7_7__typ/dmft_solutions/T_0p02/U_0p5__Delta_0p7325__w1_0p45__typ,ok,
0.02,0.5,0.7325,typ,0.4,0.6,0.4322536427014526,0.6026354764770852,0.002635476477085175,0.5275408204519167,0.523153678756794,0.9916837872539143,64,True,0.001973913301719127,0.8435967254709669,0.055256075324078,0.05528432386548045,2.824854140245222e-05,3.275029030798418,0.8435967254709669,-0.0006903676850264608,0.001105686477309609,2.676932863768683e-11,47.17213949891339,0.0650220728180459,-0.1633404673485733,4,0,/home/2/kj405942/Byczuk_Freericks/filling_variantB_freericks/pbs_variantB_T002_typ_21x21_mu20/chunks/T_0p02__Didx_7_7__typ/dmft_solutions/T_0p02/U_0p5__Delta_0p7325__w1_0p4__typ,ok,
0.02,0.5,0.7325,typ,0.5,0.5,0.2803951599148512,0.4962310590909169,-0.003768940909083141,0.5375955957660674,0.5369285062706685,0.9987591239573896,107,True,0.001875929747812263,0.8973954056705784,0.05880639407662269,0.05880677314427125,3.790676485699309e-07,3.276504075295529,0.8973954056705784,-8.248315782812942e-05,0.001176135462885425,2.961371593986017e-11,38.2704253598659,0.08519002716099044,-0.1669549525457755,4,0,/home/2/kj405942/Byczuk_Freericks/filling_variantB_freericks/pbs_variantB_T002_typ_21x21_mu20/chunks/T_0p02__Didx_7_7__typ/dmft_solutions/T_0p02/U_0p5__Delta_0p7325__w1_0p5__typ,ok,
0.02,0.7000000000000001,0.7325,typ,0.5,0.5,0.3979176322952286,0.5039628713598276,0.003962871359827647,0.4871311738500395,0.4865967398163701,0.9989028950263119,89,True,0.001975199384785169,0.5407589880162196,0.03552360116250133,0.03552366250282574,6.134032440820032e-08,3.284605706954596,0.5407589880162196,-2.57566813668085e-05,0.0007104732500565149,2.951860253659431e-11,65.07393701902174,0.02017073415179277,-0.260820784596424,4,0,/home/2/kj405942/Byczuk_Freericks/filling_variantB_freericks/pbs_variantB_T002_typ_21x21_mu20/chunks/T_0p02__Didx_7_7__typ/dmft_solutions/T_0p02/U_0p7__Delta_0p7325__w1_0p5__typ,ok,
0.02,0.7000000000000001,0.7325,typ,0.45,0.55,0.4521347984201922,0.551319353064429,0.001319353064428985,0.4834808685841576,0.4826576780533132,0.9982973668983945,93,True,0.001948105231170733,0.5301796472653975,0.03482746550436228,0.03483203062030172,4.565115939441082e-06,3.284496649767501,0.5301796472653975,-0.0002200150703246719,0.0006966406124060344,2.822534615131144e-11,55.60111753426445,0.01802339059677766,-0.2624591232408252,3,0,/home/2/kj405942/Byczuk_Freericks/filling_variantB_freericks/pbs_variantB_T002_typ_21x21_mu20/chunks/T_0p02__Didx_7_7__typ/dmft_solutions/T_0p02/U_0p7__Delta_0p7325__w1_0p45__typ,ok,
0.02,0.7000000000000001,0.7325,typ,0.4,0.6,0.5066049587412796,0.6015669388841393,0.00156693888413928,0.4771218108752134,0.4752332754763245,0.9960418170877064,28,True,0.001895169980002797,0.5133532553176103,0.03371818581264611,0.03373454469071135,1.635887806523559e-05,3.284111424576899,0.5133532553176103,-0.000409826385390998,0.000674690893814227,2.699082273208698e-11,7.760857796785151,0.01000372344111411,-0.2582819470899517,3,0,/home/2/kj405942/Byczuk_Freericks/filling_variantB_freericks/pbs_variantB_T002_typ_21x21_mu20/chunks/T_0p02__Didx_7_7__typ/dmft_solutions/T_0p02/U_0p7__Delta_0p7325__w1_0p4__typ,ok,
0.02,0.8,0.7325,typ,0.45,0.55,0.4940048496704282,0.5478357869484523,-0.002164213051547792,0.4492348615416278,0.447116078561104,0.9952835740012411,77,True,0.001966300934444326,0.3927727847276936,0.02590827717410564,0.02591048018251518,2.203008409535175e-06,3.298125300619753,0.3927727847276936,-0.0001315508835235749,0.0005182096036503035,2.836579491549359e-11,2.24924758104261,0.001355271694330632,-0.3344077057950274,2,0,/home/2/kj405942/Byczuk_Freericks/filling_variantB_freericks/pbs_variantB_T002_typ_21x21_mu20/chunks/T_0p02__Didx_7_7__typ/dmft_solutions/T_0p02/U_0p8__Delta_0p7325__w1_0p45__typ,ok,
0.02,0.8,0.7325,typ,0.5,0.5,0.4322579788914846,0.5004777369681133,0.0004777369681132626,0.4529162460827634,0.4507525685348204,0.995222786626321,39,True,0.001977658682226994,0.4002708073749068,0.02640066271145776,0.02640071370903891,5.099758115728522e-08,3.297850133588436,0.4002708073749068,2.020536710084422e-05,0.0005280142741807783,2.986098828337843e-11,2.117278958326215,0.001058381097830387,-0.3322933058157005,2,0,/home/2/kj405942/Byczuk_Freericks/filling_variantB_freericks/pbs_variantB_T002_typ_21x21_mu20/chunks/T_0p02__Didx_7_7__typ/dmft_solutions/T_0p02/U_0p8__Delta_0p7325__w1_0p5__typ,ok,
0.02,0.9,0.7325,typ,0.5,0.5,0.4999999999999999,0.4991514463704126,-0.0008485536295873564,0.4104621580795428,0.4053675351400515,0.9875880812903001,76,True,0.001883968633629603,0.2829844414115107,0.01882813101825991,0.0188302998328174,2.168814557487474e-06,3.326707808448096,0.2829844414115107,0.0001107917664879251,0.0003766059966563479,2.970661222986332e-11,0.809633616787909,0.001190156536722885,-0.413915579828168,1,0,/home/2/kj405942/Byczuk_Freericks/filling_variantB_freericks/pbs_variantB_T002_typ_21x21_mu20/chunks/T_0p02__Didx_7_7__typ/dmft_solutions/T_0p02/U_0p9__Delta_0p7325__w1_0p5__typ,ok,
0.02,0.8,0.7325,typ,0.4,0.6,0.554682974426592,0.5968005110027069,-0.003199488997293054,0.4416759371586377,0.4391768671218189,0.9943418469819848,94,True,0.001980200852632039,0.3784219911561736,0.02496522838361273,0.024975664576522,1.043619290927342e-05,3.29859640388997,0.3784219911561736,-0.000281043943212345,0.00049951329153044,2.696989794333178e-11,1.760639682629688,0.009507025032774875,-0.3269123718576354,2,0,/home/2/kj405942/Byczuk_Freericks/filling_variantB_freericks/pbs_variantB_T002_typ_21x21_mu20/chunks/T_0p02__Didx_7_7__typ/dmft_solutions/T_0p02/U_0p8__Delta_0p7325__w1_0p4__typ,ok,
0.02,0.9,0.7325,typ,0.45,0.55,0.5405095075000845,0.5502692627897584,0.0002692627897583622,0.4060552340899444,0.4013971993726347,0.9885285687112264,132,True,0.001965180977055939,0.2763475659498774,0.01840568476312124,0.01840594106284897,2.562997277296492e-07,3.330169509518961,0.2763475659498774,-3.76371640567418e-05,0.0003681188212569794,2.845477171528297e-11,0.7588997280552459,0.0005353740678917011,-0.4255123995777187,1,0,/home/2/kj405942/Byczuk_Freericks/filling_variantB_freericks/pbs_variantB_T002_typ_21x21_mu20/chunks/T_0p02__Didx_7_7__typ/dmft_solutions/T_0p02/U_0p9__Delta_0p7325__w1_0p45__typ,ok,
0.02,0.9,0.7325,typ,0.4,0.6,0.5959256566273339,0.5993887842037467,-0.0006112157962532283,0.3985107091597116,0.3939217875414937,0.9884848223328955,43,True,0.001935465872787849,0.2658390805623984,0.01771659610687286,0.01772086690633418,4.270799461316826e-06,3.33220308868665,0.2658390805623984,-0.000150688115129419,0.0003544173381266836,2.705610764053245e-11,9.434401214867538,0.02224176408723613,-0.411783856817465,2,0,/home/2/kj405942/Byczuk_Freericks/filling_variantB_freericks/pbs_variantB_T002_typ_21x21_mu20/chunks/T_0p02__Didx_7_7__typ/dmft_solutions/T_0p02/U_0p9__Delta_0p7325__w1_0p4__typ,ok,
0.02,1,0.7325,typ,0.45,0.55,0.6132252067448529,0.553302307471301,0.003302307471301003,0.353603739584127,0.3445578581700213,0.974418026730304,78,True,0.001943271757905428,0.1813439332819839,0.01227745609215777,0.01228729702238699,9.840930229220271e-06,3.385130086780108,0.1813439332819839,0.0001889228940557697,0.0002457459404477398,2.818082285857469e-11,0.9807286943267314,-0.000285967549451045,-0.5217420146291065,0,0,/home/2/kj405942/Byczuk_Freericks/filling_variantB_freericks/pbs_variantB_T002_typ_21x21_mu20/chunks/T_0p02__Didx_7_7__typ/dmft_solutions/T_0p02/U_1__Delta_0p7325__w1_0p45__typ,ok,
0.02,1,0.7325,typ,0.5,0.5,0.537049328084423,0.4953080437203421,-0.004691956279657905,0.3542837607726699,0.3455328161782467,0.9752996169642719,128,True,0.00189516544795544,0.1826374343522452,0.01245635959934424,0.01246500209276787,8.642493423620277e-06,3.410133208321406,0.1826374343522452,0.0001776762688316118,0.0002493000418553573,3.003316457548079e-11,0.4487850488020591,-0.0002873158137495385,-0.5184581060571227,0,0,/home/2/kj405942/Byczuk_Freericks/filling_variantB_freericks/pbs_variantB_T002_typ_21x21_mu20/chunks/T_0p02__Didx_7_7__typ/dmft_solutions/T_0p02/U_1__Delta_0p7325__w1_0p5__typ,ok,
0.02,1.1,0.7325,typ,0.5,0.5,0.6203708635453399,0.495768712328335,-0.004231287671665029,0.3013402294914597,0.2830609229878822,0.9393399728458905,30,True,0.001949959556085778,0.1133049988475231,0.007753525600665166,0.007884715816296461,0.0001311902156312957,3.421528476029221,0.1133049988475231,0.0005452431976817366,0.0001576943163259292,2.966612261184798e-11,0.3825252988000491,-0.0003267028831995674,-0.5891002513815442,0,0,/home/2/kj405942/Byczuk_Freericks/filling_variantB_freericks/pbs_variantB_T002_typ_21x21_mu20/chunks/T_0p02__Didx_7_7__typ/dmft_solutions/T_0p02/U_1p1__Delta_0p7325__w1_0p5__typ,ok,
0.02,1.1,0.7325,typ,0.45,0.55,0.6595396478130078,0.5478464229370071,-0.002153577062992906,0.2907072757568803,0.2745181691066295,0.9443113124427274,116,True,0.001913673781699973,0.1054685176911159,0.007324572195186669,0.007412160447382084,8.75882521954152e-05,3.472397429836851,0.1054685176911159,0.0004298325982567184,0.0001482432089476417,2.829195240502723e-11,0.5790683135944232,-0.0003271742370125981,-0.6350672532520343,0,0,/home/2/kj405942/Byczuk_Freericks/filling_variantB_freericks/pbs_variantB_T002_typ_21x21_mu20/chunks/T_0p02__Didx_7_7__typ/dmft_solutions/T_0p02/U_1p1__Delta_0p7325__w1_0p45__typ,ok,
0.02,1.1,0.7325,typ,0.4,0.6,0.7280806841623291,0.6015630925714376,0.001563092571437608,0.2937623683163328,0.2758490277903808,0.9390209827466318,36,True,0.001952505559708276,0.1057292272194401,0.007121674805099928,0.007206132232630723,8.445742753079525e-05,3.367883693275727,0.1057292272194401,0.0004226019059534125,0.0001441226446526145,2.659092216621699e-11,0.887418118192643,-0.0003302470212368242,-0.6439346813293911,0,0,/home/2/kj405942/Byczuk_Freericks/filling_variantB_freericks/pbs_variantB_T002_typ_21x21_mu20/chunks/T_0p02__Didx_7_7__typ/dmft_solutions/T_0p02/U_1p1__Delta_0p7325__w1_0p4__typ,ok,
0.02,1,0.7325,typ,0.4,0.6,0.6562820021341836,0.5980904378328572,-0.001909562167142775,0.3439518889097192,0.3357207205103601,0.9760688379254122,73,True,0.001983328640951564,0.1714991368921798,0.0116596007326083,0.01166127780060764,1.677067999347434e-06,3.399317612874809,0.1714991368921798,7.584401286819939e-05,0.0002332255560121529,2.689349279934383e-11,10.83279444108837,0.0005557013595323124,-0.5218512233573038,1,0,/home/2/kj405942/Byczuk_Freericks/filling_variantB_freericks/pbs_variantB_T002_typ_21x21_mu20/chunks/T_0p02__Didx_7_7__typ/dmft_solutions/T_0p02/U_1__Delta_0p7325__w1_0p4__typ,ok,
0.02,1.2,0.7325,typ,0.45,0.55,0.7557695583258501,0.5491931901557761,-0.0008068098442239879,0.281326492368449,0.2453403093654503,0.8720839168041518,104,True,0.001919782917473734,0.08063555959082608,0.004950187266484041,0.00524163034706064,0.0002914430805765986,3.069481560990633,0.08063555959082608,0.0006855753188551676,0.0001048326069412128,2.771148027060699e-11,0.3513894161498661,-0.0003838302393683619,-0.6829753881504634,0,0,/home/2/kj405942/Byczuk_Freericks/filling_variantB_freericks/pbs_variantB_T002_typ_21x21_mu20/chunks/T_0p02__Didx_7_7__typ/dmft_solutions/T_0p02/U_1p2__Delta_0p7325__w1_0p45__typ,ok,
0.02,1.2,0.7325,typ,0.4,0.6,0.8234999073433131,0.6006199685264731,0.0006199685264731691,0.2868559133771058,0.2506477864192905,0.8737759088472565,98,True,0.001973300078968638,0.08381929398538393,0.005199144615787171,0.005396891197911503,0.0001977465821243328,3.101400864038402,0.08381929398538393,0.0005757600003766207,0.0001079378239582301,2.599735862550296e-11,0.3878375967278586,-0.0003894374146918666,-0.7112314879938409,0,0,/home/2/kj405942/Byczuk_Freericks/filling_variantB_freericks/pbs_variantB_T002_typ_21x21_mu20/chunks/T_0p02__Didx_7_7__typ/dmft_solutions/T_0p02/U_1p2__Delta_0p7325__w1_0p4__typ,ok,
0.02,1.2,0.7325,typ,0.5,0.5,0.6900926585207423,0.496822934880833,-0.003177065119166989,0.2680793098333806,0.2338981788842455,0.8724961990898152,60,True,0.001970599865645419,0.07370825001221065,0.004486745000633001,0.004903106919142715,0.0004163619185097143,3.043583994932534,0.07370825001221065,0.0007834450636142613,9.80621383828543e-05,2.951802268182017e-11,0.3209971118182389,-0.0003809968587219236,-0.6440277118924277,0,0,/home/2/kj405942/Byczuk_Freericks/filling_variantB_freericks/pbs_variantB_T002_typ_21x21_mu20/chunks/T_0p02__Didx_7_7__typ/dmft_solutions/T_0p02/U_1p2__Delta_0p7325__w1_0p5__typ,ok,
0.02,1.5,0.7325,typ,0.5,0.5,1,0.4986678383083248,-0.001332161691675215,0.3094256795188076,0.2343689503491886,0.7574321262335409,174,True,0.001988479572245308,0.07734571526070365,0.004732953115771157,0.005031202901661356,0.0002982497858901985,3.059609119792953,0.07734571526070365,0.0006792399136686406,0.0001006240580332271,2.771532358155994e-11,0.2553868204780108,-0.0004984449065518015,-0.05629706282545301,0,0,/home/2/kj405942/Byczuk_Freericks/filling_variantB_freericks/pbs_variantB_T002_typ_21x21_mu20/chunks/T_0p02__Didx_7_7__typ/dmft_solutions/T_0p02/U_1p5__Delta_0p7325__w1_0p5__typ,ok,
0.02,1.5,0.7325,typ,0.45,0.55,1.059085242797003,0.5521434801285207,0.002143480128520614,0.3078563155284958,0.2358925647844811,0.7662424088312925,137,True,0.001978303690551285,0.07613719525698678,0.004713798005601918,0.004939435717520179,0.0002256377119182613,3.095594728497273,0.07613719525698678,0.0005861641839904651,9.878871435040358e-05,2.594204113853179e-11,0.3046745356585128,-0.0004872690350804674,-0.09497537461210591,0,0,/home/2/kj405942/Byczuk_Freericks/filling_variantB_freericks/pbs_variantB_T002_typ_21x21_mu20/chunks/T_0p02__Didx_7_7__typ/dmft_solutions/T_0p02/U_1p5__Delta_0p7325__w1_0p45__typ,ok,
0.02,1.5,0.7325,typ,0.4,0.6,1.116795164908516,0.597647877342695,-0.002352122657305,0.299962039222407,0.2315334957130075,0.7718759890858617,110,True,0.001949156217445641,0.07152090125814525,0.004458533354626339,0.004630834521374413,0.0001723011667480733,3.116944331094103,0.07152090125814525,0.0004964500928321431,9.261669042748825e-05,2.429921199195409e-11,0.3612915140387051,-0.0004891649835464681,-0.1822655986466888,0,0,/home/2/kj405942/Byczuk_Freericks/filling_variantB_freericks/pbs_variantB_T002_typ_21x21_mu20/chunks/T_0p02__Didx_7_7__typ/dmft_solutions/T_0p02/U_1p5__Delta_0p7325__w1_0p4__typ,ok,
0.02,1.3,0.7325,typ,0.5,0.5,0.8005468072401594,0.4968903759899138,-0.003109624010086243,0.2932135272483619,0.2391428183489308,0.815592720408048,194,True,0.001981728354960093,0.07884385842300598,0.004770587401875435,0.005113511251872979,0.000342923849997545,3.025338623257571,0.07884385842300598,0.0007353562331153328,0.0001022702250374596,2.878244905416407e-11,0.2686597961318357,-0.0004386740849801223,-0.3056095845048808,0,0,/home/2/kj405942/Byczuk_Freericks/filling_variantB_freericks/pbs_variantB_T002_typ_21x21_mu20/chunks/T_0p02__Didx_7_7__typ/dmft_solutions/T_0p02/U_1p3__Delta_0p7325__w1_0p5__typ,ok,
0.02,1.3,0.7325,typ,0.4,0.6,0.9402651570570772,0.6044769136281973,0.004476913628197354,0.3021662909686033,0.253303048670274,0.8382902270743152,218,True,0.001992148159265959,0.08621093472555459,0.005415271989323655,0.005569796116057933,0.0001545241267342785,3.140710634076018,0.08621093472555459,0.0005161718590433269,0.0001113959223211587,2.516778943881886e-11,0.3752630250675213,-0.0004380325439338674,-0.7308728655136292,0,0,/home/2/kj405942/Byczuk_Freericks/filling_variantB_freericks/pbs_variantB_T002_typ_21x21_mu20/chunks/T_0p02__Didx_7_7__typ/dmft_solutions/T_0p02/U_1p3__Delta_0p7325__w1_0p4__typ,ok,
0.02,1.4,0.7325,typ,0.5,0.5,0.9077826627026733,0.4975100097110677,-0.002489990288932264,0.3085416650827327,0.2427436436371557,0.7867451015799314,191,True,0.001995524390239174,0.08257852457841654,0.005072718691307068,0.005364316190184557,0.0002915974988774891,3.071451516725766,0.08257852457841654,0.000693969613571942,0.0001072863238036912,2.812882649658876e-11,0.2608360213551422,-0.0004794068952424643,-0.09587084468294338,0,0,/home/2/kj405942/Byczuk_Freericks/filling_variantB_freericks/pbs_variantB_T002_typ_21x21_mu20/chunks/T_0p02__Didx_7_7__typ/dmft_solutions/T_0p02/U_1p4__Delta_0p7325__w1_0p5__typ,ok,
0.02,1.3,0.7325,typ,0.45,0.55,0.871440648166134,0.5511142850946087,0.001114285094608647,0.3030797379171491,0.2508492630498547,0.82766754641456,241,True,0.001967556780853393,0.08563122050775271,0.005308519974745482,0.005536293632017702,0.0002277736572722211,3.099640495177147,0.08563122050775271,0.000624572434097677,0.0001107258726403541,2.689594892019127e-11,0.3193187727203665,-0.0004382108484934167,-0.6331799967860156,0,0,/home/2/kj405942/Byczuk_Freericks/filling_variantB_freericks/pbs_variantB_T002_typ_21x21_mu20/chunks/T_0p02__Didx_7_7__typ/dmft_solutions/T_0p02/U_1p3__Delta_0p7325__w1_0p45__typ,ok,
0.02,1.4,0.7325,typ,0.4,0.6,1.027577566914638,0.6009181995392501,0.0009181995392500975,0.3010741854327809,0.241637447237683,0.8025844091891832,168,True,0.001999233418143155,0.07811140171192606,0.004891641780289502,0.005053630070855159,0.0001619882905656579,3.131195749328517,0.07811140171192606,0.0005030533259407458,0.0001010726014171032,2.47341270407273e-11,0.3669812864394417,-0.0004719508745745379,-0.450045828762571,0,0,/home/2/kj405942/Byczuk_Freericks/filling_variantB_freericks/pbs_variantB_T002_typ_21x21_mu20/chunks/T_0p02__Didx_7_7__typ/dmft_solutions/T_0p02/U_1p4__Delta_0p7325__w1_0p4__typ,ok,
0.02,1.4,0.7325,typ,0.45,0.55,0.9764291208817955,0.5531728404227644,0.003172840422764334,0.3121652961254904,0.2503012470524374,0.8018227847845595,196,True,0.001991600976565955,0.08594352802919095,0.005369354618057772,0.005571887945113917,0.0002025333270561448,3.123769026699752,0.08594352802919095,0.0005900242142606535,0.0001114377589022784,2.626153665751888e-11,0.3111246248270244,-0.0004708515673000336,-0.1706462993095155,0,0,/home/2/kj405942/Byczuk_Freericks/filling_variantB_freericks/pbs_variantB_T002_typ_21x21_mu20/chunks/T_0p02__Didx_7_7__typ/dmft_solutions/T_0p02/U_1p4__Delta_0p7325__w1_0p45__typ,ok,
0.02,1.6,0.7325,typ,0.45,0.55,1.133139367791591,0.5462535585772686,-0.003746441422731395,0.297366274656434,0.2144587224813472,0.7211938298286344,95,True,0.001980143232339077,0.06263267347557384,0.003794557344033474,0.004073068996419447,0.0002785116523859733,3.029215530383926,0.06263267347557384,0.0005906594515121754,8.146137992838895e-05,2.574716357868213e-11,0.2991743068254802,-0.0005016473147508606,-0.06601284925754734,0,0,/home/2/kj405942/Byczuk_Freericks/filling_variantB_freericks/pbs_variantB_T002_typ_21x21_mu20/chunks/T_0p02__Didx_7_7__typ/dmft_solutions/T_0p02/U_1p6__Delta_0p7325__w1_0p45__typ,ok,
0.02,1.6,0.7325,typ,0.5,0.5,1.08335720022619,0.5013993279395388,0.001399327939538786,0.3022053402101978,0.218194772996838,0.7220083299821025,117,True,0.001996018765807281,0.06700591326859531,0.004031066035682249,0.004372408195615146,0.0003413421599328971,3.007992756940416,0.06700591326859531,0.0006763422678404581,8.744816391230291e-05,2.744320943691594e-11,0.2512944155391882,-0.000504932461438718,-0.03922025188637877,0,0,/home/2/kj405942/Byczuk_Freericks/filling_variantB_freericks/pbs_variantB_T002_typ_21x21_mu20/chunks/T_0p02__Didx_7_7__typ/dmft_solutions/T_0p02/U_1p6__Delta_0p7325__w1_0p5__typ,ok,
0.02,1.6,0.7325,typ,0.4,0.6,1.182990219534406,0.6038086502417624,0.003808650241762468,0.2882329387572839,0.2065760222526118,0.7166981787135924,44,True,0.001981123904094681,0.05644119914745073,0.003427549001325621,0.003657283127539088,0.0002297341262134663,3.036389245001036,0.05644119914745073,0.0005092439409277214,7.314566255078175e-05,2.415328854648509e-11,0.3564044776781172,-0.0004840955043373596,-0.1344889056528191,0,0,/home/2/kj405942/Byczuk_Freericks/filling_variantB_freericks/pbs_variantB_T002_typ_21x21_mu20/chunks/T_0p02__Didx_7_7__typ/dmft_solutions/T_0p02/U_1p6__Delta_0p7325__w1_0p4__typ,ok,
0.02,1.7,0.7325,typ,0.5,0.5,1.176858277064747,0.4963032026684235,-0.003696797331576462,0.3029170345131869,0.2127300223095097,0.7022715729783394,148,True,0.001973771732222864,0.06405645595099306,0.003838143511629978,0.00418615000821259,0.000348006496582612,2.995906856419267,0.06405645595099306,0.0006677134537959155,8.37230001642518e-05,2.704443178580999e-11,0.2474423606853346,-0.000529975862917782,-0.02956992368981929,0,0,/home/2/kj405942/Byczuk_Freericks/filling_variantB_freericks/pbs_variantB_T002_typ_21x21_mu20/chunks/T_0p02__Didx_7_7__typ/dmft_solutions/T_0p02/U_1p7__Delta_0p7325__w1_0p5__typ,ok,
0.02,1.7,0.7325,typ,0.45,0.55,1.192123869265906,0.5491271552768339,-0.0008728447231661773,0.2734060654115337,0.1784411651313809,0.6526598627678188,170,True,0.001989184461671129,0.04334358350010394,0.002480207031691776,0.002882956645262888,0.0004027496135711123,2.86110057292082,0.04334358350010394,0.0005908741237430203,5.765913290525776e-05,2.575628627670673e-11,0.2961286457955103,-0.0005059764809683151,-0.05005548350639385,0,0,/home/2/kj405942/Byczuk_Freericks/filling_variantB_freericks/pbs_variantB_T002_typ_21x21_mu20/chunks/T_0p02__Didx_7_7__typ/dmft_solutions/T_0p02/U_1p7__Delta_0p7325__w1_0p45__typ,ok,
0.02,1.7,0.7325,typ,0.4,0.6,1.262054016049914,0.5986358800580799,-0.001364119941920094,0.282804760469569,0.1916781962958352,0.6777757063833463,116,True,0.001999284020908932,0.04864949786587349,0.002906713420275374,0.003169259475160742,0.0002625460548853675,2.987403311221396,0.04864949786587349,0.0005054252414915423,6.338518950321484e-05,2.386617880454803e-11,0.3506594251156527,-0.0005044177969517577,-0.09821872275853369,0,0,/home/2/kj405942/Byczuk_Freericks/filling_variantB_freericks/pbs_variantB_T002_typ_21x21_mu20/chunks/T_0p02__Didx_7_7__typ/dmft_solutions/T_0p02/U_1p7__Delta_0p7325__w1_0p4__typ,ok,
0.02,1.9,0.7325,typ,0.5,0.5,1.3463931685757,0.4971488902927845,-0.002851109707215527,0.2872705661014577,0.1848911439901574,0.6436132545680224,182,True,0.001957008868894765,0.04878505720253105,0.002803595677798356,0.003246170916337879,0.0004425752385395232,2.87341640920829,0.04878505720253105,0.0006571310117255838,6.492341832675758e-05,2.652987617806353e-11,0.254492343718641,-0.0005538671631860081,-0.02061403955727794,0,0,/home/2/kj405942/Byczuk_Freericks/filling_variantB_freericks/pbs_variantB_T002_typ_21x21_mu20/chunks/T_0p02__Didx_7_7__typ/dmft_solutions/T_0p02/U_1p9__Delta_0p7325__w1_0p5__typ,ok,
0.02,1.9,0.7325,typ,0.4,0.6,1.45849829096002,0.5988967022149836,-0.001103297785016388,0.2887988039336511,0.1897098410089701,0.6568927517184393,111,True,0.001956037928041398,0.0480055134306067,0.002879046014521658,0.003128718987251576,0.0002496729727299173,2.99866182942028,0.0480055134306067,0.0004896055401166442,6.257437974503151e-05,2.290460927163224e-11,0.3429887251033106,-0.0005370274427967479,-0.05564974210384462,0,0,/home/2/kj405942/Byczuk_Freericks/filling_variantB_freericks/pbs_variantB_T002_typ_21x21_mu20/chunks/T_0p02__Didx_7_7__typ/dmft_solutions/T_0p02/U_1p9__Delta_0p7325__w1_0p4__typ,ok,
0.02,1.9,0.7325,typ,0.45,0.55,1.417527813383186,0.547128941211359,-0.002871058788641023,0.3011712690257903,0.2031204297889848,0.6744349500735108,125,True,0.001983288909278261,0.05688709093571329,0.003424425895940385,0.003708956930398878,0.0002845310344584929,3.009844447671129,0.05688709093571329,0.0005689664811089114,7.417913860797756e-05,2.447135159187616e-11,0.2894051985038876,-0.0005494177249332818,-0.03136447620068428,0,0,/home/2/kj405942/Byczuk_Freericks/filling_variantB_freericks/pbs_variantB_T002_typ_21x21_mu20/chunks/T_0p02__Didx_7_7__typ/dmft_solutions/T_0p02/U_1p9__Delta_0p7325__w1_0p45__typ,ok,
0.02,1.8,0.7325,typ,0.5,0.5,1.247633980511908,0.4958926922431415,-0.004107307756858469,0.2832900404819497,0.1849156111717495,0.6527430715783732,197,True,0.001977940799382375,0.04850894333848593,0.002778890994264348,0.003232475495093424,0.0004535845008290759,2.86430790181698,0.04850894333848593,0.0006633687488860636,6.464950990186849e-05,2.696903183808691e-11,0.2553786108165683,-0.0005414139895631126,-0.02469465015128842,0,0,/home/2/kj405942/Byczuk_Freericks/filling_variantB_freericks/pbs_variantB_T002_typ_21x21_mu20/chunks/T_0p02__Didx_7_7__typ/dmft_solutions/T_0p02/U_1p8__Delta_0p7325__w1_0p5__typ,ok,
0.02,1.8,0.7325,typ,0.45,0.55,1.320955941075991,0.5460176537520107,-0.003982346247989321,0.2995406455235554,0.2053015505283892,0.6853879551790063,128,True,0.001995464134528269,0.05787923738101773,0.003486586978904432,0.003772082058238006,0.0002854950793335746,3.011949652992408,0.05787923738101773,0.0005748780299830643,7.544164116476013e-05,2.490000761297583e-11,0.2921482916493235,-0.0005365191264447814,-0.03872403997508379,0,0,/home/2/kj405942/Byczuk_Freericks/filling_variantB_freericks/pbs_variantB_T002_typ_21x21_mu20/chunks/T_0p02__Didx_7_7__typ/dmft_solutions/T_0p02/U_1p8__Delta_0p7325__w1_0p45__typ,ok,
0.02,1.8,0.7325,typ,0.4,0.6,1.364555183644517,0.6002994306525323,0.0002994306525323509,0.2881067824282609,0.1935911901241498,0.671942494697619,118,True,0.00198844012535126,0.04983339014921247,0.002997746025923368,0.003243489346973393,0.000245743321050025,3.007768503153645,0.04983339014921247,0.0004948984298712025,6.486978693946786e-05,2.332658287491114e-11,0.3467519149007912,-0.0005214591813001471,-0.07091511835182164,0,0,/home/2/kj405942/Byczuk_Freericks/filling_variantB_freericks/pbs_variantB_T002_typ_21x21_mu20/chunks/T_0p02__Didx_7_7__typ/dmft_solutions/T_0p02/U_1p8__Delta_0p7325__w1_0p4__typ,ok,
0.02,2,0.7325,typ,0.5,0.5,1.45869256736573,0.4999884425183993,-1.155748160069914e-05,0.3014160452508681,0.1980217088216276,0.6569713588300002,224,True,0.001995626729347186,0.05626355930003415,0.003318238813374784,0.003696526748630477,0.0003782879352556928,2.948834782811874,0.05626355930003415,0.0006524388964147701,7.393053497260954e-05,2.593314958068137e-11,0.2409639529566318,-0.0005641321672838556,-0.01755054073439014,0,0,/home/2/kj405942/Byczuk_Freericks/filling_variantB_freericks/pbs_variantB_T002_typ_21x21_mu20/chunks/T_0p02__Didx_7_7__typ/dmft_solutions/T_0p02/U_2__Delta_0p7325__w1_0p5__typ,ok,
0.02,2,0.7325,typ,0.45,0.55,1.496704287755246,0.5541488549627958,0.004148854962795712,0.2913455107537095,0.1855383373135258,0.6368326624753508,127,True,0.001959493171002388,0.04752210598552653,0.002784077307026889,0.003125616648237609,0.0003415393412107196,2.929244452965548,0.04752210598552653,0.0005697485194582383,6.251233296475218e-05,2.426687903470155e-11,0.2872434760075664,-0.0005501485720598119,-0.02742601025293829,0,0,/home/2/kj405942/Byczuk_Freericks/filling_variantB_freericks/pbs_variantB_T002_typ_21x21_mu20/chunks/T_0p02__Didx_7_7__typ/dmft_solutions/T_0p02/U_2__Delta_0p7325__w1_0p45__typ,ok,
0.02,2,0.7325,typ,0.4,0.6,1.541894702976898,0.6008043773301598,0.0008043773301598112,0.2837984762277032,0.1774628531290681,0.6253129174191984,153,True,0.001965265153508121,0.04211608602566104,0.002477903947868107,0.002762245397953016,0.0002843414500849085,2.941754780297411,0.04211608602566104,0.0004893945028795728,5.524490795906031e-05,2.261676487853608e-11,0.3412867874208584,-0.0005365064962844634,-0.04357135708528919,0,0,/home/2/kj405942/Byczuk_Freericks/filling_variantB_freericks/pbs_variantB_T002_typ_21x21_mu20/chunks/T_0p02__Didx_7_7__typ/dmft_solutions/T_0p02/U_2__Delta_0p7325__w1_0p4__typ,ok,
0.02,0.3,0.8300000000000001,typ,0.5,0.5,0.1871996843729229,0.5017212733866063,0.001721273386606326,0.5595090766160489,0.5535157665458329,0.989288270162722,26,True,0.001999533735714308,1.108114013217704,0.07261096146323975,0.07261155609597253,5.946327327751645e-07,3.276330801574944,1.108114013217704,-0.0001147972877646591,0.001452231121919451,2.939359024459055e-11,64.66190758192533,0.1101879339525663,-0.1348607731365207,4,0,/home/2/kj405942/Byczuk_Freericks/filling_variantB_freericks/pbs_variantB_T002_typ_21x21_mu20/chunks/T_0p02__Didx_8_8__typ/dmft_solutions/T_0p02/U_0p3__Delta_0p83__w1_0p5__typ,ok,
0.02,0.3,0.8300000000000001,typ,0.45,0.55,0.258620917990394,0.5510074819309596,0.001007481930959564,0.5576303852407324,0.5497734641010346,0.9859101631696309,34,True,0.001976386015870264,1.090912112556075,0.07147610054639163,0.07148320854706158,7.10800066995213e-06,3.275978867762256,1.090912112556075,-0.0003938071616135866,0.001429664170941232,2.814544598079431e-11,47.12567662834785,0.1052272608513046,-0.1322493877406138,4,0,/home/2/kj405942/Byczuk_Freericks/filling_variantB_freericks/pbs_variantB_T002_typ_21x21_mu20/chunks/T_0p02__Didx_8_8__typ/dmft_solutions/T_0p02/U_0p3__Delta_0p83__w1_0p45__typ,ok,
0.02,0.3,0.8300000000000001,typ,0.4,0.6,0.3303647442383951,0.5972670899807796,-0.00273291001922038,0.5536633473180835,0.5417473828592712,0.9784779604491923,60,True,0.001945514009158188,1.054931463881871,0.06909989365433165,0.0691215390082572,2.164535392553835e-05,3.275089236606052,1.054931463881871,-0.0006757864293237825,0.001382430780165144,2.69575172829088e-11,75.41090915094344,0.09001471614923934,-0.1288975669547419,4,0,/home/2/kj405942/Byczuk_Freericks/filling_variantB_freericks/pbs_variantB_T002_typ_21x21_mu20/chunks/T_0p02__Didx_8_8__typ/dmft_solutions/T_0p02/U_0p3__Delta_0p83__w1_0p4__typ,ok,
0.02,0,0.8300000000000001,typ,0.5,0.5,0.05151466627867041,0.4994762034978525,-0.0005237965021475111,0.5753306246231903,0.5644781952189757,0.9811370559122898,58,True,0.00196336050475019,1.303588696680787,0.08548555266757411,0.08548700194294367,1.449275369561707e-06,3.278854476309838,1.303588696680787,-0.0001943841037810711,0.001709740038858874,2.911085745495564e-11,24.87786907610513,0.1247484885210943,-0.1135350106448246,4,0,/home/2/kj405942/Byczuk_Freericks/filling_variantB_freericks/pbs_variantB_T002_typ_21x21_mu20/chunks/T_0p02__Didx_8_8__typ/dmft_solutions/T_0p02/U_0__Delta_0p83__w1_0p5__typ,ok,
0.02,0,0.8300000000000001,typ,0.45,0.55,0.1414574672229749,0.5518432703334625,0.001843270333462432,0.5732603655173072,0.5595262528219376,0.9760421031672475,18,True,0.001898877247958015,1.277433079281222,0.08376132323901465,0.0837702803958474,8.957156832742706e-06,3.278501418099527,1.277433079281222,-0.0004783757609757282,0.001675405607916948,2.783031839022264e-11,35.48595464573036,0.1130164711590562,-0.1098698428181594,4,0,/home/2/kj405942/Byczuk_Freericks/filling_variantB_freericks/pbs_variantB_T002_typ_21x21_mu20/chunks/T_0p02__Didx_8_8__typ/dmft_solutions/T_0p02/U_0__Delta_0p83__w1_0p45__typ,ok,
0.02,0,0.8300000000000001,typ,0.4,0.6,0.2149433069157262,0.5982297995503125,-0.001770200449687453,0.5699716488235901,0.5517403667061714,0.9680137035674535,49,True,0.001890827687170138,1.233311339432865,0.08083097846767011,0.08085421530335229,2.323683568218495e-05,3.276989997709744,1.233311339432865,-0.0007570766531782222,0.001617084306067046,2.683905600988072e-11,16.81202386548364,0.1003117368565709,-0.1078791264382835,4,0,/home/2/kj405942/Byczuk_Freericks/filling_variantB_freericks/pbs_variantB_T002_typ_21x21_mu20/chunks/T_0p02__Didx_8_8__typ/dmft_solutions/T_0p02/U_0__Delta_0p83__w1_0p4__typ,ok,
0.02,0.2,0.8300000000000001,typ,0.5,0.5,0.1377659964831084,0.5018440320173299,0.001844032017329855,0.56833571912518,0.5599777210331034,0.9852939067336085,98,True,0.001925391994692307,1.21404752745766,0.07957758830452012,0.0795783194728389,7.311683187835181e-07,3.27736709250435,1.21404752745766,-0.0001332421171833069,0.001591566389456778,2.93473573727498e-11,52.26644342019711,0.1189176397148556,-0.122964461256782,4,0,/home/2/kj405942/Byczuk_Freericks/filling_variantB_freericks/pbs_variantB_T002_typ_21x21_mu20/chunks/T_0p02__Didx_8_8__typ/dmft_solutions/T_0p02/U_0p2__Delta_0p83__w1_0p5__typ,ok,
0.02,0.2,0.8300000000000001,typ,0.45,0.55,0.2240188715484599,0.5536587162676142,0.003658716267614159,0.5662029264453166,0.5553159134553283,0.980771888520008,112,True,0.0019680100446544,1.188827602121242,0.07791347080452153,0.0779227097640505,9.238959528966651e-06,3.276903676592781,1.188827602121242,-0.0004686903050611698,0.00155845419528101,2.796485388793702e-11,47.44479885825603,0.1100612257118146,-0.1203523962167837,4,0,/home/2/kj405942/Byczuk_Freericks/filling_variantB_freericks/pbs_variantB_T002_typ_21x21_mu20/chunks/T_0p02__Didx_8_8__typ/dmft_solutions/T_0p02/U_0p2__Delta_0p83__w1_0p45__typ,ok,
0.02,0.2,0.8300000000000001,typ,0.4,0.6,0.3085753698274981,0.598224935394869,-0.001775064605130994,0.5616060407591176,0.5453037676654082,0.9709720481786953,21,True,0.001888810179870677,1.135492732719829,0.0743918203156346,0.07441996037269515,2.814005706055265e-05,3.275750613455931,1.135492732719829,-0.0007994101611885959,0.001488399207453903,2.668405399708443e-11,61.67033016311599,0.08869982340216553,-0.1174153056467879,4,0,/home/2/kj405942/Byczuk_Freericks/filling_variantB_freericks/pbs_variantB_T002_typ_21x21_mu20/chunks/T_0p02__Didx_8_8__typ/dmft_solutions/T_0p02/U_0p2__Delta_0p83__w1_0p4__typ,ok,
0.02,0.1,0.8300000000000001,typ,0.5,0.5,0.09665588942297429,0.5036233575671097,0.003623357567109742,0.5735977842419002,0.5634470055130792,0.982303316003501,26,True,0.0019773576926492,1.281575129907002,0.08402949633330196,0.08403046171696145,9.653836594779267e-07,3.278367938499227,1.281575129907002,-0.0001573029998954579,0.001680609234339229,2.919142674517955e-11,14.61331559133686,0.1240534373307292,-0.1155694693112659,4,0,/home/2/kj405942/Byczuk_Freericks/filling_variantB_freericks/pbs_variantB_T002_typ_21x21_mu20/chunks/T_0p02__Didx_8_8__typ/dmft_solutions/T_0p02/U_0p1__Delta_0p83__w1_0p5__typ,ok,
0.02,0.1,0.8300000000000001,typ,0.4,0.6,0.2519583850917351,0.5957765040880405,-0.004223495911959474,0.5682669117932641,0.5510215837716623,0.9696527676278368,36,True,0.00185210164372272,1.21373779380953,0.07954332956475553,0.07956596536749949,2.263580274395628e-05,3.276792152738968,1.21373779380953,-0.0007412682278845791,0.00159131930734999,2.688492889513213e-11,42.43934522889781,0.09834344651645632,-0.1102057770071029,4,0,/home/2/kj405942/Byczuk_Freericks/filling_variantB_freericks/pbs_variantB_T002_typ_21x21_mu20/chunks/T_0p02__Didx_8_8__typ/dmft_solutions/T_0p02/U_0p1__Delta_0p83__w1_0p4__typ,ok,
0.02,0.1,0.8300000000000001,typ,0.45,0.55,0.1822517876512967,0.5481930187774451,-0.00180698122255496,0.5715419240242672,0.5586280443989944,0.9774051927208677,35,True,0.001966566737316237,1.253060449969804,0.08214805152256291,0.08215787845127004,9.82692870712753e-06,3.277896590086395,1.253060449969804,-0.0004962607320265107,0.001643157569025401,2.789709938120054e-11,76.5757300141496,0.1124590904283451,-0.1133688603379127,4,0,/home/2/kj405942/Byczuk_Freericks/filling_variantB_freericks/pbs_variantB_T002_typ_21x21_mu20/chunks/T_0p02__Didx_8_8__typ/dmft_solutions/T_0p02/U_0p1__Delta_0p83__w1_0p45__typ,ok,
0.02,0.4,0.8300000000000001,typ,0.5,0.5,0.2499999999999999,0.5010333062124775,0.001033306212477547,0.5470362395090822,0.5434159038040784,0.9933819088324886,78,True,0.001970474952159046,0.9734894634599076,0.06377309632436302,0.06377430726078046,1.210936417426531e-06,3.275489808472358,0.9734894634599076,-0.0001535469858567479,0.001275486145215609,2.925493646303971e-11,39.77340384855344,0.09533328786658629,-0.1534256706265291,4,0,/home/2/kj405942/Byczuk_Freericks/filling_variantB_freericks/pbs_variantB_T002_typ_21x21_mu20/chunks/T_0p02__Didx_8_8__typ/dmft_solutions/T_0p02/U_0p4__Delta_0p83__w1_0p5__typ,ok,
0.02,0.4,0.8300000000000001,typ,0.45,0.55,0.3201163798015972,0.5536989732722203,0.003698973272220241,0.5444151690007205,0.5388725796237971,0.9898191863626855,54,True,0.00199929005374045,0.9543654981474429,0.06250979665405379,0.06251899598560147,9.199331547684136e-06,3.274940092417112,0.9543654981474429,-0.0004190351926778718,0.001250379919712029,2.796273955283163e-11,29.81338974911279,0.08950904141343707,-0.1508611716023189,4,0,/home/2/kj405942/Byczuk_Freericks/filling_variantB_freericks/pbs_variantB_T002_typ_21x21_mu20/chunks/T_0p02__Didx_8_8__typ/dmft_solutions/T_0p02/U_0p4__Delta_0p83__w1_0p45__typ,ok,
0.02,0.4,0.8300000000000001,typ,0.4,0.6,0.3762853309125327,0.6004388483739281,0.0004388483739281579,0.5404533865439596,0.5315722780414808,0.9835672997457359,45,True,0.00191435439291013,0.9243863664751989,0.06052343852688328,0.06054739569989086,2.395717300758609e-05,3.273708955578106,0.9243863664751989,-0.0006655176046882639,0.001210947913997817,2.692602575724725e-11,14.5054551465145,0.07400949217639341,-0.148951452300415,4,0,/home/2/kj405942/Byczuk_Freericks/filling_variantB_freericks/pbs_variantB_T002_typ_21x21_mu20/chunks/T_0p02__Didx_8_8__typ/dmft_solutions/T_0p02/U_0p4__Delta_0p83__w1_0p4__typ,ok,
0.02,0.5,0.8300000000000001,typ,0.5,0.5,0.2782209524766264,0.4971862803453219,-0.002813719654678137,0.5315166692607285,0.5301111566172776,0.9973556565113831,92,True,0.001898257847528316,0.8296870275632318,0.05434382484053599,0.05434416975339865,3.449128626548411e-07,3.274959293996818,0.8296870275632318,-7.565311993360489e-05,0.001086883395067973,2.964680746540085e-11,25.58981468209428,0.0741715234928067,-0.1802493580152203,4,0,/home/2/kj405942/Byczuk_Freericks/filling_variantB_freericks/pbs_variantB_T002_typ_21x21_mu20/chunks/T_0p02__Didx_8_8__typ/dmft_solutions/T_0p02/U_0p5__Delta_0p83__w1_0p5__typ,ok,
0.02,0.5,0.8300000000000001,typ,0.45,0.55,0.3555699942704604,0.5467710741907787,-0.003228925809221295,0.5287902458810768,0.5259486259652981,0.9946261869656011,18,True,0.001991612677034482,0.8134466485736689,0.05327285179406155,0.05328072609363018,7.874299568631065e-06,3.274514185255565,0.8134466485736689,-0.0003579196165053831,0.001065614521872604,2.815884059199648e-11,38.66866600757393,0.06931695248333175,-0.1787283191943176,4,0,/home/2/kj405942/Byczuk_Freericks/filling_variantB_freericks/pbs_variantB_T002_typ_21x21_mu20/chunks/T_0p02__Didx_8_8__typ/dmft_solutions/T_0p02/U_0p5__Delta_0p83__w1_0p45__typ,ok,
0.02,0.6000000000000001,0.8300000000000001,typ,0.5,0.5,0.328702063327454,0.499799166399115,-0.0002008336008849643,0.5119583222550707,0.5116668506507257,0.9994306731785098,62,True,0.001951127327038109,0.6831731008731677,0.0447564833325954,0.04475667614251674,1.928099213486732e-07,3.275632725834189,0.6831731008731677,-5.132690363676435e-05,0.0008951335228503349,2.97183587533766e-11,20.61755889389818,0.04750801152884626,-0.2157162877069804,4,0,/home/2/kj405942/Byczuk_Freericks/filling_variantB_freericks/pbs_variantB_T002_typ_21x21_mu20/chunks/T_0p02__Didx_8_8__typ/dmft_solutions/T_0p02/U_0p6__Delta_0p83__w1_0p5__typ,ok,
0.02,0.5,0.8300000000000001,typ,0.4,0.6,0.4203354327925934,0.5951454000124032,-0.004854599987596742,0.5238056298904327,0.5179071644899003,0.9887392096152799,72,True,0.001977059347766716,0.7861448723128711,0.05146822620557619,0.05149095417963608,2.272797405989507e-05,3.273456840986224,0.7861448723128711,-0.000597787257563198,0.001029819083592722,2.692739315917195e-11,23.36034147266798,0.05573472924628975,-0.1754259161476459,4,0,/home/2/kj405942/Byczuk_Freericks/filling_variantB_freericks/pbs_variantB_T002_typ_21x21_mu20/chunks/T_0p02__Didx_8_8__typ/dmft_solutions/T_0p02/U_0p5__Delta_0p83__w1_0p4__typ,ok,
0.02,0.6000000000000001,0.8300000000000001,typ,0.45,0.55,0.4009320358515704,0.5539128027150344,0.003912802715034358,0.5090403143085821,0.5077584820404167,0.9974818649287013,38,True,0.001988901063041836,0.6711790916272388,0.04396582505602005,0.04397201758426544,6.192528245390426e-06,3.275267779083165,0.6711790916272388,-0.0002883156423996855,0.0008794403516853087,2.822745581731617e-11,77.04865982072756,0.0449214238943591,-0.2139843207510234,4,0,/home/2/kj405942/Byczuk_Freericks/filling_variantB_freericks/pbs_variantB_T002_typ_21x21_mu20/chunks/T_0p02__Didx_8_8__typ/dmft_solutions/T_0p02/U_0p6__Delta_0p83__w1_0p45__typ,ok,
0.02,0.6000000000000001,0.8300000000000001,typ,0.4,0.6,0.4687412222208793,0.603270970134543,0.003270970134543028,0.5028684228625144,0.4990987969007063,0.9925037528895729,54,True,0.001953084897879252,0.6454996330300419,0.04227023546572439,0.04229133546379406,2.109999806967563e-05,3.27422614226003,0.6454996330300419,-0.000521920319798151,0.0008458267092758812,2.688396892662861e-11,21.50831071037961,0.03045190419726579,-0.211713492838278,4,0,/home/2/kj405942/Byczuk_Freericks/filling_variantB_freericks/pbs_variantB_T002_typ_21x21_mu20/chunks/T_0p02__Didx_8_8__typ/dmft_solutions/T_0p02/U_0p6__Delta_0p83__w1_0p4__typ,ok,
0.02,0.7000000000000001,0.8300000000000001,typ,0.5,0.5,0.3891295573626256,0.4965264237032951,-0.003473576296704917,0.4879375557336963,0.487442203396946,0.9989848038321103,12,True,0.001983775155313434,0.5441891930630183,0.03568056380764343,0.03568080609736381,2.422897203804372e-07,3.278323445455811,0.5441891930630183,-5.135201016928052e-05,0.0007136161219472762,2.965360902375475e-11,63.90903632009698,0.01196570960420867,-0.2644005701981342,4,0,/home/2/kj405942/Byczuk_Freericks/filling_variantB_freericks/pbs_variantB_T002_typ_21x21_mu20/chunks/T_0p02__Didx_8_8__typ/dmft_solutions/T_0p02/U_0p7__Delta_0p83__w1_0p5__typ,ok,
0.02,0.7000000000000001,0.8300000000000001,typ,0.45,0.55,0.4436553049612725,0.5466437360189551,-0.003356263981044938,0.4850343033549542,0.4839731512785195,0.9978122123134492,37,True,0.001845346032240999,0.5351789793885015,0.03508638021920092,0.03509133319375875,4.952974557827144e-06,3.278004328504346,0.5351789793885015,-0.0002302489030938104,0.0007018266638751749,2.834702356555597e-11,28.09990373211231,0.01025039049514304,-0.2640298616690392,3,0,/home/2/kj405942/Byczuk_Freericks/filling_variantB_freericks/pbs_variantB_T002_typ_21x21_mu20/chunks/T_0p02__Didx_8_8__typ/dmft_solutions/T_0p02/U_0p7__Delta_0p83__w1_0p45__typ,ok,
0.02,0.7000000000000001,0.8300000000000001,typ,0.4,0.6,0.5135396747108927,0.6024473165135381,0.002447316513538134,0.4779445724028623,0.4752175924927303,0.9942943594977506,27,True,0.001864209660810233,0.5144855844137977,0.03372204348226462,0.03373961946706737,1.757598480274938e-05,3.277258343466255,0.5144855844137977,-0.0004252667589382114,0.0006747923893413474,2.689926625377471e-11,19.8685016475757,0.001702348307662823,-0.2603396513903137,3,0,/home/2/kj405942/Byczuk_Freericks/filling_variantB_freericks/pbs_variantB_T002_typ_21x21_mu20/chunks/T_0p02__Didx_8_8__typ/dmft_solutions/T_0p02/U_0p7__Delta_0p83__w1_0p4__typ,ok,
0.02,0.8,0.8300000000000001,typ,0.5,0.5,0.4329779054359667,0.502433877181268,0.002433877181267974,0.4588480917599109,0.4566185512012387,0.9951410050543725,35,True,0.001916841410599297,0.4191058955450949,0.02753554962359538,0.02753556931242179,1.968882641182285e-08,3.285034870218452,0.4191058955450949,-1.284655846953489e-05,0.0005507113862484359,2.985159983746813e-11,1.946535425629123,0.001103362731513794,-0.3279982677865785,2,0,/home/2/kj405942/Byczuk_Freericks/filling_variantB_freericks/pbs_variantB_T002_typ_21x21_mu20/chunks/T_0p02__Didx_8_8__typ/dmft_solutions/T_0p02/U_0p8__Delta_0p83__w1_0p5__typ,ok,
0.02,0.8,0.8300000000000001,typ,0.45,0.55,0.4936376555815328,0.5507536280715343,0.0007536280715342292,0.4553851878412953,0.4529898710793571,0.9947400204796011,64,True,0.001943441190032344,0.4115228956124982,0.0270373438442741,0.02704075465942937,3.410815155269048e-06,3.285035186685364,0.4115228956124982,-0.0001675487110720528,0.0005408150931885873,2.837253540158777e-11,1.849516575423224,0.001517521827218575,-0.3283622072531808,2,0,/home/2/kj405942/Byczuk_Freericks/filling_variantB_freericks/pbs_variantB_T002_typ_21x21_mu20/chunks/T_0p02__Didx_8_8__typ/dmft_solutions/T_0p02/U_0p8__Delta_0p83__w1_0p45__typ,ok,
0.02,0.8,0.8300000000000001,typ,0.4,0.6,0.5584783411854396,0.5954512368193624,-0.004548763180637572,0.4477415356605477,0.4445277670773117,0.9928222683685247,20,True,0.001803995966179726,0.3953369735090052,0.02597207552010697,0.02598517880725372,1.310328714675283e-05,3.284802239666481,0.3953369735090052,-0.0003218761837606725,0.0005197035761450744,2.692097617796327e-11,1.305690023153357,0.008303936964055042,-0.3223683585107127,2,0,/home/2/kj405942/Byczuk_Freericks/filling_variantB_freericks/pbs_variantB_T002_typ_21x21_mu20/chunks/T_0p02__Didx_8_8__typ/dmft_solutions/T_0p02/U_0p8__Delta_0p83__w1_0p4__typ,ok,
0.02,0.9,0.8300000000000001,typ,0.5,0.5,0.4999999999999999,0.4985692541764107,-0.001430745823589263,0.4227939372944386,0.4172228007779468,0.9868230454009279,76,True,0.001839472404154675,0.3085737503249652,0.020370839313494,0.02037103384480625,1.945313122410068e-07,3.300805608390387,0.3085737503249652,3.464888355310869e-05,0.0004074206768961249,2.970801514744348e-11,0.7845340352112411,0.001235529792632758,-0.4075497010811963,1,0,/home/2/kj405942/Byczuk_Freericks/filling_variantB_freericks/pbs_variantB_T002_typ_21x21_mu20/chunks/T_0p02__Didx_8_8__typ/dmft_solutions/T_0p02/U_0p9__Delta_0p83__w1_0p5__typ,ok,
0.02,0.9,0.8300000000000001,typ,0.45,0.55,0.5324606185963434,0.5486539584744291,-0.00134604152557094,0.4194162580034325,0.4139728824229011,0.9870215436892129,91,True,0.001964881307507679,0.3030326398980336,0.0200114555622496,0.02001319458552336,1.739023273757261e-06,3.301864704901621,0.3030326398980336,-0.0001026626332694407,0.0004002638917104672,2.857225864191428e-11,0.7511057379110784,0.004588854484372754,-0.4129853776534536,2,0,/home/2/kj405942/Byczuk_Freericks/filling_variantB_freericks/pbs_variantB_T002_typ_21x21_mu20/chunks/T_0p02__Didx_8_8__typ/dmft_solutions/T_0p02/U_0p9__Delta_0p83__w1_0p45__typ,ok,
0.02,0.9,0.8300000000000001,typ,0.4,0.6,0.5921360753902057,0.6002065483709076,0.000206548370907611,0.4122327278360794,0.4065265637787349,0.9861579062698448,41,True,0.001977249990552095,0.2920922206948343,0.01929241897414838,0.01930069843636239,8.279462214008057e-06,3.302453404656793,0.2920922206948343,-0.0002199257376592646,0.0003860139687272478,2.710829064047385e-11,1.732371199610995,0.02769899781279966,-0.4002674671702536,2,0,/home/2/kj405942/Byczuk_Freericks/filling_variantB_freericks/pbs_variantB_T002_typ_21x21_mu20/chunks/T_0p02__Didx_8_8__typ/dmft_solutions/T_0p02/U_0p9__Delta_0p83__w1_0p4__typ,ok,
0.02,1,0.8300000000000001,typ,0.5,0.5,0.5307502922755688,0.4989453168424357,-0.001054683157564296,0.3761959130648119,0.3660599275249183,0.9730566303676262,38,True,0.001991160443306609,0.2112205643731947,0.01412905196649479,0.01413027781665531,1.225850160515823e-06,3.34462035181643,0.2112205643731947,7.196176244939024e-05,0.0002826055563331061,3.013214078803563e-11,0.4849331184976367,-0.0003367595157516125,-0.5148403092478748,0,0,/home/2/kj405942/Byczuk_Freericks/filling_variantB_freericks/pbs_variantB_T002_typ_21x21_mu20/chunks/T_0p02__Didx_8_8__typ/dmft_solutions/T_0p02/U_1__Delta_0p83__w1_0p5__typ,ok,
0.02,1,0.8300000000000001,typ,0.4,0.6,0.6524971702424689,0.5985603908606821,-0.001439609139317843,0.3644140040231698,0.3551009272511458,0.9744436913257818,68,True,0.001934191108954807,0.1981477970885314,0.01325242141747947,0.01325369012933113,1.268711851660238e-06,3.3440748805192,0.1981477970885314,-7.090732804817678e-05,0.0002650738025866225,2.694486546708951e-11,6.31624046140969,0.01822418729948372,-0.5049458305868987,1,0,/home/2/kj405942/Byczuk_Freericks/filling_variantB_freericks/pbs_variantB_T002_typ_21x21_mu20/chunks/T_0p02__Didx_8_8__typ/dmft_solutions/T_0p02/U_1__Delta_0p83__w1_0p4__typ,ok,
0.02,1,0.8300000000000001,typ,0.45,0.55,0.5996309471637971,0.5499434699151595,-5.653008484052258e-05,0.372621981583197,0.3628802789099303,0.9738563392533202,77,True,0.00199052740334001,0.20717990555612,0.01384637037003405,0.01384643878985158,6.841981752545505e-08,3.341629665499438,0.20717990555612,1.68375837536689e-05,0.0002769287757970316,2.837493406095576e-11,1.515760701306974,-0.0003410775960110716,-0.5190306941059424,0,0,/home/2/kj405942/Byczuk_Freericks/filling_variantB_freericks/pbs_variantB_T002_typ_21x21_mu20/chunks/T_0p02__Didx_8_8__typ/dmft_solutions/T_0p02/U_1__Delta_0p83__w1_0p45__typ,ok,
0.02,1.1,0.8300000000000001,typ,0.5,0.5,0.5950457679746184,0.4960239829804935,-0.003976017019506506,0.3168904188894585,0.3005895128408186,0.9485598015056235,80,True,0.001964457867784659,0.1297358995397932,0.008953900012940795,0.008973662081175948,1.976206823515254e-05,3.450818179356136,0.1297358995397932,0.0002264442403442529,0.000179473241623519,3.005271642021932e-11,0.3364253113722404,-0.0003840975662733883,-0.6215060402526715,0,0,/home/2/kj405942/Byczuk_Freericks/filling_variantB_freericks/pbs_variantB_T002_typ_21x21_mu20/chunks/T_0p02__Didx_8_8__typ/dmft_solutions/T_0p02/U_1p1__Delta_0p83__w1_0p5__typ,ok,
0.02,1.1,0.8300000000000001,typ,0.45,0.55,0.65724721170228,0.5514383324457244,0.001438332445724333,0.3160107452163064,0.2994593273174828,0.9476238762466942,86,True,0.001982416468339117,0.1282071696647937,0.008776569912867667,0.008793879933021007,1.731002015334067e-05,3.422807763331255,0.1282071696647937,0.0002106783657948935,0.0001758775986604202,2.832556965939605e-11,0.6538714328852693,-0.0003850594449148466,-0.6392303580245902,0,0,/home/2/kj405942/Byczuk_Freericks/filling_variantB_freericks/pbs_variantB_T002_typ_21x21_mu20/chunks/T_0p02__Didx_8_8__typ/dmft_solutions/T_0p02/U_1p1__Delta_0p83__w1_0p45__typ,ok,
0.02,1.1,0.8300000000000001,typ,0.4,0.6,0.7091761113399486,0.6017631712233478,0.001763171223347793,0.3082835616506193,0.2922524047376926,0.9479986645181719,84,True,0.001976732223741509,0.1216601547480815,0.008319078909954898,0.008329161923561149,1.008301360625005e-05,3.418982544934698,0.1216601547480815,0.0001566333933529752,0.000166583238471223,2.684264869052957e-11,1.38190086929621,-0.0003869147036805389,-0.6307269812099218,0,0,/home/2/kj405942/Byczuk_Freericks/filling_variantB_freericks/pbs_variantB_T002_typ_21x21_mu20/chunks/T_0p02__Didx_8_8__typ/dmft_solutions/T_0p02/U_1p1__Delta_0p83__w1_0p4__typ,ok,
0.02,1.2,0.8300000000000001,typ,0.5,0.5,0.6600382380009109,0.4988672860162308,-0.001132713983769185,0.2524652619192696,0.2246754957594507,0.889926376608972,66,True,0.001764631036194285,0.06891031146863302,0.004844126528678568,0.005036071751754843,0.0001919452230762751,3.514805277642334,0.06891031146863302,0.0005143346207888861,0.0001007214350350969,2.997256532197868e-11,0.3218791423814092,-0.0004542159709441816,-0.7104730676588008,0,0,/home/2/kj405942/Byczuk_Freericks/filling_variantB_freericks/pbs_variantB_T002_typ_21x21_mu20/chunks/T_0p02__Didx_8_8__typ/dmft_solutions/T_0p02/U_1p2__Delta_0p83__w1_0p5__typ,ok,
0.02,1.2,0.8300000000000001,typ,0.45,0.55,0.7328269935303913,0.5505298186757787,0.000529818675778615,0.2744928034082643,0.2415514594863418,0.8799919578476981,44,True,0.001963057653578488,0.0778324863672604,0.005079663243495704,0.005257523230324195,0.0001778599868284899,3.263202475330676,0.0778324863672604,0.0005261802922974131,0.0001051504646064839,2.803260476246811e-11,0.4154579640509098,-0.0004514151699763942,-0.7360860733956431,0,0,/home/2/kj405942/Byczuk_Freericks/filling_variantB_freericks/pbs_variantB_T002_typ_21x21_mu20/chunks/T_0p02__Didx_8_8__typ/dmft_solutions/T_0p02/U_1p2__Delta_0p83__w1_0p45__typ,ok,
0.02,1.2,0.8300000000000001,typ,0.4,0.6,0.804492664507408,0.5974094627356703,-0.002590537264329673,0.2822946575828957,0.2475517426340888,0.8769267713165818,40,True,0.001935185113507235,0.08149032054602659,0.005205759389543496,0.005334421399783458,0.0001286620102399611,3.194096767973337,0.08149032054602659,0.0004579237590811507,0.0001066884279956692,2.62428700203179e-11,0.4746139235556042,-0.0004587712887594792,-0.7528781102422304,0,0,/home/2/kj405942/Byczuk_Freericks/filling_variantB_freericks/pbs_variantB_T002_typ_21x21_mu20/chunks/T_0p02__Didx_8_8__typ/dmft_solutions/T_0p02/U_1p2__Delta_0p83__w1_0p4__typ,ok,
0.02,1.4,0.8300000000000001,typ,0.5,0.5,0.8659388050190068,0.4957492713297136,-0.004250728670286363,0.28681529585392,0.209328709669087,0.7298380271033442,250,True,0.001986472681193475,0.05937852305097938,0.003534010286156168,0.003863700302704063,0.000329690016547895,2.975832089257294,0.05937852305097938,0.000625723680984937,7.727400605408126e-05,2.872381971985293e-11,0.2258368566966339,-0.0005996916194068278,-0.1813039240041255,0,0,/home/2/kj405942/Byczuk_Freericks/filling_variantB_freericks/pbs_variantB_T002_typ_21x21_mu20/chunks/T_0p02__Didx_8_8__typ/dmft_solutions/T_0p02/U_1p4__Delta_0p83__w1_0p5__typ,ok,
0.02,1.4,0.8300000000000001,typ,0.45,0.55,0.9464376944759725,0.5523426542483171,0.002342654248317033,0.3010473349672469,0.2280796064465564,0.7576204136514636,211,True,0.001971622221690695,0.06953326902269973,0.004303695628981937,0.004499883388427364,0.0001961877594454271,3.094702499588333,0.06953326902269973,0.0005223327724062426,8.999766776854727e-05,2.664940666662823e-11,0.2691844390213732,-0.0005923753763988507,-0.3151106768329809,0,0,/home/2/kj405942/Byczuk_Freericks/filling_variantB_freericks/pbs_variantB_T002_typ_21x21_mu20/chunks/T_0p02__Didx_8_8__typ/dmft_solutions/T_0p02/U_1p4__Delta_0p83__w1_0p45__typ,ok,
0.02,1.4,0.8300000000000001,typ,0.4,0.6,1.018284151955368,0.6026428027724001,0.002642802772400143,0.2980261959711151,0.2312935593416251,0.7760846612424709,73,True,0.001966065544912647,0.07048453741792364,0.004429674127458842,0.004557921367132673,0.0001282472396738309,3.142302049309053,0.07048453741792364,0.0004251928353943785,9.115842734265346e-05,2.484135140784811e-11,0.3197582672472088,-0.0005924001309690426,-0.6826788659226563,0,0,/home/2/kj405942/Byczuk_Freericks/filling_variantB_freericks/pbs_variantB_T002_typ_21x21_mu20/chunks/T_0p02__Didx_8_8__typ/dmft_solutions/T_0p02/U_1p4__Delta_0p83__w1_0p4__typ,ok,
0.02,1.5,0.8300000000000001,typ,0.45,0.55,1.043635131385613,0.5499507226373088,-4.927736269122462e-05,0.3058538511766438,0.2212508844278052,0.7233876035127094,95,True,0.001970546828707345,0.06564657512427592,0.004061669297004679,0.004257012935206903,0.0001953436382022243,3.093588118889301,0.06564657512427592,0.0005064314528204521,8.514025870413807e-05,2.613337175539164e-11,0.2634254520315892,-0.0006291664807524997,-0.143646789337657,0,0,/home/2/kj405942/Byczuk_Freericks/filling_variantB_freericks/pbs_variantB_T002_typ_21x21_mu20/chunks/T_0p02__Didx_8_8__typ/dmft_solutions/T_0p02/U_1p5__Delta_0p83__w1_0p45__typ,ok,
0.02,1.5,0.8300000000000001,typ,0.5,0.5,1,0.5046962168551915,0.004696216855191504,0.3177531622648626,0.2309219502902935,0.7267337597660444,174,True,0.001991957463200106,0.073750115856014,0.00456153562608193,0.004792555873072657,0.0002310202469907273,3.092561667962421,0.073750115856014,0.0005837425799211688,9.585111746145315e-05,2.770907432376262e-11,0.2207758864078896,-0.0006253595065180801,-0.0801843023705248,0,0,/home/2/kj405942/Byczuk_Freericks/filling_variantB_freericks/pbs_variantB_T002_typ_21x21_mu20/chunks/T_0p02__Didx_8_8__typ/dmft_solutions/T_0p02/U_1p5__Delta_0p83__w1_0p5__typ,ok,
0.02,1.3,0.8300000000000001,typ,0.5,0.5,0.7638974021943652,0.4990692399379937,-0.0009307600620062639,0.2688661757768742,0.2120237130781725,0.7885845531351852,137,True,0.001986666883934407,0.05990559837475101,0.003520772678567174,0.003894531216953206,0.000373758538386032,2.938600710189307,0.05990559837475101,0.0006691820214214902,7.789062433906412e-05,2.931981081413359e-11,0.2338223115591162,-0.0005303987320907275,-0.7202367593274631,0,0,/home/2/kj405942/Byczuk_Freericks/filling_variantB_freericks/pbs_variantB_T002_typ_21x21_mu20/chunks/T_0p02__Didx_8_8__typ/dmft_solutions/T_0p02/U_1p3__Delta_0p83__w1_0p5__typ,ok,
0.02,1.5,0.8300000000000001,typ,0.4,0.6,1.11164505273315,0.6004345289418245,0.0004345289418244969,0.2992688606291173,0.2217551739669529,0.7409898026168954,122,True,0.001983360624317708,0.06463041528786349,0.004049276227454663,0.004184097177719615,0.0001348209502649515,3.132639802343223,0.06463041528786349,0.0004174573991469837,8.368194355439229e-05,2.435390221133541e-11,0.3136764461760486,-0.0006203572267394746,-0.3250000981159494,0,0,/home/2/kj405942/Byczuk_Freericks/filling_variantB_freericks/pbs_variantB_T002_typ_21x21_mu20/chunks/T_0p02__Didx_8_8__typ/dmft_solutions/T_0p02/U_1p5__Delta_0p83__w1_0p4__typ,ok,
0.02,1.3,0.8300000000000001,typ,0.45,0.55,0.8389778903586969,0.5519117263107657,0.001911726310765638,0.2869521661122328,0.2296552767714819,0.8003259912025165,158,True,0.001990600544581525,0.06985043856404265,0.004273442348231463,0.004499328071594725,0.0002258857233632617,3.058994643471953,0.06985043856404265,0.0005617511342628485,8.998656143189451e-05,2.733188194922331e-11,0.2776878874584673,-0.0005312649751410129,-0.6227286502888253,0,0,/home/2/kj405942/Byczuk_Freericks/filling_variantB_freericks/pbs_variantB_T002_typ_21x21_mu20/chunks/T_0p02__Didx_8_8__typ/dmft_solutions/T_0p02/U_1p3__Delta_0p83__w1_0p45__typ,ok,
0.02,1.3,0.8300000000000001,typ,0.4,0.6,0.9069495654288533,0.5971512864117319,-0.002848713588268104,0.2879882367359488,0.2332819756612945,0.8100399457467651,221,True,0.001999859657868684,0.07148668383762419,0.004453478373363202,0.004601055002518016,0.0001475766291548138,3.114900660015851,0.07148668383762419,0.0004593422216651215,9.202110005036032e-05,2.557859667517907e-11,0.3285993429123067,-0.0005406000386552702,-0.4701854402697103,0,0,/home/2/kj405942/Byczuk_Freericks/filling_variantB_freericks/pbs_variantB_T002_typ_21x21_mu20/chunks/T_0p02__Didx_8_8__typ/dmft_solutions/T_0p02/U_1p3__Delta_0p83__w1_0p4__typ,ok,
0.02,1.6,0.8300000000000001,typ,0.5,0.5,1.078863500862032,0.5040566898803999,0.004056689880399866,0.3113553098608279,0.2116535639295684,0.6797814497661049,121,True,0.001984293694347514,0.06187132345740693,0.003755775646056184,0.004031657061297544,0.0002758814152413606,3.035150564252687,0.06187132345740693,0.0005842798692114151,8.063314122595089e-05,2.749711396130351e-11,0.2163572596844331,-0.0006491996480046268,-0.05085329938848301,0,0,/home/2/kj405942/Byczuk_Freericks/filling_variantB_freericks/pbs_variantB_T002_typ_21x21_mu20/chunks/T_0p02__Didx_8_8__typ/dmft_solutions/T_0p02/U_1p6__Delta_0p83__w1_0p5__typ,ok,
0.02,1.6,0.8300000000000001,typ,0.45,0.55,1.135796340458524,0.5479704722414674,-0.002029527758532601,0.306504561303783,0.2113711873716773,0.6896184072190136,97,True,0.001975342286352434,0.05991877361520742,0.003681932485135809,0.003891623073548744,0.0002096905884129348,3.072436452705811,0.05991877361520742,0.0005012864030941649,7.783246147097489e-05,2.570591308198762e-11,0.2593461368444028,-0.00064475254234082,-0.08881200127211371,0,0,/home/2/kj405942/Byczuk_Freericks/filling_variantB_freericks/pbs_variantB_T002_typ_21x21_mu20/chunks/T_0p02__Didx_8_8__typ/dmft_solutions/T_0p02/U_1p6__Delta_0p83__w1_0p45__typ,ok,
0.02,1.6,0.8300000000000001,typ,0.4,0.6,1.166911794997277,0.6005110422274276,0.0005110422274275939,0.287346256152956,0.1908621262927237,0.6642234663086293,130,True,0.001992715509164647,0.04742661714486617,0.002880086912129084,0.003078238065178254,0.0001981511530491708,3.036361315136353,0.04742661714486617,0.0004335352090079145,6.156476130356509e-05,2.433634410421148e-11,0.30773343528925,-0.0006222454049076957,-0.1804287803712149,0,0,/home/2/kj405942/Byczuk_Freericks/filling_variantB_freericks/pbs_variantB_T002_typ_21x21_mu20/chunks/T_0p02__Didx_8_8__typ/dmft_solutions/T_0p02/U_1p6__Delta_0p83__w1_0p4__typ,ok,
0.02,1.7,0.8300000000000001,typ,0.5,0.5,1.145203522720705,0.4958425074430485,-0.004157492556951525,0.2943058002694525,0.1802938240383774,0.6126071041525817,193,True,0.001970513568164602,0.04491365367731328,0.002601689510534635,0.002979292625298975,0.0003776031147643395,2.896323609326841,0.04491365367731328,0.0005824008160021813,5.958585250597951e-05,2.746978153605386e-11,0.2228078708944646,-0.0006742540743358988,-0.0385114260762085,0,0,/home/2/kj405942/Byczuk_Freericks/filling_variantB_freericks/pbs_variantB_T002_typ_21x21_mu20/chunks/T_0p02__Didx_8_8__typ/dmft_solutions/T_0p02/U_1p7__Delta_0p83__w1_0p5__typ,ok,
0.02,1.7,0.8300000000000001,typ,0.45,0.55,1.219272880112109,0.5475576678276153,-0.002442332172384765,0.3039638079018083,0.1980225951465658,0.651467674765196,103,True,0.001975592652877259,0.05264871984768368,0.003195111583053265,0.003430704481867084,0.0002355928988138185,3.034367779783573,0.05264871984768368,0.0004980695639717894,6.861408963734167e-05,2.540328275014311e-11,0.2558167305058355,-0.0006728354819786528,-0.0773211061885663,0,0,/home/2/kj405942/Byczuk_Freericks/filling_variantB_freericks/pbs_variantB_T002_typ_21x21_mu20/chunks/T_0p02__Didx_8_8__typ/dmft_solutions/T_0p02/U_1p7__Delta_0p83__w1_0p45__typ,ok,
0.02,1.7,0.8300000000000001,typ,0.4,0.6,1.264533005386702,0.6019957877147547,0.001995787714754726,0.2909109359290756,0.1868836756188674,0.642408560620182,105,True,0.001975851555671111,0.04559587173423319,0.00276806776110488,0.002965025092405281,0.0001969573313004012,3.035436823358973,0.04559587173423319,0.000423802812994203,5.930050184810562e-05,2.383024735314642e-11,0.3031615663123289,-0.000651429128691832,-0.1577747025493915,0,0,/home/2/kj405942/Byczuk_Freericks/filling_variantB_freericks/pbs_variantB_T002_typ_21x21_mu20/chunks/T_0p02__Didx_8_8__typ/dmft_solutions/T_0p02/U_1p7__Delta_0p83__w1_0p4__typ,ok,
0.02,1.8,0.8300000000000001,typ,0.5,0.5,1.248470692536257,0.4979254780793099,-0.002074521920690076,0.3026327710652841,0.1827724036539323,0.6039412156540855,140,True,0.001993097478800285,0.04644048675673369,0.002714876514312283,0.003069833920849054,0.0003549574065367708,2.922963026349672,0.04644048675673369,0.0005741845476408337,6.139667841698107e-05,2.694944063329586e-11,0.2178853211136392,-0.0006968490889678754,-0.03003773396392383,0,0,/home/2/kj405942/Byczuk_Freericks/filling_variantB_freericks/pbs_variantB_T002_typ_21x21_mu20/chunks/T_0p02__Didx_8_8__typ/dmft_solutions/T_0p02/U_1p8__Delta_0p83__w1_0p5__typ,ok,
0.02,1.8,0.8300000000000001,typ,0.4,0.6,1.3248918369075,0.5985872357690945,-0.001412764230905528,0.2787662604871035,0.1558799017670599,0.5591777910808948,62,True,0.001987881145250382,0.03177394525632671,0.001821932788301684,0.002107728328663904,0.0002857955403622208,2.867023238070989,0.03177394525632671,0.0004261655043283423,4.215456657327809e-05,2.377371499843552e-11,0.3011708678744733,-0.0006625575582927252,-0.09714158575426815,0,0,/home/2/kj405942/Byczuk_Freericks/filling_variantB_freericks/pbs_variantB_T002_typ_21x21_mu20/chunks/T_0p02__Didx_8_8__typ/dmft_solutions/T_0p02/U_1p8__Delta_0p83__w1_0p4__typ,ok,
0.02,1.8,0.8300000000000001,typ,0.45,0.55,1.286528915472627,0.5539326523446282,0.00393265234462814,0.2916667067436327,0.1704315652253652,0.5843367147665914,65,True,0.001988908998682112,0.03904307865745718,0.002261346248817893,0.002580458201471512,0.0003191119526536185,2.895963031831737,0.03904307865745718,0.0004991815915674371,5.160916402943024e-05,2.531998618062865e-11,0.252627412852614,-0.0006712268215931486,-0.05066305979315694,0,0,/home/2/kj405942/Byczuk_Freericks/filling_variantB_freericks/pbs_variantB_T002_typ_21x21_mu20/chunks/T_0p02__Didx_8_8__typ/dmft_solutions/T_0p02/U_1p8__Delta_0p83__w1_0p45__typ,ok,
0.02,1.9,0.8300000000000001,typ,0.5,0.5,1.340458623788634,0.4972086787058313,-0.002791321294168703,0.3020501824991255,0.1753339351767167,0.5804794876335637,162,True,0.001971491284781031,0.04298658588092234,0.002486391706412648,0.002860599395633973,0.0003742076892213254,2.892055341752694,0.04298658588092234,0.0005672020974928425,5.721198791267947e-05,2.659989451658169e-11,0.2228777489069104,-0.0007173616300471073,-0.02480590158842841,0,0,/home/2/kj405942/Byczuk_Freericks/filling_variantB_freericks/pbs_variantB_T002_typ_21x21_mu20/chunks/T_0p02__Didx_8_8__typ/dmft_solutions/T_0p02/U_1p9__Delta_0p83__w1_0p5__typ,ok,
0.02,1.9,0.8300000000000001,typ,0.45,0.55,1.369097430684255,0.5477827060436078,-0.002217293956392252,0.2862145069233764,0.1550188347331861,0.5416176713037357,179,True,0.001948181064971977,0.03261131707601341,0.001842324131561038,0.002207245603795432,0.0003649214722343944,2.824669925576421,0.03261131707601341,0.0004878641171244604,4.414491207590864e-05,2.505471889429273e-11,0.2493151840085794,-0.000695289855689496,-0.03971083768001496,0,0,/home/2/kj405942/Byczuk_Freericks/filling_variantB_freericks/pbs_variantB_T002_typ_21x21_mu20/chunks/T_0p02__Didx_8_8__typ/dmft_solutions/T_0p02/U_1p9__Delta_0p83__w1_0p45__typ,ok,
0.02,1.9,0.8300000000000001,typ,0.4,0.6,1.428033501594925,0.6011448900362106,0.001144890036210655,0.284792852002744,0.158039357846916,0.5549274033232874,63,True,0.001952442892414846,0.03276629793141801,0.001898239399711186,0.002165637980138117,0.0002673985804269307,2.896633918919257,0.03276629793141801,0.0004186086848766292,4.331275960276233e-05,2.323871695938725e-11,0.298345518471252,-0.0006795193732664941,-0.07492330213368115,0,0,/home/2/kj405942/Byczuk_Freericks/filling_variantB_freericks/pbs_variantB_T002_typ_21x21_mu20/chunks/T_0p02__Didx_8_8__typ/dmft_solutions/T_0p02/U_1p9__Delta_0p83__w1_0p4__typ,ok,
0.02,2,0.8300000000000001,typ,0.5,0.5,1.443054545686353,0.4987728923234555,-0.001227107676544492,0.3078628668614716,0.177904824243858,0.5778703552575877,129,True,0.001956478462163025,0.04445078528888048,0.002591398656018114,0.00294742831434524,0.0003560296583271254,2.91490762106554,0.04445078528888048,0.0005625975097487107,5.894856628690479e-05,2.612696221246042e-11,0.2192572460825864,-0.0007339704897748275,-0.02113468600697089,0,0,/home/2/kj405942/Byczuk_Freericks/filling_variantB_freericks/pbs_variantB_T002_typ_21x21_mu20/chunks/T_0p02__Didx_8_8__typ/dmft_solutions/T_0p02/U_2__Delta_0p83__w1_0p5__typ,ok,
0.02,2,0.8300000000000001,typ,0.45,0.55,1.48233060435401,0.5542719901972384,0.00427199019723834,0.2980892634914925,0.1665627911249372,0.5587681661996222,120,True,0.001991963973732663,0.03763674665992701,0.002185825273239804,0.002499257738173586,0.0003134324649337822,2.903844602975632,0.03763674665992701,0.0004857278719140836,4.998515476347172e-05,2.443094792227842e-11,0.2475104276543214,-0.0007114836236152614,-0.03456483630630774,0,0,/home/2/kj405942/Byczuk_Freericks/filling_variantB_freericks/pbs_variantB_T002_typ_21x21_mu20/chunks/T_0p02__Didx_8_8__typ/dmft_solutions/T_0p02/U_2__Delta_0p83__w1_0p45__typ,ok,
0.02,2,0.8300000000000001,typ,0.4,0.6,1.524858557678767,0.5983170427624649,-0.001682957237535088,0.2872193484759734,0.155463603013509,0.5412713448394789,60,True,0.001997285345520412,0.03182150319303489,0.001840523671993785,0.002108619597691482,0.000268095925697697,2.891949605316948,0.03182150319303489,0.0004130669523365167,4.217239195382964e-05,2.27956659822242e-11,0.296094427613405,-0.000697884878429692,-0.05958748409321347,0,0,/home/2/kj405942/Byczuk_Freericks/filling_variantB_freericks/pbs_variantB_T002_typ_21x21_mu20/chunks/T_0p02__Didx_8_8__typ/dmft_solutions/T_0p02/U_2__Delta_0p83__w1_0p4__typ,ok,
0.02,0.3,0.9275000000000001,typ,0.5,0.5,0.1838715273024578,0.4994814647220818,-0.0005185352779181751,0.549050401129534,0.5398740980582155,0.9832869568031632,46,True,0.001963206469067209,0.9300912333081349,0.06093681990430666,0.06093722540813137,4.055038247057021e-07,3.275851750992614,0.9300912333081349,-8.685108547757964e-05,0.001218744508162627,2.944154502407782e-11,52.79866723093846,0.09172777882630678,-0.1596351485330887,4,0,/home/2/kj405942/Byczuk_Freericks/filling_variantB_freericks/pbs_variantB_T002_typ_21x21_mu20/chunks/T_0p02__Didx_9_9__typ/dmft_solutions/T_0p02/U_0p3__Delta_0p9275__w1_0p5__typ,ok,
0.02,0.3,0.9275000000000001,typ,0.45,0.55,0.2630374373884487,0.5517288363974614,0.001728836397461353,0.5473417196600088,0.5357960665298157,0.9789059508612556,26,True,0.0019481159851232,0.9138191619089007,0.05986193794936719,0.05986845723565013,6.519286282938896e-06,3.275371126182123,0.9138191619089007,-0.0003451796264937841,0.001197369144713003,2.808279171313749e-11,11.71852113695477,0.08631673263546863,-0.1564082322477649,4,0,/home/2/kj405942/Byczuk_Freericks/filling_variantB_freericks/pbs_variantB_T002_typ_21x21_mu20/chunks/T_0p02__Didx_9_9__typ/dmft_solutions/T_0p02/U_0p3__Delta_0p9275__w1_0p45__typ,ok,
0.02,0,0.9275000000000001,typ,0.5,0.5,0.05020439401150023,0.5033361231191116,0.003336123119111578,0.563404074718355,0.5475785827813351,0.9719109380866103,13,True,0.00186915221700376,1.027244633256024,0.06733727279520935,0.0673381356616775,8.628664681471163e-07,3.277567514846614,1.027244633256024,-0.0001331446543140734,0.00134676271323355,2.912814968024694e-11,63.16190160034152,0.1039436671762943,-0.1430029403919172,4,0,/home/2/kj405942/Byczuk_Freericks/filling_variantB_freericks/pbs_variantB_T002_typ_21x21_mu20/chunks/T_0p02__Didx_9_9__typ/dmft_solutions/T_0p02/U_0__Delta_0p9275__w1_0p5__typ,ok,
0.02,0.3,0.9275000000000001,typ,0.4,0.6,0.3345851078333479,0.5996178129752054,-0.0003821870247945336,0.5439997290938224,0.5276126908288815,0.9698767528942746,85,True,0.001998737918533432,0.8817167677874224,0.05774047422031933,0.05775984365783474,1.936943751540879e-05,3.274320979809259,0.8817167677874224,-0.0005844374703926278,0.001155196873156695,2.690146288929329e-11,37.08503609699524,0.07090748530608165,-0.1527398494193143,4,0,/home/2/kj405942/Byczuk_Freericks/filling_variantB_freericks/pbs_variantB_T002_typ_21x21_mu20/chunks/T_0p02__Didx_9_9__typ/dmft_solutions/T_0p02/U_0p3__Delta_0p9275__w1_0p4__typ,ok,
0.02,0,0.9275000000000001,typ,0.45,0.55,0.1417615611238725,0.5475397492447964,-0.002460250755203619,0.561733074000979,0.5425663060925859,0.9658792248569652,47,True,0.001967940109575899,1.004074128277386,0.06580699905993961,0.06581535514516518,8.356085225569839e-06,3.276999038549061,1.004074128277386,-0.0004096371318295152,0.001316307102903304,2.782486542189134e-11,53.87860570926303,0.09177993103888893,-0.1400050995821824,4,0,/home/2/kj405942/Byczuk_Freericks/filling_variantB_freericks/pbs_variantB_T002_typ_21x21_mu20/chunks/T_0p02__Didx_9_9__typ/dmft_solutions/T_0p02/U_0__Delta_0p9275__w1_0p45__typ,ok,
0.02,0,0.9275000000000001,typ,0.4,0.6,0.2240294418083834,0.5974153951145641,-0.002584604885435882,0.5587598290487994,0.533826685037058,0.9553777084258435,28,True,0.001997744159758405,0.9666167807104685,0.0633276514126343,0.06334881860701905,2.116719438474663e-05,3.275737224740095,0.9666167807104685,-0.0006396962606246264,0.001266976372140381,2.671671482508968e-11,76.983665049696,0.07478442653342349,-0.1359681246502223,4,0,/home/2/kj405942/Byczuk_Freericks/filling_variantB_freericks/pbs_variantB_T002_typ_21x21_mu20/chunks/T_0p02__Didx_9_9__typ/dmft_solutions/T_0p02/U_0__Delta_0p9275__w1_0p4__typ,ok,
0.02,0.2,0.9275000000000001,typ,0.5,0.5,0.1387396806838186,0.5031303117821813,0.003130311782181261,0.5569803823954461,0.5444861326266318,0.9775678818074716,89,True,0.001865358828664852,0.9850409580995619,0.06455103316987752,0.06455165255065708,6.193807795567904e-07,3.27656594576614,0.9850409580995619,-0.0001104640608092129,0.001291033051013142,2.933132602927291e-11,30.91278596436941,0.09834503336194822,-0.1505551594449205,4,0,/home/2/kj405942/Byczuk_Freericks/filling_variantB_freericks/pbs_variantB_T002_typ_21x21_mu20/chunks/T_0p02__Didx_9_9__typ/dmft_solutions/T_0p02/U_0p2__Delta_0p9275__w1_0p5__typ,ok,
0.02,0.2,0.9275000000000001,typ,0.45,0.55,0.2170101553593549,0.5479807438276757,-0.002019256172324346,0.5554748757943678,0.5404329286286677,0.9729205625291528,145,True,0.001983492226291038,0.9671998597504985,0.0633746505737267,0.06338149299063252,6.842416905825347e-06,3.276192088679323,0.9671998597504985,-0.0003638127175256169,0.00126762985981265,2.806062195222635e-11,76.53764779936436,0.09172369852126078,-0.1475935176484659,4,0,/home/2/kj405942/Byczuk_Freericks/filling_variantB_freericks/pbs_variantB_T002_typ_21x21_mu20/chunks/T_0p02__Didx_9_9__typ/dmft_solutions/T_0p02/U_0p2__Delta_0p9275__w1_0p45__typ,ok,
0.02,0.2,0.9275000000000001,typ,0.4,0.6,0.3085955302825329,0.6026121322592773,0.002612132259277367,0.5516054945639736,0.5301207094438478,0.9610504512158481,90,True,0.001982873905582773,0.9241151322742843,0.06052763825394775,0.06055020954692963,2.257129298188907e-05,3.274897041507523,0.9241151322742843,-0.0006458865751749303,0.001211004190938593,2.668311692716107e-11,47.72748320702697,0.07015018765766234,-0.1429426813847596,4,0,/home/2/kj405942/Byczuk_Freericks/filling_variantB_freericks/pbs_variantB_T002_typ_21x21_mu20/chunks/T_0p02__Didx_9_9__typ/dmft_solutions/T_0p02/U_0p2__Delta_0p9275__w1_0p4__typ,ok,
0.02,0.1,0.9275000000000001,typ,0.5,0.5,0.09786507968118424,0.5032147712134076,0.00321477121340763,0.5617765711759316,0.546819914680261,0.9733761476304312,123,True,0.001974746751711333,1.016424421047047,0.06662115639507173,0.06662213036278701,9.739677152773076e-07,3.277231194742617,1.016424421047047,-0.000140709954951258,0.00133244260725574,2.917177162545147e-11,18.02228840553348,0.1019346986462213,-0.1452422667802659,4,0,/home/2/kj405942/Byczuk_Freericks/filling_variantB_freericks/pbs_variantB_T002_typ_21x21_mu20/chunks/T_0p02__Didx_9_9__typ/dmft_solutions/T_0p02/U_0p1__Delta_0p9275__w1_0p5__typ,ok,
0.02,0.1,0.9275000000000001,typ,0.45,0.55,0.1902243281904529,0.5492322462619773,-0.0007677537380227362,0.5599340559572515,0.5414693088583815,0.9670233540853251,42,True,0.001996428230744286,0.9917667760849443,0.06499499083282546,0.06500411101865815,9.120185832679505e-06,3.276727573462225,0.9917667760849443,-0.0004253256940409816,0.001300082220373163,2.778432148948873e-11,20.35227601141509,0.09073390466832087,-0.1418733526535151,4,0,/home/2/kj405942/Byczuk_Freericks/filling_variantB_freericks/pbs_variantB_T002_typ_21x21_mu20/chunks/T_0p02__Didx_9_9__typ/dmft_solutions/T_0p02/U_0p1__Delta_0p9275__w1_0p45__typ,ok,
0.02,0.1,0.9275000000000001,typ,0.4,0.6,0.2557913915104928,0.5950190163090346,-0.004980983690965335,0.5574030965597854,0.5341843770281585,0.9583448321781317,65,True,0.00198727894441767,0.9621248581717246,0.06303260292108694,0.06305201048512198,1.940756403503345e-05,3.275697659494241,0.9621248581717246,-0.0006111055521702486,0.00126104020970244,2.683218777814921e-11,41.06813903855605,0.07415603963734901,-0.1378354809948608,4,0,/home/2/kj405942/Byczuk_Freericks/filling_variantB_freericks/pbs_variantB_T002_typ_21x21_mu20/chunks/T_0p02__Didx_9_9__typ/dmft_solutions/T_0p02/U_0p1__Delta_0p9275__w1_0p4__typ,ok,
0.02,0.4,0.9275000000000001,typ,0.5,0.5,0.2499999999999999,0.4989625397279142,-0.001037460272085788,0.5379065774145151,0.5320427229152396,0.9890987492150393,69,True,0.001969095302674139,0.8503126636181509,0.05569576308302251,0.05569688464348278,1.121560460272916e-06,3.275016677161576,0.8503126636181509,-0.0001381069920303431,0.001113937692869656,2.92547810920187e-11,47.27172337819162,0.07900254297613496,-0.1744968437208483,4,0,/home/2/kj405942/Byczuk_Freericks/filling_variantB_freericks/pbs_variantB_T002_typ_21x21_mu20/chunks/T_0p02__Didx_9_9__typ/dmft_solutions/T_0p02/U_0p4__Delta_0p9275__w1_0p5__typ,ok,
0.02,0.4,0.9275000000000001,typ,0.45,0.55,0.3101611944252883,0.5469581509504552,-0.003041849049544854,0.5360856912890388,0.5282413373050815,0.9853673505720787,21,True,0.00193440264089417,0.8355968336313817,0.05472117650481874,0.05472844269005081,7.266185232068554e-06,3.274376727051998,0.8355968336313817,-0.0003484709850904546,0.001094568853801016,2.810354743676267e-11,52.26169526029732,0.07312923747169353,-0.172332015704006,4,0,/home/2/kj405942/Byczuk_Freericks/filling_variantB_freericks/pbs_variantB_T002_typ_21x21_mu20/chunks/T_0p02__Didx_9_9__typ/dmft_solutions/T_0p02/U_0p4__Delta_0p9275__w1_0p45__typ,ok,
0.02,0.4,0.9275000000000001,typ,0.4,0.6,0.3886473856840015,0.6014741883840816,0.001474188384081643,0.5315777145152687,0.5187286842421565,0.9758285008527324,69,True,0.001993179522647008,0.8008475483245509,0.05242446040916241,0.05244714072238025,2.268031321783745e-05,3.273061178674978,0.8008475483245509,-0.0006027183958655655,0.001048942814447605,2.676173811553428e-11,49.49180824694113,0.05546861190543589,-0.1683954946910875,4,0,/home/2/kj405942/Byczuk_Freericks/filling_variantB_freericks/pbs_variantB_T002_typ_21x21_mu20/chunks/T_0p02__Didx_9_9__typ/dmft_solutions/T_0p02/U_0p4__Delta_0p9275__w1_0p4__typ,ok,
0.02,0.5,0.9275000000000001,typ,0.45,0.55,0.3539775026946706,0.5486322690159171,-0.001367730984082938,0.5220054663362196,0.5175840855134199,0.9915300104923578,14,True,0.001969572663824565,0.7421585445871852,0.04859255853264471,0.04859926655313256,6.708020487856454e-06,3.273731663338431,0.7421585445871852,-0.000315544441317814,0.0009719853310626513,2.818165901137253e-11,65.39724401398217,0.05648550561676058,-0.1942875678297739,4,0,/home/2/kj405942/Byczuk_Freericks/filling_variantB_freericks/pbs_variantB_T002_typ_21x21_mu20/chunks/T_0p02__Didx_9_9__typ/dmft_solutions/T_0p02/U_0p5__Delta_0p9275__w1_0p45__typ,ok,
0.02,0.5,0.9275000000000001,typ,0.5,0.5,0.2782702732678249,0.5011914514718417,0.001191451471841742,0.5242597105510836,0.521596338802667,0.9949197474175215,87,True,0.001864253104749785,0.756337861359019,0.04952795543863497,0.04952827368632015,3.182476851868285e-07,3.274195169182797,0.756337861359019,-6.938339478530352e-05,0.000990565473726403,2.964661770011244e-11,48.77495836446526,0.06142451929589759,-0.1964693629055674,4,0,/home/2/kj405942/Byczuk_Freericks/filling_variantB_freericks/pbs_variantB_T002_typ_21x21_mu20/chunks/T_0p02__Didx_9_9__typ/dmft_solutions/T_0p02/U_0p5__Delta_0p9275__w1_0p5__typ,ok,
0.02,0.5,0.9275000000000001,typ,0.4,0.6,0.4358734247340396,0.595858335631419,-0.004141664368580988,0.5163852706670929,0.5074236460300847,0.9826454681299659,22,True,0.001966098636474738,0.7081968997569226,0.04635002921127859,0.04637307655899925,2.304734772065754e-05,3.272397071152635,0.7081968997569226,-0.0005713503339176314,0.0009274615311799851,2.672157790228125e-11,53.17158425968108,0.03793377746881171,-0.1906634431030344,4,0,/home/2/kj405942/Byczuk_Freericks/filling_variantB_freericks/pbs_variantB_T002_typ_21x21_mu20/chunks/T_0p02__Didx_9_9__typ/dmft_solutions/T_0p02/U_0p5__Delta_0p9275__w1_0p4__typ,ok,
0.02,0.6000000000000001,0.9275000000000001,typ,0.5,0.5,0.3236661849348782,0.4967597444228753,-0.003240255577124707,0.5073442145337274,0.506570599255306,0.9984751668467683,59,True,0.001985584411953267,0.6494939095797636,0.04252889261399048,0.04252903553647239,1.429224819043709e-07,3.274002418398933,0.6494939095797636,-4.308765055997203e-05,0.0008505807107294478,2.97947500850076e-11,70.12259096379313,0.03814131347984034,-0.2264484644248307,4,0,/home/2/kj405942/Byczuk_Freericks/filling_variantB_freericks/pbs_variantB_T002_typ_21x21_mu20/chunks/T_0p02__Didx_9_9__typ/dmft_solutions/T_0p02/U_0p6__Delta_0p9275__w1_0p5__typ,ok,
0.02,0.6000000000000001,0.9275000000000001,typ,0.45,0.55,0.4090671512585133,0.5549128676856283,0.004912867685628264,0.5042989126735606,0.5020316329792559,0.9955040956120951,31,True,0.001878503879623739,0.6358683570473773,0.0416299779905676,0.0416366067652589,6.62877469129946e-06,3.273474574507395,0.6358683570473773,-0.0002903455896752635,0.000832732135305178,2.811401620767258e-11,56.93932482737237,0.03359647492892431,-0.2240629747762346,4,0,/home/2/kj405942/Byczuk_Freericks/filling_variantB_freericks/pbs_variantB_T002_typ_21x21_mu20/chunks/T_0p02__Didx_9_9__typ/dmft_solutions/T_0p02/U_0p6__Delta_0p9275__w1_0p45__typ,ok,
0.02,0.6000000000000001,0.9275000000000001,typ,0.4,0.6,0.4609425425522443,0.5996083270472387,-0.0003916729527613239,0.5001191221350562,0.4949205772580452,0.9896053867030362,132,True,0.001988080507159848,0.6159101421363361,0.04031058425505105,0.04032868676176601,1.810250671495724e-05,3.272440368917322,0.6159101421363361,-0.0004722185401661669,0.0008065737352353202,2.698883371355641e-11,35.54798301089304,0.02007578070018756,-0.2214496190915629,3,0,/home/2/kj405942/Byczuk_Freericks/filling_variantB_freericks/pbs_variantB_T002_typ_21x21_mu20/chunks/T_0p02__Didx_9_9__typ/dmft_solutions/T_0p02/U_0p6__Delta_0p9275__w1_0p4__typ,ok,
0.02,0.7000000000000001,0.9275000000000001,typ,0.45,0.55,0.4608341278510435,0.5477093559616049,-0.002290644038395184,0.4830655700808171,0.4815573358607393,0.9968777857220801,50,True,0.001786393206631269,0.5258031827127075,0.03443290754238983,0.03443928270338584,6.375160996011481e-06,3.274315245178303,0.5258031827127075,-0.000258923924812241,0.0006887856540677168,2.810476936362643e-11,40.56488915776763,0.001656000164420246,-0.2673257447431682,3,0,/home/2/kj405942/Byczuk_Freericks/filling_variantB_freericks/pbs_variantB_T002_typ_21x21_mu20/chunks/T_0p02__Didx_9_9__typ/dmft_solutions/T_0p02/U_0p7__Delta_0p9275__w1_0p45__typ,ok,
0.02,0.7000000000000001,0.9275000000000001,typ,0.5,0.5,0.3893559927011682,0.5020509749490434,0.002050974949043383,0.4867195278287326,0.4861981591071221,0.9989288107589676,32,True,0.001957693645856895,0.5380190610681577,0.03523752169636128,0.03523793065154993,4.089551886447329e-07,3.274746588569034,0.5380190610681577,-6.633636809678239e-05,0.0007047586130309986,2.965188571488263e-11,43.51775127589963,0.005279202530941385,-0.2689633372275781,4,0,/home/2/kj405942/Byczuk_Freericks/filling_variantB_freericks/pbs_variantB_T002_typ_21x21_mu20/chunks/T_0p02__Didx_9_9__typ/dmft_solutions/T_0p02/U_0p7__Delta_0p9275__w1_0p5__typ,ok,
0.02,0.7000000000000001,0.9275000000000001,typ,0.4,0.6,0.5309349382920777,0.6034058347486481,0.003405834748648084,0.4758393176373945,0.4718043951726825,0.9915204096947139,16,True,0.001952690935058621,0.502570328719356,0.03290038708926889,0.03291998533867684,1.95982494079503e-05,3.273212246045771,0.502570328719356,-0.000443835524654742,0.0006583997067735369,2.666971575052571e-11,3.528403963412846,0.00221746081709457,-0.2626923815275261,2,0,/home/2/kj405942/Byczuk_Freericks/filling_variantB_freericks/pbs_variantB_T002_typ_21x21_mu20/chunks/T_0p02__Didx_9_9__typ/dmft_solutions/T_0p02/U_0p7__Delta_0p9275__w1_0p4__typ,ok,
0.02,0.8,0.9275000000000001,typ,0.5,0.5,0.4424427654132081,0.5049754930696343,0.004975493069634296,0.4620664528924425,0.4599627774441817,0.9954472447954352,51,True,0.001895492397121643,0.4305236501281888,0.02822188437951851,0.02822210375066938,2.193711508671014e-07,3.277623002954126,0.4305236501281888,-4.346135492690629e-05,0.0005644420750133876,2.971016324191767e-11,1.793565021145305,0.001252518947016472,-0.324790888682141,2,0,/home/2/kj405942/Byczuk_Freericks/filling_variantB_freericks/pbs_variantB_T002_typ_21x21_mu20/chunks/T_0p02__Didx_9_9__typ/dmft_solutions/T_0p02/U_0p8__Delta_0p9275__w1_0p5__typ,ok,
0.02,0.8,0.9275000000000001,typ,0.45,0.55,0.4844954623828539,0.5484787017984019,-0.001521298201598187,0.4596396521067962,0.4570352973258577,0.9943339205636389,43,True,0.001991466438004678,0.4245241944509959,0.0278263825849407,0.0278300316317464,3.649046805692286e-06,3.27736121387927,0.4245241944509959,-0.0001760175363820604,0.0005566006326349279,2.85042921762264e-11,1.578651785929555,0.001743911080774282,-0.323879748968268,2,0,/home/2/kj405942/Byczuk_Freericks/filling_variantB_freericks/pbs_variantB_T002_typ_21x21_mu20/chunks/T_0p02__Didx_9_9__typ/dmft_solutions/T_0p02/U_0p8__Delta_0p9275__w1_0p45__typ,ok,
0.02,0.8,0.9275000000000001,typ,0.4,0.6,0.5529992145489218,0.596562226084105,-0.003437773915894948,0.4528312046761072,0.44869399368058,0.9908636795503386,50,True,0.001979858465860003,0.4083287686487834,0.02675867788740201,0.02677243342730338,1.375553990136942e-05,3.276609431163789,0.4083287686487834,-0.0003351651136387968,0.0005354486685460677,2.699607740508227e-11,1.229972714754199,0.01824799258105063,-0.3190205960643146,2,0,/home/2/kj405942/Byczuk_Freericks/filling_variantB_freericks/pbs_variantB_T002_typ_21x21_mu20/chunks/T_0p02__Didx_9_9__typ/dmft_solutions/T_0p02/U_0p8__Delta_0p9275__w1_0p4__typ,ok,
0.02,0.9,0.9275000000000001,typ,0.5,0.5,0.4999999999999999,0.4989755860199949,-0.001024413980005079,0.4319372092597025,0.4262505893260502,0.9868346143565667,78,True,0.001903085679261887,0.3300742150451319,0.021687847667703,0.02168788009858883,3.24308858349088e-08,3.285298681197736,0.3300742150451319,-1.463188243882229e-05,0.0004337576019717767,2.970988391957287e-11,0.787395063468923,0.001150826417128695,-0.3989920950487121,1,0,/home/2/kj405942/Byczuk_Freericks/filling_variantB_freericks/pbs_variantB_T002_typ_21x21_mu20/chunks/T_0p02__Didx_9_9__typ/dmft_solutions/T_0p02/U_0p9__Delta_0p9275__w1_0p5__typ,ok,
0.02,0.9,0.9275000000000001,typ,0.45,0.55,0.5283201172693195,0.5474538073216564,-0.002546192678343662,0.4294251629880335,0.4235351647191097,0.9862839936347934,79,True,0.001935769900584862,0.3254841134878177,0.02138560390266571,0.02138819488356632,2.590980900618451e-06,3.285199340991205,0.3254841134878177,-0.0001298709452881332,0.0004277638976713265,2.863348693453599e-11,0.8321920524787424,0.008116270046159169,-0.3999553246479872,2,0,/home/2/kj405942/Byczuk_Freericks/filling_variantB_freericks/pbs_variantB_T002_typ_21x21_mu20/chunks/T_0p02__Didx_9_9__typ/dmft_solutions/T_0p02/U_0p9__Delta_0p9275__w1_0p45__typ,ok,
0.02,0.9,0.9275000000000001,typ,0.4,0.6,0.5934994284378236,0.6026218159889617,0.002621815988961718,0.4223338225899766,0.4157335278076821,0.9843718536634883,36,True,0.001958228294857721,0.3134083828248804,0.02059084338570447,0.02060117611454377,1.033272883929644e-05,3.284986061972978,0.3134083828248804,-0.0002544941585063162,0.0004120235222908754,2.7091406953713e-11,0.8789680813551867,0.03211502563031196,-0.3905978396109416,1,0,/home/2/kj405942/Byczuk_Freericks/filling_variantB_freericks/pbs_variantB_T002_typ_21x21_mu20/chunks/T_0p02__Didx_9_9__typ/dmft_solutions/T_0p02/U_0p9__Delta_0p9275__w1_0p4__typ,ok,
0.02,1,0.9275000000000001,typ,0.5,0.5,0.526679120884692,0.502324513444437,0.00232451344443696,0.3940959060687491,0.3829664974213468,0.9717596440967321,42,True,0.001968662743824755,0.2385518503346036,0.01577200375397877,0.01577208667086124,8.291688246915341e-08,3.305781055954134,0.2385518503346036,1.988968362593704e-05,0.0003154417334172247,3.019663859794198e-11,0.5134209970915657,-0.0004000525453368375,-0.5009190812312421,0,0,/home/2/kj405942/Byczuk_Freericks/filling_variantB_freericks/pbs_variantB_T002_typ_21x21_mu20/chunks/T_0p02__Didx_9_9__typ/dmft_solutions/T_0p02/U_1__Delta_0p9275__w1_0p5__typ,ok,
0.02,1,0.9275000000000001,typ,0.45,0.55,0.590240007810788,0.5494779205323528,-0.0005220794676472629,0.390314266489627,0.3795533401506431,0.9724300973270475,71,True,0.001953675241319476,0.2339298580601613,0.015466854433385,0.01546787607044871,1.02163706370398e-06,3.305874367992667,0.2339298580601613,-6.913630208526807e-05,0.0003093575214089742,2.851057928172674e-11,8.720445892455565,0.001339682291248867,-0.5030385914008534,1,0,/home/2/kj405942/Byczuk_Freericks/filling_variantB_freericks/pbs_variantB_T002_typ_21x21_mu20/chunks/T_0p02__Didx_9_9__typ/dmft_solutions/T_0p02/U_1__Delta_0p9275__w1_0p45__typ,ok,
0.02,1.1,0.9275000000000001,typ,0.5,0.5,0.60094151550929,0.4978167692069648,-0.002183230793035174,0.3459411971850624,0.327550566745018,0.9468388541472085,85,True,0.001874168897029084,0.1581548277511705,0.01061880283840082,0.01062342412023805,4.621281837226792e-06,3.357090956182408,0.1581548277511705,0.0001209031044230226,0.0002124684824047609,2.99636977174911e-11,0.3513792052110555,-0.0004552177334779838,-0.6131903874054512,0,0,/home/2/kj405942/Byczuk_Freericks/filling_variantB_freericks/pbs_variantB_T002_typ_21x21_mu20/chunks/T_0p02__Didx_9_9__typ/dmft_solutions/T_0p02/U_1p1__Delta_0p9275__w1_0p5__typ,ok,
0.02,1,0.9275000000000001,typ,0.4,0.6,0.6444172495469803,0.5968133130758407,-0.003186686924159243,0.3828858939839025,0.3721134841809616,0.9718652215393607,61,True,0.001965507580830988,0.2248453861915441,0.01487007619765852,0.01487599422519733,5.918027538804357e-06,3.306733673643366,0.2248453861915441,-0.0001631343732911405,0.0002975198845039465,2.705432831000993e-11,2.497480968180698,0.02712282880609229,-0.4847511126994543,1,0,/home/2/kj405942/Byczuk_Freericks/filling_variantB_freericks/pbs_variantB_T002_typ_21x21_mu20/chunks/T_0p02__Didx_9_9__typ/dmft_solutions/T_0p02/U_1__Delta_0p9275__w1_0p4__typ,ok,
0.02,1.1,0.9275000000000001,typ,0.4,0.6,0.6957910715669995,0.602440477134297,0.00244047713429707,0.3327283603084799,0.3159924413585555,0.9497009544530315,62,True,0.001927265118434948,0.1464989406869125,0.009854062993603516,0.009854348411095358,2.854174918430088e-07,3.363185749807893,0.1464989406869125,-2.891828494517483e-05,0.0001970869682219072,2.702373091929909e-11,3.994818258838316,-0.0004527302405618668,-0.6049280802046509,0,0,/home/2/kj405942/Byczuk_Freericks/filling_variantB_freericks/pbs_variantB_T002_typ_21x21_mu20/chunks/T_0p02__Didx_9_9__typ/dmft_solutions/T_0p02/U_1p1__Delta_0p9275__w1_0p4__typ,ok,
0.02,1.1,0.9275000000000001,typ,0.45,0.55,0.6449633447911545,0.5517189619000294,0.001718961900029403,0.3407738525184681,0.3234351226638382,0.9491195415185492,86,True,0.001989596421418023,0.1536498076818804,0.0103285880221572,0.0103290209395602,4.329174030039399e-07,3.361080686655237,0.1536498076818804,3.64740114913878e-05,0.000206580418791204,2.85029661292278e-11,0.7440712889281523,-0.0004528017078205156,-0.6325698031389285,0,0,/home/2/kj405942/Byczuk_Freericks/filling_variantB_freericks/pbs_variantB_T002_typ_21x21_mu20/chunks/T_0p02__Didx_9_9__typ/dmft_solutions/T_0p02/U_1p1__Delta_0p9275__w1_0p45__typ,ok,
0.02,1.3,0.9275000000000001,typ,0.5,0.5,0.7393490838445751,0.5006679218123429,0.0006679218123428754,0.2559803137041914,0.2031300654635018,0.7935378409538053,43,True,0.001961456187683235,0.05405216675842809,0.003334586583392749,0.003628321887706892,0.0002937353043141427,3.084600288361986,0.05405216675842809,0.0005635074028196198,7.256643775413784e-05,2.968951589059977e-11,0.2502136507923568,-0.0006188450023959782,-0.7963553783538717,0,0,/home/2/kj405942/Byczuk_Freericks/filling_variantB_freericks/pbs_variantB_T002_typ_21x21_mu20/chunks/T_0p02__Didx_9_9__typ/dmft_solutions/T_0p02/U_1p3__Delta_0p9275__w1_0p5__typ,ok,
0.02,1.3,0.9275000000000001,typ,0.45,0.55,0.8239380006199726,0.5535078477876354,0.003507847787635354,0.2828333202226425,0.2260766078908414,0.7993280555235749,60,True,0.001992413986825405,0.0668734763841649,0.004146673437790425,0.004313822414333261,0.0001671489765428363,3.100387225249983,0.0668734763841649,0.0004728177901787262,8.627644828666522e-05,2.753837891314569e-11,0.2667830836017327,-0.0006272066489842489,-0.8293013399361731,0,0,/home/2/kj405942/Byczuk_Freericks/filling_variantB_freericks/pbs_variantB_T002_typ_21x21_mu20/chunks/T_0p02__Didx_9_9__typ/dmft_solutions/T_0p02/U_1p3__Delta_0p9275__w1_0p45__typ,ok,
0.02,1.3,0.9275000000000001,typ,0.4,0.6,0.8802445629366815,0.5990941992339247,-0.0009058007660752709,0.2771712135559009,0.2223515710505671,0.8022174027308303,84,True,0.001976342594607349,0.06407588555226847,0.003998617682638892,0.004119037550738196,0.0001204198680993046,3.120220382578333,0.06407588555226847,0.000392836090158486,8.238075101476394e-05,2.591838762686641e-11,0.2840666631518082,-0.0006222411855904811,-0.878980427174017,0,0,/home/2/kj405942/Byczuk_Freericks/filling_variantB_freericks/pbs_variantB_T002_typ_21x21_mu20/chunks/T_0p02__Didx_9_9__typ/dmft_solutions/T_0p02/U_1p3__Delta_0p9275__w1_0p4__typ,ok,
0.02,1.2,0.9275000000000001,typ,0.5,0.5,0.6440566352652675,0.5020744839449215,0.00207448394492149,0.277910862911569,0.2520843063265276,0.9070689201765412,77,True,0.001959065059147514,0.0872399416333447,0.006155518885999071,0.006189675592391616,3.415670639254572e-05,3.527924692951834,0.0872399416333447,0.0002441241107335767,0.0001237935118478323,3.022179007496874e-11,0.2930723612719733,-0.000522360575529648,-0.7455320723562482,0,0,/home/2/kj405942/Byczuk_Freericks/filling_variantB_freericks/pbs_variantB_T002_typ_21x21_mu20/chunks/T_0p02__Didx_9_9__typ/dmft_solutions/T_0p02/U_1p2__Delta_0p9275__w1_0p5__typ,ok,
0.02,1.2,0.9275000000000001,typ,0.45,0.55,0.7150524739015405,0.5537882902642665,0.003788290264266414,0.2851970897710113,0.2565255812465994,0.8994677380914625,78,True,0.001958963356137277,0.08949089008910491,0.00612050852806256,0.006163422334968976,4.291380690641639e-05,3.419626579849887,0.08949089008910491,0.0002771423741388956,0.0001232684466993795,2.828617653789548e-11,0.4533278138922417,-0.0005231689282725039,-0.7654177203512957,0,0,/home/2/kj405942/Byczuk_Freericks/filling_variantB_freericks/pbs_variantB_T002_typ_21x21_mu20/chunks/T_0p02__Didx_9_9__typ/dmft_solutions/T_0p02/U_1p2__Delta_0p9275__w1_0p45__typ,ok,
0.02,1.2,0.9275000000000001,typ,0.4,0.6,0.7912883146626372,0.5963834570398139,-0.003616542960186098,0.2884585578084651,0.257601465748745,0.8930276421883483,14,True,0.0019286430433904,0.0897120195569323,0.005968062521441596,0.006008663357789151,4.060083634755446e-05,3.326233514147006,0.0897120195569323,0.0002699030575758494,0.000120173267155783,2.641612541282452e-11,0.634250742762042,-0.0005344030056568204,-0.7678295788115111,0,0,/home/2/kj405942/Byczuk_Freericks/filling_variantB_freericks/pbs_variantB_T002_typ_21x21_mu20/chunks/T_0p02__Didx_9_9__typ/dmft_solutions/T_0p02/U_1p2__Delta_0p9275__w1_0p4__typ,ok,
0.02,1.4,0.9275000000000001,typ,0.5,0.5,0.8479261643010539,0.5002789182566322,0.0002789182566321768,0.2823376508862515,0.1985801792176279,0.7033428896014726,208,True,0.001975852003266376,0.05226673344066125,0.003107042904813723,0.003390413487597308,0.0002833705827835849,2.972294899911019,0.05226673344066125,0.0005442582974153809,6.780826975194616e-05,2.898413643603234e-11,0.1943201811062705,-0.0007256192823436691,-0.497413932744058,0,0,/home/2/kj405942/Byczuk_Freericks/filling_variantB_freericks/pbs_variantB_T002_typ_21x21_mu20/chunks/T_0p02__Didx_9_9__typ/dmft_solutions/T_0p02/U_1p4__Delta_0p9275__w1_0p5__typ,ok,
0.02,1.4,0.9275000000000001,typ,0.45,0.55,0.9190120674654381,0.5458829426926544,-0.004117057307345684,0.2904677738058768,0.2104824659371648,0.7246327645208339,248,True,0.001981363843965639,0.05792560898548652,0.003558865275538815,0.003737319218234629,0.0001784539426958135,3.071927371907736,0.05792560898548652,0.0004546878777032903,7.474638436469257e-05,2.701210045460609e-11,0.232810025178285,-0.0007255486750403538,-0.797722300796833,0,0,/home/2/kj405942/Byczuk_Freericks/filling_variantB_freericks/pbs_variantB_T002_typ_21x21_mu20/chunks/T_0p02__Didx_9_9__typ/dmft_solutions/T_0p02/U_1p4__Delta_0p9275__w1_0p45__typ,ok,
0.02,1.4,0.9275000000000001,typ,0.4,0.6,0.9443408735652858,0.5975083303882504,-0.002491669611749625,0.2676151979788506,0.1886582175390985,0.7049607756357992,233,True,0.001956684093862762,0.04539922630228424,0.002740222211381757,0.002917295338456233,0.0001770731270744766,3.017917302308612,0.04539922630228424,0.0004009733898429495,5.834590676912467e-05,2.575659334376355e-11,0.2751642722311577,-0.0007102376299692921,-0.1531132700188984,0,0,/home/2/kj405942/Byczuk_Freericks/filling_variantB_freericks/pbs_variantB_T002_typ_21x21_mu20/chunks/T_0p02__Didx_9_9__typ/dmft_solutions/T_0p02/U_1p4__Delta_0p9275__w1_0p4__typ,ok,
0.02,1.5,0.9275000000000001,typ,0.45,0.55,1.028570149630684,0.5496597229448703,-0.0003402770551297341,0.3025763507951055,0.208013192890428,0.687473400825326,86,True,0.001993945245485533,0.05693867943932376,0.003526988906404117,0.003689115628905729,0.0001621267225016121,3.097181864010935,0.05693867943932376,0.0004296808462351444,7.378231257811459e-05,2.632227975847148e-11,0.2266718475856551,-0.0007976925859997639,-0.2467076235170942,0,0,/home/2/kj405942/Byczuk_Freericks/filling_variantB_freericks/pbs_variantB_T002_typ_21x21_mu20/chunks/T_0p02__Didx_9_9__typ/dmft_solutions/T_0p02/U_1p5__Delta_0p9275__w1_0p45__typ,ok,
0.02,1.5,0.9275000000000001,typ,0.5,0.5,0.9520860941218268,0.4966501132527785,-0.003349886747221476,0.298196223332069,0.1949026136272609,0.6536052383541385,202,True,0.00198152009535531,0.05095291631931149,0.003056544125263972,0.003318616817519881,0.0002620726922559098,2.999380944271409,0.05095291631931149,0.0005167856027037141,6.637233635039763e-05,2.837747003569036e-11,0.1893643921777663,-0.0008070862734261483,-0.1260140906670668,0,0,/home/2/kj405942/Byczuk_Freericks/filling_variantB_freericks/pbs_variantB_T002_typ_21x21_mu20/chunks/T_0p02__Didx_9_9__typ/dmft_solutions/T_0p02/U_1p5__Delta_0p9275__w1_0p5__typ,ok,
0.02,1.5,0.9275000000000001,typ,0.4,0.6,1.084682687614254,0.5978053597452385,-0.00219464025476146,0.290524132195972,0.2019622373603697,0.6951650998277031,72,True,0.00196281732141153,0.05260152652692805,0.003281516394589313,0.003401597836091603,0.0001200814415022901,3.119221637901917,0.05260152652692805,0.0003554283930857092,6.803195672183206e-05,2.467018043008102e-11,0.2688185715547368,-0.0007794440767869568,-0.5283722171739017,0,0,/home/2/kj405942/Byczuk_Freericks/filling_variantB_freericks/pbs_variantB_T002_typ_21x21_mu20/chunks/T_0p02__Didx_9_9__typ/dmft_solutions/T_0p02/U_1p5__Delta_0p9275__w1_0p4__typ,ok,
0.02,1.7,0.9275000000000001,typ,0.5,0.5,1.145992980622596,0.4972684262809186,-0.002731573719081393,0.3088782581815362,0.1786470068499081,0.5783735245778041,219,True,0.001991397716103736,0.04325106437562668,0.002562997487252419,0.00284616631007609,0.0002831688228236716,2.962929958200922,0.04325106437562668,0.0004949212661649739,5.692332620152181e-05,2.745001412790596e-11,0.1878849870490107,-0.0008686119836579234,-0.05001401008296672,0,0,/home/2/kj405942/Byczuk_Freericks/filling_variantB_freericks/pbs_variantB_T002_typ_21x21_mu20/chunks/T_0p02__Didx_9_9__typ/dmft_solutions/T_0p02/U_1p7__Delta_0p9275__w1_0p5__typ,ok,
0.02,1.7,0.9275000000000001,typ,0.45,0.55,1.183466625117262,0.5543483768709399,0.004348376870939807,0.2953035595240519,0.1656225053391658,0.5608550929968599,98,True,0.001938994474989573,0.03610200852130061,0.00212483287044083,0.002376347143261829,0.0002515142728209983,2.942818083358373,0.03610200852130061,0.000426149514152308,4.752694286523658e-05,2.585122918614864e-11,0.2181800075723782,-0.000838309101811658,-0.127023205941884,0,0,/home/2/kj405942/Byczuk_Freericks/filling_variantB_freericks/pbs_variantB_T002_typ_21x21_mu20/chunks/T_0p02__Didx_9_9__typ/dmft_solutions/T_0p02/U_1p7__Delta_0p9275__w1_0p45__typ,ok,
0.02,1.7,0.9275000000000001,typ,0.4,0.6,1.218692391908614,0.6008997489852077,0.0008997489852077267,0.2788962273372405,0.1483350196870875,0.5318645616088641,59,True,0.001963987430671136,0.02824835032522334,0.001634633447760817,0.001866732658141474,0.0002320992103806572,2.893325502093533,0.02824835032522334,0.0003621165504375771,3.733465316282948e-05,2.436113710890839e-11,0.2611046615081534,-0.0008312140406206631,-0.2255622705983858,0,0,/home/2/kj405942/Byczuk_Freericks/filling_variantB_freericks/pbs_variantB_T002_typ_21x21_mu20/chunks/T_0p02__Didx_9_9__typ/dmft_solutions/T_0p02/U_1p7__Delta_0p9275__w1_0p4__typ,ok,
0.02,1.6,0.9275000000000001,typ,0.5,0.5,1.06038889475163,0.5010487711483479,0.001048771148347893,0.310768213837957,0.1952568545592833,0.6283038157213064,53,True,0.001988808006774327,0.0515693507676741,0.003125419519302404,0.003366691224284702,0.0002412717049822986,3.030307220060594,0.0515693507676741,0.0004988431654247042,6.733382448569405e-05,2.774357292865141e-11,0.1852598759621774,-0.000848343530398261,-0.06614891940040056,0,0,/home/2/kj405942/Byczuk_Freericks/filling_variantB_freericks/pbs_variantB_T002_typ_21x21_mu20/chunks/T_0p02__Didx_9_9__typ/dmft_solutions/T_0p02/U_1p6__Delta_0p9275__w1_0p5__typ,ok,
0.02,1.6,0.9275000000000001,typ,0.45,0.55,1.122561046035147,0.545932092164087,-0.004067907835913043,0.3054744178972226,0.1976924699206172,0.6471653871426026,128,True,0.001957291657486346,0.05147207283047479,0.003169932082882742,0.003343691894668427,0.0001737598117856845,3.079273777571609,0.05147207283047479,0.000422936820039172,6.687383789336853e-05,2.586620349387353e-11,0.2222889532162233,-0.0008304398901552025,-0.1274939819649924,0,0,/home/2/kj405942/Byczuk_Freericks/filling_variantB_freericks/pbs_variantB_T002_typ_21x21_mu20/chunks/T_0p02__Didx_9_9__typ/dmft_solutions/T_0p02/U_1p6__Delta_0p9275__w1_0p45__typ,ok,
0.02,1.6,0.9275000000000001,typ,0.4,0.6,1.134964585341903,0.5963427265673209,-0.003657273432679076,0.279518036031315,0.1663493797775473,0.5951293238154793,172,True,0.001988390425848261,0.03544520201801448,0.002119851695389516,0.00230991532559783,0.0001900636302083136,2.990322490350223,0.03544520201801448,0.0003670652195185721,4.61983065119566e-05,2.471008206790351e-11,0.2645261868108716,-0.0008137692763461272,-0.279358665385101,0,0,/home/2/kj405942/Byczuk_Freericks/filling_variantB_freericks/pbs_variantB_T002_typ_21x21_mu20/chunks/T_0p02__Didx_9_9__typ/dmft_solutions/T_0p02/U_1p6__Delta_0p9275__w1_0p4__typ,ok,
0.02,1.8,0.9275000000000001,typ,0.5,0.5,1.175522645698575,0.4967390758992216,-0.003260924100778384,0.2551233186534829,0.1021666770349008,0.4004599719622925,208,True,0.001952376679062828,0.0161380777498837,0.0008085431454350815,0.00135144682788234,0.0005429036824472583,2.505078851292895,0.0161380777498837,0.0004186029583754043,2.70289365576468e-05,2.7948898960432e-11,0.2179557759777753,-0.0009019818113957939,-0.03889317350008538,0,0,/home/2/kj405942/Byczuk_Freericks/filling_variantB_freericks/pbs_variantB_T002_typ_21x21_mu20/chunks/T_0p02__Didx_9_9__typ/dmft_solutions/T_0p02/U_1p8__Delta_0p9275__w1_0p5__typ,ok,
0.02,1.8,0.9275000000000001,typ,0.45,0.55,1.271235920364162,0.5517805243103846,0.001780524310384557,0.296108742090341,0.1536274886129117,0.5188211855158292,85,True,0.001915243240822969,0.03124733725302676,0.001801820254189071,0.002079945464823769,0.0002781252106346973,2.883158074556479,0.03124733725302676,0.0004169093967583723,4.159890929647537e-05,2.550279532567422e-11,0.214602419982758,-0.0008773327194813135,-0.09004733157401244,0,0,/home/2/kj405942/Byczuk_Freericks/filling_variantB_freericks/pbs_variantB_T002_typ_21x21_mu20/chunks/T_0p02__Didx_9_9__typ/dmft_solutions/T_0p02/U_1p8__Delta_0p9275__w1_0p45__typ,ok,
0.02,1.8,0.9275000000000001,typ,0.4,0.6,1.31484914550736,0.5958993927552692,-0.004100607244730825,0.2833559557700316,0.1423273922535132,0.5022918677206999,51,True,0.001962897496770018,0.02614430636942439,0.001505932169864123,0.001743116784588756,0.0002371846147246329,2.880038484450484,0.02614430636942439,0.0003521655074954016,3.486233569177512e-05,2.388101945907725e-11,0.2579494932739005,-0.0008681965891238501,-0.1468706608839725,0,0,/home/2/kj405942/Byczuk_Freericks/filling_variantB_freericks/pbs_variantB_T002_typ_21x21_mu20/chunks/T_0p02__Didx_9_9__typ/dmft_solutions/T_0p02/U_1p8__Delta_0p9275__w1_0p4__typ,ok,
0.02,1.9,0.9275000000000001,typ,0.5,0.5,1.342024522539238,0.4977490196984576,-0.00225098030154236,0.3173654007791964,0.1713276082710765,0.5398433724988058,122,True,0.001979742459413284,0.04019113694177667,0.002371928239404508,0.00265918941747005,0.0002872611780655423,2.950810078899519,0.04019113694177667,0.0004805279044069824,5.3183788349401e-05,2.656933799329425e-11,0.1873048986651132,-0.0009352666194154572,-0.03092068175026046,0,0,/home/2/kj405942/Byczuk_Freericks/filling_variantB_freericks/pbs_variantB_T002_typ_21x21_mu20/chunks/T_0p02__Didx_9_9__typ/dmft_solutions/T_0p02/U_1p9__Delta_0p9275__w1_0p5__typ,ok,
0.02,1.9,0.9275000000000001,typ,0.45,0.55,1.371869040504338,0.552737265948297,0.00273726594829693,0.3013376646229907,0.1521652883732668,0.504966043868574,120,True,0.001985527829968073,0.03079854587635696,0.001787367486272286,0.002059327104803553,0.000271959618531267,2.901707589455368,0.03079854587635696,0.000409291113703969,4.118654209607106e-05,2.501125083281251e-11,0.2122382289009902,-0.0009065107396922527,-0.05256200689607364,0,0,/home/2/kj405942/Byczuk_Freericks/filling_variantB_freericks/pbs_variantB_T002_typ_21x21_mu20/chunks/T_0p02__Didx_9_9__typ/dmft_solutions/T_0p02/U_1p9__Delta_0p9275__w1_0p45__typ,ok,
0.02,1.9,0.9275000000000001,typ,0.4,0.6,1.419240886381352,0.5965823521918268,-0.003417647808173219,0.2888239189116334,0.1438520943150175,0.4980615693364007,46,True,0.001988748929948314,0.02681658160242783,0.00156847930387145,0.001785100879794191,0.0002166215759227408,2.924457947558552,0.02681658160242783,0.0003408533458124974,3.570201759588383e-05,2.332851261350308e-11,0.2554372886234733,-0.0008974739274051438,-0.1082839085433895,0,0,/home/2/kj405942/Byczuk_Freericks/filling_variantB_freericks/pbs_variantB_T002_typ_21x21_mu20/chunks/T_0p02__Didx_9_9__typ/dmft_solutions/T_0p02/U_1p9__Delta_0p9275__w1_0p4__typ,ok,
0.02,2,0.9275000000000001,typ,0.5,0.5,1.415842918795187,0.4951960116098089,-0.004803988390191138,0.3091245520106416,0.1478363400291925,0.4782419871460202,200,True,0.001990890776443233,0.03028786069644286,0.001710855682888385,0.002072615014896092,0.0003617593320077064,2.824325725800297,0.03028786069644286,0.0004681221262339057,4.145230029792183e-05,2.647466002023966e-11,0.2015661921835253,-0.0009619110749296772,-0.0260224107590413,0,0,/home/2/kj405942/Byczuk_Freericks/filling_variantB_freericks/pbs_variantB_T002_typ_21x21_mu20/chunks/T_0p02__Didx_9_9__typ/dmft_solutions/T_0p02/U_2__Delta_0p9275__w1_0p5__typ,ok,
0.02,2,0.9275000000000001,typ,0.45,0.55,1.468965056265532,0.5519598281381992,0.001959828138199171,0.3046137881719371,0.1484424916190242,0.4873137637986266,50,True,0.001964184684460744,0.02941547191559846,0.00169206368707634,0.001972398780085708,0.0002803350930093675,2.876145743864594,0.02941547191559846,0.0004061080904235652,3.944797560171415e-05,2.45826795180591e-11,0.2104762391949664,-0.0009342330732295279,-0.04383939378047143,0,0,/home/2/kj405942/Byczuk_Freericks/filling_variantB_freericks/pbs_variantB_T002_typ_21x21_mu20/chunks/T_0p02__Didx_9_9__typ/dmft_solutions/T_0p02/U_2__Delta_0p9275__w1_0p45__typ,ok,
0.02,2,0.9275000000000001,typ,0.4,0.6,1.523172617785536,0.5979226906313447,-0.002077309368655245,0.2931528539020411,0.1451392257452432,0.4950974340292195,40,True,0.001971486716044049,0.02734690525781561,0.001610651063860129,0.001817351925251954,0.0002067008613918256,2.944850703718682,0.02734690525781561,0.0003362329214455697,3.634703850503909e-05,2.280499994923613e-11,0.2533430488608064,-0.0009218410040709745,-0.08306954179144471,0,0,/home/2/kj405942/Byczuk_Freericks/filling_variantB_freericks/pbs_variantB_T002_typ_21x21_mu20/chunks/T_0p02__Didx_9_9__typ/dmft_solutions/T_0p02/U_2__Delta_0p9275__w1_0p4__typ,ok,
